t,gt_x,gt_y,gt_z,pure_x,pure_y,pure_z,eskf_x,eskf_y,eskf_z,gt_bg_x,gt_bg_y,gt_bg_z,gt_ba_x,gt_ba_y,gt_ba_z,bg_x,bg_y,bg_z,ba_x,ba_y,ba_z
0.000000,5.000000,0.000000,0.000000,5.000000,0.000000,0.000000,5.000000,0.000000,0.000000,0.020000,-0.030000,0.050000,0.100000,-0.200000,0.100000,0.000000,0.000000,0.000000,0.000000,0.000000,0.000000
0.004925,4.999985,0.012311,0.000000,4.999987,0.012310,0.000002,4.999987,0.012310,0.000002,0.020000,-0.030000,0.050000,0.100000,-0.200000,0.100000,0.000000,0.000000,0.000000,0.000000,0.000000,0.000000
0.009542,4.999943,0.023856,0.000000,4.999951,0.023850,0.000006,4.999951,0.023850,0.000006,0.020000,-0.030000,0.050000,0.100000,-0.200000,0.100000,0.000000,0.000000,0.000000,0.000000,0.000000,0.000000
0.014356,4.999871,0.035891,0.000000,4.999886,0.035876,0.000013,4.999886,0.035876,0.000013,0.020000,-0.030000,0.050000,0.100000,-0.200000,0.100000,0.000000,0.000000,0.000000,0.000000,0.000000,0.000000
0.018975,4.999775,0.047436,0.000000,4.999799,0.047408,0.000022,4.999799,0.047408,0.000022,0.020000,-0.030000,0.050000,0.100000,-0.200000,0.100000,0.000000,0.000000,0.000000,0.000000,0.000000,0.000000
0.024054,4.999638,0.060135,0.000000,4.999674,0.060087,0.000034,4.999674,0.060087,0.000034,0.020000,-0.030000,0.050000,0.100000,-0.200000,0.100000,0.000000,0.000000,0.000000,0.000000,0.000000,0.000000
0.029223,4.999466,0.073055,0.000000,4.999515,0.072983,0.000046,4.999515,0.072983,0.000046,0.020000,-0.030000,0.050000,0.100000,-0.200000,0.100000,0.000000,0.000000,0.000000,0.000000,0.000000,0.000000
0.034273,4.999266,0.085677,0.000000,4.999331,0.085577,0.000059,4.999331,0.085577,0.000059,0.020000,-0.030000,0.050000,0.100000,-0.200000,0.100000,0.000000,0.000000,0.000000,0.000000,0.000000,0.000000
0.039257,4.999037,0.098137,0.000000,4.999120,0.098005,0.000075,4.999120,0.098005,0.000075,0.020000,-0.030000,0.050000,0.100000,-0.200000,0.100000,0.000000,0.000000,0.000000,0.000000,0.000000,0.000000
0.044657,4.998754,0.111633,0.000000,4.998860,0.111459,0.000095,4.998860,0.111459,0.000095,0.020000,-0.030000,0.050000,0.100000,-0.200000,0.100000,0.000000,0.000000,0.000000,0.000000,0.000000,0.000000
0.049210,4.998487,0.123012,0.000000,4.998616,0.122798,0.000114,4.998616,0.122798,0.000114,0.020000,-0.030000,0.050000,0.100000,-0.200000,0.100000,0.000000,0.000000,0.000000,0.000000,0.000000,0.000000
0.054559,4.998140,0.136379,0.000000,4.998298,0.136114,0.000139,4.998298,0.136114,0.000139,0.020000,-0.030000,0.050000,0.100000,-0.200000,0.100000,0.000000,0.000000,0.000000,0.000000,0.000000,0.000000
0.059205,4.997809,0.147991,0.000000,4.997996,0.147678,0.000163,4.997996,0.147678,0.000163,0.020000,-0.030000,0.050000,0.100000,-0.200000,0.100000,0.000000,0.000000,0.000000,0.000000,0.000000,0.000000
0.064035,4.997437,0.160060,0.000000,4.997654,0.159691,0.000192,4.997654,0.159691,0.000192,0.020000,-0.030000,0.050000,0.100000,-0.200000,0.100000,0.000000,0.000000,0.000000,0.000000,0.000000,0.000000
0.068814,4.997041,0.172002,0.000000,4.997289,0.171573,0.000225,4.997289,0.171573,0.000225,0.020000,-0.030000,0.050000,0.100000,-0.200000,0.100000,0.000000,0.000000,0.000000,0.000000,0.000000,0.000000
0.073938,4.996584,0.184804,0.000000,4.996869,0.184306,0.000263,4.996869,0.184306,0.000263,0.020000,-0.030000,0.050000,0.100000,-0.200000,0.100000,0.000000,0.000000,0.000000,0.000000,0.000000,0.000000
0.079227,4.996077,0.198017,0.000000,4.996404,0.197442,0.000306,4.996404,0.197442,0.000306,0.020000,-0.030000,0.050000,0.100000,-0.200000,0.100000,0.000000,0.000000,0.000000,0.000000,0.000000,0.000000
0.083874,4.995604,0.209623,0.000000,4.995970,0.208976,0.000345,4.995970,0.208976,0.000345,0.020000,-0.030000,0.050000,0.100000,-0.200000,0.100000,0.000000,0.000000,0.000000,0.000000,0.000000,0.000000
0.089245,4.995023,0.223039,0.000000,4.995439,0.222305,0.000392,4.995439,0.222305,0.000392,0.020000,-0.030000,0.050000,0.100000,-0.200000,0.100000,0.000000,0.000000,0.000000,0.000000,0.000000,0.000000
0.094329,4.994440,0.235734,0.000000,4.994901,0.234913,0.000439,4.994901,0.234913,0.000439,0.020000,-0.030000,0.050000,0.100000,-0.200000,0.100000,0.000000,0.000000,0.000000,0.000000,0.000000,0.000000
0.099302,4.993838,0.248153,0.000000,4.994344,0.247242,0.000486,4.994344,0.247242,0.000486,0.020000,-0.030000,0.050000,0.100000,-0.200000,0.100000,0.000000,0.000000,0.000000,0.000000,0.000000,0.000000
0.104364,4.993194,0.260791,0.000000,4.993745,0.259782,0.000536,4.993745,0.259782,0.000536,0.020000,-0.030000,0.050000,0.100000,-0.200000,0.100000,0.000000,0.000000,0.000000,0.000000,0.000000,0.000000
0.109740,4.992475,0.274213,0.000000,4.993074,0.273094,0.000592,4.993074,0.273094,0.000592,0.020000,-0.030000,0.050000,0.100000,-0.200000,0.100000,0.000000,0.000000,0.000000,0.000000,0.000000,0.000000
0.115024,4.991733,0.287402,0.000000,4.992381,0.286167,0.000649,4.992381,0.286167,0.000649,0.020000,-0.030000,0.050000,0.100000,-0.200000,0.100000,0.000000,0.000000,0.000000,0.000000,0.000000,0.000000
0.120357,4.990949,0.300710,0.000000,4.991649,0.299352,0.000709,4.991649,0.299352,0.000709,0.020000,-0.030000,0.050000,0.100000,-0.200000,0.100000,0.000000,0.000000,0.000000,0.000000,0.000000,0.000000
0.125481,4.990162,0.313496,0.000000,4.990916,0.312012,0.000767,4.990916,0.312012,0.000767,0.020000,-0.030000,0.050000,0.100000,-0.200000,0.100000,0.000000,0.000000,0.000000,0.000000,0.000000,0.000000
0.130892,4.989296,0.326997,0.000000,4.990110,0.325373,0.000832,4.990110,0.325373,0.000832,0.020000,-0.030000,0.050000,0.100000,-0.200000,0.100000,0.000000,0.000000,0.000000,0.000000,0.000000,0.000000
0.136027,4.988440,0.339804,0.000000,4.989315,0.338042,0.000895,4.989315,0.338042,0.000895,0.020000,-0.030000,0.050000,0.100000,-0.200000,0.100000,0.000000,0.000000,0.000000,0.000000,0.000000,0.000000
0.140765,4.987621,0.351622,0.000000,4.988553,0.349727,0.000956,4.988553,0.349727,0.000956,0.020000,-0.030000,0.050000,0.100000,-0.200000,0.100000,0.000000,0.000000,0.000000,0.000000,0.000000,0.000000
0.145515,4.986772,0.363468,0.000000,4.987763,0.361433,0.001020,4.987763,0.361433,0.001020,0.020000,-0.030000,0.050000,0.100000,-0.200000,0.100000,0.000000,0.000000,0.000000,0.000000,0.000000,0.000000
0.150522,4.985846,0.375950,0.000000,4.986902,0.373764,0.001089,4.986902,0.373764,0.001089,0.020000,-0.030000,0.050000,0.100000,-0.200000,0.100000,0.000000,0.000000,0.000000,0.000000,0.000000,0.000000
0.155278,4.984938,0.387805,0.000000,4.986056,0.385470,0.001156,4.986056,0.385470,0.001156,0.020000,-0.030000,0.050000,0.100000,-0.200000,0.100000,0.000000,0.000000,0.000000,0.000000,0.000000,0.000000
0.160740,4.983860,0.401416,0.000000,4.985049,0.398904,0.001235,4.985049,0.398904,0.001235,0.020000,-0.030000,0.050000,0.100000,-0.200000,0.100000,0.000000,0.000000,0.000000,0.000000,0.000000,0.000000
0.165244,4.982944,0.412641,0.000000,4.984190,0.409976,0.001301,4.984190,0.409976,0.001301,0.020000,-0.030000,0.050000,0.100000,-0.200000,0.100000,0.000000,0.000000,0.000000,0.000000,0.000000,0.000000
0.170624,4.981816,0.426042,0.000000,4.983133,0.423188,0.001382,4.983133,0.423188,0.001382,0.020000,-0.030000,0.050000,0.100000,-0.200000,0.100000,0.000000,0.000000,0.000000,0.000000,0.000000,0.000000
0.175263,4.980814,0.437597,0.000000,4.982194,0.434575,0.001456,4.982194,0.434575,0.001456,0.020000,-0.030000,0.050000,0.100000,-0.200000,0.100000,0.000000,0.000000,0.000000,0.000000,0.000000,0.000000
0.180124,4.979736,0.449700,0.000000,4.981185,0.446497,0.001535,4.981185,0.446497,0.001535,0.020000,-0.030000,0.050000,0.100000,-0.200000,0.100000,0.000000,0.000000,0.000000,0.000000,0.000000,0.000000
0.185283,4.978559,0.462545,0.000000,4.980084,0.459143,0.001620,4.980084,0.459143,0.001620,0.020000,-0.030000,0.050000,0.100000,-0.200000,0.100000,0.000000,0.000000,0.000000,0.000000,0.000000,0.000000
0.190467,4.977344,0.475447,0.000000,4.978945,0.471839,0.001707,4.978945,0.471839,0.001707,0.020000,-0.030000,0.050000,0.100000,-0.200000,0.100000,0.000000,0.000000,0.000000,0.000000,0.000000,0.000000
0.195639,4.976098,0.488317,0.000000,4.977778,0.484499,0.001796,4.977778,0.484499,0.001796,0.020000,-0.030000,0.050000,0.100000,-0.200000,0.100000,0.000000,0.000000,0.000000,0.000000,0.000000,0.000000
0.200598,4.974871,0.500654,0.000000,4.976630,0.496629,0.001884,4.975757,0.495392,0.001818,0.020000,-0.030000,0.050000,0.100000,-0.200000,0.100000,-0.000312,0.000236,-0.000031,0.005998,0.007891,0.000412
0.205918,4.973522,0.513885,0.000000,4.975368,0.509630,0.001982,4.974487,0.508382,0.001915,0.020000,-0.030000,0.050000,0.100000,-0.200000,0.100000,-0.000312,0.000236,-0.000031,0.005998,0.007891,0.000412
0.210762,4.972263,0.525930,0.000000,4.974191,0.521457,0.002073,4.973303,0.520200,0.002006,0.020000,-0.030000,0.050000,0.100000,-0.200000,0.100000,-0.000312,0.000236,-0.000031,0.005998,0.007891,0.000412
0.216261,4.970798,0.539598,0.000000,4.972821,0.534873,0.002178,4.971926,0.533605,0.002109,0.020000,-0.030000,0.050000,0.100000,-0.200000,0.100000,-0.000312,0.000236,-0.000031,0.005998,0.007891,0.000412
0.220950,4.969519,0.551253,0.000000,4.971624,0.546306,0.002267,4.970723,0.545028,0.002199,0.020000,-0.030000,0.050000,0.100000,-0.200000,0.100000,-0.000312,0.000236,-0.000031,0.005998,0.007891,0.000412
0.226203,4.968054,0.564303,0.000000,4.970252,0.559103,0.002369,4.969343,0.557813,0.002300,0.020000,-0.030000,0.050000,0.100000,-0.200000,0.100000,-0.000312,0.000236,-0.000031,0.005998,0.007891,0.000412
0.231004,4.966685,0.576227,0.000000,4.968970,0.570790,0.002464,4.968054,0.569490,0.002394,0.020000,-0.030000,0.050000,0.100000,-0.200000,0.100000,-0.000312,0.000236,-0.000031,0.005998,0.007891,0.000412
0.235696,4.965320,0.587878,0.000000,4.967690,0.582203,0.002559,4.966767,0.580893,0.002489,0.020000,-0.030000,0.050000,0.100000,-0.200000,0.100000,-0.000312,0.000236,-0.000031,0.005998,0.007891,0.000412
0.240535,4.963883,0.599888,0.000000,4.966343,0.593962,0.002658,4.965413,0.592641,0.002587,0.020000,-0.030000,0.050000,0.100000,-0.200000,0.100000,-0.000312,0.000236,-0.000031,0.005998,0.007891,0.000412
0.245988,4.962229,0.613422,0.000000,4.964792,0.607204,0.002771,4.963853,0.605870,0.002699,0.020000,-0.030000,0.050000,0.100000,-0.200000,0.100000,-0.000312,0.000236,-0.000031,0.005998,0.007891,0.000412
0.251344,4.960568,0.626707,0.000000,4.963234,0.620192,0.002884,4.962287,0.618846,0.002812,0.020000,-0.030000,0.050000,0.100000,-0.200000,0.100000,-0.000312,0.000236,-0.000031,0.005998,0.007891,0.000412
0.255883,4.959133,0.637965,0.000000,4.961886,0.631193,0.002980,4.960931,0.629836,0.002907,0.020000,-0.030000,0.050000,0.100000,-0.200000,0.100000,-0.000312,0.000236,-0.000031,0.005998,0.007891,0.000412
0.260966,4.957496,0.650566,0.000000,4.960347,0.643500,0.003089,4.959384,0.642130,0.003015,0.020000,-0.030000,0.050000,0.100000,-0.200000,0.100000,-0.000312,0.000236,-0.000031,0.005998,0.007891,0.000412
0.266427,4.955701,0.664099,0.000000,4.958659,0.656710,0.003207,4.957687,0.655326,0.003132,0.020000,-0.030000,0.050000,0.100000,-0.200000,0.100000,-0.000312,0.000236,-0.000031,0.005998,0.007891,0.000412
0.271348,4.954052,0.676290,0.000000,4.957107,0.668602,0.003314,4.956127,0.667206,0.003239,0.020000,-0.030000,0.050000,0.100000,-0.200000,0.100000,-0.000312,0.000236,-0.000031,0.005998,0.007891,0.000412
0.276142,4.952417,0.688165,0.000000,4.955568,0.680181,0.003421,4.954579,0.678772,0.003345,0.020000,-0.030000,0.050000,0.100000,-0.200000,0.100000,-0.000312,0.000236,-0.000031,0.005998,0.007891,0.000412
0.280694,4.950837,0.699434,0.000000,4.954081,0.691164,0.003525,4.953084,0.689744,0.003448,0.020000,-0.030000,0.050000,0.100000,-0.200000,0.100000,-0.000312,0.000236,-0.000031,0.005998,0.007891,0.000412
0.285859,4.949015,0.712216,0.000000,4.952364,0.703618,0.003645,4.951359,0.702183,0.003568,0.020000,-0.030000,0.050000,0.100000,-0.200000,0.100000,-0.000312,0.000236,-0.000031,0.005998,0.007891,0.000412
0.291180,4.947102,0.725382,0.000000,4.950562,0.716439,0.003771,4.949548,0.714990,0.003693,0.020000,-0.030000,0.050000,0.100000,-0.200000,0.100000,-0.000312,0.000236,-0.000031,0.005998,0.007891,0.000412
0.296447,4.945175,0.738407,0.000000,4.948745,0.729118,0.003898,4.947721,0.727654,0.003819,0.020000,-0.030000,0.050000,0.100000,-0.200000,0.100000,-0.000312,0.000236,-0.000031,0.005998,0.007891,0.000412
0.301664,4.943232,0.751303,0.000000,4.946912,0.741664,0.004027,4.945879,0.740185,0.003947,0.020000,-0.030000,0.050000,0.100000,-0.200000,0.100000,-0.000312,0.000236,-0.000031,0.005998,0.007891,0.000412
0.306550,4.941382,0.763378,0.000000,4.945167,0.753403,0.004149,4.944124,0.751910,0.004068,0.020000,-0.030000,0.050000,0.100000,-0.200000,0.100000,-0.000312,0.000236,-0.000031,0.005998,0.007891,0.000412
0.311412,4.939511,0.775388,0.000000,4.943402,0.765072,0.004273,4.942349,0.763565,0.004191,0.020000,-0.030000,0.050000,0.100000,-0.200000,0.100000,-0.000312,0.000236,-0.000031,0.005998,0.007891,0.000412
0.316177,4.937650,0.787154,0.000000,4.941642,0.776499,0.004397,4.940580,0.774977,0.004314,0.020000,-0.030000,0.050000,0.100000,-0.200000,0.100000,-0.000312,0.000236,-0.000031,0.005998,0.007891,0.000412
0.320798,4.935818,0.798561,0.000000,4.939909,0.787572,0.004518,4.938838,0.786036,0.004434,0.020000,-0.030000,0.050000,0.100000,-0.200000,0.100000,-0.000312,0.000236,-0.000031,0.005998,0.007891,0.000412
0.325694,4.933848,0.810641,0.000000,4.938043,0.799293,0.004648,4.936963,0.797742,0.004563,0.020000,-0.030000,0.050000,0.100000,-0.200000,0.100000,-0.000312,0.000236,-0.000031,0.005998,0.007891,0.000412
0.330488,4.931891,0.822465,0.000000,4.936188,0.810758,0.004778,4.935099,0.809192,0.004692,0.020000,-0.030000,0.050000,0.100000,-0.200000,0.100000,-0.000312,0.000236,-0.000031,0.005998,0.007891,0.000412
0.335584,4.929780,0.835029,0.000000,4.934185,0.822936,0.004918,4.933085,0.821354,0.004832,0.020000,-0.030000,0.050000,0.100000,-0.200000,0.100000,-0.000312,0.000236,-0.000031,0.005998,0.007891,0.000412
0.340269,4.927810,0.846575,0.000000,4.932315,0.834122,0.005048,4.931206,0.832524,0.004961,0.020000,-0.030000,0.050000,0.100000,-0.200000,0.100000,-0.000312,0.000236,-0.000031,0.005998,0.007891,0.000412
0.345179,4.925717,0.858669,0.000000,4.930327,0.845833,0.005186,4.929207,0.844219,0.005097,0.020000,-0.030000,0.050000,0.100000,-0.200000,0.100000,-0.000312,0.000236,-0.000031,0.005998,0.007891,0.000412
0.349883,4.923684,0.870251,0.000000,4.928397,0.857040,0.005320,4.927267,0.855411,0.005231,0.020000,-0.030000,0.050000,0.100000,-0.200000,0.100000,-0.000312,0.000236,-0.000031,0.005998,0.007891,0.000412
0.354472,4.921674,0.881547,0.000000,4.926489,0.867962,0.005453,4.925350,0.866318,0.005363,0.020000,-0.030000,0.050000,0.100000,-0.200000,0.100000,-0.000312,0.000236,-0.000031,0.005998,0.007891,0.000412
0.359098,4.919622,0.892930,0.000000,4.924540,0.878964,0.005589,4.923391,0.877303,0.005498,0.020000,-0.030000,0.050000,0.100000,-0.200000,0.100000,-0.000312,0.000236,-0.000031,0.005998,0.007891,0.000412
0.364003,4.917417,0.904991,0.000000,4.922447,0.890615,0.005736,4.921287,0.888937,0.005644,0.020000,-0.030000,0.050000,0.100000,-0.200000,0.100000,-0.000312,0.000236,-0.000031,0.005998,0.007891,0.000412
0.369065,4.915111,0.917435,0.000000,4.920257,0.902627,0.005890,4.919086,0.900931,0.005796,0.020000,-0.030000,0.050000,0.100000,-0.200000,0.100000,-0.000312,0.000236,-0.000031,0.005998,0.007891,0.000412
0.374012,4.912826,0.929589,0.000000,4.918088,0.914350,0.006042,4.916906,0.912637,0.005948,0.020000,-0.030000,0.050000,0.100000,-0.200000,0.100000,-0.000312,0.000236,-0.000031,0.005998,0.007891,0.000412
0.378942,4.910520,0.941698,0.000000,4.915896,0.926022,0.006197,4.914703,0.924291,0.006101,0.020000,-0.030000,0.050000,0.100000,-0.200000,0.100000,-0.000312,0.000236,-0.000031,0.005998,0.007891,0.000412
0.384393,4.907935,0.955078,0.000000,4.913440,0.938912,0.006369,4.912234,0.937161,0.006273,0.020000,-0.030000,0.050000,0.100000,-0.200000,0.100000,-0.000312,0.000236,-0.000031,0.005998,0.007891,0.000412
0.389824,4.905324,0.968401,0.000000,4.910957,0.951739,0.006544,4.909739,0.949968,0.006446,0.020000,-0.030000,0.050000,0.100000,-0.200000,0.100000,-0.000312,0.000236,-0.000031,0.005998,0.007891,0.000412
0.394830,4.902884,0.980676,0.000000,4.908638,0.963551,0.006707,4.907408,0.961760,0.006608,0.020000,-0.030000,0.050000,0.100000,-0.200000,0.100000,-0.000312,0.000236,-0.000031,0.005998,0.007891,0.000412
0.399690,4.900487,0.992586,0.000000,4.906357,0.975005,0.006867,4.905117,0.973196,0.006767,0.020000,-0.030000,0.050000,0.100000,-0.200000,0.100000,-0.000312,0.000236,-0.000031,0.005998,0.007891,0.000412
0.404550,4.898060,1.004492,0.000000,4.904048,0.986447,0.007028,4.904129,0.981146,0.003462,0.020000,-0.030000,0.050000,0.100000,-0.200000,0.100000,-0.002687,-0.000229,-0.000327,-0.002742,0.036325,0.030109
0.409052,4.895787,1.015515,0.000000,4.901883,0.997034,0.007178,4.901978,0.991655,0.003555,0.020000,-0.030000,0.050000,0.100000,-0.200000,0.100000,-0.002687,-0.000229,-0.000327,-0.002742,0.036325,0.030109
0.413658,4.893435,1.026788,0.000000,4.899643,1.007857,0.007333,4.899753,1.002397,0.003650,0.020000,-0.030000,0.050000,0.100000,-0.200000,0.100000,-0.002687,-0.000229,-0.000327,-0.002742,0.036325,0.030109
0.418796,4.890781,1.039356,0.000000,4.897116,1.019914,0.007508,4.897242,1.014364,0.003759,0.020000,-0.030000,0.050000,0.100000,-0.200000,0.100000,-0.002687,-0.000229,-0.000327,-0.002742,0.036325,0.030109
0.423545,4.888300,1.050965,0.000000,4.894752,1.031045,0.007673,4.894894,1.025409,0.003861,0.020000,-0.030000,0.050000,0.100000,-0.200000,0.100000,-0.002687,-0.000229,-0.000327,-0.002742,0.036325,0.030109
0.428653,4.885599,1.063447,0.000000,4.892181,1.043005,0.007854,4.892341,1.037276,0.003974,0.020000,-0.030000,0.050000,0.100000,-0.200000,0.100000,-0.002687,-0.000229,-0.000327,-0.002742,0.036325,0.030109
0.433898,4.882794,1.076256,0.000000,4.889509,1.055270,0.008043,4.889687,1.049446,0.004092,0.020000,-0.030000,0.050000,0.100000,-0.200000,0.100000,-0.002687,-0.000229,-0.000327,-0.002742,0.036325,0.030109
0.438664,4.880215,1.087888,0.000000,4.887052,1.066401,0.008216,4.887247,1.060488,0.004200,0.020000,-0.030000,0.050000,0.100000,-0.200000,0.100000,-0.002687,-0.000229,-0.000327,-0.002742,0.036325,0.030109
0.443908,4.877346,1.100680,0.000000,4.884317,1.078634,0.008409,4.884531,1.072622,0.004321,0.020000,-0.030000,0.050000,0.100000,-0.200000,0.100000,-0.002687,-0.000229,-0.000327,-0.002742,0.036325,0.030109
0.449248,4.874390,1.113698,0.000000,4.881497,1.091075,0.008610,4.881731,1.084961,0.004447,0.020000,-0.030000,0.050000,0.100000,-0.200000,0.100000,-0.002687,-0.000229,-0.000327,-0.002742,0.036325,0.030109
0.453854,4.871812,1.124923,0.000000,4.879036,1.101795,0.008785,4.879288,1.095593,0.004557,0.020000,-0.030000,0.050000,0.100000,-0.200000,0.100000,-0.002687,-0.000229,-0.000327,-0.002742,0.036325,0.030109
0.459172,4.868804,1.137872,0.000000,4.876164,1.114157,0.008989,4.876436,1.107851,0.004685,0.020000,-0.030000,0.050000,0.100000,-0.200000,0.100000,-0.002687,-0.000229,-0.000327,-0.002742,0.036325,0.030109
0.464306,4.865866,1.150367,0.000000,4.873358,1.126079,0.009189,4.873651,1.119671,0.004811,0.020000,-0.030000,0.050000,0.100000,-0.200000,0.100000,-0.002687,-0.000229,-0.000327,-0.002742,0.036325,0.030109
0.469522,4.862850,1.163052,0.000000,4.870474,1.138175,0.009393,4.870787,1.131662,0.004939,0.020000,-0.030000,0.050000,0.100000,-0.200000,0.100000,-0.002687,-0.000229,-0.000327,-0.002742,0.036325,0.030109
0.474560,4.859905,1.175298,0.000000,4.867656,1.149843,0.009591,4.867989,1.143228,0.005063,0.020000,-0.030000,0.050000,0.100000,-0.200000,0.100000,-0.002687,-0.000229,-0.000327,-0.002742,0.036325,0.030109
0.479856,4.856775,1.188165,0.000000,4.864661,1.162093,0.009800,4.865016,1.155370,0.005193,0.020000,-0.030000,0.050000,0.100000,-0.200000,0.100000,-0.002687,-0.000229,-0.000327,-0.002742,0.036325,0.030109
0.484437,4.854041,1.199286,0.000000,4.862044,1.172675,0.009982,4.862419,1.165857,0.005306,0.020000,-0.030000,0.050000,0.100000,-0.200000,0.100000,-0.002687,-0.000229,-0.000327,-0.002742,0.036325,0.030109
0.489201,4.851171,1.210843,0.000000,4.859298,1.183665,0.010173,4.859693,1.176748,0.005424,0.020000,-0.030000,0.050000,0.100000,-0.200000,0.100000,-0.002687,-0.000229,-0.000327,-0.002742,0.036325,0.030109
0.493856,4.848339,1.222131,0.000000,4.856588,1.194394,0.010361,4.857004,1.187377,0.005541,0.020000,-0.030000,0.050000,0.100000,-0.200000,0.100000,-0.002687,-0.000229,-0.000327,-0.002742,0.036325,0.030109
0.498657,4.845391,1.233767,0.000000,4.853767,1.205446,0.010557,4.854204,1.198327,0.005663,0.020000,-0.030000,0.050000,0.100000,-0.200000,0.100000,-0.002687,-0.000229,-0.000327,-0.002742,0.036325,0.030109
0.503259,4.842540,1.244913,0.000000,4.851038,1.216026,0.010747,4.851495,1.208807,0.005780,0.020000,-0.030000,0.050000,0.100000,-0.200000,0.100000,-0.002687,-0.000229,-0.000327,-0.002742,0.036325,0.030109
0.507793,4.839705,1.255887,0.000000,4.848323,1.226437,0.010934,4.848802,1.219119,0.005896,0.020000,-0.030000,0.050000,0.100000,-0.200000,0.100000,-0.002687,-0.000229,-0.000327,-0.002742,0.036325,0.030109
0.512867,4.836503,1.268162,0.000000,4.845257,1.238072,0.011145,4.845759,1.230643,0.006026,0.020000,-0.030000,0.050000,0.100000,-0.200000,0.100000,-0.002687,-0.000229,-0.000327,-0.002742,0.036325,0.030109
0.517995,4.833236,1.280559,0.000000,4.842126,1.249815,0.011360,4.842653,1.242271,0.006159,0.020000,-0.030000,0.050000,0.100000,-0.200000,0.100000,-0.002687,-0.000229,-0.000327,-0.002742,0.036325,0.030109
0.522678,4.830224,1.291873,0.000000,4.839239,1.260523,0.011559,4.839789,1.252874,0.006282,0.020000,-0.030000,0.050000,0.100000,-0.200000,0.100000,-0.002687,-0.000229,-0.000327,-0.002742,0.036325,0.030109
0.527753,4.826931,1.304124,0.000000,4.836083,1.272110,0.011778,4.836658,1.264346,0.006418,0.020000,-0.030000,0.050000,0.100000,-0.200000,0.100000,-0.002687,-0.000229,-0.000327,-0.002742,0.036325,0.030109
0.532375,4.823904,1.315277,0.000000,4.833182,1.282650,0.011979,4.833780,1.274780,0.006542,0.020000,-0.030000,0.050000,0.100000,-0.200000,0.100000,-0.002687,-0.000229,-0.000327,-0.002742,0.036325,0.030109
0.537617,4.820440,1.327914,0.000000,4.829862,1.294585,0.012208,4.830486,1.286592,0.006684,0.020000,-0.030000,0.050000,0.100000,-0.200000,0.100000,-0.002687,-0.000229,-0.000327,-0.002742,0.036325,0.030109
0.542343,4.817289,1.339301,0.000000,4.826840,1.305330,0.012416,4.827488,1.297227,0.006813,0.020000,-0.030000,0.050000,0.100000,-0.200000,0.100000,-0.002687,-0.000229,-0.000327,-0.002742,0.036325,0.030109
0.547110,4.814083,1.350780,0.000000,4.823763,1.316154,0.012628,4.824437,1.307938,0.006944,0.020000,-0.030000,0.050000,0.100000,-0.200000,0.100000,-0.002687,-0.000229,-0.000327,-0.002742,0.036325,0.030109
0.552270,4.810582,1.363194,0.000000,4.820405,1.327850,0.012861,4.821106,1.319510,0.007088,0.020000,-0.030000,0.050000,0.100000,-0.200000,0.100000,-0.002687,-0.000229,-0.000327,-0.002742,0.036325,0.030109
0.557721,4.806848,1.376302,0.000000,4.816822,1.340189,0.013112,4.817553,1.331718,0.007245,0.020000,-0.030000,0.050000,0.100000,-0.200000,0.100000,-0.002687,-0.000229,-0.000327,-0.002742,0.036325,0.030109
0.562830,4.803317,1.388575,0.000000,4.813434,1.351733,0.013350,4.814193,1.343137,0.007393,0.020000,-0.030000,0.050000,0.100000,-0.200000,0.100000,-0.002687,-0.000229,-0.000327,-0.002742,0.036325,0.030109
0.567594,4.799996,1.400014,0.000000,4.810244,1.362484,0.013575,4.811030,1.353770,0.007534,0.020000,-0.030000,0.050000,0.100000,-0.200000,0.100000,-0.002687,-0.000229,-0.000327,-0.002742,0.036325,0.030109
0.572562,4.796503,1.411933,0.000000,4.806888,1.373678,0.013811,4.807702,1.364840,0.007682,0.020000,-0.030000,0.050000,0.100000,-0.200000,0.100000,-0.002687,-0.000229,-0.000327,-0.002742,0.036325,0.030109
0.577994,4.792651,1.424954,0.000000,4.803184,1.385897,0.014071,4.804030,1.376923,0.007844,0.020000,-0.030000,0.050000,0.100000,-0.200000,0.100000,-0.002687,-0.000229,-0.000327,-0.002742,0.036325,0.030109
0.583019,4.789056,1.436992,0.000000,4.799726,1.397186,0.014311,4.800601,1.388084,0.007994,0.020000,-0.030000,0.050000,0.100000,-0.200000,0.100000,-0.002687,-0.000229,-0.000327,-0.002742,0.036325,0.030109
0.588494,4.785104,1.450097,0.000000,4.795926,1.409463,0.014573,4.796834,1.400221,0.008156,0.020000,-0.030000,0.050000,0.100000,-0.200000,0.100000,-0.002687,-0.000229,-0.000327,-0.002742,0.036325,0.030109
0.593044,4.781793,1.460978,0.000000,4.792742,1.419648,0.014792,4.793677,1.410288,0.008291,0.020000,-0.030000,0.050000,0.100000,-0.200000,0.100000,-0.002687,-0.000229,-0.000327,-0.002742,0.036325,0.030109
0.598140,4.778054,1.473158,0.000000,4.789148,1.431041,0.015039,4.790115,1.421548,0.008443,0.020000,-0.030000,0.050000,0.100000,-0.200000,0.100000,-0.002687,-0.000229,-0.000327,-0.002742,0.036325,0.030109
0.603463,4.774117,1.485869,0.000000,4.785362,1.442921,0.015299,4.786362,1.433288,0.008604,0.020000,-0.030000,0.050000,0.100000,-0.200000,0.100000,-0.002687,-0.000229,-0.000327,-0.002742,0.036325,0.030109
0.608082,4.770673,1.496891,0.000000,4.782049,1.453214,0.015528,4.778885,1.439317,0.007790,0.020000,-0.030000,0.050000,0.100000,-0.200000,0.100000,-0.004616,0.002123,-0.000477,0.015981,0.051139,0.034025
0.613226,4.766807,1.509157,0.000000,4.778331,1.464661,0.015784,4.775129,1.450549,0.007932,0.020000,-0.030000,0.050000,0.100000,-0.200000,0.100000,-0.004616,0.002123,-0.000477,0.015981,0.051139,0.034025
0.617968,4.763215,1.520455,0.000000,4.774876,1.475196,0.016023,4.771639,1.460884,0.008064,0.020000,-0.030000,0.050000,0.100000,-0.200000,0.100000,-0.004616,0.002123,-0.000477,0.015981,0.051139,0.034025
0.622722,4.759587,1.531773,0.000000,4.771386,1.485741,0.016264,4.768114,1.471227,0.008198,0.020000,-0.030000,0.050000,0.100000,-0.200000,0.100000,-0.004616,0.002123,-0.000477,0.015981,0.051139,0.034025
0.627282,4.756083,1.542621,0.000000,4.768013,1.495840,0.016497,4.764708,1.481129,0.008326,0.020000,-0.030000,0.050000,0.100000,-0.200000,0.100000,-0.004616,0.002123,-0.000477,0.015981,0.051139,0.034025
0.632727,4.751865,1.555563,0.000000,4.763952,1.507879,0.016777,4.760607,1.492932,0.008480,0.020000,-0.030000,0.050000,0.100000,-0.200000,0.100000,-0.004616,0.002123,-0.000477,0.015981,0.051139,0.034025
0.637536,4.748111,1.566984,0.000000,4.760337,1.518493,0.017025,4.756956,1.503335,0.008616,0.020000,-0.030000,0.050000,0.100000,-0.200000,0.100000,-0.004616,0.002123,-0.000477,0.015981,0.051139,0.034025
0.642852,4.743930,1.579599,0.000000,4.756309,1.530207,0.017300,4.752888,1.514814,0.008767,0.020000,-0.030000,0.050000,0.100000,-0.200000,0.100000,-0.004616,0.002123,-0.000477,0.015981,0.051139,0.034025
0.647437,4.740296,1.590470,0.000000,4.752808,1.540294,0.017538,4.749354,1.524696,0.008897,0.020000,-0.030000,0.050000,0.100000,-0.200000,0.100000,-0.004616,0.002123,-0.000477,0.015981,0.051139,0.034025
0.652728,4.736071,1.603006,0.000000,4.748738,1.551915,0.017816,4.745244,1.536079,0.009049,0.020000,-0.030000,0.050000,0.100000,-0.200000,0.100000,-0.004616,0.002123,-0.000477,0.015981,0.051139,0.034025
0.657421,4.732297,1.614114,0.000000,4.745103,1.562202,0.018063,4.741574,1.546152,0.009183,0.020000,-0.030000,0.050000,0.100000,-0.200000,0.100000,-0.004616,0.002123,-0.000477,0.015981,0.051139,0.034025
0.662708,4.728014,1.626619,0.000000,4.740977,1.573773,0.018343,4.737408,1.557481,0.009335,0.020000,-0.030000,0.050000,0.100000,-0.200000,0.100000,-0.004616,0.002123,-0.000477,0.015981,0.051139,0.034025
0.667634,4.723993,1.638259,0.000000,4.737104,1.584536,0.018607,4.733498,1.568015,0.009478,0.020000,-0.030000,0.050000,0.100000,-0.200000,0.100000,-0.004616,0.002123,-0.000477,0.015981,0.051139,0.034025
0.672592,4.719917,1.649965,0.000000,4.733178,1.595351,0.018874,4.729534,1.578598,0.009623,0.020000,-0.030000,0.050000,0.100000,-0.200000,0.100000,-0.004616,0.002123,-0.000477,0.015981,0.051139,0.034025
0.677485,4.715866,1.661508,0.000000,4.729274,1.606005,0.019139,4.725593,1.589021,0.009768,0.020000,-0.030000,0.050000,0.100000,-0.200000,0.100000,-0.004616,0.002123,-0.000477,0.015981,0.051139,0.034025
0.682772,4.711458,1.673967,0.000000,4.725024,1.617493,0.019429,4.721304,1.600257,0.009925,0.020000,-0.030000,0.050000,0.100000,-0.200000,0.100000,-0.004616,0.002123,-0.000477,0.015981,0.051139,0.034025
0.687596,4.707407,1.685326,0.000000,4.721119,1.627957,0.019696,4.717361,1.610490,0.010071,0.020000,-0.030000,0.050000,0.100000,-0.200000,0.100000,-0.004616,0.002123,-0.000477,0.015981,0.051139,0.034025
0.692316,4.703416,1.696432,0.000000,4.717271,1.638180,0.019961,4.713478,1.620483,0.010217,0.020000,-0.030000,0.050000,0.100000,-0.200000,0.100000,-0.004616,0.002123,-0.000477,0.015981,0.051139,0.034025
0.697294,4.699179,1.708132,0.000000,4.713187,1.648938,0.020243,4.709356,1.630998,0.010371,0.020000,-0.030000,0.050000,0.100000,-0.200000,0.100000,-0.004616,0.002123,-0.000477,0.015981,0.051139,0.034025
0.702633,4.694602,1.720672,0.000000,4.708776,1.660457,0.020545,4.704904,1.642254,0.010536,0.020000,-0.030000,0.050000,0.100000,-0.200000,0.100000,-0.004616,0.002123,-0.000477,0.015981,0.051139,0.034025
0.707420,4.690471,1.731902,0.000000,4.704793,1.670764,0.020816,4.700884,1.652321,0.010683,0.020000,-0.030000,0.050000,0.100000,-0.200000,0.100000,-0.004616,0.002123,-0.000477,0.015981,0.051139,0.034025
0.712898,4.685709,1.744744,0.000000,4.700201,1.682539,0.021128,4.696250,1.663822,0.010851,0.020000,-0.030000,0.050000,0.100000,-0.200000,0.100000,-0.004616,0.002123,-0.000477,0.015981,0.051139,0.034025
0.717536,4.681650,1.755605,0.000000,4.696285,1.692491,0.021392,4.692299,1.673538,0.010993,0.020000,-0.030000,0.050000,0.100000,-0.200000,0.100000,-0.004616,0.002123,-0.000477,0.015981,0.051139,0.034025
0.722848,4.676971,1.768033,0.000000,4.691770,1.703866,0.021695,4.687743,1.684642,0.011155,0.020000,-0.030000,0.050000,0.100000,-0.200000,0.100000,-0.004616,0.002123,-0.000477,0.015981,0.051139,0.034025
0.727363,4.672968,1.778588,0.000000,4.687907,1.713519,0.021953,4.683845,1.694062,0.011292,0.020000,-0.030000,0.050000,0.100000,-0.200000,0.100000,-0.004616,0.002123,-0.000477,0.015981,0.051139,0.034025
0.732309,4.668555,1.790138,0.000000,4.683649,1.724073,0.022235,4.679548,1.704358,0.011442,0.020000,-0.030000,0.050000,0.100000,-0.200000,0.100000,-0.004616,0.002123,-0.000477,0.015981,0.051139,0.034025
0.737304,4.664070,1.801791,0.000000,4.679320,1.734712,0.022524,4.675181,1.714735,0.011595,0.020000,-0.030000,0.050000,0.100000,-0.200000,0.100000,-0.004616,0.002123,-0.000477,0.015981,0.051139,0.034025
0.742503,4.659370,1.813910,0.000000,4.674784,1.745765,0.022826,4.670605,1.725514,0.011755,0.020000,-0.030000,0.050000,0.100000,-0.200000,0.100000,-0.004616,0.002123,-0.000477,0.015981,0.051139,0.034025
0.747504,4.654820,1.825554,0.000000,4.670392,1.756377,0.023117,4.666174,1.735859,0.011908,0.020000,-0.030000,0.050000,0.100000,-0.200000,0.100000,-0.004616,0.002123,-0.000477,0.015981,0.051139,0.034025
0.752392,4.650344,1.836927,0.000000,4.666069,1.766730,0.023404,4.661813,1.745950,0.012060,0.020000,-0.030000,0.050000,0.100000,-0.200000,0.100000,-0.004616,0.002123,-0.000477,0.015981,0.051139,0.034025
0.757805,4.645356,1.849506,0.000000,4.661250,1.778168,0.023724,4.656952,1.757094,0.012229,0.020000,-0.030000,0.050000,0.100000,-0.200000,0.100000,-0.004616,0.002123,-0.000477,0.015981,0.051139,0.034025
0.762738,4.640780,1.860958,0.000000,4.656829,1.788570,0.024017,4.652492,1.767226,0.012383,0.020000,-0.030000,0.050000,0.100000,-0.200000,0.100000,-0.004616,0.002123,-0.000477,0.015981,0.051139,0.034025
0.767504,4.636332,1.872011,0.000000,4.652530,1.798600,0.024300,4.648156,1.776994,0.012531,0.020000,-0.030000,0.050000,0.100000,-0.200000,0.100000,-0.004616,0.002123,-0.000477,0.015981,0.051139,0.034025
0.772124,4.631995,1.882717,0.000000,4.648337,1.808306,0.024575,4.643927,1.786443,0.012675,0.020000,-0.030000,0.050000,0.100000,-0.200000,0.100000,-0.004616,0.002123,-0.000477,0.015981,0.051139,0.034025
0.776868,4.627517,1.893697,0.000000,4.644008,1.818250,0.024858,4.639561,1.796121,0.012822,0.020000,-0.030000,0.050000,0.100000,-0.200000,0.100000,-0.004616,0.002123,-0.000477,0.015981,0.051139,0.034025
0.781678,4.622949,1.904822,0.000000,4.639592,1.828314,0.025146,4.635108,1.805914,0.012972,0.020000,-0.030000,0.050000,0.100000,-0.200000,0.100000,-0.004616,0.002123,-0.000477,0.015981,0.051139,0.034025
0.787166,4.617705,1.917499,0.000000,4.634522,1.839769,0.025477,4.629995,1.817057,0.013142,0.020000,-0.030000,0.050000,0.100000,-0.200000,0.100000,-0.004616,0.002123,-0.000477,0.015981,0.051139,0.034025
0.792625,4.612453,1.930097,0.000000,4.629443,1.851139,0.025808,4.624873,1.828113,0.013314,0.020000,-0.030000,0.050000,0.100000,-0.200000,0.100000,-0.004616,0.002123,-0.000477,0.015981,0.051139,0.034025
0.797600,4.607638,1.941565,0.000000,4.624784,1.861478,0.026110,4.620175,1.838165,0.013470,0.020000,-0.030000,0.050000,0.100000,-0.200000,0.100000,-0.004616,0.002123,-0.000477,0.015981,0.051139,0.034025
0.802884,4.602492,1.953731,0.000000,4.619803,1.872434,0.026433,4.615153,1.848813,0.013635,0.020000,-0.030000,0.050000,0.100000,-0.200000,0.100000,-0.004616,0.002123,-0.000477,0.015981,0.051139,0.034025
0.808234,4.597250,1.966034,0.000000,4.614728,1.883502,0.026762,4.594451,1.882989,0.032517,0.020000,-0.030000,0.050000,0.100000,-0.200000,0.100000,0.004727,0.005945,0.000791,0.042417,-0.000893,-0.021943
0.813692,4.591867,1.978575,0.000000,4.609517,1.894769,0.027100,4.588938,1.894284,0.032941,0.020000,-0.030000,0.050000,0.100000,-0.200000,0.100000,0.004727,0.005945,0.000791,0.042417,-0.000893,-0.021943
0.818710,4.586889,1.990088,0.000000,4.604698,1.905100,0.027411,4.583838,1.904640,0.033331,0.020000,-0.030000,0.050000,0.100000,-0.200000,0.100000,0.004727,0.005945,0.000791,0.042417,-0.000893,-0.021943
0.823784,4.581825,2.001718,0.000000,4.599795,1.915524,0.027728,4.578649,1.915091,0.033728,0.020000,-0.030000,0.050000,0.100000,-0.200000,0.100000,0.004727,0.005945,0.000791,0.042417,-0.000893,-0.021943
0.829110,4.576479,2.013913,0.000000,4.594614,1.926441,0.028062,4.573166,1.926034,0.034146,0.020000,-0.030000,0.050000,0.100000,-0.200000,0.100000,0.004727,0.005945,0.000791,0.042417,-0.000893,-0.021943
0.833798,4.571745,2.024635,0.000000,4.590027,1.936028,0.028358,4.568310,1.935645,0.034517,0.020000,-0.030000,0.050000,0.100000,-0.200000,0.100000,0.004727,0.005945,0.000791,0.042417,-0.000893,-0.021943
0.838602,4.566868,2.035611,0.000000,4.585298,1.945832,0.028662,4.563303,1.945474,0.034898,0.020000,-0.030000,0.050000,0.100000,-0.200000,0.100000,0.004727,0.005945,0.000791,0.042417,-0.000893,-0.021943
0.843224,4.562152,2.046159,0.000000,4.580722,1.955243,0.028955,4.558459,1.954910,0.035266,0.020000,-0.030000,0.050000,0.100000,-0.200000,0.100000,0.004727,0.005945,0.000791,0.042417,-0.000893,-0.021943
0.848047,4.557205,2.057154,0.000000,4.575921,1.965043,0.029264,4.553375,1.964736,0.035653,0.020000,-0.030000,0.050000,0.100000,-0.200000,0.100000,0.004727,0.005945,0.000791,0.042417,-0.000893,-0.021943
0.853129,4.551962,2.068729,0.000000,4.570833,1.975348,0.029591,4.547986,1.975067,0.036063,0.020000,-0.030000,0.050000,0.100000,-0.200000,0.100000,0.004727,0.005945,0.000791,0.042417,-0.000893,-0.021943
0.858589,4.546298,2.081148,0.000000,4.565334,1.986391,0.029944,4.542162,1.986140,0.036505,0.020000,-0.030000,0.050000,0.100000,-0.200000,0.100000,0.004727,0.005945,0.000791,0.042417,-0.000893,-0.021943
0.863448,4.541229,2.092185,0.000000,4.560412,1.996196,0.030261,4.536948,1.995971,0.036901,0.020000,-0.030000,0.050000,0.100000,-0.200000,0.100000,0.004727,0.005945,0.000791,0.042417,-0.000893,-0.021943
0.868193,4.536253,2.102953,0.000000,4.555578,2.005751,0.030571,4.531826,2.005552,0.037290,0.020000,-0.030000,0.050000,0.100000,-0.200000,0.100000,0.004727,0.005945,0.000791,0.042417,-0.000893,-0.021943
0.873136,4.531041,2.114159,0.000000,4.550515,2.015683,0.030894,4.526461,2.015511,0.037696,0.020000,-0.030000,0.050000,0.100000,-0.200000,0.100000,0.004727,0.005945,0.000791,0.042417,-0.000893,-0.021943
0.877767,4.526133,2.124645,0.000000,4.545747,2.024966,0.031197,4.521407,2.024820,0.038076,0.020000,-0.030000,0.050000,0.100000,-0.200000,0.100000,0.004727,0.005945,0.000791,0.042417,-0.000893,-0.021943
0.882537,4.521053,2.135435,0.000000,4.540810,2.034509,0.031511,4.516175,2.034390,0.038469,0.020000,-0.030000,0.050000,0.100000,-0.200000,0.100000,0.004727,0.005945,0.000791,0.042417,-0.000893,-0.021943
0.887599,4.515634,2.146871,0.000000,4.535544,2.044610,0.031845,4.510592,2.044520,0.038889,0.020000,-0.030000,0.050000,0.100000,-0.200000,0.100000,0.004727,0.005945,0.000791,0.042417,-0.000893,-0.021943
0.892982,4.509839,2.159016,0.000000,4.529912,2.055323,0.032203,4.504621,2.055264,0.039338,0.020000,-0.030000,0.050000,0.100000,-0.200000,0.100000,0.004727,0.005945,0.000791,0.042417,-0.000893,-0.021943
0.897834,4.504588,2.169951,0.000000,4.524807,2.064958,0.032527,4.499208,2.064925,0.039744,0.020000,-0.030000,0.050000,0.100000,-0.200000,0.100000,0.004727,0.005945,0.000791,0.042417,-0.000893,-0.021943
0.902373,4.499652,2.180169,0.000000,4.520008,2.073950,0.032832,4.494119,2.073945,0.040127,0.020000,-0.030000,0.050000,0.100000,-0.200000,0.100000,0.004727,0.005945,0.000791,0.042417,-0.000893,-0.021943
0.907650,4.493884,2.192032,0.000000,4.514400,2.084379,0.033189,4.488170,2.084404,0.040575,0.020000,-0.030000,0.050000,0.100000,-0.200000,0.100000,0.004727,0.005945,0.000791,0.042417,-0.000893,-0.021943
0.912845,4.488175,2.203697,0.000000,4.508849,2.094622,0.033543,4.482281,2.094677,0.041018,0.020000,-0.030000,0.050000,0.100000,-0.200000,0.100000,0.004727,0.005945,0.000791,0.042417,-0.000893,-0.021943
0.917797,4.482704,2.214805,0.000000,4.503528,2.104364,0.033880,4.476636,2.104448,0.041441,0.020000,-0.030000,0.050000,0.100000,-0.200000,0.100000,0.004727,0.005945,0.000791,0.042417,-0.000893,-0.021943
0.923267,4.476631,2.227055,0.000000,4.497621,2.115094,0.034254,4.470368,2.115211,0.041909,0.020000,-0.030000,0.050000,0.100000,-0.200000,0.100000,0.004727,0.005945,0.000791,0.042417,-0.000893,-0.021943
0.928008,4.471338,2.237663,0.000000,4.492471,2.124373,0.034579,4.464902,2.124518,0.042317,0.020000,-0.030000,0.050000,0.100000,-0.200000,0.100000,0.004727,0.005945,0.000791,0.042417,-0.000893,-0.021943
0.932678,4.466102,2.248095,0.000000,4.487374,2.133488,0.034900,4.459492,2.133661,0.042721,0.020000,-0.030000,0.050000,0.100000,-0.200000,0.100000,0.004727,0.005945,0.000791,0.042417,-0.000893,-0.021943
0.937879,4.460240,2.259703,0.000000,4.481667,2.143619,0.035260,4.453433,2.143824,0.043172,0.020000,-0.030000,0.050000,0.100000,-0.200000,0.100000,0.004727,0.005945,0.000791,0.042417,-0.000893,-0.021943
0.943359,4.454032,2.271916,0.000000,4.475625,2.154265,0.035640,4.447018,2.154503,0.043650,0.020000,-0.030000,0.050000,0.100000,-0.200000,0.100000,0.004727,0.005945,0.000791,0.042417,-0.000893,-0.021943
0.948111,4.448622,2.282491,0.000000,4.470360,2.163471,0.035971,4.441427,2.163738,0.044065,0.020000,-0.030000,0.050000,0.100000,-0.200000,0.100000,0.004727,0.005945,0.000791,0.042417,-0.000893,-0.021943
0.953441,4.442522,2.294340,0.000000,4.464422,2.173772,0.036343,4.435121,2.174072,0.044532,0.020000,-0.030000,0.050000,0.100000,-0.200000,0.100000,0.004727,0.005945,0.000791,0.042417,-0.000893,-0.021943
0.958569,4.436625,2.305723,0.000000,4.458679,2.183656,0.036700,4.429020,2.183988,0.044982,0.020000,-0.030000,0.050000,0.100000,-0.200000,0.100000,0.004727,0.005945,0.000791,0.042417,-0.000893,-0.021943
0.963513,4.430913,2.316682,0.000000,4.453115,2.193159,0.037047,4.423109,2.193522,0.045417,0.020000,-0.030000,0.050000,0.100000,-0.200000,0.100000,0.004727,0.005945,0.000791,0.042417,-0.000893,-0.021943
0.968674,4.424919,2.328109,0.000000,4.447278,2.203055,0.037409,4.416907,2.203451,0.045873,0.020000,-0.030000,0.050000,0.100000,-0.200000,0.100000,0.004727,0.005945,0.000791,0.042417,-0.000893,-0.021943
0.973370,4.419441,2.338491,0.000000,4.441944,2.212034,0.037739,4.411238,2.212460,0.046289,0.020000,-0.030000,0.050000,0.100000,-0.200000,0.100000,0.004727,0.005945,0.000791,0.042417,-0.000893,-0.021943
0.978479,4.413453,2.349773,0.000000,4.436111,2.221780,0.038099,4.405039,2.222238,0.046742,0.020000,-0.030000,0.050000,0.100000,-0.200000,0.100000,0.004727,0.005945,0.000791,0.042417,-0.000893,-0.021943
0.983064,4.408054,2.359885,0.000000,4.430853,2.230506,0.038422,4.399449,2.230993,0.047149,0.020000,-0.030000,0.050000,0.100000,-0.200000,0.100000,0.004727,0.005945,0.000791,0.042417,-0.000893,-0.021943
0.988426,4.401711,2.371695,0.000000,4.424673,2.240681,0.038803,4.392880,2.241204,0.047629,0.020000,-0.030000,0.050000,0.100000,-0.200000,0.100000,0.004727,0.005945,0.000791,0.042417,-0.000893,-0.021943
0.993334,4.395878,2.382490,0.000000,4.418990,2.249969,0.039154,4.386837,2.250523,0.048071,0.020000,-0.030000,0.050000,0.100000,-0.200000,0.100000,0.004727,0.005945,0.000791,0.042417,-0.000893,-0.021943
0.998006,4.390301,2.392751,0.000000,4.413557,2.258784,0.039488,4.381059,2.259369,0.048492,0.020000,-0.030000,0.050000,0.100000,-0.200000,0.100000,0.004727,0.005945,0.000791,0.042417,-0.000893,-0.021943
1.003213,4.384056,2.404174,0.000000,4.407473,2.268584,0.039862,4.374588,2.269203,0.048962,0.020000,-0.030000,0.050000,0.100000,-0.200000,0.100000,0.004727,0.005945,0.000791,0.042417,-0.000893,-0.021943
1.008539,4.377639,2.415839,0.000000,4.401220,2.278576,0.040246,4.452469,2.298057,0.080101,0.020000,-0.030000,0.050000,0.100000,-0.200000,0.100000,0.007132,-0.018727,-0.000102,-0.048100,-0.003343,-0.070160
1.013714,4.371373,2.427159,0.000000,4.395116,2.288260,0.040622,4.447034,2.308088,0.080925,0.020000,-0.030000,0.050000,0.100000,-0.200000,0.100000,0.007132,-0.018727,-0.000102,-0.048100,-0.003343,-0.070160
1.018901,4.365063,2.438488,0.000000,4.388969,2.297939,0.041001,4.441563,2.318119,0.081756,0.020000,-0.030000,0.050000,0.100000,-0.200000,0.100000,0.007132,-0.018727,-0.000102,-0.048100,-0.003343,-0.070160
1.024201,4.358585,2.450048,0.000000,4.382657,2.307802,0.041391,4.435948,2.328346,0.082611,0.020000,-0.030000,0.050000,0.100000,-0.200000,0.100000,0.007132,-0.018727,-0.000102,-0.048100,-0.003343,-0.070160
1.029031,4.352657,2.460565,0.000000,4.376879,2.316762,0.041746,4.430810,2.337641,0.083392,0.020000,-0.030000,0.050000,0.100000,-0.200000,0.100000,0.007132,-0.018727,-0.000102,-0.048100,-0.003343,-0.070160
1.033864,4.346697,2.471078,0.000000,4.371070,2.325706,0.042101,4.425646,2.346923,0.084175,0.020000,-0.030000,0.050000,0.100000,-0.200000,0.100000,0.007132,-0.018727,-0.000102,-0.048100,-0.003343,-0.070160
1.039321,4.339939,2.482928,0.000000,4.364482,2.335771,0.042502,4.419790,2.357375,0.085063,0.020000,-0.030000,0.050000,0.100000,-0.200000,0.100000,0.007132,-0.018727,-0.000102,-0.048100,-0.003343,-0.070160
1.044760,4.333171,2.494721,0.000000,4.357881,2.345771,0.042904,4.413927,2.367765,0.085952,0.020000,-0.030000,0.050000,0.100000,-0.200000,0.100000,0.007132,-0.018727,-0.000102,-0.048100,-0.003343,-0.070160
1.050248,4.326308,2.506603,0.000000,4.351188,2.355831,0.043309,4.407983,2.378223,0.086854,0.020000,-0.030000,0.050000,0.100000,-0.200000,0.100000,0.007132,-0.018727,-0.000102,-0.048100,-0.003343,-0.070160
1.054917,4.320445,2.516695,0.000000,4.345470,2.364364,0.043655,4.402908,2.387098,0.087623,0.020000,-0.030000,0.050000,0.100000,-0.200000,0.100000,0.007132,-0.018727,-0.000102,-0.048100,-0.003343,-0.070160
1.060405,4.313524,2.528540,0.000000,4.338719,2.374365,0.044061,4.396918,2.397505,0.088530,0.020000,-0.030000,0.050000,0.100000,-0.200000,0.100000,0.007132,-0.018727,-0.000102,-0.048100,-0.003343,-0.070160
1.065609,4.306929,2.539756,0.000000,4.332285,2.383821,0.044448,4.391211,2.407351,0.089395,0.020000,-0.030000,0.050000,0.100000,-0.200000,0.100000,0.007132,-0.018727,-0.000102,-0.048100,-0.003343,-0.070160
1.070985,4.300087,2.551323,0.000000,4.325609,2.393556,0.044849,4.385292,2.417493,0.090292,0.020000,-0.030000,0.050000,0.100000,-0.200000,0.100000,0.007132,-0.018727,-0.000102,-0.048100,-0.003343,-0.070160
1.076164,4.293466,2.562449,0.000000,4.319148,2.402904,0.045238,4.379565,2.427237,0.091162,0.020000,-0.030000,0.050000,0.100000,-0.200000,0.100000,0.007132,-0.018727,-0.000102,-0.048100,-0.003343,-0.070160
1.081228,4.286964,2.573312,0.000000,4.312802,2.412016,0.045621,4.373943,2.436741,0.092018,0.020000,-0.030000,0.050000,0.100000,-0.200000,0.100000,0.007132,-0.018727,-0.000102,-0.048100,-0.003343,-0.070160
1.086267,4.280468,2.584104,0.000000,4.306461,2.421055,0.046003,4.368327,2.446173,0.092874,0.020000,-0.030000,0.050000,0.100000,-0.200000,0.100000,0.007132,-0.018727,-0.000102,-0.048100,-0.003343,-0.070160
1.091744,4.273375,2.595818,0.000000,4.299537,2.430848,0.046420,4.362197,2.456398,0.093808,0.020000,-0.030000,0.050000,0.100000,-0.200000,0.100000,0.007132,-0.018727,-0.000102,-0.048100,-0.003343,-0.070160
1.097001,4.266537,2.607040,0.000000,4.292861,2.440216,0.046822,4.356289,2.466186,0.094709,0.020000,-0.030000,0.050000,0.100000,-0.200000,0.100000,0.007132,-0.018727,-0.000102,-0.048100,-0.003343,-0.070160
1.102422,4.259455,2.618596,0.000000,4.285946,2.449846,0.047238,4.350172,2.476253,0.095643,0.020000,-0.030000,0.050000,0.100000,-0.200000,0.100000,0.007132,-0.018727,-0.000102,-0.048100,-0.003343,-0.070160
1.107030,4.253410,2.628403,0.000000,4.280043,2.458004,0.047594,4.344952,2.484786,0.096441,0.020000,-0.030000,0.050000,0.100000,-0.200000,0.100000,0.007132,-0.018727,-0.000102,-0.048100,-0.003343,-0.070160
1.111782,4.247153,2.638501,0.000000,4.273932,2.466391,0.047962,4.339550,2.493565,0.097268,0.020000,-0.030000,0.050000,0.100000,-0.200000,0.100000,0.007132,-0.018727,-0.000102,-0.048100,-0.003343,-0.070160
1.117151,4.240055,2.649894,0.000000,4.267000,2.475838,0.048380,4.333425,2.503457,0.098207,0.020000,-0.030000,0.050000,0.100000,-0.200000,0.100000,0.007132,-0.018727,-0.000102,-0.048100,-0.003343,-0.070160
1.122534,4.232907,2.661296,0.000000,4.260020,2.485276,0.048801,4.327260,2.513347,0.099153,0.020000,-0.030000,0.050000,0.100000,-0.200000,0.100000,0.007132,-0.018727,-0.000102,-0.048100,-0.003343,-0.070160
1.127043,4.226896,2.670833,0.000000,4.254148,2.493158,0.049156,4.322075,2.521612,0.099951,0.020000,-0.030000,0.050000,0.100000,-0.200000,0.100000,0.007132,-0.018727,-0.000102,-0.048100,-0.003343,-0.070160
1.131576,4.220832,2.680406,0.000000,4.248223,2.501059,0.049515,4.316845,2.529900,0.100756,0.020000,-0.030000,0.050000,0.100000,-0.200000,0.100000,0.007132,-0.018727,-0.000102,-0.048100,-0.003343,-0.070160
1.136197,4.214628,2.690150,0.000000,4.242160,2.509089,0.049883,4.311495,2.538329,0.101582,0.020000,-0.030000,0.050000,0.100000,-0.200000,0.100000,0.007132,-0.018727,-0.000102,-0.048100,-0.003343,-0.070160
1.141046,4.208093,2.700362,0.000000,4.235774,2.517489,0.050270,4.305862,2.547151,0.102451,0.020000,-0.030000,0.050000,0.100000,-0.200000,0.100000,0.007132,-0.018727,-0.000102,-0.048100,-0.003343,-0.070160
1.145909,4.201515,2.710585,0.000000,4.229348,2.525884,0.050657,4.300196,2.555973,0.103325,0.020000,-0.030000,0.050000,0.100000,-0.200000,0.100000,0.007132,-0.018727,-0.000102,-0.048100,-0.003343,-0.070160
1.151382,4.194082,2.722072,0.000000,4.222087,2.535299,0.051094,4.293796,2.565874,0.104312,0.020000,-0.030000,0.050000,0.100000,-0.200000,0.100000,0.007132,-0.018727,-0.000102,-0.048100,-0.003343,-0.070160
1.156080,4.187676,2.731917,0.000000,4.215828,2.543353,0.051470,4.288282,2.574350,0.105163,0.020000,-0.030000,0.050000,0.100000,-0.200000,0.100000,0.007132,-0.018727,-0.000102,-0.048100,-0.003343,-0.070160
1.161326,4.180495,2.742892,0.000000,4.208812,2.552315,0.051891,4.282103,2.583786,0.106116,0.020000,-0.030000,0.050000,0.100000,-0.200000,0.100000,0.007132,-0.018727,-0.000102,-0.048100,-0.003343,-0.070160
1.166503,4.173381,2.753705,0.000000,4.201860,2.561126,0.052307,4.275982,2.593071,0.107061,0.020000,-0.030000,0.050000,0.100000,-0.200000,0.100000,0.007132,-0.018727,-0.000102,-0.048100,-0.003343,-0.070160
1.171146,4.166978,2.763384,0.000000,4.195604,2.569000,0.052681,4.270476,2.601373,0.107912,0.020000,-0.030000,0.050000,0.100000,-0.200000,0.100000,0.007132,-0.018727,-0.000102,-0.048100,-0.003343,-0.070160
1.176513,4.159547,2.774558,0.000000,4.188342,2.578073,0.053114,4.264087,2.610946,0.108899,0.020000,-0.030000,0.050000,0.100000,-0.200000,0.100000,0.007132,-0.018727,-0.000102,-0.048100,-0.003343,-0.070160
1.181101,4.153171,2.784093,0.000000,4.182112,2.585802,0.053485,4.258609,2.619106,0.109745,0.020000,-0.030000,0.050000,0.100000,-0.200000,0.100000,0.007132,-0.018727,-0.000102,-0.048100,-0.003343,-0.070160
1.185972,4.146378,2.794199,0.000000,4.175475,2.593980,0.053880,4.252774,2.627746,0.110648,0.020000,-0.030000,0.050000,0.100000,-0.200000,0.100000,0.007132,-0.018727,-0.000102,-0.048100,-0.003343,-0.070160
1.190563,4.139953,2.803710,0.000000,4.169197,2.601663,0.054254,4.247257,2.635867,0.111502,0.020000,-0.030000,0.050000,0.100000,-0.200000,0.100000,0.007132,-0.018727,-0.000102,-0.048100,-0.003343,-0.070160
1.195471,4.133060,2.813861,0.000000,4.162463,2.609847,0.054655,4.241341,2.644526,0.112419,0.020000,-0.030000,0.050000,0.100000,-0.200000,0.100000,0.007132,-0.018727,-0.000102,-0.048100,-0.003343,-0.070160
1.200042,4.126619,2.823299,0.000000,4.156170,2.617443,0.055028,4.235815,2.652567,0.113275,0.020000,-0.030000,0.050000,0.100000,-0.200000,0.100000,0.007132,-0.018727,-0.000102,-0.048100,-0.003343,-0.070160
1.205016,4.119585,2.833553,0.000000,4.149297,2.625678,0.055435,4.229782,2.661290,0.114210,0.020000,-0.030000,0.050000,0.100000,-0.200000,0.100000,0.007132,-0.018727,-0.000102,-0.048100,-0.003343,-0.070160
1.210286,4.112104,2.844398,0.000000,4.141987,2.634370,0.055867,4.219372,2.797548,0.055757,0.020000,-0.030000,0.050000,0.100000,-0.200000,0.100000,0.034934,-0.020641,0.003136,-0.067508,-0.065119,0.018723
1.214840,4.105616,2.853755,0.000000,4.135644,2.641854,0.056240,4.213656,2.806756,0.056194,0.020000,-0.030000,0.050000,0.100000,-0.200000,0.100000,0.034934,-0.020641,0.003136,-0.067508,-0.065119,0.018723
1.219603,4.098809,2.863523,0.000000,4.128989,2.649653,0.056631,4.207658,2.816369,0.056652,0.020000,-0.030000,0.050000,0.100000,-0.200000,0.100000,0.034934,-0.020641,0.003136,-0.067508,-0.065119,0.018723
1.224305,4.092065,2.873152,0.000000,4.122394,2.657327,0.057019,4.201714,2.825847,0.057107,0.020000,-0.030000,0.050000,0.100000,-0.200000,0.100000,0.034934,-0.020641,0.003136,-0.067508,-0.065119,0.018723
1.229119,4.085138,2.882993,0.000000,4.115618,2.665157,0.057419,4.195607,2.835536,0.057576,0.020000,-0.030000,0.050000,0.100000,-0.200000,0.100000,0.034934,-0.020641,0.003136,-0.067508,-0.065119,0.018723
1.234064,4.077997,2.893085,0.000000,4.108632,2.673169,0.057830,4.189311,2.845473,0.058061,0.020000,-0.030000,0.050000,0.100000,-0.200000,0.100000,0.034934,-0.020641,0.003136,-0.067508,-0.065119,0.018723
1.239062,4.070754,2.903267,0.000000,4.101542,2.681238,0.058248,4.182921,2.855501,0.058553,0.020000,-0.030000,0.050000,0.100000,-0.200000,0.100000,0.034934,-0.020641,0.003136,-0.067508,-0.065119,0.018723
1.243977,4.063608,2.913262,0.000000,4.094546,2.689144,0.058660,4.176615,2.865347,0.059038,0.020000,-0.030000,0.050000,0.100000,-0.200000,0.100000,0.034934,-0.020641,0.003136,-0.067508,-0.065119,0.018723
1.248796,4.056577,2.923044,0.000000,4.087663,2.696867,0.059063,4.170411,2.874987,0.059514,0.020000,-0.030000,0.050000,0.100000,-0.200000,0.100000,0.034934,-0.020641,0.003136,-0.067508,-0.065119,0.018723
1.253519,4.049662,2.932616,0.000000,4.080893,2.704412,0.059459,4.164309,2.884423,0.059982,0.020000,-0.030000,0.050000,0.100000,-0.200000,0.100000,0.034934,-0.020641,0.003136,-0.067508,-0.065119,0.018723
1.258545,4.042279,2.942784,0.000000,4.073663,2.712412,0.059881,4.157793,2.894450,0.060483,0.020000,-0.030000,0.050000,0.100000,-0.200000,0.100000,0.034934,-0.020641,0.003136,-0.067508,-0.065119,0.018723
1.263316,4.035247,2.952419,0.000000,4.066778,2.719976,0.060284,4.151587,2.903951,0.060960,0.020000,-0.030000,0.050000,0.100000,-0.200000,0.100000,0.034934,-0.020641,0.003136,-0.067508,-0.065119,0.018723
1.268266,4.027928,2.962397,0.000000,4.059611,2.727794,0.060701,4.145127,2.913793,0.061456,0.020000,-0.030000,0.050000,0.100000,-0.200000,0.100000,0.034934,-0.020641,0.003136,-0.067508,-0.065119,0.018723
1.272800,4.021203,2.971520,0.000000,4.053025,2.734928,0.061083,4.139191,2.922794,0.061911,0.020000,-0.030000,0.050000,0.100000,-0.200000,0.100000,0.034934,-0.020641,0.003136,-0.067508,-0.065119,0.018723
1.278142,4.013251,2.982250,0.000000,4.045236,2.743300,0.061533,4.132170,2.933381,0.062448,0.020000,-0.030000,0.050000,0.100000,-0.200000,0.100000,0.034934,-0.020641,0.003136,-0.067508,-0.065119,0.018723
1.283149,4.005773,2.992288,0.000000,4.037910,2.751113,0.061955,4.125567,2.943284,0.062952,0.020000,-0.030000,0.050000,0.100000,-0.200000,0.100000,0.034934,-0.020641,0.003136,-0.067508,-0.065119,0.018723
1.288440,3.997842,3.002875,0.000000,4.030140,2.759334,0.062401,4.118563,2.953731,0.063486,0.020000,-0.030000,0.050000,0.100000,-0.200000,0.100000,0.034934,-0.020641,0.003136,-0.067508,-0.065119,0.018723
1.293518,3.990205,3.013016,0.000000,4.022655,2.767190,0.062830,4.111817,2.963739,0.064002,0.020000,-0.030000,0.050000,0.100000,-0.200000,0.100000,0.034934,-0.020641,0.003136,-0.067508,-0.065119,0.018723
1.298360,3.982898,3.022668,0.000000,4.015497,2.774649,0.063241,4.105364,2.973264,0.064495,0.020000,-0.030000,0.050000,0.100000,-0.200000,0.100000,0.034934,-0.020641,0.003136,-0.067508,-0.065119,0.018723
1.303205,3.975565,3.032306,0.000000,4.008312,2.782083,0.063654,4.098888,2.982779,0.064992,0.020000,-0.030000,0.050000,0.100000,-0.200000,0.100000,0.034934,-0.020641,0.003136,-0.067508,-0.065119,0.018723
1.308341,3.967764,3.042506,0.000000,4.000668,2.789932,0.064092,4.091997,2.992850,0.065520,0.020000,-0.030000,0.050000,0.100000,-0.200000,0.100000,0.034934,-0.020641,0.003136,-0.067508,-0.065119,0.018723
1.313670,3.959645,3.053067,0.000000,3.992711,2.798039,0.064550,4.084825,3.003279,0.066072,0.020000,-0.030000,0.050000,0.100000,-0.200000,0.100000,0.034934,-0.020641,0.003136,-0.067508,-0.065119,0.018723
1.318701,3.951951,3.063019,0.000000,3.985172,2.805663,0.064984,4.078028,3.013111,0.066597,0.020000,-0.030000,0.050000,0.100000,-0.200000,0.100000,0.034934,-0.020641,0.003136,-0.067508,-0.065119,0.018723
1.323887,3.943996,3.073254,0.000000,3.977376,2.813484,0.065433,4.071001,3.023225,0.067140,0.020000,-0.030000,0.050000,0.100000,-0.200000,0.100000,0.034934,-0.020641,0.003136,-0.067508,-0.065119,0.018723
1.328981,3.936155,3.083292,0.000000,3.969691,2.821134,0.065876,4.064073,3.033142,0.067676,0.020000,-0.030000,0.050000,0.100000,-0.200000,0.100000,0.034934,-0.020641,0.003136,-0.067508,-0.065119,0.018723
1.333835,3.928660,3.092835,0.000000,3.962345,2.828390,0.066298,4.057451,3.042573,0.068189,0.020000,-0.030000,0.050000,0.100000,-0.200000,0.100000,0.034934,-0.020641,0.003136,-0.067508,-0.065119,0.018723
1.339158,3.920415,3.103280,0.000000,3.954263,2.836311,0.066763,4.050165,3.052897,0.068754,0.020000,-0.030000,0.050000,0.100000,-0.200000,0.100000,0.034934,-0.020641,0.003136,-0.067508,-0.065119,0.018723
1.344647,3.911884,3.114027,0.000000,3.945902,2.844440,0.067244,4.042627,3.063522,0.069339,0.020000,-0.030000,0.050000,0.100000,-0.200000,0.100000,0.034934,-0.020641,0.003136,-0.067508,-0.065119,0.018723
1.349699,3.904004,3.123900,0.000000,3.938176,2.851889,0.067688,4.035662,3.073283,0.069881,0.020000,-0.030000,0.050000,0.100000,-0.200000,0.100000,0.034934,-0.020641,0.003136,-0.067508,-0.065119,0.018723
1.354831,3.895976,3.133907,0.000000,3.930303,2.859420,0.068139,4.028563,3.083180,0.070431,0.020000,-0.030000,0.050000,0.100000,-0.200000,0.100000,0.034934,-0.020641,0.003136,-0.067508,-0.065119,0.018723
1.360082,3.887734,3.144125,0.000000,3.922221,2.867089,0.068601,4.021276,3.093287,0.070997,0.020000,-0.030000,0.050000,0.100000,-0.200000,0.100000,0.034934,-0.020641,0.003136,-0.067508,-0.065119,0.018723
1.364975,3.880032,3.153626,0.000000,3.914669,2.874202,0.069033,4.014466,3.102686,0.071526,0.020000,-0.030000,0.050000,0.100000,-0.200000,0.100000,0.034934,-0.020641,0.003136,-0.067508,-0.065119,0.018723
1.370438,3.871403,3.164212,0.000000,3.906209,2.882106,0.069515,4.006838,3.113162,0.072119,0.020000,-0.030000,0.050000,0.100000,-0.200000,0.100000,0.034934,-0.020641,0.003136,-0.067508,-0.065119,0.018723
1.375676,3.863102,3.174341,0.000000,3.898070,2.889648,0.069979,3.999499,3.123187,0.072690,0.020000,-0.030000,0.050000,0.100000,-0.200000,0.100000,0.034934,-0.020641,0.003136,-0.067508,-0.065119,0.018723
1.380614,3.855252,3.183870,0.000000,3.890373,2.896726,0.070416,3.992558,3.132621,0.073229,0.020000,-0.030000,0.050000,0.100000,-0.200000,0.100000,0.034934,-0.020641,0.003136,-0.067508,-0.065119,0.018723
1.385429,3.847577,3.193142,0.000000,3.882846,2.903596,0.070843,3.985770,3.141804,0.073756,0.020000,-0.030000,0.050000,0.100000,-0.200000,0.100000,0.034934,-0.020641,0.003136,-0.067508,-0.065119,0.018723
1.390189,3.839966,3.202290,0.000000,3.875383,2.910356,0.071264,3.979040,3.150864,0.074278,0.020000,-0.030000,0.050000,0.100000,-0.200000,0.100000,0.034934,-0.020641,0.003136,-0.067508,-0.065119,0.018723
1.395101,3.832089,3.211712,0.000000,3.867658,2.917301,0.071700,3.972073,3.160198,0.074818,0.020000,-0.030000,0.050000,0.100000,-0.200000,0.100000,0.034934,-0.020641,0.003136,-0.067508,-0.065119,0.018723
1.399994,3.824221,3.221077,0.000000,3.859942,2.924186,0.072133,3.965114,3.169478,0.075356,0.020000,-0.030000,0.050000,0.100000,-0.200000,0.100000,0.034934,-0.020641,0.003136,-0.067508,-0.065119,0.018723
1.404996,3.816152,3.230632,0.000000,3.852030,2.931192,0.072575,3.957978,3.178948,0.075907,0.020000,-0.030000,0.050000,0.100000,-0.200000,0.100000,0.034934,-0.020641,0.003136,-0.067508,-0.065119,0.018723
1.409997,3.808063,3.240163,0.000000,3.844097,2.938162,0.073019,3.950822,3.188397,0.076461,0.020000,-0.030000,0.050000,0.100000,-0.200000,0.100000,0.034934,-0.020641,0.003136,-0.067508,-0.065119,0.018723
1.415100,3.799783,3.249869,0.000000,3.835976,2.945239,0.073474,3.911752,3.179774,0.070281,0.020000,-0.030000,0.050000,0.100000,-0.200000,0.100000,0.032331,-0.013502,0.003308,-0.065054,-0.065253,0.020676
1.419925,3.791931,3.259027,0.000000,3.828275,2.951899,0.073906,3.904497,3.188648,0.070761,0.020000,-0.030000,0.050000,0.100000,-0.200000,0.100000,0.032331,-0.013502,0.003308,-0.065054,-0.065253,0.020676
1.425055,3.783560,3.268742,0.000000,3.820063,2.958945,0.074367,3.896759,3.198063,0.071273,0.020000,-0.030000,0.050000,0.100000,-0.200000,0.100000,0.032331,-0.013502,0.003308,-0.065054,-0.065253,0.020676
1.430059,3.775369,3.278199,0.000000,3.812025,2.965786,0.074818,3.889184,3.207229,0.071774,0.020000,-0.030000,0.050000,0.100000,-0.200000,0.100000,0.032331,-0.013502,0.003308,-0.065054,-0.065253,0.020676
1.435521,3.766403,3.288496,0.000000,3.803227,2.973211,0.075310,3.880890,3.217210,0.072322,0.020000,-0.030000,0.050000,0.100000,-0.200000,0.100000,0.032331,-0.013502,0.003308,-0.065054,-0.065253,0.020676
1.440303,3.758529,3.297493,0.000000,3.795499,2.979680,0.075741,3.873603,3.225929,0.072802,0.020000,-0.030000,0.050000,0.100000,-0.200000,0.100000,0.032331,-0.013502,0.003308,-0.065054,-0.065253,0.020676
1.445752,3.749532,3.307720,0.000000,3.786669,2.987010,0.076232,3.865276,3.235841,0.073352,0.020000,-0.030000,0.050000,0.100000,-0.200000,0.100000,0.032331,-0.013502,0.003308,-0.065054,-0.065253,0.020676
1.450884,3.741032,3.317331,0.000000,3.778324,2.993878,0.076697,3.857406,3.245156,0.073872,0.020000,-0.030000,0.050000,0.100000,-0.200000,0.100000,0.032331,-0.013502,0.003308,-0.065054,-0.065253,0.020676
1.455855,3.732774,3.326619,0.000000,3.770216,3.000496,0.077149,3.849756,3.254158,0.074379,0.020000,-0.030000,0.050000,0.100000,-0.200000,0.100000,0.032331,-0.013502,0.003308,-0.065054,-0.065253,0.020676
1.461264,3.723764,3.336702,0.000000,3.761366,3.007657,0.077641,3.841405,3.263931,0.074931,0.020000,-0.030000,0.050000,0.100000,-0.200000,0.100000,0.032331,-0.013502,0.003308,-0.065054,-0.065253,0.020676
1.466143,3.715613,3.345776,0.000000,3.753360,3.014083,0.078085,3.833848,3.272728,0.075430,0.020000,-0.030000,0.050000,0.100000,-0.200000,0.100000,0.032331,-0.013502,0.003308,-0.065054,-0.065253,0.020676
1.471282,3.707003,3.355313,0.000000,3.744904,3.020817,0.078552,3.825866,3.281973,0.075957,0.020000,-0.030000,0.050000,0.100000,-0.200000,0.100000,0.032331,-0.013502,0.003308,-0.065054,-0.065253,0.020676
1.476222,3.698705,3.364459,0.000000,3.736755,3.027253,0.079003,3.818171,3.290839,0.076465,0.020000,-0.030000,0.050000,0.100000,-0.200000,0.100000,0.032331,-0.013502,0.003308,-0.065054,-0.065253,0.020676
1.481631,3.689592,3.374449,0.000000,3.727806,3.034262,0.079499,3.809720,3.300524,0.077025,0.020000,-0.030000,0.050000,0.100000,-0.200000,0.100000,0.032331,-0.013502,0.003308,-0.065054,-0.065253,0.020676
1.487107,3.680339,3.384539,0.000000,3.718718,3.041317,0.080004,3.801135,3.310307,0.077597,0.020000,-0.030000,0.050000,0.100000,-0.200000,0.100000,0.032331,-0.013502,0.003308,-0.065054,-0.065253,0.020676
1.491625,3.672683,3.392845,0.000000,3.711198,3.047106,0.080422,3.794030,3.318360,0.078070,0.020000,-0.030000,0.050000,0.100000,-0.200000,0.100000,0.032331,-0.013502,0.003308,-0.065054,-0.065253,0.020676
1.496128,3.665036,3.401104,0.000000,3.703687,3.052845,0.080839,3.786932,3.326367,0.078543,0.020000,-0.030000,0.050000,0.100000,-0.200000,0.100000,0.032331,-0.013502,0.003308,-0.065054,-0.065253,0.020676
1.500635,3.657362,3.409356,0.000000,3.696149,3.058562,0.081256,3.779807,3.334367,0.079017,0.020000,-0.030000,0.050000,0.100000,-0.200000,0.100000,0.032331,-0.013502,0.003308,-0.065054,-0.065253,0.020676
1.505488,3.649079,3.418219,0.000000,3.688013,3.064684,0.081706,3.772116,3.342960,0.079528,0.020000,-0.030000,0.050000,0.100000,-0.200000,0.100000,0.032331,-0.013502,0.003308,-0.065054,-0.065253,0.020676
1.509995,3.641367,3.426434,0.000000,3.680438,3.070340,0.082124,3.764954,3.350923,0.080005,0.020000,-0.030000,0.050000,0.100000,-0.200000,0.100000,0.032331,-0.013502,0.003308,-0.065054,-0.065253,0.020676
1.515408,3.632080,3.436276,0.000000,3.671315,3.077094,0.082627,3.756326,3.360465,0.080579,0.020000,-0.030000,0.050000,0.100000,-0.200000,0.100000,0.032331,-0.013502,0.003308,-0.065054,-0.065253,0.020676
1.520208,3.623822,3.444984,0.000000,3.663202,3.083049,0.083073,3.748651,3.368908,0.081089,0.020000,-0.030000,0.050000,0.100000,-0.200000,0.100000,0.032331,-0.013502,0.003308,-0.065054,-0.065253,0.020676
1.524958,3.615630,3.453581,0.000000,3.655155,3.088909,0.083516,3.741037,3.377243,0.081596,0.020000,-0.030000,0.050000,0.100000,-0.200000,0.100000,0.032331,-0.013502,0.003308,-0.065054,-0.065253,0.020676
1.530283,3.606421,3.463196,0.000000,3.646106,3.095441,0.084014,3.732474,3.386566,0.082167,0.020000,-0.030000,0.050000,0.100000,-0.200000,0.100000,0.032331,-0.013502,0.003308,-0.065054,-0.065253,0.020676
1.535473,3.597423,3.472542,0.000000,3.637263,3.101767,0.084501,3.724103,3.395629,0.082726,0.020000,-0.030000,0.050000,0.100000,-0.200000,0.100000,0.032331,-0.013502,0.003308,-0.065054,-0.065253,0.020676
1.540664,3.588398,3.481867,0.000000,3.628394,3.108055,0.084988,3.715705,3.404671,0.083286,0.020000,-0.030000,0.050000,0.100000,-0.200000,0.100000,0.032331,-0.013502,0.003308,-0.065054,-0.065253,0.020676
1.545762,3.579511,3.491002,0.000000,3.619660,3.114194,0.085466,3.707434,3.413531,0.083838,0.020000,-0.030000,0.050000,0.100000,-0.200000,0.100000,0.032331,-0.013502,0.003308,-0.065054,-0.065253,0.020676
1.551031,3.570301,3.500421,0.000000,3.610608,3.120502,0.085962,3.698860,3.422667,0.084409,0.020000,-0.030000,0.050000,0.100000,-0.200000,0.100000,0.032331,-0.013502,0.003308,-0.065054,-0.065253,0.020676
1.556360,3.560962,3.509922,0.000000,3.601431,3.126840,0.086464,3.690165,3.431884,0.084989,0.020000,-0.030000,0.050000,0.100000,-0.200000,0.100000,0.032331,-0.013502,0.003308,-0.065054,-0.065253,0.020676
1.561040,3.552738,3.518246,0.000000,3.593351,3.132375,0.086906,3.682507,3.439961,0.085501,0.020000,-0.030000,0.050000,0.100000,-0.200000,0.100000,0.032331,-0.013502,0.003308,-0.065054,-0.065253,0.020676
1.565904,3.544172,3.526875,0.000000,3.584933,3.138093,0.087367,3.674528,3.448336,0.086035,0.020000,-0.030000,0.050000,0.100000,-0.200000,0.100000,0.032331,-0.013502,0.003308,-0.065054,-0.065253,0.020676
1.570628,3.535831,3.535236,0.000000,3.576738,3.143615,0.087816,3.666758,3.456452,0.086557,0.020000,-0.030000,0.050000,0.100000,-0.200000,0.100000,0.032331,-0.013502,0.003308,-0.065054,-0.065253,0.020676
1.575566,3.527092,3.543956,0.000000,3.568149,3.149353,0.088286,3.658613,3.464916,0.087103,0.020000,-0.030000,0.050000,0.100000,-0.200000,0.100000,0.032331,-0.013502,0.003308,-0.065054,-0.065253,0.020676
1.580536,3.518275,3.552709,0.000000,3.559485,3.155091,0.088759,3.650395,3.473414,0.087654,0.020000,-0.030000,0.050000,0.100000,-0.200000,0.100000,0.032331,-0.013502,0.003308,-0.065054,-0.065253,0.020676
1.585275,3.509846,3.561036,0.000000,3.551202,3.160530,0.089210,3.642536,3.481499,0.088180,0.020000,-0.030000,0.050000,0.100000,-0.200000,0.100000,0.032331,-0.013502,0.003308,-0.065054,-0.065253,0.020676
1.590438,3.500642,3.570085,0.000000,3.542159,3.166415,0.089702,3.633955,3.490282,0.088755,0.020000,-0.030000,0.050000,0.100000,-0.200000,0.100000,0.032331,-0.013502,0.003308,-0.065054,-0.065253,0.020676
1.595172,3.492181,3.578361,0.000000,3.533847,3.171775,0.090154,3.626065,3.498315,0.089283,0.020000,-0.030000,0.050000,0.100000,-0.200000,0.100000,0.032331,-0.013502,0.003308,-0.065054,-0.065253,0.020676
1.600270,3.483049,3.587251,0.000000,3.524874,3.177512,0.090640,3.617546,3.506944,0.089853,0.020000,-0.030000,0.050000,0.100000,-0.200000,0.100000,0.032331,-0.013502,0.003308,-0.065054,-0.065253,0.020676
1.604783,3.474946,3.595101,0.000000,3.516912,3.182557,0.091071,3.609985,3.514565,0.090360,0.020000,-0.030000,0.050000,0.100000,-0.200000,0.100000,0.032331,-0.013502,0.003308,-0.065054,-0.065253,0.020676
1.609739,3.466026,3.603702,0.000000,3.508144,3.188065,0.091544,3.601657,3.522915,0.090917,0.020000,-0.030000,0.050000,0.100000,-0.200000,0.100000,0.032331,-0.013502,0.003308,-0.065054,-0.065253,0.020676
1.614497,3.457443,3.611937,0.000000,3.499708,3.193316,0.091997,3.593642,3.530910,0.091451,0.020000,-0.030000,0.050000,0.100000,-0.200000,0.100000,0.032331,-0.013502,0.003308,-0.065054,-0.065253,0.020676
1.619054,3.449204,3.619805,0.000000,3.491612,3.198312,0.092432,3.480067,3.611689,0.025716,0.020000,-0.030000,0.050000,0.100000,-0.200000,0.100000,0.048994,0.004896,0.006562,-0.093553,-0.046881,0.064889
1.623606,3.440958,3.627645,0.000000,3.483507,3.203273,0.092866,3.471298,3.619898,0.025825,0.020000,-0.030000,0.050000,0.100000,-0.200000,0.100000,0.048994,0.004896,0.006562,-0.093553,-0.046881,0.064889
1.628619,3.431854,3.636258,0.000000,3.474558,3.208700,0.093345,3.461609,3.628922,0.025945,0.020000,-0.030000,0.050000,0.100000,-0.200000,0.100000,0.048994,0.004896,0.006562,-0.093553,-0.046881,0.064889
1.633811,3.422403,3.645155,0.000000,3.465267,3.214283,0.093842,3.451540,3.638249,0.026070,0.020000,-0.030000,0.050000,0.100000,-0.200000,0.100000,0.048994,0.004896,0.006562,-0.093553,-0.046881,0.064889
1.638786,3.413324,3.653658,0.000000,3.456342,3.219592,0.094320,3.441859,3.647166,0.026191,0.020000,-0.030000,0.050000,0.100000,-0.200000,0.100000,0.048994,0.004896,0.006562,-0.093553,-0.046881,0.064889
1.644186,3.403447,3.662861,0.000000,3.446629,3.225313,0.094839,3.431317,3.656825,0.026320,0.020000,-0.030000,0.050000,0.100000,-0.200000,0.100000,0.048994,0.004896,0.006562,-0.093553,-0.046881,0.064889
1.649107,3.394425,3.671224,0.000000,3.437756,3.230489,0.095311,3.421678,3.665608,0.026438,0.020000,-0.030000,0.050000,0.100000,-0.200000,0.100000,0.048994,0.004896,0.006562,-0.093553,-0.046881,0.064889
1.653977,3.385476,3.679478,0.000000,3.428955,3.235576,0.095780,3.412109,3.674283,0.026554,0.020000,-0.030000,0.050000,0.100000,-0.200000,0.100000,0.048994,0.004896,0.006562,-0.093553,-0.046881,0.064889
1.659078,3.376080,3.688100,0.000000,3.419714,3.240867,0.096271,3.402054,3.683353,0.026675,0.020000,-0.030000,0.050000,0.100000,-0.200000,0.100000,0.048994,0.004896,0.006562,-0.093553,-0.046881,0.064889
1.663582,3.367766,3.695694,0.000000,3.411536,3.245506,0.096704,3.393148,3.691344,0.026782,0.020000,-0.030000,0.050000,0.100000,-0.200000,0.100000,0.048994,0.004896,0.006562,-0.093553,-0.046881,0.064889
1.668499,3.358669,3.703963,0.000000,3.402588,3.250535,0.097178,3.383397,3.700052,0.026897,0.020000,-0.030000,0.050000,0.100000,-0.200000,0.100000,0.048994,0.004896,0.006562,-0.093553,-0.046881,0.064889
1.673491,3.349414,3.712334,0.000000,3.393484,3.255603,0.097659,3.373467,3.708873,0.027014,0.020000,-0.030000,0.050000,0.100000,-0.200000,0.100000,0.048994,0.004896,0.006562,-0.093553,-0.046881,0.064889
1.678577,3.339962,3.720840,0.000000,3.384186,3.260727,0.098150,3.363317,3.717841,0.027133,0.020000,-0.030000,0.050000,0.100000,-0.200000,0.100000,0.048994,0.004896,0.006562,-0.093553,-0.046881,0.064889
1.683711,3.330400,3.729402,0.000000,3.374778,3.265858,0.098646,3.353040,3.726873,0.027253,0.020000,-0.030000,0.050000,0.100000,-0.200000,0.100000,0.048994,0.004896,0.006562,-0.093553,-0.046881,0.064889
1.689113,3.320315,3.738383,0.000000,3.364857,3.271213,0.099168,3.342191,3.736355,0.027379,0.020000,-0.030000,0.050000,0.100000,-0.200000,0.100000,0.048994,0.004896,0.006562,-0.093553,-0.046881,0.064889
1.693928,3.311304,3.746367,0.000000,3.355993,3.275950,0.099634,3.332491,3.744789,0.027491,0.020000,-0.030000,0.050000,0.100000,-0.200000,0.100000,0.048994,0.004896,0.006562,-0.093553,-0.046881,0.064889
1.698935,3.301915,3.754644,0.000000,3.346757,3.280837,0.100120,3.322375,3.753540,0.027608,0.020000,-0.030000,0.050000,0.100000,-0.200000,0.100000,0.048994,0.004896,0.006562,-0.093553,-0.046881,0.064889
1.703753,3.292860,3.762588,0.000000,3.337850,3.285502,0.100588,3.312611,3.761942,0.027721,0.020000,-0.030000,0.050000,0.100000,-0.200000,0.100000,0.048994,0.004896,0.006562,-0.093553,-0.046881,0.064889
1.708291,3.284316,3.770049,0.000000,3.329447,3.289861,0.101028,3.303392,3.769836,0.027826,0.020000,-0.030000,0.050000,0.100000,-0.200000,0.100000,0.048994,0.004896,0.006562,-0.093553,-0.046881,0.064889
1.712885,3.275647,3.777583,0.000000,3.320922,3.294242,0.101474,3.294032,3.777813,0.027931,0.020000,-0.030000,0.050000,0.100000,-0.200000,0.100000,0.048994,0.004896,0.006562,-0.093553,-0.046881,0.064889
1.718150,3.265691,3.786193,0.000000,3.311131,3.299223,0.101986,3.283273,3.786936,0.028053,0.020000,-0.030000,0.050000,0.100000,-0.200000,0.100000,0.048994,0.004896,0.006562,-0.093553,-0.046881,0.064889
1.723254,3.256018,3.794515,0.000000,3.301618,3.304010,0.102484,3.272811,3.795760,0.028172,0.020000,-0.030000,0.050000,0.100000,-0.200000,0.100000,0.048994,0.004896,0.006562,-0.093553,-0.046881,0.064889
1.728223,3.246580,3.802593,0.000000,3.292336,3.308633,0.102968,3.262595,3.804332,0.028286,0.020000,-0.030000,0.050000,0.100000,-0.200000,0.100000,0.048994,0.004896,0.006562,-0.093553,-0.046881,0.064889
1.732733,3.237997,3.809905,0.000000,3.283895,3.312795,0.103407,3.253296,3.812096,0.028389,0.020000,-0.030000,0.050000,0.100000,-0.200000,0.100000,0.048994,0.004896,0.006562,-0.093553,-0.046881,0.064889
1.737344,3.229206,3.817359,0.000000,3.275251,3.317017,0.103856,3.243766,3.820015,0.028494,0.020000,-0.030000,0.050000,0.100000,-0.200000,0.100000,0.048994,0.004896,0.006562,-0.093553,-0.046881,0.064889
1.742657,3.219053,3.825924,0.000000,3.265269,3.321842,0.104374,3.232751,3.829123,0.028614,0.020000,-0.030000,0.050000,0.100000,-0.200000,0.100000,0.048994,0.004896,0.006562,-0.093553,-0.046881,0.064889
1.747296,3.210170,3.833380,0.000000,3.256534,3.326019,0.104827,3.223105,3.837058,0.028720,0.020000,-0.030000,0.050000,0.100000,-0.200000,0.100000,0.048994,0.004896,0.006562,-0.093553,-0.046881,0.064889
1.752010,3.201126,3.840936,0.000000,3.247641,3.330230,0.105286,3.213276,3.845104,0.028825,0.020000,-0.030000,0.050000,0.100000,-0.200000,0.100000,0.048994,0.004896,0.006562,-0.093553,-0.046881,0.064889
1.756912,3.191703,3.848771,0.000000,3.238375,3.334571,0.105764,3.203026,3.853453,0.028935,0.020000,-0.030000,0.050000,0.100000,-0.200000,0.100000,0.048994,0.004896,0.006562,-0.093553,-0.046881,0.064889
1.761999,3.181902,3.856877,0.000000,3.228737,3.339037,0.106262,3.192356,3.862098,0.029049,0.020000,-0.030000,0.050000,0.100000,-0.200000,0.100000,0.048994,0.004896,0.006562,-0.093553,-0.046881,0.064889
1.767414,3.171449,3.865477,0.000000,3.218456,3.343745,0.106791,3.180965,3.871276,0.029170,0.020000,-0.030000,0.050000,0.100000,-0.200000,0.100000,0.048994,0.004896,0.006562,-0.093553,-0.046881,0.064889
1.772715,3.161191,3.873870,0.000000,3.208369,3.348309,0.107310,3.169776,3.880241,0.029288,0.020000,-0.030000,0.050000,0.100000,-0.200000,0.100000,0.048994,0.004896,0.006562,-0.093553,-0.046881,0.064889
1.777762,3.151406,3.881835,0.000000,3.198747,3.352612,0.107806,3.159095,3.888753,0.029401,0.020000,-0.030000,0.050000,0.100000,-0.200000,0.100000,0.048994,0.004896,0.006562,-0.093553,-0.046881,0.064889
1.782624,3.141960,3.889484,0.000000,3.189460,3.356718,0.108282,3.148776,3.896934,0.029509,0.020000,-0.030000,0.050000,0.100000,-0.200000,0.100000,0.048994,0.004896,0.006562,-0.093553,-0.046881,0.064889
1.787927,3.131635,3.897802,0.000000,3.179311,3.361154,0.108801,3.137489,3.905836,0.029625,0.020000,-0.030000,0.050000,0.100000,-0.200000,0.100000,0.048994,0.004896,0.006562,-0.093553,-0.046881,0.064889
1.792664,3.122395,3.905208,0.000000,3.170228,3.365077,0.109265,3.127379,3.913769,0.029729,0.020000,-0.030000,0.050000,0.100000,-0.200000,0.100000,0.048994,0.004896,0.006562,-0.093553,-0.046881,0.064889
1.798003,3.111960,3.913529,0.000000,3.159974,3.369454,0.109789,3.115955,3.922685,0.029846,0.020000,-0.030000,0.050000,0.100000,-0.200000,0.100000,0.048994,0.004896,0.006562,-0.093553,-0.046881,0.064889
1.802839,3.102488,3.921042,0.000000,3.150666,3.373380,0.110264,3.105576,3.930742,0.029952,0.020000,-0.030000,0.050000,0.100000,-0.200000,0.100000,0.048994,0.004896,0.006562,-0.093553,-0.046881,0.064889
1.807843,3.092666,3.928793,0.000000,3.141015,3.377404,0.110756,3.094804,3.939062,0.030062,0.020000,-0.030000,0.050000,0.100000,-0.200000,0.100000,0.048994,0.004896,0.006562,-0.093553,-0.046881,0.064889
1.813045,3.082438,3.936823,0.000000,3.130964,3.381544,0.111271,3.083577,3.947688,0.030178,0.020000,-0.030000,0.050000,0.100000,-0.200000,0.100000,0.048994,0.004896,0.006562,-0.093553,-0.046881,0.064889
1.818273,3.072136,3.944867,0.000000,3.120841,3.385661,0.111788,3.072258,3.956338,0.030295,0.020000,-0.030000,0.050000,0.100000,-0.200000,0.100000,0.048994,0.004896,0.006562,-0.093553,-0.046881,0.064889
1.823625,3.061570,3.953074,0.000000,3.110457,3.389830,0.112318,3.053445,3.996512,-0.047112,0.020000,-0.030000,0.050000,0.100000,-0.200000,0.100000,0.053949,0.006541,0.007231,-0.102646,-0.035648,0.113016
1.828448,3.052027,3.960446,0.000000,3.101080,3.393548,0.112795,3.042813,4.004731,-0.047425,0.020000,-0.030000,0.050000,0.100000,-0.200000,0.100000,0.053949,0.006541,0.007231,-0.102646,-0.035648,0.113016
1.833734,3.041549,3.968498,0.000000,3.090783,3.397579,0.113318,3.031128,4.013717,-0.047771,0.020000,-0.030000,0.050000,0.100000,-0.200000,0.100000,0.053949,0.006541,0.007231,-0.102646,-0.035648,0.113016
1.838427,3.032229,3.975624,0.000000,3.081623,3.401119,0.113783,3.020723,4.021678,-0.048078,0.020000,-0.030000,0.050000,0.100000,-0.200000,0.100000,0.053949,0.006541,0.007231,-0.102646,-0.035648,0.113016
1.843017,3.023097,3.982572,0.000000,3.072650,3.404547,0.114239,3.010522,4.029447,-0.048379,0.020000,-0.030000,0.050000,0.100000,-0.200000,0.100000,0.053949,0.006541,0.007231,-0.102646,-0.035648,0.113016
1.847573,3.014017,3.989448,0.000000,3.063727,3.407915,0.114693,3.000368,4.037144,-0.048679,0.020000,-0.030000,0.050000,0.100000,-0.200000,0.100000,0.053949,0.006541,0.007231,-0.102646,-0.035648,0.113016
1.852507,3.004165,3.996873,0.000000,3.054047,3.411524,0.115186,2.989341,4.045462,-0.049003,0.020000,-0.030000,0.050000,0.100000,-0.200000,0.100000,0.053949,0.006541,0.007231,-0.102646,-0.035648,0.113016
1.857537,2.994103,4.004416,0.000000,3.044161,3.415162,0.115689,2.978070,4.053922,-0.049336,0.020000,-0.030000,0.050000,0.100000,-0.200000,0.100000,0.053949,0.006541,0.007231,-0.102646,-0.035648,0.113016
1.862952,2.983251,4.012507,0.000000,3.033500,3.419031,0.116230,2.965902,4.063007,-0.049695,0.020000,-0.030000,0.050000,0.100000,-0.200000,0.100000,0.053949,0.006541,0.007231,-0.102646,-0.035648,0.113016
1.868121,2.972870,4.020205,0.000000,3.023301,3.422679,0.116747,2.954250,4.071659,-0.050041,0.020000,-0.030000,0.050000,0.100000,-0.200000,0.100000,0.053949,0.006541,0.007231,-0.102646,-0.035648,0.113016
1.873409,2.962230,4.028051,0.000000,3.012849,3.426365,0.117277,2.942295,4.080488,-0.050395,0.020000,-0.030000,0.050000,0.100000,-0.200000,0.100000,0.053949,0.006541,0.007231,-0.102646,-0.035648,0.113016
1.877992,2.952992,4.034828,0.000000,3.003775,3.429522,0.117737,2.931907,4.088123,-0.050702,0.020000,-0.030000,0.050000,0.100000,-0.200000,0.100000,0.053949,0.006541,0.007231,-0.102646,-0.035648,0.113016
1.882769,2.943347,4.041870,0.000000,2.994302,3.432776,0.118216,2.921051,4.096063,-0.051024,0.020000,-0.030000,0.050000,0.100000,-0.200000,0.100000,0.053949,0.006541,0.007231,-0.102646,-0.035648,0.113016
1.887547,2.933683,4.048890,0.000000,2.984810,3.435992,0.118696,2.910163,4.103988,-0.051348,0.020000,-0.030000,0.050000,0.100000,-0.200000,0.100000,0.053949,0.006541,0.007231,-0.102646,-0.035648,0.113016
1.892520,2.923606,4.056171,0.000000,2.974914,3.439299,0.119197,2.898801,4.112217,-0.051685,0.020000,-0.030000,0.050000,0.100000,-0.200000,0.100000,0.053949,0.006541,0.007231,-0.102646,-0.035648,0.113016
1.897835,2.912817,4.063926,0.000000,2.964318,3.442787,0.119733,2.886623,4.120990,-0.052047,0.020000,-0.030000,0.050000,0.100000,-0.200000,0.100000,0.053949,0.006541,0.007231,-0.102646,-0.035648,0.113016
1.902520,2.903289,4.070739,0.000000,2.954962,3.445823,0.120207,2.875858,4.128706,-0.052366,0.020000,-0.030000,0.050000,0.100000,-0.200000,0.100000,0.053949,0.006541,0.007231,-0.102646,-0.035648,0.113016
1.907241,2.893671,4.077581,0.000000,2.945517,3.448846,0.120685,2.864982,4.136464,-0.052688,0.020000,-0.030000,0.050000,0.100000,-0.200000,0.100000,0.053949,0.006541,0.007231,-0.102646,-0.035648,0.113016
1.912486,2.882968,4.085155,0.000000,2.935006,3.452160,0.121215,2.852865,4.145063,-0.053049,0.020000,-0.030000,0.050000,0.100000,-0.200000,0.100000,0.053949,0.006541,0.007231,-0.102646,-0.035648,0.113016
1.917479,2.872761,4.092340,0.000000,2.924981,3.455272,0.121717,2.841296,4.153228,-0.053398,0.020000,-0.030000,0.050000,0.100000,-0.200000,0.100000,0.053949,0.006541,0.007231,-0.102646,-0.035648,0.113016
1.922946,2.861564,4.100177,0.000000,2.913983,3.458631,0.122265,2.828593,4.162146,-0.053782,0.020000,-0.030000,0.050000,0.100000,-0.200000,0.100000,0.053949,0.006541,0.007231,-0.102646,-0.035648,0.113016
1.928395,2.850381,4.107959,0.000000,2.903000,3.461930,0.122813,2.815892,4.171012,-0.054167,0.020000,-0.030000,0.050000,0.100000,-0.200000,0.100000,0.053949,0.006541,0.007231,-0.102646,-0.035648,0.113016
1.933448,2.839993,4.115147,0.000000,2.892796,3.464946,0.123325,2.804080,4.179215,-0.054522,0.020000,-0.030000,0.050000,0.100000,-0.200000,0.100000,0.053949,0.006541,0.007231,-0.102646,-0.035648,0.113016
1.938375,2.829848,4.122131,0.000000,2.882832,3.467845,0.123827,2.792533,4.187194,-0.054867,0.020000,-0.030000,0.050000,0.100000,-0.200000,0.100000,0.053949,0.006541,0.007231,-0.102646,-0.035648,0.113016
1.942977,2.820356,4.128631,0.000000,2.873509,3.470516,0.124296,2.781718,4.194629,-0.055190,0.020000,-0.030000,0.050000,0.100000,-0.200000,0.100000,0.053949,0.006541,0.007231,-0.102646,-0.035648,0.113016
1.948223,2.809517,4.136015,0.000000,2.862862,3.473518,0.124831,2.769356,4.203086,-0.055560,0.020000,-0.030000,0.050000,0.100000,-0.200000,0.100000,0.053949,0.006541,0.007231,-0.102646,-0.035648,0.113016
1.953082,2.799460,4.142828,0.000000,2.852985,3.476257,0.125325,2.757876,4.210899,-0.055906,0.020000,-0.030000,0.050000,0.100000,-0.200000,0.100000,0.053949,0.006541,0.007231,-0.102646,-0.035648,0.113016
1.958125,2.789004,4.149875,0.000000,2.842718,3.479056,0.125837,2.745930,4.218988,-0.056268,0.020000,-0.030000,0.050000,0.100000,-0.200000,0.100000,0.053949,0.006541,0.007231,-0.102646,-0.035648,0.113016
1.963391,2.778069,4.157202,0.000000,2.831983,3.481932,0.126372,2.733425,4.227411,-0.056647,0.020000,-0.030000,0.050000,0.100000,-0.200000,0.100000,0.053949,0.006541,0.007231,-0.102646,-0.035648,0.113016
1.968539,2.767358,4.164341,0.000000,2.821466,3.484700,0.126896,2.721162,4.235627,-0.057018,0.020000,-0.030000,0.050000,0.100000,-0.200000,0.100000,0.053949,0.006541,0.007231,-0.102646,-0.035648,0.113016
1.973085,2.757886,4.170619,0.000000,2.812167,3.487104,0.127359,2.710308,4.242862,-0.057347,0.020000,-0.030000,0.050000,0.100000,-0.200000,0.100000,0.053949,0.006541,0.007231,-0.102646,-0.035648,0.113016
1.977753,2.748144,4.177045,0.000000,2.802602,3.489537,0.127834,2.699133,4.250274,-0.057687,0.020000,-0.030000,0.050000,0.100000,-0.200000,0.100000,0.053949,0.006541,0.007231,-0.102646,-0.035648,0.113016
1.982588,2.738038,4.183676,0.000000,2.792679,3.492017,0.128327,2.687529,4.257933,-0.058040,0.020000,-0.030000,0.050000,0.100000,-0.200000,0.100000,0.053949,0.006541,0.007231,-0.102646,-0.035648,0.113016
1.987590,2.727566,4.190511,0.000000,2.782397,3.494542,0.128838,2.675491,4.265840,-0.058406,0.020000,-0.030000,0.050000,0.100000,-0.200000,0.100000,0.053949,0.006541,0.007231,-0.102646,-0.035648,0.113016
1.992776,2.716691,4.197569,0.000000,2.771721,3.497114,0.129368,2.662980,4.274014,-0.058788,0.020000,-0.030000,0.050000,0.100000,-0.200000,0.100000,0.053949,0.006541,0.007231,-0.102646,-0.035648,0.113016
1.997971,2.705778,4.204613,0.000000,2.761009,3.499643,0.129899,2.650412,4.282179,-0.059171,0.020000,-0.030000,0.050000,0.100000,-0.200000,0.100000,0.053949,0.006541,0.007231,-0.102646,-0.035648,0.113016
2.003188,2.694801,4.211656,0.000000,2.750236,3.502135,0.130433,2.637758,4.290357,-0.059556,0.020000,-0.030000,0.050000,0.100000,-0.200000,0.100000,0.053949,0.006541,0.007231,-0.102646,-0.035648,0.113016
2.008276,2.684078,4.218498,0.000000,2.739712,3.504520,0.130954,2.625383,4.298312,-0.059933,0.020000,-0.030000,0.050000,0.100000,-0.200000,0.100000,0.053949,0.006541,0.007231,-0.102646,-0.035648,0.113016
2.013054,2.673993,4.224898,0.000000,2.729816,3.506719,0.131444,2.613735,4.305761,-0.060289,0.020000,-0.030000,0.050000,0.100000,-0.200000,0.100000,0.053949,0.006541,0.007231,-0.102646,-0.035648,0.113016
2.018479,2.662522,4.232136,0.000000,2.718562,3.509167,0.132000,2.600474,4.314197,-0.060695,0.020000,-0.030000,0.050000,0.100000,-0.200000,0.100000,0.053949,0.006541,0.007231,-0.102646,-0.035648,0.113016
2.023339,2.652231,4.238593,0.000000,2.708468,3.511315,0.132496,2.588565,4.321732,-0.061062,0.020000,-0.030000,0.050000,0.100000,-0.200000,0.100000,0.053949,0.006541,0.007231,-0.102646,-0.035648,0.113016
2.027871,2.642619,4.244592,0.000000,2.699040,3.513282,0.132958,2.543079,4.417813,-0.050846,0.020000,-0.030000,0.050000,0.100000,-0.200000,0.100000,0.068935,0.008492,0.008935,-0.107250,0.018540,0.110796
2.032641,2.632488,4.250883,0.000000,2.689105,3.515313,0.133443,2.530944,4.426025,-0.051156,0.020000,-0.030000,0.050000,0.100000,-0.200000,0.100000,0.068935,0.008492,0.008935,-0.107250,0.018540,0.110796
2.038063,2.620954,4.258004,0.000000,2.677794,3.517574,0.133993,2.517110,4.435342,-0.051511,0.020000,-0.030000,0.050000,0.100000,-0.200000,0.100000,0.068935,0.008492,0.008935,-0.107250,0.018540,0.110796
2.043158,2.610098,4.264667,0.000000,2.667147,3.519652,0.134511,2.504071,4.444081,-0.051847,0.020000,-0.030000,0.050000,0.100000,-0.200000,0.100000,0.068935,0.008492,0.008935,-0.107250,0.018540,0.110796
2.048333,2.599056,4.271406,0.000000,2.656318,3.521715,0.135037,2.490793,4.452938,-0.052189,0.020000,-0.030000,0.050000,0.100000,-0.200000,0.100000,0.068935,0.008492,0.008935,-0.107250,0.018540,0.110796
2.053435,2.588151,4.278022,0.000000,2.645624,3.523703,0.135555,2.477663,4.461656,-0.052529,0.020000,-0.030000,0.050000,0.100000,-0.200000,0.100000,0.068935,0.008492,0.008935,-0.107250,0.018540,0.110796
2.058522,2.577261,4.284592,0.000000,2.634946,3.525641,0.136070,2.464537,4.470332,-0.052871,0.020000,-0.030000,0.050000,0.100000,-0.200000,0.100000,0.068935,0.008492,0.008935,-0.107250,0.018540,0.110796
2.063800,2.565945,4.291378,0.000000,2.623854,3.527602,0.136604,2.450882,4.479316,-0.053227,0.020000,-0.030000,0.050000,0.100000,-0.200000,0.100000,0.068935,0.008492,0.008935,-0.107250,0.018540,0.110796
2.068302,2.556279,4.297143,0.000000,2.614379,3.529236,0.137059,2.439203,4.486964,-0.053533,0.020000,-0.030000,0.050000,0.100000,-0.200000,0.100000,0.068935,0.008492,0.008935,-0.107250,0.018540,0.110796
2.073174,2.545804,4.303357,0.000000,2.604111,3.530964,0.137551,2.426532,4.495227,-0.053867,0.020000,-0.030000,0.050000,0.100000,-0.200000,0.100000,0.068935,0.008492,0.008935,-0.107250,0.018540,0.110796
2.078330,2.534700,4.309907,0.000000,2.593226,3.532747,0.138072,2.413084,4.503956,-0.054221,0.020000,-0.030000,0.050000,0.100000,-0.200000,0.100000,0.068935,0.008492,0.008935,-0.107250,0.018540,0.110796
2.083277,2.524033,4.316162,0.000000,2.582769,3.534415,0.138571,2.400148,4.512315,-0.054563,0.020000,-0.030000,0.050000,0.100000,-0.200000,0.100000,0.068935,0.008492,0.008935,-0.107250,0.018540,0.110796
2.088274,2.513241,4.322455,0.000000,2.572190,3.536057,0.139075,2.387044,4.520745,-0.054912,0.020000,-0.030000,0.050000,0.100000,-0.200000,0.100000,0.068935,0.008492,0.008935,-0.107250,0.018540,0.110796
2.093324,2.502318,4.328788,0.000000,2.561484,3.537671,0.139582,2.373765,4.529249,-0.055267,0.020000,-0.030000,0.050000,0.100000,-0.200000,0.100000,0.068935,0.008492,0.008935,-0.107250,0.018540,0.110796
2.098655,2.490772,4.335441,0.000000,2.550169,3.539326,0.140117,2.359712,4.538206,-0.055644,0.020000,-0.030000,0.050000,0.100000,-0.200000,0.100000,0.068935,0.008492,0.008935,-0.107250,0.018540,0.110796
2.103883,2.479431,4.341938,0.000000,2.539054,3.540900,0.140642,2.345890,4.546975,-0.056016,0.020000,-0.030000,0.050000,0.100000,-0.200000,0.100000,0.068935,0.008492,0.008935,-0.107250,0.018540,0.110796
2.108586,2.469214,4.347756,0.000000,2.529043,3.542275,0.141115,2.333424,4.554847,-0.056351,0.020000,-0.030000,0.050000,0.100000,-0.200000,0.100000,0.068935,0.008492,0.008935,-0.107250,0.018540,0.110796
2.113991,2.457454,4.354414,0.000000,2.517522,3.543806,0.141659,2.319058,4.563879,-0.056737,0.020000,-0.030000,0.050000,0.100000,-0.200000,0.100000,0.068935,0.008492,0.008935,-0.107250,0.018540,0.110796
2.119103,2.446316,4.360681,0.000000,2.506610,3.545208,0.142173,2.305433,4.572405,-0.057105,0.020000,-0.030000,0.050000,0.100000,-0.200000,0.100000,0.068935,0.008492,0.008935,-0.107250,0.018540,0.110796
2.124298,2.434980,4.367021,0.000000,2.495507,3.546586,0.142696,2.291552,4.581054,-0.057480,0.020000,-0.030000,0.050000,0.100000,-0.200000,0.100000,0.068935,0.008492,0.008935,-0.107250,0.018540,0.110796
2.129008,2.424690,4.372743,0.000000,2.485429,3.547794,0.143169,2.278935,4.588879,-0.057823,0.020000,-0.030000,0.050000,0.100000,-0.200000,0.100000,0.068935,0.008492,0.008935,-0.107250,0.018540,0.110796
2.133861,2.414072,4.378614,0.000000,2.475031,3.548998,0.143656,2.265900,4.596929,-0.058178,0.020000,-0.030000,0.050000,0.100000,-0.200000,0.100000,0.068935,0.008492,0.008935,-0.107250,0.018540,0.110796
2.139192,2.402393,4.385032,0.000000,2.463594,3.550272,0.144190,2.251545,4.605754,-0.058570,0.020000,-0.030000,0.050000,0.100000,-0.200000,0.100000,0.068935,0.008492,0.008935,-0.107250,0.018540,0.110796
2.144645,2.390428,4.391566,0.000000,2.451879,3.551522,0.144736,2.236820,4.614761,-0.058974,0.020000,-0.030000,0.050000,0.100000,-0.200000,0.100000,0.068935,0.008492,0.008935,-0.107250,0.018540,0.110796
2.149620,2.379497,4.397499,0.000000,2.441176,3.552617,0.145235,2.223349,4.622964,-0.059344,0.020000,-0.030000,0.050000,0.100000,-0.200000,0.100000,0.068935,0.008492,0.008935,-0.107250,0.018540,0.110796
2.154901,2.367877,4.403767,0.000000,2.429802,3.553731,0.145762,2.209013,4.631654,-0.059740,0.020000,-0.030000,0.050000,0.100000,-0.200000,0.100000,0.068935,0.008492,0.008935,-0.107250,0.018540,0.110796
2.160134,2.356346,4.409947,0.000000,2.418519,3.554788,0.146283,2.194771,4.640249,-0.060136,0.020000,-0.030000,0.050000,0.100000,-0.200000,0.100000,0.068935,0.008492,0.008935,-0.107250,0.018540,0.110796
2.165006,2.345597,4.415674,0.000000,2.408001,3.555727,0.146767,2.181479,4.648235,-0.060507,0.020000,-0.030000,0.050000,0.100000,-0.200000,0.100000,0.068935,0.008492,0.008935,-0.107250,0.018540,0.110796
2.170263,2.333983,4.421824,0.000000,2.396637,3.556692,0.147290,2.167097,4.656834,-0.060908,0.020000,-0.030000,0.050000,0.100000,-0.200000,0.100000,0.068935,0.008492,0.008935,-0.107250,0.018540,0.110796
2.174941,2.323634,4.427271,0.000000,2.386512,3.557508,0.147754,2.154265,4.664470,-0.061269,0.020000,-0.030000,0.050000,0.100000,-0.200000,0.100000,0.068935,0.008492,0.008935,-0.107250,0.018540,0.110796
2.180321,2.311714,4.433506,0.000000,2.374852,3.558397,0.148286,2.139470,4.673235,-0.061687,0.020000,-0.030000,0.050000,0.100000,-0.200000,0.100000,0.068935,0.008492,0.008935,-0.107250,0.018540,0.110796
2.185478,2.300275,4.439452,0.000000,2.363663,3.559199,0.148793,2.125251,4.681617,-0.062091,0.020000,-0.030000,0.050000,0.100000,-0.200000,0.100000,0.068935,0.008492,0.008935,-0.107250,0.018540,0.110796
2.190786,2.288485,4.445541,0.000000,2.352132,3.559973,0.149314,2.110578,4.690225,-0.062510,0.020000,-0.030000,0.050000,0.100000,-0.200000,0.100000,0.068935,0.008492,0.008935,-0.107250,0.018540,0.110796
2.195809,2.277313,4.451275,0.000000,2.341210,3.560657,0.149808,2.096658,4.698353,-0.062907,0.020000,-0.030000,0.050000,0.100000,-0.200000,0.100000,0.068935,0.008492,0.008935,-0.107250,0.018540,0.110796
2.200419,2.267048,4.456511,0.000000,2.331175,3.561245,0.150261,2.083854,4.705797,-0.063273,0.020000,-0.030000,0.050000,0.100000,-0.200000,0.100000,0.068935,0.008492,0.008935,-0.107250,0.018540,0.110796
2.205157,2.256484,4.461870,0.000000,2.320850,3.561808,0.150726,2.070661,4.713434,-0.063651,0.020000,-0.030000,0.050000,0.100000,-0.200000,0.100000,0.068935,0.008492,0.008935,-0.107250,0.018540,0.110796
2.210372,2.244840,4.467739,0.000000,2.309469,3.562383,0.151237,2.056101,4.721826,-0.064070,0.020000,-0.030000,0.050000,0.100000,-0.200000,0.100000,0.068935,0.008492,0.008935,-0.107250,0.018540,0.110796
2.215694,2.232945,4.473696,0.000000,2.297846,3.562920,0.151760,2.041209,4.730370,-0.064498,0.020000,-0.030000,0.050000,0.100000,-0.200000,0.100000,0.068935,0.008492,0.008935,-0.107250,0.018540,0.110796
2.220258,2.222731,4.478780,0.000000,2.287868,3.563339,0.152208,2.028406,4.737684,-0.064867,0.020000,-0.030000,0.050000,0.100000,-0.200000,0.100000,0.068935,0.008492,0.008935,-0.107250,0.018540,0.110796
2.224843,2.212456,4.483864,0.000000,2.277831,3.563722,0.152657,2.015513,4.745019,-0.065239,0.020000,-0.030000,0.050000,0.100000,-0.200000,0.100000,0.068935,0.008492,0.008935,-0.107250,0.018540,0.110796
2.230236,2.200358,4.489813,0.000000,2.266016,3.564122,0.153188,2.106064,4.628261,-0.055374,0.020000,-0.030000,0.050000,0.100000,-0.200000,0.100000,0.048721,-0.001673,0.005865,-0.066622,-0.074179,0.108737
2.234911,2.189856,4.494945,0.000000,2.255761,3.564426,0.153649,2.093933,4.634595,-0.055668,0.020000,-0.030000,0.050000,0.100000,-0.200000,0.100000,0.048721,-0.001673,0.005865,-0.066622,-0.074179,0.108737
2.239602,2.179307,4.500069,0.000000,2.245463,3.564689,0.154113,2.081738,4.640931,-0.055961,0.020000,-0.030000,0.050000,0.100000,-0.200000,0.100000,0.048721,-0.001673,0.005865,-0.066622,-0.074179,0.108737
2.245067,2.167003,4.506007,0.000000,2.233453,3.564945,0.154654,2.067502,4.648286,-0.056304,0.020000,-0.030000,0.050000,0.100000,-0.200000,0.100000,0.048721,-0.001673,0.005865,-0.066622,-0.074179,0.108737
2.250042,2.155787,4.511384,0.000000,2.222507,3.565131,0.155147,2.054514,4.654959,-0.056615,0.020000,-0.030000,0.050000,0.100000,-0.200000,0.100000,0.048721,-0.001673,0.005865,-0.066622,-0.074179,0.108737
2.254697,2.145281,4.516389,0.000000,2.212258,3.565262,0.155610,2.042339,4.661182,-0.056907,0.020000,-0.030000,0.050000,0.100000,-0.200000,0.100000,0.048721,-0.001673,0.005865,-0.066622,-0.074179,0.108737
2.260059,2.133166,4.522124,0.000000,2.200442,3.565362,0.156143,2.028289,4.668324,-0.057243,0.020000,-0.030000,0.050000,0.100000,-0.200000,0.100000,0.048721,-0.001673,0.005865,-0.066622,-0.074179,0.108737
2.265529,2.120790,4.527941,0.000000,2.188375,3.565408,0.156686,2.013924,4.675582,-0.057587,0.020000,-0.030000,0.050000,0.100000,-0.200000,0.100000,0.048721,-0.001673,0.005865,-0.066622,-0.074179,0.108737
2.270569,2.109373,4.533271,0.000000,2.177245,3.565401,0.157186,2.000662,4.682244,-0.057906,0.020000,-0.030000,0.050000,0.100000,-0.200000,0.100000,0.048721,-0.001673,0.005865,-0.066622,-0.074179,0.108737
2.275996,2.097063,4.538979,0.000000,2.165247,3.565341,0.157724,1.986348,4.689393,-0.058250,0.020000,-0.030000,0.050000,0.100000,-0.200000,0.100000,0.048721,-0.001673,0.005865,-0.066622,-0.074179,0.108737
2.280814,2.086123,4.544017,0.000000,2.154588,3.565242,0.158202,1.973618,4.695717,-0.058557,0.020000,-0.030000,0.050000,0.100000,-0.200000,0.100000,0.048721,-0.001673,0.005865,-0.066622,-0.074179,0.108737
2.285760,2.074880,4.549162,0.000000,2.143637,3.565096,0.158691,1.960526,4.702188,-0.058873,0.020000,-0.030000,0.050000,0.100000,-0.200000,0.100000,0.048721,-0.001673,0.005865,-0.066622,-0.074179,0.108737
2.291110,2.062704,4.554696,0.000000,2.131780,3.564888,0.159220,1.946336,4.709161,-0.059216,0.020000,-0.030000,0.050000,0.100000,-0.200000,0.100000,0.048721,-0.001673,0.005865,-0.066622,-0.074179,0.108737
2.295945,2.051686,4.559670,0.000000,2.121054,3.564652,0.159697,1.933485,4.715441,-0.059529,0.020000,-0.030000,0.050000,0.100000,-0.200000,0.100000,0.048721,-0.001673,0.005865,-0.066622,-0.074179,0.108737
2.300707,2.040824,4.564541,0.000000,2.110482,3.564377,0.160163,1.920807,4.721603,-0.059840,0.020000,-0.030000,0.050000,0.100000,-0.200000,0.100000,0.048721,-0.001673,0.005865,-0.066622,-0.074179,0.108737
2.306078,2.028559,4.570005,0.000000,2.098548,3.564015,0.160688,1.906479,4.728528,-0.060194,0.020000,-0.030000,0.050000,0.100000,-0.200000,0.100000,0.048721,-0.001673,0.005865,-0.066622,-0.074179,0.108737
2.310874,2.017594,4.574857,0.000000,2.087880,3.563647,0.161154,1.893659,4.734689,-0.060512,0.020000,-0.030000,0.050000,0.100000,-0.200000,0.100000,0.048721,-0.001673,0.005865,-0.066622,-0.074179,0.108737
2.316101,2.005631,4.580114,0.000000,2.076243,3.563196,0.161661,1.879659,4.741379,-0.060861,0.020000,-0.030000,0.050000,0.100000,-0.200000,0.100000,0.048721,-0.001673,0.005865,-0.066622,-0.074179,0.108737
2.320632,1.995250,4.584646,0.000000,2.066146,3.562764,0.162101,1.867499,4.747158,-0.061164,0.020000,-0.030000,0.050000,0.100000,-0.200000,0.100000,0.048721,-0.001673,0.005865,-0.066622,-0.074179,0.108737
2.326083,1.982745,4.590068,0.000000,2.053987,3.562192,0.162629,1.852840,4.754085,-0.061531,0.020000,-0.030000,0.050000,0.100000,-0.200000,0.100000,0.048721,-0.001673,0.005865,-0.066622,-0.074179,0.108737
2.331520,1.970261,4.595440,0.000000,2.041851,3.561566,0.163153,1.838192,4.760966,-0.061900,0.020000,-0.030000,0.050000,0.100000,-0.200000,0.100000,0.048721,-0.001673,0.005865,-0.066622,-0.074179,0.108737
2.336141,1.959637,4.599981,0.000000,2.031523,3.560991,0.163597,1.825713,4.766794,-0.062215,0.020000,-0.030000,0.050000,0.100000,-0.200000,0.100000,0.048721,-0.001673,0.005865,-0.066622,-0.074179,0.108737
2.340739,1.949057,4.604474,0.000000,2.021241,3.560380,0.164039,1.813278,4.772572,-0.062529,0.020000,-0.030000,0.050000,0.100000,-0.200000,0.100000,0.048721,-0.001673,0.005865,-0.066622,-0.074179,0.108737
2.345806,1.937386,4.609397,0.000000,2.009900,3.559659,0.164527,1.799547,4.778918,-0.062877,0.020000,-0.030000,0.050000,0.100000,-0.200000,0.100000,0.048721,-0.001673,0.005865,-0.066622,-0.074179,0.108737
2.350612,1.926303,4.614039,0.000000,1.999132,3.558930,0.164988,1.786496,4.784913,-0.063207,0.020000,-0.030000,0.050000,0.100000,-0.200000,0.100000,0.048721,-0.001673,0.005865,-0.066622,-0.074179,0.108737
2.355204,1.915706,4.618449,0.000000,1.988838,3.558193,0.165429,1.774007,4.790621,-0.063524,0.020000,-0.030000,0.050000,0.100000,-0.200000,0.100000,0.048721,-0.001673,0.005865,-0.066622,-0.074179,0.108737
2.360488,1.903496,4.623495,0.000000,1.976980,3.557295,0.165935,1.759606,4.797166,-0.063890,0.020000,-0.030000,0.050000,0.100000,-0.200000,0.100000,0.048721,-0.001673,0.005865,-0.066622,-0.074179,0.108737
2.365469,1.891976,4.628221,0.000000,1.965795,3.556401,0.166412,1.746007,4.803310,-0.064237,0.020000,-0.030000,0.050000,0.100000,-0.200000,0.100000,0.048721,-0.001673,0.005865,-0.066622,-0.074179,0.108737
2.370401,1.880556,4.632873,0.000000,1.954710,3.555467,0.166883,1.732514,4.809370,-0.064581,0.020000,-0.030000,0.050000,0.100000,-0.200000,0.100000,0.048721,-0.001673,0.005865,-0.066622,-0.074179,0.108737
2.375416,1.868934,4.637573,0.000000,1.943430,3.554470,0.167362,1.718769,4.815508,-0.064932,0.020000,-0.030000,0.050000,0.100000,-0.200000,0.100000,0.048721,-0.001673,0.005865,-0.066622,-0.074179,0.108737
2.380329,1.857535,4.642151,0.000000,1.932368,3.553448,0.167831,1.705276,4.821500,-0.065277,0.020000,-0.030000,0.050000,0.100000,-0.200000,0.100000,0.048721,-0.001673,0.005865,-0.066622,-0.074179,0.108737
2.385560,1.845387,4.646993,0.000000,1.920584,3.552309,0.168332,1.690885,4.827854,-0.065643,0.020000,-0.030000,0.050000,0.100000,-0.200000,0.100000,0.048721,-0.001673,0.005865,-0.066622,-0.074179,0.108737
2.390579,1.833720,4.651609,0.000000,1.909269,3.551169,0.168814,1.677051,4.833927,-0.065994,0.020000,-0.030000,0.050000,0.100000,-0.200000,0.100000,0.048721,-0.001673,0.005865,-0.066622,-0.074179,0.108737
2.395395,1.822515,4.656011,0.000000,1.898405,3.550029,0.169275,1.663754,4.839731,-0.066333,0.020000,-0.030000,0.050000,0.100000,-0.200000,0.100000,0.048721,-0.001673,0.005865,-0.066622,-0.074179,0.108737
2.400336,1.811005,4.660500,0.000000,1.887248,3.548814,0.169747,1.650084,4.845664,-0.066682,0.020000,-0.030000,0.050000,0.100000,-0.200000,0.100000,0.048721,-0.001673,0.005865,-0.066622,-0.074179,0.108737
2.405491,1.798988,4.665152,0.000000,1.875601,3.547496,0.170238,1.635798,4.851828,-0.067048,0.020000,-0.030000,0.050000,0.100000,-0.200000,0.100000,0.048721,-0.001673,0.005865,-0.066622,-0.074179,0.108737
2.410444,1.787429,4.669593,0.000000,1.864400,3.546181,0.170709,1.622043,4.857727,-0.067402,0.020000,-0.030000,0.050000,0.100000,-0.200000,0.100000,0.048721,-0.001673,0.005865,-0.066622,-0.074179,0.108737
2.415044,1.776684,4.673692,0.000000,1.853990,3.544918,0.171146,1.609245,4.863184,-0.067732,0.020000,-0.030000,0.050000,0.100000,-0.200000,0.100000,0.048721,-0.001673,0.005865,-0.066622,-0.074179,0.108737
2.420267,1.764472,4.678316,0.000000,1.842161,3.543435,0.171640,1.594688,4.869356,-0.068109,0.020000,-0.030000,0.050000,0.100000,-0.200000,0.100000,0.048721,-0.001673,0.005865,-0.066622,-0.074179,0.108737
2.425537,1.752139,4.682949,0.000000,1.830218,3.541885,0.172137,1.579973,4.875556,-0.068491,0.020000,-0.030000,0.050000,0.100000,-0.200000,0.100000,0.048721,-0.001673,0.005865,-0.066622,-0.074179,0.108737
2.430703,1.740038,4.687459,0.000000,1.818503,3.540314,0.172623,1.570687,4.670359,-0.034054,0.020000,-0.030000,0.050000,0.100000,-0.200000,0.100000,0.024457,0.003611,0.003904,-0.099580,-0.197388,0.083173
2.435299,1.729262,4.691445,0.000000,1.808073,3.538872,0.173054,1.558012,4.673842,-0.034309,0.020000,-0.030000,0.050000,0.100000,-0.200000,0.100000,0.024457,0.003611,0.003904,-0.099580,-0.197388,0.083173
2.440683,1.716626,4.696083,0.000000,1.795847,3.537132,0.173559,1.543141,4.677885,-0.034610,0.020000,-0.030000,0.050000,0.100000,-0.200000,0.100000,0.024457,0.003611,0.003904,-0.099580,-0.197388,0.083173
2.445613,1.705044,4.700300,0.000000,1.784646,3.535489,0.174022,1.529503,4.681551,-0.034886,0.020000,-0.030000,0.050000,0.100000,-0.200000,0.100000,0.024457,0.003611,0.003904,-0.099580,-0.197388,0.083173
2.450363,1.693876,4.704337,0.000000,1.773848,3.533863,0.174467,1.516344,4.685052,-0.035153,0.020000,-0.030000,0.050000,0.100000,-0.200000,0.100000,0.024457,0.003611,0.003904,-0.099580,-0.197388,0.083173
2.454997,1.682971,4.708249,0.000000,1.763307,3.532235,0.174900,1.503487,4.688437,-0.035416,0.020000,-0.030000,0.050000,0.100000,-0.200000,0.100000,0.024457,0.003611,0.003904,-0.099580,-0.197388,0.083173
2.460162,1.670806,4.712580,0.000000,1.751549,3.530371,0.175381,1.489132,4.692175,-0.035712,0.020000,-0.030000,0.050000,0.100000,-0.200000,0.100000,0.024457,0.003611,0.003904,-0.099580,-0.197388,0.083173
2.465457,1.658324,4.716986,0.000000,1.739489,3.528408,0.175874,1.474394,4.695967,-0.036017,0.020000,-0.030000,0.050000,0.100000,-0.200000,0.100000,0.024457,0.003611,0.003904,-0.099580,-0.197388,0.083173
2.470923,1.645426,4.721501,0.000000,1.727029,3.526324,0.176382,1.459153,4.699842,-0.036334,0.020000,-0.030000,0.050000,0.100000,-0.200000,0.100000,0.024457,0.003611,0.003904,-0.099580,-0.197388,0.083173
2.476207,1.632947,4.725832,0.000000,1.714978,3.524255,0.176873,1.444396,4.703547,-0.036642,0.020000,-0.030000,0.050000,0.100000,-0.200000,0.100000,0.024457,0.003611,0.003904,-0.099580,-0.197388,0.083173
2.481252,1.621021,4.729936,0.000000,1.703463,3.522229,0.177340,1.430282,4.707047,-0.036938,0.020000,-0.030000,0.050000,0.100000,-0.200000,0.100000,0.024457,0.003611,0.003904,-0.099580,-0.197388,0.083173
2.486358,1.608940,4.734059,0.000000,1.691801,3.520129,0.177814,1.415975,4.710555,-0.037238,0.020000,-0.030000,0.050000,0.100000,-0.200000,0.100000,0.024457,0.003611,0.003904,-0.099580,-0.197388,0.083173
2.491598,1.596532,4.738258,0.000000,1.679828,3.517924,0.178303,1.401270,4.714118,-0.037545,0.020000,-0.030000,0.050000,0.100000,-0.200000,0.100000,0.024457,0.003611,0.003904,-0.099580,-0.197388,0.083173
2.496202,1.585619,4.741921,0.000000,1.669302,3.515942,0.178734,1.388331,4.717217,-0.037814,0.020000,-0.030000,0.050000,0.100000,-0.200000,0.100000,0.024457,0.003611,0.003904,-0.099580,-0.197388,0.083173
2.501122,1.573949,4.745807,0.000000,1.658047,3.513779,0.179193,1.374484,4.720495,-0.038103,0.020000,-0.030000,0.050000,0.100000,-0.200000,0.100000,0.024457,0.003611,0.003904,-0.099580,-0.197388,0.083173
2.505935,1.562524,4.749581,0.000000,1.647031,3.511616,0.179642,1.360917,4.723667,-0.038388,0.020000,-0.030000,0.050000,0.100000,-0.200000,0.100000,0.024457,0.003611,0.003904,-0.099580,-0.197388,0.083173
2.510990,1.550514,4.753515,0.000000,1.635455,3.509296,0.180112,1.346647,4.726964,-0.038688,0.020000,-0.030000,0.050000,0.100000,-0.200000,0.100000,0.024457,0.003611,0.003904,-0.099580,-0.197388,0.083173
2.516138,1.538274,4.757490,0.000000,1.623658,3.506882,0.180589,1.332091,4.730283,-0.038998,0.020000,-0.030000,0.050000,0.100000,-0.200000,0.100000,0.024457,0.003611,0.003904,-0.099580,-0.197388,0.083173
2.521060,1.526562,4.761261,0.000000,1.612374,3.504525,0.181043,1.318155,4.733419,-0.039298,0.020000,-0.030000,0.050000,0.100000,-0.200000,0.100000,0.024457,0.003611,0.003904,-0.099580,-0.197388,0.083173
2.526151,1.514436,4.765132,0.000000,1.600693,3.502036,0.181510,1.303714,4.736628,-0.039610,0.020000,-0.030000,0.050000,0.100000,-0.200000,0.100000,0.024457,0.003611,0.003904,-0.099580,-0.197388,0.083173
2.530906,1.503103,4.768719,0.000000,1.589778,3.499666,0.181946,1.290208,4.739590,-0.039904,0.020000,-0.030000,0.050000,0.100000,-0.200000,0.100000,0.024457,0.003611,0.003904,-0.099580,-0.197388,0.083173
2.535865,1.491274,4.772432,0.000000,1.578390,3.497147,0.182399,1.276103,4.742646,-0.040213,0.020000,-0.030000,0.050000,0.100000,-0.200000,0.100000,0.024457,0.003611,0.003904,-0.099580,-0.197388,0.083173
2.540786,1.479527,4.776086,0.000000,1.567084,3.494601,0.182847,1.262086,4.745643,-0.040523,0.020000,-0.030000,0.050000,0.100000,-0.200000,0.100000,0.024457,0.003611,0.003904,-0.099580,-0.197388,0.083173
2.545617,1.467986,4.779646,0.000000,1.555979,3.492055,0.183284,1.248305,4.748550,-0.040830,0.020000,-0.030000,0.050000,0.100000,-0.200000,0.100000,0.024457,0.003611,0.003904,-0.099580,-0.197388,0.083173
2.550288,1.456819,4.783062,0.000000,1.545235,3.489549,0.183705,1.234959,4.751330,-0.041128,0.020000,-0.030000,0.050000,0.100000,-0.200000,0.100000,0.024457,0.003611,0.003904,-0.099580,-0.197388,0.083173
2.554954,1.445658,4.786447,0.000000,1.534498,3.487003,0.184126,1.221612,4.754074,-0.041428,0.020000,-0.030000,0.050000,0.100000,-0.200000,0.100000,0.024457,0.003611,0.003904,-0.099580,-0.197388,0.083173
2.560375,1.432678,4.790348,0.000000,1.522017,3.483990,0.184613,1.206079,4.757223,-0.041780,0.020000,-0.030000,0.050000,0.100000,-0.200000,0.100000,0.024457,0.003611,0.003904,-0.099580,-0.197388,0.083173
2.565082,1.421401,4.793706,0.000000,1.511175,3.481330,0.185034,1.192574,4.759924,-0.042087,0.020000,-0.030000,0.050000,0.100000,-0.200000,0.100000,0.024457,0.003611,0.003904,-0.099580,-0.197388,0.083173
2.569909,1.409827,4.797123,0.000000,1.500052,3.478557,0.185465,1.178705,4.762661,-0.042404,0.020000,-0.030000,0.050000,0.100000,-0.200000,0.100000,0.024457,0.003611,0.003904,-0.099580,-0.197388,0.083173
2.574667,1.398411,4.800463,0.000000,1.489080,3.475779,0.185891,1.165012,4.765327,-0.042717,0.020000,-0.030000,0.050000,0.100000,-0.200000,0.100000,0.024457,0.003611,0.003904,-0.099580,-0.197388,0.083173
2.579284,1.387324,4.803679,0.000000,1.478428,3.473041,0.186304,1.151706,4.767882,-0.043022,0.020000,-0.030000,0.050000,0.100000,-0.200000,0.100000,0.024457,0.003611,0.003904,-0.099580,-0.197388,0.083173
2.583871,1.376304,4.806848,0.000000,1.467842,3.470279,0.186713,1.138471,4.770389,-0.043327,0.020000,-0.030000,0.050000,0.100000,-0.200000,0.100000,0.024457,0.003611,0.003904,-0.099580,-0.197388,0.083173
2.588550,1.365053,4.810055,0.000000,1.457039,3.467418,0.187130,1.124951,4.772916,-0.043639,0.020000,-0.030000,0.050000,0.100000,-0.200000,0.100000,0.024457,0.003611,0.003904,-0.099580,-0.197388,0.083173
2.593069,1.354183,4.813127,0.000000,1.446604,3.464614,0.187532,1.111881,4.775324,-0.043942,0.020000,-0.030000,0.050000,0.100000,-0.200000,0.100000,0.024457,0.003611,0.003904,-0.099580,-0.197388,0.083173
2.597724,1.342976,4.816266,0.000000,1.435850,3.461682,0.187946,1.098397,4.777774,-0.044255,0.020000,-0.030000,0.050000,0.100000,-0.200000,0.100000,0.024457,0.003611,0.003904,-0.099580,-0.197388,0.083173
2.602554,1.331341,4.819495,0.000000,1.424689,3.458595,0.188374,1.084389,4.780281,-0.044581,0.020000,-0.030000,0.050000,0.100000,-0.200000,0.100000,0.024457,0.003611,0.003904,-0.099580,-0.197388,0.083173
2.607461,1.319511,4.822747,0.000000,1.413343,3.455411,0.188808,1.070136,4.782794,-0.044915,0.020000,-0.030000,0.050000,0.100000,-0.200000,0.100000,0.024457,0.003611,0.003904,-0.099580,-0.197388,0.083173
2.612115,1.308286,4.825804,0.000000,1.402580,3.452349,0.189219,1.056602,4.785145,-0.045234,0.020000,-0.030000,0.050000,0.100000,-0.200000,0.100000,0.024457,0.003611,0.003904,-0.099580,-0.197388,0.083173
2.617375,1.295590,4.829228,0.000000,1.390410,3.448837,0.189683,1.041284,4.787765,-0.045595,0.020000,-0.030000,0.050000,0.100000,-0.200000,0.100000,0.024457,0.003611,0.003904,-0.099580,-0.197388,0.083173
2.622429,1.283382,4.832487,0.000000,1.378712,3.445410,0.190128,1.026545,4.790244,-0.045944,0.020000,-0.030000,0.050000,0.100000,-0.200000,0.100000,0.024457,0.003611,0.003904,-0.099580,-0.197388,0.083173
2.626981,1.272381,4.835395,0.000000,1.368173,3.442279,0.190528,1.013252,4.792442,-0.046261,0.020000,-0.030000,0.050000,0.100000,-0.200000,0.100000,0.024457,0.003611,0.003904,-0.099580,-0.197388,0.083173
2.631759,1.260826,4.838421,0.000000,1.357106,3.438947,0.190945,1.160361,4.804078,-0.086254,0.020000,-0.030000,0.050000,0.100000,-0.200000,0.100000,0.020932,-0.011526,0.001179,-0.015293,-0.226628,0.109644
2.637063,1.247988,4.841748,0.000000,1.344814,3.435194,0.191406,1.146391,4.806747,-0.086680,0.020000,-0.030000,0.050000,0.100000,-0.200000,0.100000,0.020932,-0.011526,0.001179,-0.015293,-0.226628,0.109644
2.642558,1.234682,4.845158,0.000000,1.332078,3.431247,0.191882,1.131907,4.809469,-0.087124,0.020000,-0.030000,0.050000,0.100000,-0.200000,0.100000,0.020932,-0.011526,0.001179,-0.015293,-0.226628,0.109644
2.647502,1.222700,4.848196,0.000000,1.320612,3.427643,0.192308,1.118858,4.811881,-0.087526,0.020000,-0.030000,0.050000,0.100000,-0.200000,0.100000,0.020932,-0.011526,0.001179,-0.015293,-0.226628,0.109644
2.652988,1.209397,4.851532,0.000000,1.307887,3.423586,0.192777,1.104366,4.814517,-0.087976,0.020000,-0.030000,0.050000,0.100000,-0.200000,0.100000,0.020932,-0.011526,0.001179,-0.015293,-0.226628,0.109644
2.657788,1.197750,4.854420,0.000000,1.296749,3.419984,0.193187,1.091675,4.816785,-0.088371,0.020000,-0.030000,0.050000,0.100000,-0.200000,0.100000,0.020932,-0.011526,0.001179,-0.015293,-0.226628,0.109644
2.663142,1.184752,4.857609,0.000000,1.284323,3.415912,0.193643,1.077506,4.819277,-0.088813,0.020000,-0.030000,0.050000,0.100000,-0.200000,0.100000,0.020932,-0.011526,0.001179,-0.015293,-0.226628,0.109644
2.668485,1.171768,4.860757,0.000000,1.271919,3.411792,0.194099,1.063351,4.821726,-0.089254,0.020000,-0.030000,0.050000,0.100000,-0.200000,0.100000,0.020932,-0.011526,0.001179,-0.015293,-0.226628,0.109644
2.673922,1.158551,4.863924,0.000000,1.259298,3.407543,0.194561,1.048940,4.824178,-0.089704,0.020000,-0.030000,0.050000,0.100000,-0.200000,0.100000,0.020932,-0.011526,0.001179,-0.015293,-0.226628,0.109644
2.679356,1.145332,4.867054,0.000000,1.246682,3.403239,0.195022,1.034523,4.826589,-0.090158,0.020000,-0.030000,0.050000,0.100000,-0.200000,0.100000,0.020932,-0.011526,0.001179,-0.015293,-0.226628,0.109644
2.684508,1.132789,4.869989,0.000000,1.234717,3.399104,0.195457,1.020841,4.828838,-0.090589,0.020000,-0.030000,0.050000,0.100000,-0.200000,0.100000,0.020932,-0.011526,0.001179,-0.015293,-0.226628,0.109644
2.689935,1.119572,4.873044,0.000000,1.222113,3.394694,0.195916,1.006418,4.831168,-0.091043,0.020000,-0.030000,0.050000,0.100000,-0.200000,0.100000,0.020932,-0.011526,0.001179,-0.015293,-0.226628,0.109644
2.694459,1.108545,4.875564,0.000000,1.211599,3.390970,0.196299,0.994380,4.833078,-0.091423,0.020000,-0.030000,0.050000,0.100000,-0.200000,0.100000,0.020932,-0.011526,0.001179,-0.015293,-0.226628,0.109644
2.699091,1.097250,4.878119,0.000000,1.200833,3.387114,0.196689,0.982046,4.835002,-0.091813,0.020000,-0.030000,0.050000,0.100000,-0.200000,0.100000,0.020932,-0.011526,0.001179,-0.015293,-0.226628,0.109644
2.704179,1.084837,4.880894,0.000000,1.189003,3.382830,0.197118,0.968484,4.837082,-0.092243,0.020000,-0.030000,0.050000,0.100000,-0.200000,0.100000,0.020932,-0.011526,0.001179,-0.015293,-0.226628,0.109644
2.709081,1.072870,4.883539,0.000000,1.177603,3.378654,0.197530,0.955406,4.839053,-0.092658,0.020000,-0.030000,0.050000,0.100000,-0.200000,0.100000,0.020932,-0.011526,0.001179,-0.015293,-0.226628,0.109644
2.713710,1.061566,4.886008,0.000000,1.166839,3.374668,0.197918,0.943050,4.840883,-0.093051,0.020000,-0.030000,0.050000,0.100000,-0.200000,0.100000,0.020932,-0.011526,0.001179,-0.015293,-0.226628,0.109644
2.718767,1.049209,4.888677,0.000000,1.155077,3.370264,0.198342,0.929540,4.842848,-0.093482,0.020000,-0.030000,0.050000,0.100000,-0.200000,0.100000,0.020932,-0.011526,0.001179,-0.015293,-0.226628,0.109644
2.723470,1.037709,4.891131,0.000000,1.144134,3.366122,0.198737,0.916962,4.844644,-0.093882,0.020000,-0.030000,0.050000,0.100000,-0.200000,0.100000,0.020932,-0.011526,0.001179,-0.015293,-0.226628,0.109644
2.728402,1.025645,4.893675,0.000000,1.132658,3.361731,0.199152,0.903764,4.846494,-0.094301,0.020000,-0.030000,0.050000,0.100000,-0.200000,0.100000,0.020932,-0.011526,0.001179,-0.015293,-0.226628,0.109644
2.732906,1.014622,4.895972,0.000000,1.122176,3.357677,0.199529,0.891701,4.848153,-0.094685,0.020000,-0.030000,0.050000,0.100000,-0.200000,0.100000,0.020932,-0.011526,0.001179,-0.015293,-0.226628,0.109644
2.737827,1.002572,4.898454,0.000000,1.110721,3.353204,0.199940,0.878510,4.849934,-0.095108,0.020000,-0.030000,0.050000,0.100000,-0.200000,0.100000,0.020932,-0.011526,0.001179,-0.015293,-0.226628,0.109644
2.742594,0.990894,4.900830,0.000000,1.099623,3.348824,0.200338,0.865721,4.851629,-0.095518,0.020000,-0.030000,0.050000,0.100000,-0.200000,0.100000,0.020932,-0.011526,0.001179,-0.015293,-0.226628,0.109644
2.747820,0.978085,4.903402,0.000000,1.087455,3.343971,0.200774,0.851690,4.853449,-0.095969,0.020000,-0.030000,0.050000,0.100000,-0.200000,0.100000,0.020932,-0.011526,0.001179,-0.015293,-0.226628,0.109644
2.752645,0.966253,4.905747,0.000000,1.076218,3.339441,0.201175,0.838724,4.855095,-0.096385,0.020000,-0.030000,0.050000,0.100000,-0.200000,0.100000,0.020932,-0.011526,0.001179,-0.015293,-0.226628,0.109644
2.757371,0.954657,4.908017,0.000000,1.065210,3.334959,0.201567,0.826014,4.856676,-0.096795,0.020000,-0.030000,0.050000,0.100000,-0.200000,0.100000,0.020932,-0.011526,0.001179,-0.015293,-0.226628,0.109644
2.762284,0.942597,4.910347,0.000000,1.053764,3.330250,0.201974,0.812790,4.858284,-0.097224,0.020000,-0.030000,0.050000,0.100000,-0.200000,0.100000,0.020932,-0.011526,0.001179,-0.015293,-0.226628,0.109644
2.766908,0.931243,4.912513,0.000000,1.042994,3.325774,0.202354,0.800337,4.859766,-0.097628,0.020000,-0.030000,0.050000,0.100000,-0.200000,0.100000,0.020932,-0.011526,0.001179,-0.015293,-0.226628,0.109644
2.771556,0.919822,4.914664,0.000000,1.032164,3.321229,0.202736,0.787809,4.861224,-0.098037,0.020000,-0.030000,0.050000,0.100000,-0.200000,0.100000,0.020932,-0.011526,0.001179,-0.015293,-0.226628,0.109644
2.776694,0.907195,4.917011,0.000000,1.020196,3.316155,0.203158,0.773953,4.862801,-0.098488,0.020000,-0.030000,0.050000,0.100000,-0.200000,0.100000,0.020932,-0.011526,0.001179,-0.015293,-0.226628,0.109644
2.781688,0.894914,4.919261,0.000000,1.008561,3.311172,0.203569,0.760474,4.864297,-0.098927,0.020000,-0.030000,0.050000,0.100000,-0.200000,0.100000,0.020932,-0.011526,0.001179,-0.015293,-0.226628,0.109644
2.787025,0.881783,4.921632,0.000000,0.996127,3.305790,0.204008,0.746058,4.865857,-0.099396,0.020000,-0.030000,0.050000,0.100000,-0.200000,0.100000,0.020932,-0.011526,0.001179,-0.015293,-0.226628,0.109644
2.791642,0.870418,4.923654,0.000000,0.985369,3.301090,0.204386,0.733576,4.867175,-0.099805,0.020000,-0.030000,0.050000,0.100000,-0.200000,0.100000,0.020932,-0.011526,0.001179,-0.015293,-0.226628,0.109644
2.796912,0.857443,4.925931,0.000000,0.973091,3.295675,0.204817,0.719322,4.868644,-0.100271,0.020000,-0.030000,0.050000,0.100000,-0.200000,0.100000,0.020932,-0.011526,0.001179,-0.015293,-0.226628,0.109644
2.801793,0.845417,4.928009,0.000000,0.961717,3.290608,0.205215,0.706107,4.869971,-0.100706,0.020000,-0.030000,0.050000,0.100000,-0.200000,0.100000,0.020932,-0.011526,0.001179,-0.015293,-0.226628,0.109644
2.806463,0.833909,4.929969,0.000000,0.950837,3.285716,0.205594,0.693459,4.871207,-0.101123,0.020000,-0.030000,0.050000,0.100000,-0.200000,0.100000,0.020932,-0.011526,0.001179,-0.015293,-0.226628,0.109644
2.811529,0.821419,4.932066,0.000000,0.939035,3.280359,0.206007,0.679727,4.872513,-0.101575,0.020000,-0.030000,0.050000,0.100000,-0.200000,0.100000,0.020932,-0.011526,0.001179,-0.015293,-0.226628,0.109644
2.817016,0.807883,4.934301,0.000000,0.926251,3.274499,0.206453,0.664842,4.873888,-0.102066,0.020000,-0.030000,0.050000,0.100000,-0.200000,0.100000,0.020932,-0.011526,0.001179,-0.015293,-0.226628,0.109644
2.821738,0.796233,4.936194,0.000000,0.915254,3.269407,0.206837,0.652028,4.875036,-0.102488,0.020000,-0.030000,0.050000,0.100000,-0.200000,0.100000,0.020932,-0.011526,0.001179,-0.015293,-0.226628,0.109644
2.826685,0.784021,4.938149,0.000000,0.903731,3.264024,0.207238,0.638593,4.876206,-0.102933,0.020000,-0.030000,0.050000,0.100000,-0.200000,0.100000,0.020932,-0.011526,0.001179,-0.015293,-0.226628,0.109644
2.831715,0.771599,4.940105,0.000000,0.892017,3.258500,0.207645,0.624924,4.877359,-0.103387,0.020000,-0.030000,0.050000,0.100000,-0.200000,0.100000,0.020932,-0.011526,0.001179,-0.015293,-0.226628,0.109644
2.836347,0.760154,4.941879,0.000000,0.881229,3.253367,0.208018,0.606850,4.843020,-0.104636,0.020000,-0.030000,0.050000,0.100000,-0.200000,0.100000,0.018233,-0.010188,0.000828,-0.025138,-0.243351,0.107288
2.840883,0.748944,4.943590,0.000000,0.870667,3.248299,0.208384,0.594487,4.843709,-0.105068,0.020000,-0.030000,0.050000,0.100000,-0.200000,0.100000,0.018233,-0.010188,0.000828,-0.025138,-0.243351,0.107288
2.845606,0.737268,4.945345,0.000000,0.859671,3.242976,0.208764,0.581608,4.844393,-0.105519,0.020000,-0.030000,0.050000,0.100000,-0.200000,0.100000,0.018233,-0.010188,0.000828,-0.025138,-0.243351,0.107288
2.850996,0.723938,4.947314,0.000000,0.847121,3.236843,0.209197,0.566899,4.845130,-0.106035,0.020000,-0.030000,0.050000,0.100000,-0.200000,0.100000,0.018233,-0.010188,0.000828,-0.025138,-0.243351,0.107288
2.856359,0.710669,4.949237,0.000000,0.834632,3.230680,0.209626,0.552250,4.845817,-0.106552,0.020000,-0.030000,0.050000,0.100000,-0.200000,0.100000,0.018233,-0.010188,0.000828,-0.025138,-0.243351,0.107288
2.860909,0.699407,4.950841,0.000000,0.824036,3.225403,0.209988,0.539812,4.846365,-0.106991,0.020000,-0.030000,0.050000,0.100000,-0.200000,0.100000,0.018233,-0.010188,0.000828,-0.025138,-0.243351,0.107288
2.866243,0.686202,4.952689,0.000000,0.811617,3.219164,0.210412,0.525225,4.846967,-0.107508,0.020000,-0.030000,0.050000,0.100000,-0.200000,0.100000,0.018233,-0.010188,0.000828,-0.025138,-0.243351,0.107288
2.871632,0.672855,4.954520,0.000000,0.799072,3.212802,0.210840,0.510477,4.847533,-0.108031,0.020000,-0.030000,0.050000,0.100000,-0.200000,0.100000,0.018233,-0.010188,0.000828,-0.025138,-0.243351,0.107288
2.876555,0.660656,4.956161,0.000000,0.787612,3.206937,0.211230,0.496995,4.848012,-0.108511,0.020000,-0.030000,0.050000,0.100000,-0.200000,0.100000,0.018233,-0.010188,0.000828,-0.025138,-0.243351,0.107288
2.881571,0.648224,4.957803,0.000000,0.775937,3.200910,0.211626,0.483250,4.848461,-0.109001,0.020000,-0.030000,0.050000,0.100000,-0.200000,0.100000,0.018233,-0.010188,0.000828,-0.025138,-0.243351,0.107288
2.887040,0.634666,4.959556,0.000000,0.763208,3.194281,0.212055,0.468254,4.848908,-0.109539,0.020000,-0.030000,0.050000,0.100000,-0.200000,0.100000,0.018233,-0.010188,0.000828,-0.025138,-0.243351,0.107288
2.892164,0.621957,4.961166,0.000000,0.751282,3.188014,0.212455,0.454191,4.849285,-0.110046,0.020000,-0.030000,0.050000,0.100000,-0.200000,0.100000,0.018233,-0.010188,0.000828,-0.025138,-0.243351,0.107288
2.896670,0.610778,4.962555,0.000000,0.740795,3.182460,0.212804,0.441818,4.849585,-0.110495,0.020000,-0.030000,0.050000,0.100000,-0.200000,0.100000,0.018233,-0.010188,0.000828,-0.025138,-0.243351,0.107288
2.901527,0.598725,4.964023,0.000000,0.729492,3.176426,0.213178,0.428473,4.849874,-0.110981,0.020000,-0.030000,0.050000,0.100000,-0.200000,0.100000,0.018233,-0.010188,0.000828,-0.025138,-0.243351,0.107288
2.906348,0.586757,4.965452,0.000000,0.718274,3.170388,0.213546,0.415218,4.850124,-0.111467,0.020000,-0.030000,0.050000,0.100000,-0.200000,0.100000,0.018233,-0.010188,0.000828,-0.025138,-0.243351,0.107288
2.911380,0.574261,4.966913,0.000000,0.706566,3.164034,0.213929,0.401373,4.850348,-0.111977,0.020000,-0.030000,0.050000,0.100000,-0.200000,0.100000,0.018233,-0.010188,0.000828,-0.025138,-0.243351,0.107288
2.916737,0.560956,4.968433,0.000000,0.694104,3.157214,0.214336,0.386626,4.850543,-0.112521,0.020000,-0.030000,0.050000,0.100000,-0.200000,0.100000,0.018233,-0.010188,0.000828,-0.025138,-0.243351,0.107288
2.921268,0.549698,4.969691,0.000000,0.683562,3.151398,0.214680,0.374142,4.850674,-0.112982,0.020000,-0.030000,0.050000,0.100000,-0.200000,0.100000,0.018233,-0.010188,0.000828,-0.025138,-0.243351,0.107288
2.926122,0.537636,4.971011,0.000000,0.672272,3.145122,0.215047,0.360763,4.850781,-0.113477,0.020000,-0.030000,0.050000,0.100000,-0.200000,0.100000,0.018233,-0.010188,0.000828,-0.025138,-0.243351,0.107288
2.930658,0.526361,4.972217,0.000000,0.661722,3.139215,0.215389,0.348253,4.850850,-0.113942,0.020000,-0.030000,0.050000,0.100000,-0.200000,0.100000,0.018233,-0.010188,0.000828,-0.025138,-0.243351,0.107288
2.935965,0.513164,4.973597,0.000000,0.649382,3.132251,0.215787,0.333608,4.850891,-0.114487,0.020000,-0.030000,0.050000,0.100000,-0.200000,0.100000,0.018233,-0.010188,0.000828,-0.025138,-0.243351,0.107288
2.941341,0.499793,4.974958,0.000000,0.636885,3.125137,0.216190,0.318765,4.850889,-0.115042,0.020000,-0.030000,0.050000,0.100000,-0.200000,0.100000,0.018233,-0.010188,0.000828,-0.025138,-0.243351,0.107288
2.946710,0.486436,4.976282,0.000000,0.624408,3.117972,0.216590,0.303932,4.850842,-0.115598,0.020000,-0.030000,0.050000,0.100000,-0.200000,0.100000,0.018233,-0.010188,0.000828,-0.025138,-0.243351,0.107288
2.951920,0.473472,4.977532,0.000000,0.612303,3.110962,0.216977,0.289531,4.850754,-0.116139,0.020000,-0.030000,0.050000,0.100000,-0.200000,0.100000,0.018233,-0.010188,0.000828,-0.025138,-0.243351,0.107288
2.957192,0.460350,4.978763,0.000000,0.600058,3.103811,0.217367,0.274951,4.850622,-0.116689,0.020000,-0.030000,0.050000,0.100000,-0.200000,0.100000,0.018233,-0.010188,0.000828,-0.025138,-0.243351,0.107288
2.962387,0.447415,4.979942,0.000000,0.587992,3.096706,0.217751,0.260573,4.850449,-0.117231,0.020000,-0.030000,0.050000,0.100000,-0.200000,0.100000,0.018233,-0.010188,0.000828,-0.025138,-0.243351,0.107288
2.967883,0.433729,4.981152,0.000000,0.575232,3.089129,0.218157,0.245355,4.850220,-0.117806,0.020000,-0.030000,0.050000,0.100000,-0.200000,0.100000,0.018233,-0.010188,0.000828,-0.025138,-0.243351,0.107288
2.973140,0.420634,4.982275,0.000000,0.563029,3.081821,0.218542,0.230789,4.849956,-0.118360,0.020000,-0.030000,0.050000,0.100000,-0.200000,0.100000,0.018233,-0.010188,0.000828,-0.025138,-0.243351,0.107288
2.978326,0.407713,4.983349,0.000000,0.550993,3.074556,0.218920,0.216411,4.849654,-0.118908,0.020000,-0.030000,0.050000,0.100000,-0.200000,0.100000,0.018233,-0.010188,0.000828,-0.025138,-0.243351,0.107288
2.983185,0.395604,4.984325,0.000000,0.539719,3.067698,0.219276,0.202932,4.849334,-0.119422,0.020000,-0.030000,0.050000,0.100000,-0.200000,0.100000,0.018233,-0.010188,0.000828,-0.025138,-0.243351,0.107288
2.988332,0.382778,4.985327,0.000000,0.527782,3.060384,0.219652,0.188650,4.848957,-0.119965,0.020000,-0.030000,0.050000,0.100000,-0.200000,0.100000,0.018233,-0.010188,0.000828,-0.025138,-0.243351,0.107288
2.992907,0.371371,4.986189,0.000000,0.517171,3.053833,0.219987,0.175944,4.848587,-0.120449,0.020000,-0.030000,0.050000,0.100000,-0.200000,0.100000,0.018233,-0.010188,0.000828,-0.025138,-0.243351,0.107288
2.998233,0.358091,4.987161,0.000000,0.504824,3.046153,0.220377,0.161148,4.848114,-0.121013,0.020000,-0.030000,0.050000,0.100000,-0.200000,0.100000,0.018233,-0.010188,0.000828,-0.025138,-0.243351,0.107288
3.003515,0.344920,4.988089,0.000000,0.492585,3.038478,0.220762,0.146469,4.847602,-0.121574,0.020000,-0.030000,0.050000,0.100000,-0.200000,0.100000,0.018233,-0.010188,0.000828,-0.025138,-0.243351,0.107288
3.008455,0.332599,4.988926,0.000000,0.481141,3.031247,0.221121,0.132731,4.847082,-0.122100,0.020000,-0.030000,0.050000,0.100000,-0.200000,0.100000,0.018233,-0.010188,0.000828,-0.025138,-0.243351,0.107288
3.013092,0.321030,4.989683,0.000000,0.470402,3.024410,0.221458,0.119830,4.846559,-0.122594,0.020000,-0.030000,0.050000,0.100000,-0.200000,0.100000,0.018233,-0.010188,0.000828,-0.025138,-0.243351,0.107288
3.018545,0.307424,4.990540,0.000000,0.457779,3.016313,0.221853,0.104654,4.845901,-0.123177,0.020000,-0.030000,0.050000,0.100000,-0.200000,0.100000,0.018233,-0.010188,0.000828,-0.025138,-0.243351,0.107288
3.023579,0.294863,4.991298,0.000000,0.446132,3.008785,0.222217,0.090639,4.845252,-0.123716,0.020000,-0.030000,0.050000,0.100000,-0.200000,0.100000,0.018233,-0.010188,0.000828,-0.025138,-0.243351,0.107288
3.028226,0.283266,4.991970,0.000000,0.435385,3.001788,0.222552,0.077695,4.844619,-0.124215,0.020000,-0.030000,0.050000,0.100000,-0.200000,0.100000,0.018233,-0.010188,0.000828,-0.025138,-0.243351,0.107288
3.033536,0.270010,4.992704,0.000000,0.423108,2.993739,0.222935,0.062898,4.843856,-0.124786,0.020000,-0.030000,0.050000,0.100000,-0.200000,0.100000,0.018233,-0.010188,0.000828,-0.025138,-0.243351,0.107288
3.038900,0.256618,4.993410,0.000000,0.410712,2.985550,0.223321,0.278924,4.924169,-0.110814,0.020000,-0.030000,0.050000,0.100000,-0.200000,0.100000,0.018959,-0.027381,-0.003396,0.095576,-0.253355,0.124759
3.044238,0.243290,4.994078,0.000000,0.398382,2.977339,0.223704,0.266065,4.924210,-0.111166,0.020000,-0.030000,0.050000,0.100000,-0.200000,0.100000,0.018959,-0.027381,-0.003396,0.095576,-0.253355,0.124759
3.049609,0.229879,4.994713,0.000000,0.385985,2.969018,0.224088,0.253132,4.924213,-0.111523,0.020000,-0.030000,0.050000,0.100000,-0.200000,0.100000,0.018959,-0.027381,-0.003396,0.095576,-0.253355,0.124759
3.054632,0.217334,4.995274,0.000000,0.374395,2.961181,0.224444,0.241038,4.924181,-0.111858,0.020000,-0.030000,0.050000,0.100000,-0.200000,0.100000,0.018959,-0.027381,-0.003396,0.095576,-0.253355,0.124759
3.059605,0.204913,4.995799,0.000000,0.362926,2.953371,0.224797,0.229067,4.924117,-0.112189,0.020000,-0.030000,0.050000,0.100000,-0.200000,0.100000,0.018959,-0.027381,-0.003396,0.095576,-0.253355,0.124759
3.064946,0.191571,4.996329,0.000000,0.350612,2.944924,0.225175,0.216210,4.924011,-0.112545,0.020000,-0.030000,0.050000,0.100000,-0.200000,0.100000,0.018959,-0.027381,-0.003396,0.095576,-0.253355,0.124759
3.070058,0.178797,4.996802,0.000000,0.338828,2.936782,0.225534,0.203903,4.923873,-0.112888,0.020000,-0.030000,0.050000,0.100000,-0.200000,0.100000,0.018959,-0.027381,-0.003396,0.095576,-0.253355,0.124759
3.074634,0.167366,4.997198,0.000000,0.328288,2.929451,0.225854,0.192893,4.923721,-0.113197,0.020000,-0.030000,0.050000,0.100000,-0.200000,0.100000,0.018959,-0.027381,-0.003396,0.095576,-0.253355,0.124759
3.079959,0.154060,4.997626,0.000000,0.316025,2.920864,0.226225,0.180080,4.923511,-0.113557,0.020000,-0.030000,0.050000,0.100000,-0.200000,0.100000,0.018959,-0.027381,-0.003396,0.095576,-0.253355,0.124759
3.084854,0.141828,4.997988,0.000000,0.304757,2.912919,0.226564,0.168302,4.923285,-0.113888,0.020000,-0.030000,0.050000,0.100000,-0.200000,0.100000,0.018959,-0.027381,-0.003396,0.095576,-0.253355,0.124759
3.089488,0.130247,4.998303,0.000000,0.294095,2.905353,0.226885,0.157156,4.923043,-0.114203,0.020000,-0.030000,0.050000,0.100000,-0.200000,0.100000,0.018959,-0.027381,-0.003396,0.095576,-0.253355,0.124759
3.094680,0.117270,4.998625,0.000000,0.282155,2.896822,0.227243,0.144669,4.922738,-0.114555,0.020000,-0.030000,0.050000,0.100000,-0.200000,0.100000,0.018959,-0.027381,-0.003396,0.095576,-0.253355,0.124759
3.099660,0.104823,4.998901,0.000000,0.270709,2.888588,0.227585,0.132696,4.922413,-0.114895,0.020000,-0.030000,0.050000,0.100000,-0.200000,0.100000,0.018959,-0.027381,-0.003396,0.095576,-0.253355,0.124759
3.104866,0.091810,4.999157,0.000000,0.258749,2.879927,0.227940,0.120181,4.922041,-0.115252,0.020000,-0.030000,0.050000,0.100000,-0.200000,0.100000,0.018959,-0.027381,-0.003396,0.095576,-0.253355,0.124759
3.110218,0.078434,4.999385,0.000000,0.246461,2.870966,0.228304,0.107320,4.921621,-0.115621,0.020000,-0.030000,0.050000,0.100000,-0.200000,0.100000,0.018959,-0.027381,-0.003396,0.095576,-0.253355,0.124759
3.115365,0.065566,4.999570,0.000000,0.234649,2.862290,0.228651,0.094952,4.921182,-0.115977,0.020000,-0.030000,0.050000,0.100000,-0.200000,0.100000,0.018959,-0.027381,-0.003396,0.095576,-0.253355,0.124759
3.120282,0.053275,4.999716,0.000000,0.223373,2.853951,0.228981,0.083143,4.920730,-0.116318,0.020000,-0.030000,0.050000,0.100000,-0.200000,0.100000,0.018959,-0.027381,-0.003396,0.095576,-0.253355,0.124759
3.124951,0.041604,4.999827,0.000000,0.212674,2.845987,0.229293,0.071934,4.920271,-0.116643,0.020000,-0.030000,0.050000,0.100000,-0.200000,0.100000,0.018959,-0.027381,-0.003396,0.095576,-0.253355,0.124759
3.129612,0.029951,4.999910,0.000000,0.201995,2.837990,0.229603,0.060744,4.919784,-0.116968,0.020000,-0.030000,0.050000,0.100000,-0.200000,0.100000,0.018959,-0.027381,-0.003396,0.095576,-0.253355,0.124759
3.135030,0.016408,4.999973,0.000000,0.189590,2.828638,0.229963,0.047742,4.919181,-0.117346,0.020000,-0.030000,0.050000,0.100000,-0.200000,0.100000,0.018959,-0.027381,-0.003396,0.095576,-0.253355,0.124759
3.139617,0.004939,4.999998,0.000000,0.179093,2.820669,0.230267,0.036734,4.918639,-0.117666,0.020000,-0.030000,0.050000,0.100000,-0.200000,0.100000,0.018959,-0.027381,-0.003396,0.095576,-0.253355,0.124759
3.144749,-0.007890,4.999994,0.000000,0.167357,2.811701,0.230607,0.024426,4.917999,-0.118024,0.020000,-0.030000,0.050000,0.100000,-0.200000,0.100000,0.018959,-0.027381,-0.003396,0.095576,-0.253355,0.124759
3.149480,-0.019719,4.999961,0.000000,0.156543,2.803385,0.230918,0.013080,4.917378,-0.118356,0.020000,-0.030000,0.050000,0.100000,-0.200000,0.100000,0.018959,-0.027381,-0.003396,0.095576,-0.253355,0.124759
3.154651,-0.032646,4.999893,0.000000,0.144732,2.794245,0.231257,0.000685,4.916668,-0.118719,0.020000,-0.030000,0.050000,0.100000,-0.200000,0.100000,0.018959,-0.027381,-0.003396,0.095576,-0.253355,0.124759
3.159399,-0.044516,4.999802,0.000000,0.133892,2.785802,0.231567,-0.010695,4.915984,-0.119053,0.020000,-0.030000,0.050000,0.100000,-0.200000,0.100000,0.018959,-0.027381,-0.003396,0.095576,-0.253355,0.124759
3.164407,-0.057035,4.999675,0.000000,0.122466,2.776845,0.231893,-0.022694,4.915230,-0.119406,0.020000,-0.030000,0.050000,0.100000,-0.200000,0.100000,0.018959,-0.027381,-0.003396,0.095576,-0.253355,0.124759
3.169113,-0.068799,4.999527,0.000000,0.111734,2.768381,0.232197,-0.033966,4.914491,-0.119739,0.020000,-0.030000,0.050000,0.100000,-0.200000,0.100000,0.018959,-0.027381,-0.003396,0.095576,-0.253355,0.124759
3.174564,-0.082424,4.999321,0.000000,0.099310,2.758520,0.232547,-0.047020,4.913599,-0.120126,0.020000,-0.030000,0.050000,0.100000,-0.200000,0.100000,0.018959,-0.027381,-0.003396,0.095576,-0.253355,0.124759
3.179382,-0.094467,4.999108,0.000000,0.088336,2.749753,0.232856,-0.058556,4.912779,-0.120470,0.020000,-0.030000,0.050000,0.100000,-0.200000,0.100000,0.018959,-0.027381,-0.003396,0.095576,-0.253355,0.124759
3.184122,-0.106316,4.998870,0.000000,0.077544,2.741079,0.233159,-0.069902,4.911943,-0.120807,0.020000,-0.030000,0.050000,0.100000,-0.200000,0.100000,0.018959,-0.027381,-0.003396,0.095576,-0.253355,0.124759
3.189240,-0.119106,4.998581,0.000000,0.065904,2.731664,0.233486,-0.082145,4.911007,-0.121170,0.020000,-0.030000,0.050000,0.100000,-0.200000,0.100000,0.018959,-0.027381,-0.003396,0.095576,-0.253355,0.124759
3.194462,-0.132159,4.998253,0.000000,0.054031,2.721997,0.233820,-0.094636,4.910017,-0.121541,0.020000,-0.030000,0.050000,0.100000,-0.200000,0.100000,0.018959,-0.027381,-0.003396,0.095576,-0.253355,0.124759
3.199418,-0.144544,4.997910,0.000000,0.042773,2.712774,0.234136,-0.106485,4.909045,-0.121894,0.020000,-0.030000,0.050000,0.100000,-0.200000,0.100000,0.018959,-0.027381,-0.003396,0.095576,-0.253355,0.124759
3.204782,-0.157947,4.997505,0.000000,0.030596,2.702734,0.234477,-0.119305,4.907958,-0.122275,0.020000,-0.030000,0.050000,0.100000,-0.200000,0.100000,0.018959,-0.027381,-0.003396,0.095576,-0.253355,0.124759
3.209612,-0.170017,4.997109,0.000000,0.019639,2.693642,0.234785,-0.130844,4.906947,-0.122618,0.020000,-0.030000,0.050000,0.100000,-0.200000,0.100000,0.018959,-0.027381,-0.003396,0.095576,-0.253355,0.124759
3.214159,-0.181376,4.996709,0.000000,0.009333,2.685040,0.235073,-0.141702,4.905969,-0.122941,0.020000,-0.030000,0.050000,0.100000,-0.200000,0.100000,0.018959,-0.027381,-0.003396,0.095576,-0.253355,0.124759
3.218871,-0.193148,4.996268,0.000000,-0.001341,2.676080,0.235368,-0.152950,4.904926,-0.123279,0.020000,-0.030000,0.050000,0.100000,-0.200000,0.100000,0.018959,-0.027381,-0.003396,0.095576,-0.253355,0.124759
3.223649,-0.205082,4.995792,0.000000,-0.012155,2.666947,0.235666,-0.164350,4.903838,-0.123623,0.020000,-0.030000,0.050000,0.100000,-0.200000,0.100000,0.018959,-0.027381,-0.003396,0.095576,-0.253355,0.124759
3.228837,-0.218042,4.995244,0.000000,-0.023888,2.656974,0.235986,-0.176723,4.902622,-0.123999,0.020000,-0.030000,0.050000,0.100000,-0.200000,0.100000,0.018959,-0.027381,-0.003396,0.095576,-0.253355,0.124759
3.233708,-0.230207,4.994698,0.000000,-0.034896,2.647558,0.236286,-0.188336,4.901447,-0.124353,0.020000,-0.030000,0.050000,0.100000,-0.200000,0.100000,0.018959,-0.027381,-0.003396,0.095576,-0.253355,0.124759
3.238558,-0.242319,4.994125,0.000000,-0.045849,2.638135,0.236581,-0.199894,4.900248,-0.124707,0.020000,-0.030000,0.050000,0.100000,-0.200000,0.100000,0.018959,-0.027381,-0.003396,0.095576,-0.253355,0.124759
3.243190,-0.253885,4.993550,0.000000,-0.056301,2.629092,0.236860,-0.191607,5.033134,-0.110087,0.020000,-0.030000,0.050000,0.100000,-0.200000,0.100000,0.026027,-0.031349,-0.001813,0.130350,-0.201968,0.130304
3.247837,-0.265485,4.992947,0.000000,-0.066778,2.619976,0.237139,-0.202616,5.032943,-0.110308,0.020000,-0.030000,0.050000,0.100000,-0.200000,0.100000,0.026027,-0.031349,-0.001813,0.130350,-0.201968,0.130304
3.253149,-0.278746,4.992224,0.000000,-0.078749,2.609498,0.237457,-0.215199,5.032695,-0.110560,0.020000,-0.030000,0.050000,0.100000,-0.200000,0.100000,0.026027,-0.031349,-0.001813,0.130350,-0.201968,0.130304
3.257808,-0.290376,4.991561,0.000000,-0.089241,2.600259,0.237736,-0.226233,5.032452,-0.110780,0.020000,-0.030000,0.050000,0.100000,-0.200000,0.100000,0.026027,-0.031349,-0.001813,0.130350,-0.201968,0.130304
3.263072,-0.303512,4.990780,0.000000,-0.101086,2.589768,0.238048,-0.238695,5.032149,-0.111030,0.020000,-0.030000,0.050000,0.100000,-0.200000,0.100000,0.026027,-0.031349,-0.001813,0.130350,-0.201968,0.130304
3.268256,-0.316447,4.989976,0.000000,-0.112741,2.579380,0.238354,-0.250962,5.031821,-0.111276,0.020000,-0.030000,0.050000,0.100000,-0.200000,0.100000,0.026027,-0.031349,-0.001813,0.130350,-0.201968,0.130304
3.273272,-0.328960,4.989167,0.000000,-0.124008,2.569276,0.238648,-0.262826,5.031474,-0.111516,0.020000,-0.030000,0.050000,0.100000,-0.200000,0.100000,0.026027,-0.031349,-0.001813,0.130350,-0.201968,0.130304
3.278617,-0.342294,4.988270,0.000000,-0.136006,2.558451,0.238958,-0.275466,5.031075,-0.111773,0.020000,-0.030000,0.050000,0.100000,-0.200000,0.100000,0.026027,-0.031349,-0.001813,0.130350,-0.201968,0.130304
3.283522,-0.354526,4.987415,0.000000,-0.147004,2.548465,0.239240,-0.287057,5.030680,-0.112011,0.020000,-0.030000,0.050000,0.100000,-0.200000,0.100000,0.026027,-0.031349,-0.001813,0.130350,-0.201968,0.130304
3.288748,-0.367557,4.986472,0.000000,-0.158712,2.537771,0.239539,-0.299403,5.030230,-0.112264,0.020000,-0.030000,0.050000,0.100000,-0.200000,0.100000,0.026027,-0.031349,-0.001813,0.130350,-0.201968,0.130304
3.293667,-0.379820,4.985553,0.000000,-0.169721,2.527654,0.239819,-0.311017,5.029780,-0.112502,0.020000,-0.030000,0.050000,0.100000,-0.200000,0.100000,0.026027,-0.031349,-0.001813,0.130350,-0.201968,0.130304
3.298586,-0.392081,4.984604,0.000000,-0.180721,2.517484,0.240099,-0.322627,5.029301,-0.112739,0.020000,-0.030000,0.050000,0.100000,-0.200000,0.100000,0.026027,-0.031349,-0.001813,0.130350,-0.201968,0.130304
3.303386,-0.404042,4.983648,0.000000,-0.191446,2.507508,0.240370,-0.333952,5.028803,-0.112971,0.020000,-0.030000,0.050000,0.100000,-0.200000,0.100000,0.026027,-0.031349,-0.001813,0.130350,-0.201968,0.130304
3.307960,-0.415440,4.982711,0.000000,-0.201661,2.497954,0.240628,-0.344742,5.028304,-0.113191,0.020000,-0.030000,0.050000,0.100000,-0.200000,0.100000,0.026027,-0.031349,-0.001813,0.130350,-0.201968,0.130304
3.312839,-0.427593,4.981683,0.000000,-0.212545,2.487718,0.240901,-0.356244,5.027747,-0.113427,0.020000,-0.030000,0.050000,0.100000,-0.200000,0.100000,0.026027,-0.031349,-0.001813,0.130350,-0.201968,0.130304
3.317956,-0.440338,4.980573,0.000000,-0.223950,2.476928,0.241186,-0.368303,5.027135,-0.113675,0.020000,-0.030000,0.050000,0.100000,-0.200000,0.100000,0.026027,-0.031349,-0.001813,0.130350,-0.201968,0.130304
3.323397,-0.453885,4.979356,0.000000,-0.236065,2.465398,0.241488,-0.381119,5.026453,-0.113938,0.020000,-0.030000,0.050000,0.100000,-0.200000,0.100000,0.026027,-0.031349,-0.001813,0.130350,-0.201968,0.130304
3.328465,-0.466501,4.978190,0.000000,-0.247338,2.454603,0.241769,-0.393051,5.025790,-0.114182,0.020000,-0.030000,0.050000,0.100000,-0.200000,0.100000,0.026027,-0.031349,-0.001813,0.130350,-0.201968,0.130304
3.333864,-0.479939,4.976913,0.000000,-0.259339,2.443041,0.242067,-0.405759,5.025050,-0.114442,0.020000,-0.030000,0.050000,0.100000,-0.200000,0.100000,0.026027,-0.031349,-0.001813,0.130350,-0.201968,0.130304
3.339001,-0.492720,4.975663,0.000000,-0.270743,2.431986,0.242350,-0.417841,5.024317,-0.114689,0.020000,-0.030000,0.050000,0.100000,-0.200000,0.100000,0.026027,-0.031349,-0.001813,0.130350,-0.201968,0.130304
3.343987,-0.505122,4.974420,0.000000,-0.281801,2.421205,0.242624,-0.429562,5.023579,-0.114927,0.020000,-0.030000,0.050000,0.100000,-0.200000,0.100000,0.026027,-0.031349,-0.001813,0.130350,-0.201968,0.130304
3.348922,-0.517395,4.973158,0.000000,-0.292737,2.410481,0.242895,-0.441160,5.022822,-0.115163,0.020000,-0.030000,0.050000,0.100000,-0.200000,0.100000,0.026027,-0.031349,-0.001813,0.130350,-0.201968,0.130304
3.353773,-0.529457,4.971888,0.000000,-0.303478,2.399889,0.243161,-0.452556,5.022050,-0.115393,0.020000,-0.030000,0.050000,0.100000,-0.200000,0.100000,0.026027,-0.031349,-0.001813,0.130350,-0.201968,0.130304
3.358286,-0.540675,4.970681,0.000000,-0.313460,2.389992,0.243407,-0.463152,5.021309,-0.115608,0.020000,-0.030000,0.050000,0.100000,-0.200000,0.100000,0.026027,-0.031349,-0.001813,0.130350,-0.201968,0.130304
3.362979,-0.552336,4.969399,0.000000,-0.323830,2.379656,0.243663,-0.474165,5.020515,-0.115830,0.020000,-0.030000,0.050000,0.100000,-0.200000,0.100000,0.026027,-0.031349,-0.001813,0.130350,-0.201968,0.130304
3.368153,-0.565190,4.967953,0.000000,-0.335251,2.368208,0.243943,-0.486301,5.019612,-0.116076,0.020000,-0.030000,0.050000,0.100000,-0.200000,0.100000,0.026027,-0.031349,-0.001813,0.130350,-0.201968,0.130304
3.372719,-0.576530,4.966650,0.000000,-0.345319,2.358058,0.244189,-0.497004,5.018791,-0.116293,0.020000,-0.030000,0.050000,0.100000,-0.200000,0.100000,0.026027,-0.031349,-0.001813,0.130350,-0.201968,0.130304
3.377748,-0.589018,4.965185,0.000000,-0.356398,2.346829,0.244458,-0.508788,5.017861,-0.116533,0.020000,-0.030000,0.050000,0.100000,-0.200000,0.100000,0.026027,-0.031349,-0.001813,0.130350,-0.201968,0.130304
3.382844,-0.601667,4.963668,0.000000,-0.367611,2.335398,0.244729,-0.520721,5.016890,-0.116776,0.020000,-0.030000,0.050000,0.100000,-0.200000,0.100000,0.026027,-0.031349,-0.001813,0.130350,-0.201968,0.130304
3.387940,-0.614312,4.962119,0.000000,-0.378813,2.323912,0.244998,-0.532648,5.015890,-0.117020,0.020000,-0.030000,0.050000,0.100000,-0.200000,0.100000,0.026027,-0.031349,-0.001813,0.130350,-0.201968,0.130304
3.392877,-0.626559,4.960587,0.000000,-0.389652,2.312735,0.245258,-0.544194,5.014895,-0.117256,0.020000,-0.030000,0.050000,0.100000,-0.200000,0.100000,0.026027,-0.031349,-0.001813,0.130350,-0.201968,0.130304
3.398372,-0.640185,4.958847,0.000000,-0.401701,2.300234,0.245545,-0.557038,5.013757,-0.117519,0.020000,-0.030000,0.050000,0.100000,-0.200000,0.100000,0.026027,-0.031349,-0.001813,0.130350,-0.201968,0.130304
3.402932,-0.651490,4.957374,0.000000,-0.411689,2.289813,0.245781,-0.567690,5.012789,-0.117739,0.020000,-0.030000,0.050000,0.100000,-0.200000,0.100000,0.026027,-0.031349,-0.001813,0.130350,-0.201968,0.130304
3.407435,-0.662652,4.955895,0.000000,-0.421543,2.279481,0.246012,-0.578204,5.011812,-0.117957,0.020000,-0.030000,0.050000,0.100000,-0.200000,0.100000,0.026027,-0.031349,-0.001813,0.130350,-0.201968,0.130304
3.412052,-0.674089,4.954352,0.000000,-0.431634,2.268846,0.246247,-0.588977,5.010787,-0.118181,0.020000,-0.030000,0.050000,0.100000,-0.200000,0.100000,0.026027,-0.031349,-0.001813,0.130350,-0.201968,0.130304
3.417270,-0.687012,4.952576,0.000000,-0.443028,2.256770,0.246511,-0.601147,5.009599,-0.118435,0.020000,-0.030000,0.050000,0.100000,-0.200000,0.100000,0.026027,-0.031349,-0.001813,0.130350,-0.201968,0.130304
3.422162,-0.699126,4.950881,0.000000,-0.453699,2.245393,0.246756,-0.612551,5.008456,-0.118674,0.020000,-0.030000,0.050000,0.100000,-0.200000,0.100000,0.026027,-0.031349,-0.001813,0.130350,-0.201968,0.130304
3.427121,-0.711399,4.949132,0.000000,-0.464502,2.233809,0.247002,-0.624103,5.007268,-0.118916,0.020000,-0.030000,0.050000,0.100000,-0.200000,0.100000,0.026027,-0.031349,-0.001813,0.130350,-0.201968,0.130304
3.431705,-0.722740,4.947489,0.000000,-0.474477,2.223056,0.247227,-0.634774,5.006146,-0.119142,0.020000,-0.030000,0.050000,0.100000,-0.200000,0.100000,0.026027,-0.031349,-0.001813,0.130350,-0.201968,0.130304
3.436703,-0.735101,4.945668,0.000000,-0.485339,2.211280,0.247470,-0.646402,5.004895,-0.119388,0.020000,-0.030000,0.050000,0.100000,-0.200000,0.100000,0.026027,-0.031349,-0.001813,0.130350,-0.201968,0.130304
3.442185,-0.748656,4.943634,0.000000,-0.497243,2.198303,0.247738,-0.659152,5.003493,-0.119656,0.020000,-0.030000,0.050000,0.100000,-0.200000,0.100000,0.026027,-0.031349,-0.001813,0.130350,-0.201968,0.130304
3.447117,-0.760844,4.941773,0.000000,-0.507938,2.186574,0.247978,-0.638974,4.963037,-0.058722,0.020000,-0.030000,0.050000,0.100000,-0.200000,0.100000,0.023924,-0.032406,-0.003090,0.138628,-0.220542,0.118993
3.452519,-0.774188,4.939700,0.000000,-0.519637,2.173669,0.248239,-0.651202,4.961328,-0.058787,0.020000,-0.030000,0.050000,0.100000,-0.200000,0.100000,0.023924,-0.032406,-0.003090,0.138628,-0.220542,0.118993
3.457385,-0.786204,4.937801,0.000000,-0.530163,2.161992,0.248473,-0.662208,4.959760,-0.058846,0.020000,-0.030000,0.050000,0.100000,-0.200000,0.100000,0.023924,-0.032406,-0.003090,0.138628,-0.220542,0.118993
3.462740,-0.799423,4.935679,0.000000,-0.541731,2.149083,0.248730,-0.674309,4.958005,-0.058911,0.020000,-0.030000,0.050000,0.100000,-0.200000,0.100000,0.023924,-0.032406,-0.003090,0.138628,-0.220542,0.118993
3.467767,-0.811826,4.933654,0.000000,-0.552576,2.136913,0.248971,-0.685660,4.956329,-0.058970,0.020000,-0.030000,0.050000,0.100000,-0.200000,0.100000,0.023924,-0.032406,-0.003090,0.138628,-0.220542,0.118993
3.473098,-0.824974,4.931472,0.000000,-0.564062,2.123948,0.249225,-0.697687,4.954521,-0.059032,0.020000,-0.030000,0.050000,0.100000,-0.200000,0.100000,0.023924,-0.032406,-0.003090,0.138628,-0.220542,0.118993
3.478272,-0.837728,4.929322,0.000000,-0.575192,2.111310,0.249469,-0.709346,4.952737,-0.059093,0.020000,-0.030000,0.050000,0.100000,-0.200000,0.100000,0.023924,-0.032406,-0.003090,0.138628,-0.220542,0.118993
3.483663,-0.851013,4.927045,0.000000,-0.586773,2.098083,0.249721,-0.721484,4.950848,-0.059157,0.020000,-0.030000,0.050000,0.100000,-0.200000,0.100000,0.023924,-0.032406,-0.003090,0.138628,-0.220542,0.118993
3.488678,-0.863364,4.924896,0.000000,-0.597530,2.085727,0.249953,-0.732764,4.949063,-0.059219,0.020000,-0.030000,0.050000,0.100000,-0.200000,0.100000,0.023924,-0.032406,-0.003090,0.138628,-0.220542,0.118993
3.493917,-0.876263,4.922617,0.000000,-0.608756,2.072760,0.250191,-0.744542,4.947169,-0.059284,0.020000,-0.030000,0.050000,0.100000,-0.200000,0.100000,0.023924,-0.032406,-0.003090,0.138628,-0.220542,0.118993
3.499248,-0.889380,4.920265,0.000000,-0.620162,2.059510,0.250432,-0.756514,4.945210,-0.059351,0.020000,-0.030000,0.050000,0.100000,-0.200000,0.100000,0.023924,-0.032406,-0.003090,0.138628,-0.220542,0.118993
3.503809,-0.900597,4.918224,0.000000,-0.629908,2.048125,0.250638,-0.766747,4.943508,-0.059407,0.020000,-0.030000,0.050000,0.100000,-0.200000,0.100000,0.023924,-0.032406,-0.003090,0.138628,-0.220542,0.118993
3.508951,-0.913240,4.915892,0.000000,-0.640881,2.035236,0.250868,-0.778276,4.941561,-0.059470,0.020000,-0.030000,0.050000,0.100000,-0.200000,0.100000,0.023924,-0.032406,-0.003090,0.138628,-0.220542,0.118993
3.514193,-0.926122,4.913481,0.000000,-0.652052,2.022038,0.251101,-0.790018,4.939545,-0.059534,0.020000,-0.030000,0.050000,0.100000,-0.200000,0.100000,0.023924,-0.032406,-0.003090,0.138628,-0.220542,0.118993
3.519100,-0.938175,4.911194,0.000000,-0.662496,2.009632,0.251317,-0.801001,4.937629,-0.059595,0.020000,-0.030000,0.050000,0.100000,-0.200000,0.100000,0.023924,-0.032406,-0.003090,0.138628,-0.220542,0.118993
3.523638,-0.949315,4.909053,0.000000,-0.672140,1.998116,0.251516,-0.811147,4.935835,-0.059651,0.020000,-0.030000,0.050000,0.100000,-0.200000,0.100000,0.023924,-0.032406,-0.003090,0.138628,-0.220542,0.118993
3.528717,-0.961780,4.906626,0.000000,-0.682923,1.985173,0.251737,-0.822497,4.933800,-0.059712,0.020000,-0.030000,0.050000,0.100000,-0.200000,0.100000,0.023924,-0.032406,-0.003090,0.138628,-0.220542,0.118993
3.534095,-0.974969,4.904022,0.000000,-0.694322,1.971412,0.251968,-0.834502,4.931614,-0.059779,0.020000,-0.030000,0.050000,0.100000,-0.200000,0.100000,0.023924,-0.032406,-0.003090,0.138628,-0.220542,0.118993
3.539559,-0.988363,4.901340,0.000000,-0.705885,1.957368,0.252201,-0.846686,4.929360,-0.059847,0.020000,-0.030000,0.050000,0.100000,-0.200000,0.100000,0.023924,-0.032406,-0.003090,0.138628,-0.220542,0.118993
3.544545,-1.000580,4.898861,0.000000,-0.716420,1.944498,0.252411,-0.857793,4.927275,-0.059909,0.020000,-0.030000,0.050000,0.100000,-0.200000,0.100000,0.023924,-0.032406,-0.003090,0.138628,-0.220542,0.118993
3.549247,-1.012093,4.896496,0.000000,-0.726339,1.932316,0.252607,-0.868255,4.925284,-0.059968,0.020000,-0.030000,0.050000,0.100000,-0.200000,0.100000,0.023924,-0.032406,-0.003090,0.138628,-0.220542,0.118993
3.554468,-1.024873,4.893837,0.000000,-0.737339,1.918732,0.252824,-0.879864,4.923044,-0.060034,0.020000,-0.030000,0.050000,0.100000,-0.200000,0.100000,0.023924,-0.032406,-0.003090,0.138628,-0.220542,0.118993
3.559086,-1.036169,4.891457,0.000000,-0.747053,1.906671,0.253014,-0.890121,4.921037,-0.060092,0.020000,-0.030000,0.050000,0.100000,-0.200000,0.100000,0.023924,-0.032406,-0.003090,0.138628,-0.220542,0.118993
3.564291,-1.048896,4.888744,0.000000,-0.757988,1.893022,0.253227,-0.901673,4.918748,-0.060157,0.020000,-0.030000,0.050000,0.100000,-0.200000,0.100000,0.023924,-0.032406,-0.003090,0.138628,-0.220542,0.118993
3.569531,-1.061700,4.885979,0.000000,-0.768981,1.879226,0.253439,-0.913291,4.916414,-0.060223,0.020000,-0.030000,0.050000,0.100000,-0.200000,0.100000,0.023924,-0.032406,-0.003090,0.138628,-0.220542,0.118993
3.574495,-1.073825,4.883329,0.000000,-0.779381,1.866104,0.253637,-0.924290,4.914176,-0.060286,0.020000,-0.030000,0.050000,0.100000,-0.200000,0.100000,0.023924,-0.032406,-0.003090,0.138628,-0.220542,0.118993
3.579319,-1.085600,4.880725,0.000000,-0.789472,1.853306,0.253829,-0.934967,4.911977,-0.060347,0.020000,-0.030000,0.050000,0.100000,-0.200000,0.100000,0.023924,-0.032406,-0.003090,0.138628,-0.220542,0.118993
3.584255,-1.097643,4.878030,0.000000,-0.799785,1.840161,0.254024,-0.945884,4.909702,-0.060409,0.020000,-0.030000,0.050000,0.100000,-0.200000,0.100000,0.023924,-0.032406,-0.003090,0.138628,-0.220542,0.118993
3.589189,-1.109674,4.875308,0.000000,-0.810077,1.826974,0.254218,-0.956786,4.907404,-0.060472,0.020000,-0.030000,0.050000,0.100000,-0.200000,0.100000,0.023924,-0.032406,-0.003090,0.138628,-0.220542,0.118993
3.593973,-1.121332,4.872639,0.000000,-0.820041,1.814141,0.254403,-0.967346,4.905152,-0.060534,0.020000,-0.030000,0.050000,0.100000,-0.200000,0.100000,0.023924,-0.032406,-0.003090,0.138628,-0.220542,0.118993
3.599235,-1.134148,4.869672,0.000000,-0.830983,1.799972,0.254603,-0.978948,4.902648,-0.060603,0.020000,-0.030000,0.050000,0.100000,-0.200000,0.100000,0.023924,-0.032406,-0.003090,0.138628,-0.220542,0.118993
3.604342,-1.146579,4.866760,0.000000,-0.841587,1.786168,0.254794,-0.990198,4.900190,-0.060672,0.020000,-0.030000,0.050000,0.100000,-0.200000,0.100000,0.023924,-0.032406,-0.003090,0.138628,-0.220542,0.118993
3.609788,-1.159827,4.863620,0.000000,-0.852875,1.771386,0.254998,-1.002181,4.897538,-0.060744,0.020000,-0.030000,0.050000,0.100000,-0.200000,0.100000,0.023924,-0.032406,-0.003090,0.138628,-0.220542,0.118993
3.615011,-1.172525,4.860575,0.000000,-0.863682,1.757151,0.255191,-1.013661,4.894963,-0.060813,0.020000,-0.030000,0.050000,0.100000,-0.200000,0.100000,0.023924,-0.032406,-0.003090,0.138628,-0.220542,0.118993
3.620334,-1.185457,4.857437,0.000000,-0.874676,1.742587,0.255385,-1.025347,4.892310,-0.060885,0.020000,-0.030000,0.050000,0.100000,-0.200000,0.100000,0.023924,-0.032406,-0.003090,0.138628,-0.220542,0.118993
3.625030,-1.196860,4.854640,0.000000,-0.884362,1.729689,0.255553,-1.035647,4.889944,-0.060949,0.020000,-0.030000,0.050000,0.100000,-0.200000,0.100000,0.023924,-0.032406,-0.003090,0.138628,-0.220542,0.118993
3.629614,-1.207982,4.851884,0.000000,-0.893801,1.717058,0.255716,-1.045691,4.887613,-0.061012,0.020000,-0.030000,0.050000,0.100000,-0.200000,0.100000,0.023924,-0.032406,-0.003090,0.138628,-0.220542,0.118993
3.634745,-1.220427,4.848769,0.000000,-0.904352,1.702867,0.255898,-1.056923,4.884978,-0.061081,0.020000,-0.030000,0.050000,0.100000,-0.200000,0.100000,0.023924,-0.032406,-0.003090,0.138628,-0.220542,0.118993
3.639298,-1.231462,4.845978,0.000000,-0.913699,1.690230,0.256059,-1.066881,4.882617,-0.061142,0.020000,-0.030000,0.050000,0.100000,-0.200000,0.100000,0.023924,-0.032406,-0.003090,0.138628,-0.220542,0.118993
3.644558,-1.244202,4.842723,0.000000,-0.924480,1.675578,0.256245,-1.078372,4.879862,-0.061210,0.020000,-0.030000,0.050000,0.100000,-0.200000,0.100000,0.023924,-0.032406,-0.003090,0.138628,-0.220542,0.118993
3.649731,-1.256722,4.839489,0.000000,-0.935063,1.661114,0.256427,-1.126189,4.890183,-0.046646,0.020000,-0.030000,0.050000,0.100000,-0.200000,0.100000,0.024849,-0.031391,-0.000972,0.130311,-0.209132,0.115693
3.655013,-1.269500,4.836152,0.000000,-0.945851,1.646288,0.256611,-1.137989,4.887438,-0.046668,0.020000,-0.030000,0.050000,0.100000,-0.200000,0.100000,0.024849,-0.031391,-0.000972,0.130311,-0.209132,0.115693
3.660353,-1.282409,4.832745,0.000000,-0.956737,1.631241,0.256794,-1.149906,4.884634,-0.046690,0.020000,-0.030000,0.050000,0.100000,-0.200000,0.100000,0.024849,-0.031391,-0.000972,0.130311,-0.209132,0.115693
3.665098,-1.293869,4.829690,0.000000,-0.966391,1.617826,0.256955,-1.160482,4.882119,-0.046711,0.020000,-0.030000,0.050000,0.100000,-0.200000,0.100000,0.024849,-0.031391,-0.000972,0.130311,-0.209132,0.115693
3.670185,-1.306150,4.826383,0.000000,-0.976724,1.603391,0.257125,-1.171810,4.879398,-0.046734,0.020000,-0.030000,0.050000,0.100000,-0.200000,0.100000,0.024849,-0.031391,-0.000972,0.130311,-0.209132,0.115693
3.675483,-1.318930,4.822906,0.000000,-0.987463,1.588305,0.257299,-1.183592,4.876535,-0.046758,0.020000,-0.030000,0.050000,0.100000,-0.200000,0.100000,0.024849,-0.031391,-0.000972,0.130311,-0.209132,0.115693
3.680812,-1.331777,4.819374,0.000000,-0.998246,1.573068,0.257473,-1.195433,4.873626,-0.046781,0.020000,-0.030000,0.050000,0.100000,-0.200000,0.100000,0.024849,-0.031391,-0.000972,0.130311,-0.209132,0.115693
3.685905,-1.344045,4.815967,0.000000,-1.008532,1.558453,0.257638,-1.206737,4.870816,-0.046804,0.020000,-0.030000,0.050000,0.100000,-0.200000,0.100000,0.024849,-0.031391,-0.000972,0.130311,-0.209132,0.115693
3.690810,-1.355852,4.812657,0.000000,-1.018423,1.544327,0.257795,-1.217615,4.868085,-0.046825,0.020000,-0.030000,0.050000,0.100000,-0.200000,0.100000,0.024849,-0.031391,-0.000972,0.130311,-0.209132,0.115693
3.696019,-1.368381,4.809109,0.000000,-1.028907,1.529275,0.257958,-1.229154,4.865159,-0.046850,0.020000,-0.030000,0.050000,0.100000,-0.200000,0.100000,0.024849,-0.031391,-0.000972,0.130311,-0.209132,0.115693
3.701078,-1.380543,4.805632,0.000000,-1.039071,1.514602,0.258114,-1.240349,4.862291,-0.046875,0.020000,-0.030000,0.050000,0.100000,-0.200000,0.100000,0.024849,-0.031391,-0.000972,0.130311,-0.209132,0.115693
3.705638,-1.391496,4.802472,0.000000,-1.048215,1.501332,0.258252,-1.250429,4.859683,-0.046897,0.020000,-0.030000,0.050000,0.100000,-0.200000,0.100000,0.024849,-0.031391,-0.000972,0.130311,-0.209132,0.115693
3.711045,-1.404474,4.798693,0.000000,-1.059037,1.485543,0.258415,-1.262368,4.856562,-0.046924,0.020000,-0.030000,0.050000,0.100000,-0.200000,0.100000,0.024849,-0.031391,-0.000972,0.130311,-0.209132,0.115693
3.715959,-1.416260,4.795228,0.000000,-1.068853,1.471143,0.258562,-1.273206,4.853701,-0.046948,0.020000,-0.030000,0.050000,0.100000,-0.200000,0.100000,0.024849,-0.031391,-0.000972,0.130311,-0.209132,0.115693
3.720993,-1.428324,4.791648,0.000000,-1.078888,1.456340,0.258710,-1.284295,4.850744,-0.046972,0.020000,-0.030000,0.050000,0.100000,-0.200000,0.100000,0.024849,-0.031391,-0.000972,0.130311,-0.209132,0.115693
3.725664,-1.439512,4.788299,0.000000,-1.088183,1.442556,0.258845,-1.294574,4.847976,-0.046995,0.020000,-0.030000,0.050000,0.100000,-0.200000,0.100000,0.024849,-0.031391,-0.000972,0.130311,-0.209132,0.115693
3.730788,-1.451775,4.784595,0.000000,-1.098359,1.427384,0.258989,-1.305837,4.844911,-0.047023,0.020000,-0.030000,0.050000,0.100000,-0.200000,0.100000,0.024849,-0.031391,-0.000972,0.130311,-0.209132,0.115693
3.735329,-1.462634,4.781287,0.000000,-1.107358,1.413894,0.259115,-1.315806,4.842173,-0.047047,0.020000,-0.030000,0.050000,0.100000,-0.200000,0.100000,0.024849,-0.031391,-0.000972,0.130311,-0.209132,0.115693
3.740522,-1.475043,4.777473,0.000000,-1.117630,1.398416,0.259258,-1.327193,4.839016,-0.047074,0.020000,-0.030000,0.050000,0.100000,-0.200000,0.100000,0.024849,-0.031391,-0.000972,0.130311,-0.209132,0.115693
3.745974,-1.488063,4.773434,0.000000,-1.128395,1.382103,0.259406,-1.339138,4.835670,-0.047102,0.020000,-0.030000,0.050000,0.100000,-0.200000,0.100000,0.024849,-0.031391,-0.000972,0.130311,-0.209132,0.115693
3.750778,-1.499524,4.769846,0.000000,-1.137861,1.367681,0.259534,-1.349650,4.832696,-0.047128,0.020000,-0.030000,0.050000,0.100000,-0.200000,0.100000,0.024849,-0.031391,-0.000972,0.130311,-0.209132,0.115693
3.755713,-1.511288,4.766131,0.000000,-1.147567,1.352816,0.259663,-1.360437,4.829617,-0.047155,0.020000,-0.030000,0.050000,0.100000,-0.200000,0.100000,0.024849,-0.031391,-0.000972,0.130311,-0.209132,0.115693
3.760820,-1.523454,4.762257,0.000000,-1.157594,1.337382,0.259795,-1.371591,4.826404,-0.047183,0.020000,-0.030000,0.050000,0.100000,-0.200000,0.100000,0.024849,-0.031391,-0.000972,0.130311,-0.209132,0.115693
3.765642,-1.534931,4.758570,0.000000,-1.167043,1.322761,0.259919,-1.382110,4.823347,-0.047208,0.020000,-0.030000,0.050000,0.100000,-0.200000,0.100000,0.024849,-0.031391,-0.000972,0.130311,-0.209132,0.115693
3.770949,-1.547553,4.754480,0.000000,-1.177420,1.306613,0.260054,-1.393674,4.819954,-0.047235,0.020000,-0.030000,0.050000,0.100000,-0.200000,0.100000,0.024849,-0.031391,-0.000972,0.130311,-0.209132,0.115693
3.775801,-1.559082,4.750712,0.000000,-1.186887,1.291800,0.260175,-1.404232,4.816827,-0.047260,0.020000,-0.030000,0.050000,0.100000,-0.200000,0.100000,0.024849,-0.031391,-0.000972,0.130311,-0.209132,0.115693
3.780835,-1.571035,4.746772,0.000000,-1.196690,1.276379,0.260299,-1.415174,4.813555,-0.047286,0.020000,-0.030000,0.050000,0.100000,-0.200000,0.100000,0.024849,-0.031391,-0.000972,0.130311,-0.209132,0.115693
3.786055,-1.583420,4.742656,0.000000,-1.206834,1.260334,0.260426,-1.426508,4.810136,-0.047312,0.020000,-0.030000,0.050000,0.100000,-0.200000,0.100000,0.024849,-0.031391,-0.000972,0.130311,-0.209132,0.115693
3.790700,-1.594430,4.738965,0.000000,-1.215844,1.246009,0.260539,-1.436584,4.807068,-0.047333,0.020000,-0.030000,0.050000,0.100000,-0.200000,0.100000,0.024849,-0.031391,-0.000972,0.130311,-0.209132,0.115693
3.795917,-1.606784,4.734791,0.000000,-1.225942,1.229871,0.260664,-1.447885,4.803599,-0.047358,0.020000,-0.030000,0.050000,0.100000,-0.200000,0.100000,0.024849,-0.031391,-0.000972,0.130311,-0.209132,0.115693
3.800872,-1.618510,4.730795,0.000000,-1.235513,1.214492,0.260779,-1.458608,4.800279,-0.047383,0.020000,-0.030000,0.050000,0.100000,-0.200000,0.100000,0.024849,-0.031391,-0.000972,0.130311,-0.209132,0.115693
3.806158,-1.631008,4.726501,0.000000,-1.245700,1.198031,0.260901,-1.470031,4.796711,-0.047409,0.020000,-0.030000,0.050000,0.100000,-0.200000,0.100000,0.024849,-0.031391,-0.000972,0.130311,-0.209132,0.115693
3.811599,-1.643860,4.722047,0.000000,-1.256160,1.181031,0.261025,-1.481772,4.793010,-0.047434,0.020000,-0.030000,0.050000,0.100000,-0.200000,0.100000,0.024849,-0.031391,-0.000972,0.130311,-0.209132,0.115693
3.816493,-1.655410,4.718010,0.000000,-1.265547,1.165688,0.261135,-1.492319,4.789655,-0.047456,0.020000,-0.030000,0.050000,0.100000,-0.200000,0.100000,0.024849,-0.031391,-0.000972,0.130311,-0.209132,0.115693
3.821870,-1.668090,4.713542,0.000000,-1.275839,1.148771,0.261253,-1.503894,4.785939,-0.047482,0.020000,-0.030000,0.050000,0.100000,-0.200000,0.100000,0.024849,-0.031391,-0.000972,0.130311,-0.209132,0.115693
3.826943,-1.680041,4.709295,0.000000,-1.285526,1.132757,0.261363,-1.514799,4.782406,-0.047505,0.020000,-0.030000,0.050000,0.100000,-0.200000,0.100000,0.024849,-0.031391,-0.000972,0.130311,-0.209132,0.115693
3.832160,-1.692319,4.704897,0.000000,-1.295464,1.116234,0.261476,-1.525998,4.778745,-0.047527,0.020000,-0.030000,0.050000,0.100000,-0.200000,0.100000,0.024849,-0.031391,-0.000972,0.130311,-0.209132,0.115693
3.837409,-1.704661,4.700439,0.000000,-1.305440,1.099555,0.261589,-1.537250,4.775033,-0.047548,0.020000,-0.030000,0.050000,0.100000,-0.200000,0.100000,0.024849,-0.031391,-0.000972,0.130311,-0.209132,0.115693
3.842152,-1.715802,4.696384,0.000000,-1.314433,1.084438,0.261689,-1.547404,4.771657,-0.047567,0.020000,-0.030000,0.050000,0.100000,-0.200000,0.100000,0.024849,-0.031391,-0.000972,0.130311,-0.209132,0.115693
3.847393,-1.728103,4.691872,0.000000,-1.324350,1.067679,0.261796,-1.558613,4.767900,-0.047589,0.020000,-0.030000,0.050000,0.100000,-0.200000,0.100000,0.024849,-0.031391,-0.000972,0.130311,-0.209132,0.115693
3.852129,-1.739209,4.687766,0.000000,-1.333293,1.052486,0.261891,-1.625348,4.689400,-0.015657,0.020000,-0.030000,0.050000,0.100000,-0.200000,0.100000,0.022551,-0.028933,0.004372,0.103519,-0.220574,0.105499
3.857309,-1.751344,4.683246,0.000000,-1.343049,1.035820,0.261994,-1.636742,4.685074,-0.015628,0.020000,-0.030000,0.050000,0.100000,-0.200000,0.100000,0.022551,-0.028933,0.004372,0.103519,-0.220574,0.105499
3.862541,-1.763590,4.678648,0.000000,-1.352880,1.018934,0.262096,-1.648237,4.680677,-0.015597,0.020000,-0.030000,0.050000,0.100000,-0.200000,0.100000,0.022551,-0.028933,0.004372,0.103519,-0.220574,0.105499
3.867411,-1.774978,4.674340,0.000000,-1.362010,1.003167,0.262191,-1.658925,4.676559,-0.015568,0.020000,-0.030000,0.050000,0.100000,-0.200000,0.100000,0.022551,-0.028933,0.004372,0.103519,-0.220574,0.105499
3.872280,-1.786353,4.670005,0.000000,-1.371119,0.987357,0.262283,-1.669599,4.672416,-0.015539,0.020000,-0.030000,0.050000,0.100000,-0.200000,0.100000,0.022551,-0.028933,0.004372,0.103519,-0.220574,0.105499
3.876920,-1.797181,4.665848,0.000000,-1.379779,0.972248,0.262369,-1.679757,4.668445,-0.015511,0.020000,-0.030000,0.050000,0.100000,-0.200000,0.100000,0.022551,-0.028933,0.004372,0.103519,-0.220574,0.105499
3.881577,-1.808041,4.661651,0.000000,-1.388453,0.957037,0.262455,-1.689943,4.664434,-0.015483,0.020000,-0.030000,0.050000,0.100000,-0.200000,0.100000,0.022551,-0.028933,0.004372,0.103519,-0.220574,0.105499
3.886978,-1.820623,4.656751,0.000000,-1.398488,0.939344,0.262552,-1.701740,4.659755,-0.015451,0.020000,-0.030000,0.050000,0.100000,-0.200000,0.100000,0.022551,-0.028933,0.004372,0.103519,-0.220574,0.105499
3.892111,-1.832568,4.652064,0.000000,-1.408001,0.922477,0.262642,-1.712938,4.655282,-0.015420,0.020000,-0.030000,0.050000,0.100000,-0.200000,0.100000,0.022551,-0.028933,0.004372,0.103519,-0.220574,0.105499
3.897335,-1.844712,4.647261,0.000000,-1.417659,0.905258,0.262731,-1.724319,4.650700,-0.015390,0.020000,-0.030000,0.050000,0.100000,-0.200000,0.100000,0.022551,-0.028933,0.004372,0.103519,-0.220574,0.105499
3.901982,-1.855507,4.642962,0.000000,-1.426231,0.889892,0.262807,-1.734433,4.646599,-0.015365,0.020000,-0.030000,0.050000,0.100000,-0.200000,0.100000,0.022551,-0.028933,0.004372,0.103519,-0.220574,0.105499
3.906917,-1.866957,4.638370,0.000000,-1.435311,0.873532,0.262886,-1.745156,4.642222,-0.015338,0.020000,-0.030000,0.050000,0.100000,-0.200000,0.100000,0.022551,-0.028933,0.004372,0.103519,-0.220574,0.105499
3.911650,-1.877929,4.633938,0.000000,-1.443999,0.857794,0.262961,-1.755430,4.637999,-0.015311,0.020000,-0.030000,0.050000,0.100000,-0.200000,0.100000,0.022551,-0.028933,0.004372,0.103519,-0.220574,0.105499
3.916745,-1.889727,4.629139,0.000000,-1.453328,0.840805,0.263040,-1.766475,4.633426,-0.015282,0.020000,-0.030000,0.050000,0.100000,-0.200000,0.100000,0.022551,-0.028933,0.004372,0.103519,-0.220574,0.105499
3.921812,-1.901450,4.624337,0.000000,-1.462583,0.823854,0.263116,-1.777445,4.628849,-0.015254,0.020000,-0.030000,0.050000,0.100000,-0.200000,0.100000,0.022551,-0.028933,0.004372,0.103519,-0.220574,0.105499
3.926968,-1.913364,4.619420,0.000000,-1.471975,0.806556,0.263191,-1.788591,4.624166,-0.015225,0.020000,-0.030000,0.050000,0.100000,-0.200000,0.100000,0.022551,-0.028933,0.004372,0.103519,-0.220574,0.105499
3.931525,-1.923884,4.615048,0.000000,-1.480258,0.791223,0.263256,-1.798432,4.620002,-0.015199,0.020000,-0.030000,0.050000,0.100000,-0.200000,0.100000,0.022551,-0.028933,0.004372,0.103519,-0.220574,0.105499
3.936795,-1.936039,4.609962,0.000000,-1.489814,0.773437,0.263329,-1.809800,4.615159,-0.015171,0.020000,-0.030000,0.050000,0.100000,-0.200000,0.100000,0.022551,-0.028933,0.004372,0.103519,-0.220574,0.105499
3.941297,-1.946410,4.605593,0.000000,-1.497955,0.758203,0.263389,-1.819496,4.610999,-0.015146,0.020000,-0.030000,0.050000,0.100000,-0.200000,0.100000,0.022551,-0.028933,0.004372,0.103519,-0.220574,0.105499
3.945904,-1.957014,4.601097,0.000000,-1.506268,0.742568,0.263449,-1.829409,4.606718,-0.015121,0.020000,-0.030000,0.050000,0.100000,-0.200000,0.100000,0.022551,-0.028933,0.004372,0.103519,-0.220574,0.105499
3.950961,-1.968643,4.596134,0.000000,-1.515374,0.725356,0.263513,-1.840278,4.601992,-0.015093,0.020000,-0.030000,0.050000,0.100000,-0.200000,0.100000,0.022551,-0.028933,0.004372,0.103519,-0.220574,0.105499
3.955875,-1.979929,4.591283,0.000000,-1.524199,0.708584,0.263571,-1.850826,4.597375,-0.015068,0.020000,-0.030000,0.050000,0.100000,-0.200000,0.100000,0.022551,-0.028933,0.004372,0.103519,-0.220574,0.105499
3.960975,-1.991629,4.586220,0.000000,-1.533334,0.691128,0.263628,-1.861759,4.592557,-0.015044,0.020000,-0.030000,0.050000,0.100000,-0.200000,0.100000,0.022551,-0.028933,0.004372,0.103519,-0.220574,0.105499
3.966191,-2.003584,4.581010,0.000000,-1.542653,0.673220,0.263683,-1.872925,4.587599,-0.015021,0.020000,-0.030000,0.050000,0.100000,-0.200000,0.100000,0.022551,-0.028933,0.004372,0.103519,-0.220574,0.105499
3.971091,-2.014802,4.576087,0.000000,-1.551385,0.656345,0.263731,-1.883403,4.582915,-0.015000,0.020000,-0.030000,0.050000,0.100000,-0.200000,0.100000,0.022551,-0.028933,0.004372,0.103519,-0.220574,0.105499
3.975706,-2.025355,4.571426,0.000000,-1.559588,0.640412,0.263774,-1.893257,4.578480,-0.014981,0.020000,-0.030000,0.050000,0.100000,-0.200000,0.100000,0.022551,-0.028933,0.004372,0.103519,-0.220574,0.105499
3.980240,-2.035713,4.566823,0.000000,-1.567627,0.624715,0.263816,-1.902926,4.574101,-0.014961,0.020000,-0.030000,0.050000,0.100000,-0.200000,0.100000,0.022551,-0.028933,0.004372,0.103519,-0.220574,0.105499
3.984955,-2.046475,4.562011,0.000000,-1.575968,0.608346,0.263858,-1.912970,4.569522,-0.014940,0.020000,-0.030000,0.050000,0.100000,-0.200000,0.100000,0.022551,-0.028933,0.004372,0.103519,-0.220574,0.105499
3.990071,-2.058138,4.556761,0.000000,-1.584993,0.590535,0.263902,-1.923853,4.564528,-0.014917,0.020000,-0.030000,0.050000,0.100000,-0.200000,0.100000,0.022551,-0.028933,0.004372,0.103519,-0.220574,0.105499
3.995031,-2.069432,4.551643,0.000000,-1.593718,0.573221,0.263943,-1.934386,4.559661,-0.014895,0.020000,-0.030000,0.050000,0.100000,-0.200000,0.100000,0.022551,-0.028933,0.004372,0.103519,-0.220574,0.105499
4.000345,-2.081520,4.546128,0.000000,-1.603039,0.554613,0.263985,-1.945657,4.554416,-0.014871,0.020000,-0.030000,0.050000,0.100000,-0.200000,0.100000,0.022551,-0.028933,0.004372,0.103519,-0.220574,0.105499
4.005041,-2.092186,4.541228,0.000000,-1.611250,0.538127,0.264020,-1.955599,4.549758,-0.014849,0.020000,-0.030000,0.050000,0.100000,-0.200000,0.100000,0.022551,-0.028933,0.004372,0.103519,-0.220574,0.105499
4.009986,-2.103410,4.536041,0.000000,-1.619875,0.520717,0.264056,-1.966056,4.544829,-0.014827,0.020000,-0.030000,0.050000,0.100000,-0.200000,0.100000,0.022551,-0.028933,0.004372,0.103519,-0.220574,0.105499
4.014510,-2.113664,4.531272,0.000000,-1.627743,0.504751,0.264087,-1.975607,4.540299,-0.014805,0.020000,-0.030000,0.050000,0.100000,-0.200000,0.100000,0.022551,-0.028933,0.004372,0.103519,-0.220574,0.105499
4.019581,-2.125147,4.525898,0.000000,-1.636538,0.486805,0.264122,-1.986299,4.535195,-0.014780,0.020000,-0.030000,0.050000,0.100000,-0.200000,0.100000,0.022551,-0.028933,0.004372,0.103519,-0.220574,0.105499
4.024748,-2.136832,4.520392,0.000000,-1.645473,0.468468,0.264157,-1.997176,4.529968,-0.014753,0.020000,-0.030000,0.050000,0.100000,-0.200000,0.100000,0.022551,-0.028933,0.004372,0.103519,-0.220574,0.105499
4.029600,-2.147791,4.515196,0.000000,-1.653838,0.451204,0.264186,-2.007374,4.525035,-0.014728,0.020000,-0.030000,0.050000,0.100000,-0.200000,0.100000,0.022551,-0.028933,0.004372,0.103519,-0.220574,0.105499
4.034790,-2.159502,4.509607,0.000000,-1.662762,0.432682,0.264215,-2.018268,4.519731,-0.014704,0.020000,-0.030000,0.050000,0.100000,-0.200000,0.100000,0.022551,-0.028933,0.004372,0.103519,-0.220574,0.105499
4.039418,-2.169931,4.504598,0.000000,-1.670694,0.416124,0.264236,-2.027966,4.514978,-0.014683,0.020000,-0.030000,0.050000,0.100000,-0.200000,0.100000,0.022551,-0.028933,0.004372,0.103519,-0.220574,0.105499
4.044752,-2.181936,4.498795,0.000000,-1.679810,0.396988,0.264258,-2.039127,4.509474,-0.014661,0.020000,-0.030000,0.050000,0.100000,-0.200000,0.100000,0.022551,-0.028933,0.004372,0.103519,-0.220574,0.105499
4.049337,-2.192245,4.493780,0.000000,-1.687624,0.380494,0.264275,-2.048707,4.504719,-0.014643,0.020000,-0.030000,0.050000,0.100000,-0.200000,0.100000,0.022551,-0.028933,0.004372,0.103519,-0.220574,0.105499
4.054574,-2.204004,4.488025,0.000000,-1.696524,0.361606,0.264292,-2.117100,4.484604,-0.039808,0.020000,-0.030000,0.050000,0.100000,-0.200000,0.100000,0.022362,-0.027345,0.008410,0.085852,-0.215464,0.106602
4.059876,-2.215894,4.482166,0.000000,-1.705505,0.342429,0.264308,-2.128543,4.478890,-0.039871,0.020000,-0.030000,0.050000,0.100000,-0.200000,0.100000,0.022362,-0.027345,0.008410,0.085852,-0.215464,0.106602
4.065341,-2.228134,4.476094,0.000000,-1.714733,0.322604,0.264322,-2.140320,4.472968,-0.039936,0.020000,-0.030000,0.050000,0.100000,-0.200000,0.100000,0.022362,-0.027345,0.008410,0.085852,-0.215464,0.106602
4.070236,-2.239081,4.470628,0.000000,-1.722970,0.304799,0.264333,-2.150852,4.467638,-0.039995,0.020000,-0.030000,0.050000,0.100000,-0.200000,0.100000,0.022362,-0.027345,0.008410,0.085852,-0.215464,0.106602
4.075251,-2.250285,4.464999,0.000000,-1.731386,0.286508,0.264342,-2.161629,4.462150,-0.040056,0.020000,-0.030000,0.050000,0.100000,-0.200000,0.100000,0.022362,-0.027345,0.008410,0.085852,-0.215464,0.106602
4.079988,-2.260854,4.459657,0.000000,-1.739311,0.269187,0.264348,-2.171795,4.456943,-0.040113,0.020000,-0.030000,0.050000,0.100000,-0.200000,0.100000,0.022362,-0.027345,0.008410,0.085852,-0.215464,0.106602
4.084873,-2.271741,4.454121,0.000000,-1.747458,0.251278,0.264354,-2.182263,4.451549,-0.040171,0.020000,-0.030000,0.050000,0.100000,-0.200000,0.100000,0.022362,-0.027345,0.008410,0.085852,-0.215464,0.106602
4.089975,-2.283095,4.448312,0.000000,-1.755940,0.232524,0.264358,-2.193179,4.445887,-0.040232,0.020000,-0.030000,0.050000,0.100000,-0.200000,0.100000,0.022362,-0.027345,0.008410,0.085852,-0.215464,0.106602
4.094841,-2.293911,4.442744,0.000000,-1.764001,0.214592,0.264361,-2.203573,4.440462,-0.040289,0.020000,-0.030000,0.050000,0.100000,-0.200000,0.100000,0.022362,-0.027345,0.008410,0.085852,-0.215464,0.106602
4.099865,-2.305064,4.436967,0.000000,-1.772299,0.196027,0.264362,-2.214290,4.434835,-0.040348,0.020000,-0.030000,0.050000,0.100000,-0.200000,0.100000,0.022362,-0.027345,0.008410,0.085852,-0.215464,0.106602
4.104708,-2.315801,4.431373,0.000000,-1.780273,0.178089,0.264360,-2.224607,4.429387,-0.040406,0.020000,-0.030000,0.050000,0.100000,-0.200000,0.100000,0.022362,-0.027345,0.008410,0.085852,-0.215464,0.106602
4.109470,-2.326346,4.425846,0.000000,-1.788090,0.160407,0.264358,-2.234737,4.424008,-0.040462,0.020000,-0.030000,0.050000,0.100000,-0.200000,0.100000,0.022362,-0.027345,0.008410,0.085852,-0.215464,0.106602
4.114754,-2.338031,4.419684,0.000000,-1.796737,0.140735,0.264354,-2.245963,4.418012,-0.040524,0.020000,-0.030000,0.050000,0.100000,-0.200000,0.100000,0.022362,-0.027345,0.008410,0.085852,-0.215464,0.106602
4.120065,-2.349760,4.413460,0.000000,-1.805399,0.120908,0.264346,-2.257229,4.411956,-0.040588,0.020000,-0.030000,0.050000,0.100000,-0.200000,0.100000,0.022362,-0.027345,0.008410,0.085852,-0.215464,0.106602
4.125513,-2.361773,4.407043,0.000000,-1.814250,0.100518,0.264335,-2.268764,4.405717,-0.040655,0.020000,-0.030000,0.050000,0.100000,-0.200000,0.100000,0.022362,-0.027345,0.008410,0.085852,-0.215464,0.106602
4.130801,-2.373416,4.400784,0.000000,-1.822809,0.080675,0.264320,-2.279941,4.399633,-0.040721,0.020000,-0.030000,0.050000,0.100000,-0.200000,0.100000,0.022362,-0.027345,0.008410,0.085852,-0.215464,0.106602
4.135686,-2.384158,4.394973,0.000000,-1.830691,0.062296,0.264307,-2.290252,4.393988,-0.040781,0.020000,-0.030000,0.050000,0.100000,-0.200000,0.100000,0.022362,-0.027345,0.008410,0.085852,-0.215464,0.106602
4.140472,-2.394668,4.389256,0.000000,-1.838389,0.044243,0.264292,-2.300342,4.388432,-0.040840,0.020000,-0.030000,0.050000,0.100000,-0.200000,0.100000,0.022362,-0.027345,0.008410,0.085852,-0.215464,0.106602
4.145160,-2.404951,4.383630,0.000000,-1.845908,0.026514,0.264275,-2.310212,4.382964,-0.040898,0.020000,-0.030000,0.050000,0.100000,-0.200000,0.100000,0.022362,-0.027345,0.008410,0.085852,-0.215464,0.106602
4.149716,-2.414930,4.378140,0.000000,-1.853191,0.009245,0.264257,-2.319790,4.377628,-0.040953,0.020000,-0.030000,0.050000,0.100000,-0.200000,0.100000,0.022362,-0.027345,0.008410,0.085852,-0.215464,0.106602
4.154614,-2.425644,4.372214,0.000000,-1.860994,-0.009366,0.264237,-2.330071,4.371867,-0.041013,0.020000,-0.030000,0.050000,0.100000,-0.200000,0.100000,0.022362,-0.027345,0.008410,0.085852,-0.215464,0.106602
4.159848,-2.437079,4.365850,0.000000,-1.869304,-0.029308,0.264213,-2.341040,4.365682,-0.041076,0.020000,-0.030000,0.050000,0.100000,-0.200000,0.100000,0.022362,-0.027345,0.008410,0.085852,-0.215464,0.106602
4.165081,-2.448493,4.359459,0.000000,-1.877579,-0.049296,0.264187,-2.351987,4.359470,-0.041139,0.020000,-0.030000,0.050000,0.100000,-0.200000,0.100000,0.022362,-0.027345,0.008410,0.085852,-0.215464,0.106602
4.170302,-2.459865,4.353052,0.000000,-1.885806,-0.069292,0.264162,-2.362891,4.353244,-0.041200,0.020000,-0.030000,0.050000,0.100000,-0.200000,0.100000,0.022362,-0.027345,0.008410,0.085852,-0.215464,0.106602
4.175716,-2.471641,4.346377,0.000000,-1.894307,-0.090083,0.264133,-2.374182,4.346759,-0.041263,0.020000,-0.030000,0.050000,0.100000,-0.200000,0.100000,0.022362,-0.027345,0.008410,0.085852,-0.215464,0.106602
4.180899,-2.482896,4.339957,0.000000,-1.902415,-0.110035,0.264103,-2.384972,4.340526,-0.041324,0.020000,-0.030000,0.050000,0.100000,-0.200000,0.100000,0.022362,-0.027345,0.008410,0.085852,-0.215464,0.106602
4.185606,-2.493103,4.334102,0.000000,-1.909753,-0.128198,0.264075,-2.394758,4.334842,-0.041379,0.020000,-0.030000,0.050000,0.100000,-0.200000,0.100000,0.022362,-0.027345,0.008410,0.085852,-0.215464,0.106602
4.191006,-2.504796,4.327355,0.000000,-1.918141,-0.149086,0.264040,-2.405966,4.328294,-0.041442,0.020000,-0.030000,0.050000,0.100000,-0.200000,0.100000,0.022362,-0.027345,0.008410,0.085852,-0.215464,0.106602
4.196389,-2.516433,4.320598,0.000000,-1.926470,-0.169964,0.264003,-2.417119,4.321738,-0.041506,0.020000,-0.030000,0.050000,0.100000,-0.200000,0.100000,0.022362,-0.027345,0.008410,0.085852,-0.215464,0.106602
4.201275,-2.526981,4.314437,0.000000,-1.934001,-0.188961,0.263967,-2.427226,4.315762,-0.041563,0.020000,-0.030000,0.050000,0.100000,-0.200000,0.100000,0.022362,-0.027345,0.008410,0.085852,-0.215464,0.106602
4.206050,-2.537275,4.308392,0.000000,-1.941335,-0.207570,0.263931,-2.437087,4.309900,-0.041620,0.020000,-0.030000,0.050000,0.100000,-0.200000,0.100000,0.022362,-0.027345,0.008410,0.085852,-0.215464,0.106602
4.210634,-2.547143,4.302565,0.000000,-1.948353,-0.225474,0.263895,-2.446541,4.304252,-0.041674,0.020000,-0.030000,0.050000,0.100000,-0.200000,0.100000,0.022362,-0.027345,0.008410,0.085852,-0.215464,0.106602
4.216029,-2.558740,4.295678,0.000000,-1.956582,-0.246596,0.263849,-2.457649,4.297578,-0.041739,0.020000,-0.030000,0.050000,0.100000,-0.200000,0.100000,0.022362,-0.027345,0.008410,0.085852,-0.215464,0.106602
4.220713,-2.568792,4.289674,0.000000,-1.963698,-0.264975,0.263807,-2.467276,4.291761,-0.041796,0.020000,-0.030000,0.050000,0.100000,-0.200000,0.100000,0.022362,-0.027345,0.008410,0.085852,-0.215464,0.106602
4.226167,-2.580482,4.282652,0.000000,-1.971955,-0.286434,0.263757,-2.478469,4.284959,-0.041861,0.020000,-0.030000,0.050000,0.100000,-0.200000,0.100000,0.022362,-0.027345,0.008410,0.085852,-0.215464,0.106602
4.231162,-2.591170,4.276194,0.000000,-1.979486,-0.306132,0.263710,-2.488702,4.278704,-0.041920,0.020000,-0.030000,0.050000,0.100000,-0.200000,0.100000,0.022362,-0.027345,0.008410,0.085852,-0.215464,0.106602
4.236408,-2.602378,4.269383,0.000000,-1.987364,-0.326873,0.263659,-2.499430,4.272108,-0.041981,0.020000,-0.030000,0.050000,0.100000,-0.200000,0.100000,0.022362,-0.027345,0.008410,0.085852,-0.215464,0.106602
4.241116,-2.612420,4.263245,0.000000,-1.994405,-0.345528,0.263613,-2.509039,4.266166,-0.042034,0.020000,-0.030000,0.050000,0.100000,-0.200000,0.100000,0.022362,-0.027345,0.008410,0.085852,-0.215464,0.106602
4.245838,-2.622478,4.257066,0.000000,-2.001440,-0.364279,0.263567,-2.518662,4.260187,-0.042087,0.020000,-0.030000,0.050000,0.100000,-0.200000,0.100000,0.022362,-0.027345,0.008410,0.085852,-0.215464,0.106602
4.250518,-2.632433,4.250917,0.000000,-2.008389,-0.382906,0.263520,-2.528184,4.254238,-0.042138,0.020000,-0.030000,0.050000,0.100000,-0.200000,0.100000,0.022362,-0.027345,0.008410,0.085852,-0.215464,0.106602
4.255318,-2.642627,4.244587,0.000000,-2.015490,-0.402052,0.263471,-2.527898,4.300813,-0.026972,0.020000,-0.030000,0.050000,0.100000,-0.200000,0.100000,0.024082,-0.027902,0.004524,0.096088,-0.203867,0.106962
4.260122,-2.652814,4.238228,0.000000,-2.022570,-0.421255,0.263421,-2.537611,4.294999,-0.026962,0.020000,-0.030000,0.050000,0.100000,-0.200000,0.100000,0.024082,-0.027902,0.004524,0.096088,-0.203867,0.106962
4.265299,-2.663776,4.231347,0.000000,-2.030172,-0.442000,0.263365,-2.548061,4.288709,-0.026951,0.020000,-0.030000,0.050000,0.100000,-0.200000,0.100000,0.024082,-0.027902,0.004524,0.096088,-0.203867,0.106962
4.269999,-2.673714,4.225074,0.000000,-2.037047,-0.460878,0.263313,-2.557535,4.282977,-0.026940,0.020000,-0.030000,0.050000,0.100000,-0.200000,0.100000,0.024082,-0.027902,0.004524,0.096088,-0.203867,0.106962
4.274779,-2.683803,4.218673,0.000000,-2.044012,-0.480113,0.263261,-2.567153,4.277129,-0.026928,0.020000,-0.030000,0.050000,0.100000,-0.200000,0.100000,0.024082,-0.027902,0.004524,0.096088,-0.203867,0.106962
4.279596,-2.693956,4.212197,0.000000,-2.051006,-0.499544,0.263208,-2.576832,4.271214,-0.026913,0.020000,-0.030000,0.050000,0.100000,-0.200000,0.100000,0.024082,-0.027902,0.004524,0.096088,-0.203867,0.106962
4.284737,-2.704774,4.205258,0.000000,-2.058442,-0.520326,0.263152,-2.587146,4.264878,-0.026895,0.020000,-0.030000,0.050000,0.100000,-0.200000,0.100000,0.024082,-0.027902,0.004524,0.096088,-0.203867,0.106962
4.289306,-2.714375,4.199067,0.000000,-2.065025,-0.538840,0.263101,-2.596299,4.259227,-0.026878,0.020000,-0.030000,0.050000,0.100000,-0.200000,0.100000,0.024082,-0.027902,0.004524,0.096088,-0.203867,0.106962
4.294142,-2.724521,4.192491,0.000000,-2.071966,-0.558477,0.263047,-2.605970,4.253226,-0.026859,0.020000,-0.030000,0.050000,0.100000,-0.200000,0.100000,0.024082,-0.027902,0.004524,0.096088,-0.203867,0.106962
4.299360,-2.735448,4.185370,0.000000,-2.079423,-0.579707,0.262986,-2.616384,4.246729,-0.026839,0.020000,-0.030000,0.050000,0.100000,-0.200000,0.100000,0.024082,-0.027902,0.004524,0.096088,-0.203867,0.106962
4.304523,-2.746245,4.178294,0.000000,-2.086770,-0.600768,0.262924,-2.626672,4.240275,-0.026819,0.020000,-0.030000,0.050000,0.100000,-0.200000,0.100000,0.024082,-0.027902,0.004524,0.096088,-0.203867,0.106962
4.309185,-2.755976,4.171882,0.000000,-2.093375,-0.619823,0.262864,-2.635944,4.234428,-0.026803,0.020000,-0.030000,0.050000,0.100000,-0.200000,0.100000,0.024082,-0.027902,0.004524,0.096088,-0.203867,0.106962
4.313882,-2.765767,4.165397,0.000000,-2.100006,-0.639066,0.262801,-2.645272,4.228515,-0.026787,0.020000,-0.030000,0.050000,0.100000,-0.200000,0.100000,0.024082,-0.027902,0.004524,0.096088,-0.203867,0.106962
4.318727,-2.775850,4.158684,0.000000,-2.106817,-0.658956,0.262733,-2.654878,4.222395,-0.026772,0.020000,-0.030000,0.050000,0.100000,-0.200000,0.100000,0.024082,-0.027902,0.004524,0.096088,-0.203867,0.106962
4.323729,-2.786242,4.151729,0.000000,-2.113819,-0.679534,0.262661,-2.664776,4.216056,-0.026757,0.020000,-0.030000,0.050000,0.100000,-0.200000,0.100000,0.024082,-0.027902,0.004524,0.096088,-0.203867,0.106962
4.328529,-2.796198,4.145031,0.000000,-2.120510,-0.699325,0.262591,-2.674258,4.209951,-0.026741,0.020000,-0.030000,0.050000,0.100000,-0.200000,0.100000,0.024082,-0.027902,0.004524,0.096088,-0.203867,0.106962
4.334006,-2.807537,4.137358,0.000000,-2.128110,-0.721959,0.262509,-2.685057,4.202959,-0.026722,0.020000,-0.030000,0.050000,0.100000,-0.200000,0.100000,0.024082,-0.027902,0.004524,0.096088,-0.203867,0.106962
4.338930,-2.817715,4.130434,0.000000,-2.134911,-0.742357,0.262434,-2.694748,4.196648,-0.026704,0.020000,-0.030000,0.050000,0.100000,-0.200000,0.100000,0.024082,-0.027902,0.004524,0.096088,-0.203867,0.106962
4.344204,-2.828599,4.122988,0.000000,-2.142164,-0.764258,0.262352,-2.705109,4.189863,-0.026685,0.020000,-0.030000,0.050000,0.100000,-0.200000,0.100000,0.024082,-0.027902,0.004524,0.096088,-0.203867,0.106962
4.348958,-2.838390,4.116253,0.000000,-2.148672,-0.784040,0.262277,-2.714430,4.183726,-0.026667,0.020000,-0.030000,0.050000,0.100000,-0.200000,0.100000,0.024082,-0.027902,0.004524,0.096088,-0.203867,0.106962
4.353949,-2.848654,4.109157,0.000000,-2.155475,-0.804854,0.262195,-2.724199,4.177262,-0.026648,0.020000,-0.030000,0.050000,0.100000,-0.200000,0.100000,0.024082,-0.027902,0.004524,0.096088,-0.203867,0.106962
4.358581,-2.858162,4.102549,0.000000,-2.161758,-0.824209,0.262119,-2.733246,4.171243,-0.026630,0.020000,-0.030000,0.050000,0.100000,-0.200000,0.100000,0.024082,-0.027902,0.004524,0.096088,-0.203867,0.106962
4.363995,-2.869257,4.094797,0.000000,-2.169069,-0.846883,0.262027,-2.743802,4.164183,-0.026608,0.020000,-0.030000,0.050000,0.100000,-0.200000,0.100000,0.024082,-0.027902,0.004524,0.096088,-0.203867,0.106962
4.368891,-2.879273,4.087760,0.000000,-2.175650,-0.867435,0.261941,-2.753330,4.157777,-0.026590,0.020000,-0.030000,0.050000,0.100000,-0.200000,0.100000,0.024082,-0.027902,0.004524,0.096088,-0.203867,0.106962
4.373914,-2.889530,4.080517,0.000000,-2.182369,-0.888561,0.261852,-2.763085,4.151183,-0.026570,0.020000,-0.030000,0.050000,0.100000,-0.200000,0.100000,0.024082,-0.027902,0.004524,0.096088,-0.203867,0.106962
4.378616,-2.899116,4.073711,0.000000,-2.188631,-0.908384,0.261768,-2.772201,4.144988,-0.026550,0.020000,-0.030000,0.050000,0.100000,-0.200000,0.100000,0.024082,-0.027902,0.004524,0.096088,-0.203867,0.106962
4.383769,-2.909603,4.066228,0.000000,-2.195462,-0.930154,0.261674,-2.782172,4.138177,-0.026527,0.020000,-0.030000,0.050000,0.100000,-0.200000,0.100000,0.024082,-0.027902,0.004524,0.096088,-0.203867,0.106962
4.388397,-2.919004,4.059485,0.000000,-2.201567,-0.949744,0.261587,-2.791109,4.132040,-0.026507,0.020000,-0.030000,0.050000,0.100000,-0.200000,0.100000,0.024082,-0.027902,0.004524,0.096088,-0.203867,0.106962
4.393371,-2.929091,4.052212,0.000000,-2.208099,-0.970845,0.261494,-2.800698,4.125422,-0.026484,0.020000,-0.030000,0.050000,0.100000,-0.200000,0.100000,0.024082,-0.027902,0.004524,0.096088,-0.203867,0.106962
4.398563,-2.939599,4.044596,0.000000,-2.214884,-0.992915,0.261395,-2.810686,4.118493,-0.026460,0.020000,-0.030000,0.050000,0.100000,-0.200000,0.100000,0.024082,-0.027902,0.004524,0.096088,-0.203867,0.106962
4.403271,-2.949112,4.037665,0.000000,-2.221008,-1.012972,0.261304,-2.819727,4.112188,-0.026437,0.020000,-0.030000,0.050000,0.100000,-0.200000,0.100000,0.024082,-0.027902,0.004524,0.096088,-0.203867,0.106962
4.408037,-2.958726,4.030625,0.000000,-2.227177,-1.033318,0.261209,-2.828861,4.105785,-0.026415,0.020000,-0.030000,0.050000,0.100000,-0.200000,0.100000,0.024082,-0.027902,0.004524,0.096088,-0.203867,0.106962
4.412964,-2.968647,4.023324,0.000000,-2.233522,-1.054395,0.261107,-2.838283,4.099145,-0.026393,0.020000,-0.030000,0.050000,0.100000,-0.200000,0.100000,0.024082,-0.027902,0.004524,0.096088,-0.203867,0.106962
4.418205,-2.979181,4.015530,0.000000,-2.240236,-1.076861,0.260997,-2.848285,4.092059,-0.026369,0.020000,-0.030000,0.050000,0.100000,-0.200000,0.100000,0.024082,-0.027902,0.004524,0.096088,-0.203867,0.106962
4.423550,-2.989900,4.007555,0.000000,-2.247047,-1.099820,0.260883,-2.858463,4.084809,-0.026345,0.020000,-0.030000,0.050000,0.100000,-0.200000,0.100000,0.024082,-0.027902,0.004524,0.096088,-0.203867,0.106962
4.428274,-2.999358,4.000482,0.000000,-2.253038,-1.120157,0.260782,-2.867442,4.078381,-0.026322,0.020000,-0.030000,0.050000,0.100000,-0.200000,0.100000,0.024082,-0.027902,0.004524,0.096088,-0.203867,0.106962
4.433713,-3.010227,3.992309,0.000000,-2.259900,-1.143625,0.260664,-2.877760,4.070954,-0.026295,0.020000,-0.030000,0.050000,0.100000,-0.200000,0.100000,0.024082,-0.027902,0.004524,0.096088,-0.203867,0.106962
4.438721,-3.020213,3.984760,0.000000,-2.266182,-1.165274,0.260553,-2.887237,4.064095,-0.026269,0.020000,-0.030000,0.050000,0.100000,-0.200000,0.100000,0.024082,-0.027902,0.004524,0.096088,-0.203867,0.106962
4.443588,-3.029902,3.977398,0.000000,-2.272258,-1.186363,0.260443,-2.896431,4.057406,-0.026245,0.020000,-0.030000,0.050000,0.100000,-0.200000,0.100000,0.024082,-0.027902,0.004524,0.096088,-0.203867,0.106962
4.448863,-3.040382,3.969392,0.000000,-2.278808,-1.209266,0.260321,-2.906375,4.050133,-0.026219,0.020000,-0.030000,0.050000,0.100000,-0.200000,0.100000,0.024082,-0.027902,0.004524,0.096088,-0.203867,0.106962
4.453593,-3.049760,3.962192,0.000000,-2.284651,-1.229840,0.260208,-2.915272,4.043594,-0.026197,0.020000,-0.030000,0.050000,0.100000,-0.200000,0.100000,0.024082,-0.027902,0.004524,0.096088,-0.203867,0.106962
4.458238,-3.058955,3.955097,0.000000,-2.290361,-1.250086,0.260096,-2.928204,3.989153,0.004902,0.020000,-0.030000,0.050000,0.100000,-0.200000,0.100000,0.022496,-0.027860,0.009838,0.090588,-0.213041,0.101603
4.463500,-3.069349,3.947036,0.000000,-2.296796,-1.273062,0.259966,-2.938054,3.981532,0.004988,0.020000,-0.030000,0.050000,0.100000,-0.200000,0.100000,0.022496,-0.027860,0.009838,0.090588,-0.213041,0.101603
4.468682,-3.079566,3.939070,0.000000,-2.303097,-1.295738,0.259837,-2.947733,3.974002,0.005073,0.020000,-0.030000,0.050000,0.100000,-0.200000,0.100000,0.022496,-0.027860,0.009838,0.090588,-0.213041,0.101603
4.473299,-3.088652,3.931950,0.000000,-2.308682,-1.315983,0.259721,-2.956340,3.967273,0.005151,0.020000,-0.030000,0.050000,0.100000,-0.200000,0.100000,0.022496,-0.027860,0.009838,0.090588,-0.213041,0.101603
4.478134,-3.098148,3.924472,0.000000,-2.314500,-1.337222,0.259600,-2.965334,3.960207,0.005234,0.020000,-0.030000,0.050000,0.100000,-0.200000,0.100000,0.022496,-0.027860,0.009838,0.090588,-0.213041,0.101603
4.482732,-3.107162,3.917339,0.000000,-2.320006,-1.357457,0.259484,-2.973871,3.953469,0.005313,0.020000,-0.030000,0.050000,0.100000,-0.200000,0.100000,0.022496,-0.027860,0.009838,0.090588,-0.213041,0.101603
4.487410,-3.116317,3.910060,0.000000,-2.325579,-1.378087,0.259363,-2.982541,3.946592,0.005394,0.020000,-0.030000,0.050000,0.100000,-0.200000,0.100000,0.022496,-0.027860,0.009838,0.090588,-0.213041,0.101603
4.492757,-3.126759,3.901714,0.000000,-2.331913,-1.401712,0.259222,-2.992427,3.938709,0.005484,0.020000,-0.030000,0.050000,0.100000,-0.200000,0.100000,0.022496,-0.027860,0.009838,0.090588,-0.213041,0.101603
4.498228,-3.137419,3.893148,0.000000,-2.338353,-1.425933,0.259075,-3.002517,3.930620,0.005578,0.020000,-0.030000,0.050000,0.100000,-0.200000,0.100000,0.022496,-0.027860,0.009838,0.090588,-0.213041,0.101603
4.502753,-3.146221,3.886038,0.000000,-2.343651,-1.446011,0.258954,-3.010847,3.923908,0.005656,0.020000,-0.030000,0.050000,0.100000,-0.200000,0.100000,0.022496,-0.027860,0.009838,0.090588,-0.213041,0.101603
4.508170,-3.156734,3.877503,0.000000,-2.349955,-1.470088,0.258806,-3.020793,3.915851,0.005751,0.020000,-0.030000,0.050000,0.100000,-0.200000,0.100000,0.022496,-0.027860,0.009838,0.090588,-0.213041,0.101603
4.513248,-3.166570,3.869475,0.000000,-2.355828,-1.492709,0.258665,-3.030095,3.908275,0.005839,0.020000,-0.030000,0.050000,0.100000,-0.200000,0.100000,0.022496,-0.027860,0.009838,0.090588,-0.213041,0.101603
4.518746,-3.177194,3.860756,0.000000,-2.362147,-1.517246,0.258511,-3.040142,3.900049,0.005935,0.020000,-0.030000,0.050000,0.100000,-0.200000,0.100000,0.022496,-0.027860,0.009838,0.090588,-0.213041,0.101603
4.524199,-3.187708,3.852079,0.000000,-2.368373,-1.541633,0.258355,-3.050081,3.891866,0.006030,0.020000,-0.030000,0.050000,0.100000,-0.200000,0.100000,0.022496,-0.027860,0.009838,0.090588,-0.213041,0.101603
4.529047,-3.197036,3.844341,0.000000,-2.373873,-1.563358,0.258214,-3.058895,3.884569,0.006114,0.020000,-0.030000,0.050000,0.100000,-0.200000,0.100000,0.022496,-0.027860,0.009838,0.090588,-0.213041,0.101603
4.533771,-3.206108,3.836779,0.000000,-2.379201,-1.584570,0.258075,-3.067465,3.877438,0.006196,0.020000,-0.030000,0.050000,0.100000,-0.200000,0.100000,0.022496,-0.027860,0.009838,0.090588,-0.213041,0.101603
4.538307,-3.214802,3.829497,0.000000,-2.384288,-1.604974,0.257940,-3.075676,3.870573,0.006275,0.020000,-0.030000,0.050000,0.100000,-0.200000,0.100000,0.022496,-0.027860,0.009838,0.090588,-0.213041,0.101603
4.543381,-3.224506,3.821330,0.000000,-2.389944,-1.627836,0.257787,-3.084839,3.862874,0.006363,0.020000,-0.030000,0.050000,0.100000,-0.200000,0.100000,0.022496,-0.027860,0.009838,0.090588,-0.213041,0.101603
4.548528,-3.234330,3.813018,0.000000,-2.395648,-1.651077,0.257628,-3.094116,3.855041,0.006452,0.020000,-0.030000,0.050000,0.100000,-0.200000,0.100000,0.022496,-0.027860,0.009838,0.090588,-0.213041,0.101603
4.553415,-3.243638,3.805103,0.000000,-2.401031,-1.673184,0.257477,-3.102903,3.847585,0.006537,0.020000,-0.030000,0.050000,0.100000,-0.200000,0.100000,0.022496,-0.027860,0.009838,0.090588,-0.213041,0.101603
4.558850,-3.253965,3.796276,0.000000,-2.406978,-1.697813,0.257307,-3.112651,3.839272,0.006633,0.020000,-0.030000,0.050000,0.100000,-0.200000,0.100000,0.022496,-0.027860,0.009838,0.090588,-0.213041,0.101603
4.563873,-3.263490,3.788091,0.000000,-2.412437,-1.720624,0.257150,-3.121637,3.831565,0.006723,0.020000,-0.030000,0.050000,0.100000,-0.200000,0.100000,0.022496,-0.027860,0.009838,0.090588,-0.213041,0.101603
4.569345,-3.273842,3.779148,0.000000,-2.418345,-1.745523,0.256977,-3.131404,3.823146,0.006822,0.020000,-0.030000,0.050000,0.100000,-0.200000,0.100000,0.022496,-0.027860,0.009838,0.090588,-0.213041,0.101603
4.574514,-3.283597,3.770675,0.000000,-2.423885,-1.769086,0.256812,-3.140603,3.815171,0.006916,0.020000,-0.030000,0.050000,0.100000,-0.200000,0.100000,0.022496,-0.027860,0.009838,0.090588,-0.213041,0.101603
4.579279,-3.292573,3.762839,0.000000,-2.428958,-1.790854,0.256658,-3.149063,3.807799,0.007003,0.020000,-0.030000,0.050000,0.100000,-0.200000,0.100000,0.022496,-0.027860,0.009838,0.090588,-0.213041,0.101603
4.584100,-3.301633,3.754892,0.000000,-2.434056,-1.812910,0.256500,-3.157599,3.800324,0.007091,0.020000,-0.030000,0.050000,0.100000,-0.200000,0.100000,0.022496,-0.027860,0.009838,0.090588,-0.213041,0.101603
4.589232,-3.311257,3.746408,0.000000,-2.439448,-1.836431,0.256330,-3.166665,3.792347,0.007184,0.020000,-0.030000,0.050000,0.100000,-0.200000,0.100000,0.022496,-0.027860,0.009838,0.090588,-0.213041,0.101603
4.594211,-3.320574,3.738153,0.000000,-2.444643,-1.859295,0.256163,-3.175438,3.784588,0.007274,0.020000,-0.030000,0.050000,0.100000,-0.200000,0.100000,0.022496,-0.027860,0.009838,0.090588,-0.213041,0.101603
4.599317,-3.330106,3.729664,0.000000,-2.449934,-1.882781,0.255991,-3.184412,3.776613,0.007368,0.020000,-0.030000,0.050000,0.100000,-0.200000,0.100000,0.022496,-0.027860,0.009838,0.090588,-0.213041,0.101603
4.604162,-3.339131,3.721586,0.000000,-2.454920,-1.905108,0.255824,-3.192907,3.769025,0.007456,0.020000,-0.030000,0.050000,0.100000,-0.200000,0.100000,0.022496,-0.027860,0.009838,0.090588,-0.213041,0.101603
4.608884,-3.347910,3.713691,0.000000,-2.459750,-1.926908,0.255660,-3.201169,3.761611,0.007541,0.020000,-0.030000,0.050000,0.100000,-0.200000,0.100000,0.022496,-0.027860,0.009838,0.090588,-0.213041,0.101603
4.613878,-3.357171,3.705321,0.000000,-2.464824,-1.950001,0.255487,-3.209885,3.753753,0.007634,0.020000,-0.030000,0.050000,0.100000,-0.200000,0.100000,0.022496,-0.027860,0.009838,0.090588,-0.213041,0.101603
4.618913,-3.366490,3.696856,0.000000,-2.469905,-1.973329,0.255312,-3.218654,3.745809,0.007729,0.020000,-0.030000,0.050000,0.100000,-0.200000,0.100000,0.022496,-0.027860,0.009838,0.090588,-0.213041,0.101603
4.623573,-3.375093,3.689004,0.000000,-2.474574,-1.994952,0.255149,-3.226746,3.738440,0.007818,0.020000,-0.030000,0.050000,0.100000,-0.200000,0.100000,0.022496,-0.027860,0.009838,0.090588,-0.213041,0.101603
4.628284,-3.383774,3.681043,0.000000,-2.479263,-2.016854,0.254983,-3.234909,3.730972,0.007908,0.020000,-0.030000,0.050000,0.100000,-0.200000,0.100000,0.022496,-0.027860,0.009838,0.090588,-0.213041,0.101603
4.633721,-3.393769,3.671830,0.000000,-2.484637,-2.042176,0.254788,-3.244308,3.722331,0.008011,0.020000,-0.030000,0.050000,0.100000,-0.200000,0.100000,0.022496,-0.027860,0.009838,0.090588,-0.213041,0.101603
4.638349,-3.402255,3.663968,0.000000,-2.489180,-2.063766,0.254620,-3.252290,3.714958,0.008098,0.020000,-0.030000,0.050000,0.100000,-0.200000,0.100000,0.022496,-0.027860,0.009838,0.090588,-0.213041,0.101603
4.643844,-3.412310,3.654606,0.000000,-2.494536,-2.089452,0.254418,-3.261744,3.706180,0.008202,0.020000,-0.030000,0.050000,0.100000,-0.200000,0.100000,0.022496,-0.027860,0.009838,0.090588,-0.213041,0.101603
4.649133,-3.421963,3.645568,0.000000,-2.499649,-2.114222,0.254222,-3.270819,3.697709,0.008303,0.020000,-0.030000,0.050000,0.100000,-0.200000,0.100000,0.022496,-0.027860,0.009838,0.090588,-0.213041,0.101603
4.653957,-3.430746,3.637304,0.000000,-2.504278,-2.136854,0.254042,-3.279073,3.689964,0.008395,0.020000,-0.030000,0.050000,0.100000,-0.200000,0.100000,0.022496,-0.027860,0.009838,0.090588,-0.213041,0.101603
4.658992,-3.439891,3.628657,0.000000,-2.509073,-2.160511,0.253852,-3.346271,3.743961,0.037382,0.020000,-0.030000,0.050000,0.100000,-0.200000,0.100000,0.024983,-0.026847,0.004446,0.086984,-0.191113,0.099302
4.663946,-3.448869,3.620125,0.000000,-2.513755,-2.183830,0.253663,-3.355075,3.736316,0.037574,0.020000,-0.030000,0.050000,0.100000,-0.200000,0.100000,0.024983,-0.026847,0.004446,0.086984,-0.191113,0.099302
4.668736,-3.457530,3.611854,0.000000,-2.518247,-2.206418,0.253477,-3.363567,3.728906,0.037758,0.020000,-0.030000,0.050000,0.100000,-0.200000,0.100000,0.024983,-0.026847,0.004446,0.086984,-0.191113,0.099302
4.674163,-3.467318,3.602459,0.000000,-2.523294,-2.232049,0.253265,-3.373162,3.720492,0.037968,0.020000,-0.030000,0.050000,0.100000,-0.200000,0.100000,0.024983,-0.026847,0.004446,0.086984,-0.191113,0.099302
4.678727,-3.475529,3.594537,0.000000,-2.527505,-2.253642,0.253084,-3.381212,3.713400,0.038144,0.020000,-0.030000,0.050000,0.100000,-0.200000,0.100000,0.024983,-0.026847,0.004446,0.086984,-0.191113,0.099302
4.683586,-3.484253,3.586082,0.000000,-2.531956,-2.276673,0.252890,-3.389766,3.705829,0.038332,0.020000,-0.030000,0.050000,0.100000,-0.200000,0.100000,0.024983,-0.026847,0.004446,0.086984,-0.191113,0.099302
4.688967,-3.493889,3.576694,0.000000,-2.536845,-2.302222,0.252672,-3.399214,3.697426,0.038541,0.020000,-0.030000,0.050000,0.100000,-0.200000,0.100000,0.024983,-0.026847,0.004446,0.086984,-0.191113,0.099302
4.693785,-3.502493,3.568269,0.000000,-2.541186,-2.325134,0.252476,-3.407652,3.689884,0.038728,0.020000,-0.030000,0.050000,0.100000,-0.200000,0.100000,0.024983,-0.026847,0.004446,0.086984,-0.191113,0.099302
4.698435,-3.510780,3.560115,0.000000,-2.545346,-2.347289,0.252286,-3.415781,3.682587,0.038910,0.020000,-0.030000,0.050000,0.100000,-0.200000,0.100000,0.024983,-0.026847,0.004446,0.086984,-0.191113,0.099302
4.703119,-3.519108,3.551884,0.000000,-2.549504,-2.369640,0.252092,-3.423950,3.675220,0.039094,0.020000,-0.030000,0.050000,0.100000,-0.200000,0.100000,0.024983,-0.026847,0.004446,0.086984,-0.191113,0.099302
4.708353,-3.528393,3.542661,0.000000,-2.554113,-2.394663,0.251874,-3.433059,3.666968,0.039299,0.020000,-0.030000,0.050000,0.100000,-0.200000,0.100000,0.024983,-0.026847,0.004446,0.086984,-0.191113,0.099302
4.713450,-3.537409,3.533658,0.000000,-2.558564,-2.419070,0.251661,-3.441907,3.658913,0.039501,0.020000,-0.030000,0.050000,0.100000,-0.200000,0.100000,0.024983,-0.026847,0.004446,0.086984,-0.191113,0.099302
4.718031,-3.545494,3.525546,0.000000,-2.562531,-2.441042,0.251468,-3.449842,3.651658,0.039683,0.020000,-0.030000,0.050000,0.100000,-0.200000,0.100000,0.024983,-0.026847,0.004446,0.086984,-0.191113,0.099302
4.723383,-3.554915,3.516046,0.000000,-2.567127,-2.466755,0.251239,-3.459088,3.643164,0.039895,0.020000,-0.030000,0.050000,0.100000,-0.200000,0.100000,0.024983,-0.026847,0.004446,0.086984,-0.191113,0.099302
4.727938,-3.562914,3.507940,0.000000,-2.571006,-2.488678,0.251042,-3.466940,3.635917,0.040075,0.020000,-0.030000,0.050000,0.100000,-0.200000,0.100000,0.024983,-0.026847,0.004446,0.086984,-0.191113,0.099302
4.733425,-3.572525,3.498152,0.000000,-2.575637,-2.515128,0.250802,-3.476374,3.627167,0.040291,0.020000,-0.030000,0.050000,0.100000,-0.200000,0.100000,0.024983,-0.026847,0.004446,0.086984,-0.191113,0.099302
4.738410,-3.581233,3.489236,0.000000,-2.579805,-2.539201,0.250580,-3.484922,3.619200,0.040487,0.020000,-0.030000,0.050000,0.100000,-0.200000,0.100000,0.024983,-0.026847,0.004446,0.086984,-0.191113,0.099302
4.742975,-3.589187,3.481054,0.000000,-2.583587,-2.561277,0.250377,-3.492729,3.611890,0.040668,0.020000,-0.030000,0.050000,0.100000,-0.200000,0.100000,0.024983,-0.026847,0.004446,0.086984,-0.191113,0.099302
4.748182,-3.598239,3.471697,0.000000,-2.587864,-2.586506,0.250145,-3.501613,3.603531,0.040876,0.020000,-0.030000,0.050000,0.100000,-0.200000,0.100000,0.024983,-0.026847,0.004446,0.086984,-0.191113,0.099302
4.753553,-3.607548,3.462022,0.000000,-2.592233,-2.612568,0.249903,-3.510753,3.594891,0.041091,0.020000,-0.030000,0.050000,0.100000,-0.200000,0.100000,0.024983,-0.026847,0.004446,0.086984,-0.191113,0.099302
4.758990,-3.616947,3.452201,0.000000,-2.596613,-2.639002,0.249655,-3.519981,3.586124,0.041309,0.020000,-0.030000,0.050000,0.100000,-0.200000,0.100000,0.024983,-0.026847,0.004446,0.086984,-0.191113,0.099302
4.764341,-3.626169,3.442513,0.000000,-2.600879,-2.665057,0.249410,-3.529036,3.577478,0.041524,0.020000,-0.030000,0.050000,0.100000,-0.200000,0.100000,0.024983,-0.026847,0.004446,0.086984,-0.191113,0.099302
4.769650,-3.635295,3.432875,0.000000,-2.605070,-2.690955,0.249165,-3.537997,3.568879,0.041738,0.020000,-0.030000,0.050000,0.100000,-0.200000,0.100000,0.024983,-0.026847,0.004446,0.086984,-0.191113,0.099302
4.774980,-3.644430,3.423175,0.000000,-2.609235,-2.717002,0.248918,-3.546970,3.560226,0.041954,0.020000,-0.030000,0.050000,0.100000,-0.200000,0.100000,0.024983,-0.026847,0.004446,0.086984,-0.191113,0.099302
4.779921,-3.652876,3.414161,0.000000,-2.613058,-2.741188,0.248687,-3.555266,3.552186,0.042155,0.020000,-0.030000,0.050000,0.100000,-0.200000,0.100000,0.024983,-0.026847,0.004446,0.086984,-0.191113,0.099302
4.785198,-3.661873,3.404510,0.000000,-2.617100,-2.767066,0.248438,-3.564103,3.543579,0.042371,0.020000,-0.030000,0.050000,0.100000,-0.200000,0.100000,0.024983,-0.026847,0.004446,0.086984,-0.191113,0.099302
4.790022,-3.670073,3.395669,0.000000,-2.620757,-2.790754,0.248210,-3.572158,3.535697,0.042568,0.020000,-0.030000,0.050000,0.100000,-0.200000,0.100000,0.024983,-0.026847,0.004446,0.086984,-0.191113,0.099302
4.795278,-3.678985,3.386011,0.000000,-2.624702,-2.816612,0.247959,-3.580913,3.527089,0.042785,0.020000,-0.030000,0.050000,0.100000,-0.200000,0.100000,0.024983,-0.026847,0.004446,0.086984,-0.191113,0.099302
4.799833,-3.686687,3.377623,0.000000,-2.628085,-2.839055,0.247741,-3.588480,3.519613,0.042974,0.020000,-0.030000,0.050000,0.100000,-0.200000,0.100000,0.024983,-0.026847,0.004446,0.086984,-0.191113,0.099302
4.804871,-3.695183,3.368326,0.000000,-2.631788,-2.863914,0.247499,-3.596825,3.511329,0.043184,0.020000,-0.030000,0.050000,0.100000,-0.200000,0.100000,0.024983,-0.026847,0.004446,0.086984,-0.191113,0.099302
4.810302,-3.704317,3.358279,0.000000,-2.635736,-2.890758,0.247236,-3.605796,3.502379,0.043411,0.020000,-0.030000,0.050000,0.100000,-0.200000,0.100000,0.024983,-0.026847,0.004446,0.086984,-0.191113,0.099302
4.815553,-3.713120,3.348543,0.000000,-2.639508,-2.916752,0.246979,-3.614442,3.493709,0.043631,0.020000,-0.030000,0.050000,0.100000,-0.200000,0.100000,0.024983,-0.026847,0.004446,0.086984,-0.191113,0.099302
4.820679,-3.721690,3.339015,0.000000,-2.643149,-2.942168,0.246728,-3.622860,3.485229,0.043847,0.020000,-0.030000,0.050000,0.100000,-0.200000,0.100000,0.024983,-0.026847,0.004446,0.086984,-0.191113,0.099302
4.825290,-3.729379,3.330426,0.000000,-2.646391,-2.965067,0.246502,-3.630413,3.477586,0.044043,0.020000,-0.030000,0.050000,0.100000,-0.200000,0.100000,0.024983,-0.026847,0.004446,0.086984,-0.191113,0.099302
4.830559,-3.738140,3.320588,0.000000,-2.650056,-2.991276,0.246242,-3.639022,3.468834,0.044269,0.020000,-0.030000,0.050000,0.100000,-0.200000,0.100000,0.024983,-0.026847,0.004446,0.086984,-0.191113,0.099302
4.835562,-3.746434,3.311228,0.000000,-2.653495,-3.016197,0.245996,-3.647171,3.460509,0.044485,0.020000,-0.030000,0.050000,0.100000,-0.200000,0.100000,0.024983,-0.026847,0.004446,0.086984,-0.191113,0.099302
4.840720,-3.754962,3.301554,0.000000,-2.657002,-3.041934,0.245741,-3.655553,3.451907,0.044710,0.020000,-0.030000,0.050000,0.100000,-0.200000,0.100000,0.024983,-0.026847,0.004446,0.086984,-0.191113,0.099302
4.845233,-3.762402,3.293073,0.000000,-2.660037,-3.064486,0.245517,-3.662867,3.444366,0.044907,0.020000,-0.030000,0.050000,0.100000,-0.200000,0.100000,0.024983,-0.026847,0.004446,0.086984,-0.191113,0.099302
4.850722,-3.771426,3.282735,0.000000,-2.663685,-3.091957,0.245244,-3.671738,3.435178,0.045149,0.020000,-0.030000,0.050000,0.100000,-0.200000,0.100000,0.024983,-0.026847,0.004446,0.086984,-0.191113,0.099302
4.855768,-3.779697,3.273208,0.000000,-2.666997,-3.117253,0.244992,-3.679870,3.426714,0.045373,0.020000,-0.030000,0.050000,0.100000,-0.200000,0.100000,0.024983,-0.026847,0.004446,0.086984,-0.191113,0.099302
4.860284,-3.787077,3.264667,0.000000,-2.669928,-3.139917,0.244765,-3.743788,3.400419,0.036245,0.020000,-0.030000,0.050000,0.100000,-0.200000,0.100000,0.024774,-0.026093,0.008297,0.075402,-0.186049,0.098961
4.865382,-3.795387,3.255002,0.000000,-2.673196,-3.165547,0.244506,-3.752256,3.391675,0.036443,0.020000,-0.030000,0.050000,0.100000,-0.200000,0.100000,0.024774,-0.026093,0.008297,0.075402,-0.186049,0.098961
4.870092,-3.803042,3.246055,0.000000,-2.676178,-3.189263,0.244264,-3.760057,3.383581,0.036626,0.020000,-0.030000,0.050000,0.100000,-0.200000,0.100000,0.024774,-0.026093,0.008297,0.075402,-0.186049,0.098961
4.874751,-3.810594,3.237187,0.000000,-2.679092,-3.212753,0.244024,-3.767754,3.375559,0.036807,0.020000,-0.030000,0.050000,0.100000,-0.200000,0.100000,0.024774,-0.026093,0.008297,0.075402,-0.186049,0.098961
4.879701,-3.818594,3.227746,0.000000,-2.682150,-3.237745,0.243767,-3.775909,3.367022,0.037001,0.020000,-0.030000,0.050000,0.100000,-0.200000,0.100000,0.024774,-0.026093,0.008297,0.075402,-0.186049,0.098961
4.884613,-3.826510,3.218357,0.000000,-2.685147,-3.262582,0.243511,-3.783981,3.358534,0.037194,0.020000,-0.030000,0.050000,0.100000,-0.200000,0.100000,0.024774,-0.026093,0.008297,0.075402,-0.186049,0.098961
4.889467,-3.834308,3.209062,0.000000,-2.688072,-3.287158,0.243256,-3.791937,3.350133,0.037385,0.020000,-0.030000,0.050000,0.100000,-0.200000,0.100000,0.024774,-0.026093,0.008297,0.075402,-0.186049,0.098961
4.894937,-3.843071,3.198562,0.000000,-2.691326,-3.314900,0.242966,-3.800880,3.340645,0.037600,0.020000,-0.030000,0.050000,0.100000,-0.200000,0.100000,0.024774,-0.026093,0.008297,0.075402,-0.186049,0.098961
4.899912,-3.851017,3.188992,0.000000,-2.694244,-3.340173,0.242701,-3.808992,3.331997,0.037796,0.020000,-0.030000,0.050000,0.100000,-0.200000,0.100000,0.024774,-0.026093,0.008297,0.075402,-0.186049,0.098961
4.905105,-3.859283,3.178984,0.000000,-2.697247,-3.366586,0.242421,-3.817432,3.322955,0.037999,0.020000,-0.030000,0.050000,0.100000,-0.200000,0.100000,0.024774,-0.026093,0.008297,0.075402,-0.186049,0.098961
4.909843,-3.866803,3.169832,0.000000,-2.699949,-3.390724,0.242163,-3.825113,3.314688,0.038186,0.020000,-0.030000,0.050000,0.100000,-0.200000,0.100000,0.024774,-0.026093,0.008297,0.075402,-0.186049,0.098961
4.914545,-3.874245,3.160731,0.000000,-2.702597,-3.414714,0.241907,-3.832717,3.306470,0.038371,0.020000,-0.030000,0.050000,0.100000,-0.200000,0.100000,0.024774,-0.026093,0.008297,0.075402,-0.186049,0.098961
4.919097,-3.881429,3.151906,0.000000,-2.705126,-3.437966,0.241656,-3.840059,3.298501,0.038551,0.020000,-0.030000,0.050000,0.100000,-0.200000,0.100000,0.024774,-0.026093,0.008297,0.075402,-0.186049,0.098961
4.924136,-3.889358,3.142116,0.000000,-2.707888,-3.463745,0.241379,-3.848166,3.289664,0.038751,0.020000,-0.030000,0.050000,0.100000,-0.200000,0.100000,0.024774,-0.026093,0.008297,0.075402,-0.186049,0.098961
4.928809,-3.896689,3.133020,0.000000,-2.710415,-3.487682,0.241121,-3.855664,3.281454,0.038939,0.020000,-0.030000,0.050000,0.100000,-0.200000,0.100000,0.024774,-0.026093,0.008297,0.075402,-0.186049,0.098961
4.934201,-3.905122,3.122503,0.000000,-2.713288,-3.515344,0.240822,-3.864293,3.271964,0.039155,0.020000,-0.030000,0.050000,0.100000,-0.200000,0.100000,0.024774,-0.026093,0.008297,0.075402,-0.186049,0.098961
4.939154,-3.912842,3.112823,0.000000,-2.715887,-3.540788,0.240546,-3.872198,3.263232,0.039355,0.020000,-0.030000,0.050000,0.100000,-0.200000,0.100000,0.024774,-0.026093,0.008297,0.075402,-0.186049,0.098961
4.943910,-3.920232,3.103511,0.000000,-2.718345,-3.565253,0.240280,-3.879766,3.254834,0.039548,0.020000,-0.030000,0.050000,0.100000,-0.200000,0.100000,0.024774,-0.026093,0.008297,0.075402,-0.186049,0.098961
4.949141,-3.928337,3.093246,0.000000,-2.721006,-3.592205,0.239985,-3.888067,3.245577,0.039761,0.020000,-0.030000,0.050000,0.100000,-0.200000,0.100000,0.024774,-0.026093,0.008297,0.075402,-0.186049,0.098961
4.953836,-3.935587,3.084016,0.000000,-2.723356,-3.616427,0.239719,-3.895495,3.237256,0.039952,0.020000,-0.030000,0.050000,0.100000,-0.200000,0.100000,0.024774,-0.026093,0.008297,0.075402,-0.186049,0.098961
4.958933,-3.943434,3.073976,0.000000,-2.725867,-3.642758,0.239429,-3.903536,3.228208,0.040160,0.020000,-0.030000,0.050000,0.100000,-0.200000,0.100000,0.024774,-0.026093,0.008297,0.075402,-0.186049,0.098961
4.963472,-3.950401,3.065017,0.000000,-2.728069,-3.666242,0.239169,-3.910679,3.220135,0.040347,0.020000,-0.030000,0.050000,0.100000,-0.200000,0.100000,0.024774,-0.026093,0.008297,0.075402,-0.186049,0.098961
4.968818,-3.958579,3.054448,0.000000,-2.730619,-3.693933,0.238861,-3.919066,3.210614,0.040566,0.020000,-0.030000,0.050000,0.100000,-0.200000,0.100000,0.024774,-0.026093,0.008297,0.075402,-0.186049,0.098961
4.974169,-3.966737,3.043846,0.000000,-2.733129,-3.721692,0.238550,-3.927439,3.201067,0.040785,0.020000,-0.030000,0.050000,0.100000,-0.200000,0.100000,0.024774,-0.026093,0.008297,0.075402,-0.186049,0.098961
4.979374,-3.974645,3.033512,0.000000,-2.735526,-3.748734,0.238247,-3.935559,3.191764,0.041000,0.020000,-0.030000,0.050000,0.100000,-0.200000,0.100000,0.024774,-0.026093,0.008297,0.075402,-0.186049,0.098961
4.984827,-3.982902,3.022663,0.000000,-2.737991,-3.777107,0.237926,-3.944041,3.181999,0.041224,0.020000,-0.030000,0.050000,0.100000,-0.200000,0.100000,0.024774,-0.026093,0.008297,0.075402,-0.186049,0.098961
4.989352,-3.989729,3.013645,0.000000,-2.740001,-3.800677,0.237658,-3.951058,3.173886,0.041409,0.020000,-0.030000,0.050000,0.100000,-0.200000,0.100000,0.024774,-0.026093,0.008297,0.075402,-0.186049,0.098961
4.994674,-3.997735,3.003018,0.000000,-2.742321,-3.828441,0.237341,-3.959287,3.164327,0.041629,0.020000,-0.030000,0.050000,0.100000,-0.200000,0.100000,0.024774,-0.026093,0.008297,0.075402,-0.186049,0.098961
4.999691,-4.005255,2.992980,0.000000,-2.744465,-3.854650,0.237041,-3.967020,3.155300,0.041836,0.020000,-0.030000,0.050000,0.100000,-0.200000,0.100000,0.024774,-0.026093,0.008297,0.075402,-0.186049,0.098961
5.004933,-4.013087,2.982471,0.000000,-2.746662,-3.882077,0.236724,-3.975076,3.145851,0.042052,0.020000,-0.030000,0.050000,0.100000,-0.200000,0.100000,0.024774,-0.026093,0.008297,0.075402,-0.186049,0.098961
5.009438,-4.019795,2.973424,0.000000,-2.748513,-3.905675,0.236450,-3.981978,3.137719,0.042238,0.020000,-0.030000,0.050000,0.100000,-0.200000,0.100000,0.024774,-0.026093,0.008297,0.075402,-0.186049,0.098961
5.014316,-4.027034,2.963612,0.000000,-2.750479,-3.931255,0.236153,-3.989428,3.128902,0.042441,0.020000,-0.030000,0.050000,0.100000,-0.200000,0.100000,0.024774,-0.026093,0.008297,0.075402,-0.186049,0.098961
5.019228,-4.034302,2.953711,0.000000,-2.752420,-3.957057,0.235852,-3.996911,3.120005,0.042645,0.020000,-0.030000,0.050000,0.100000,-0.200000,0.100000,0.024774,-0.026093,0.008297,0.075402,-0.186049,0.098961
5.024659,-4.042307,2.942746,0.000000,-2.754520,-3.985616,0.235518,-4.005157,3.110156,0.042873,0.020000,-0.030000,0.050000,0.100000,-0.200000,0.100000,0.024774,-0.026093,0.008297,0.075402,-0.186049,0.098961
5.029460,-4.049360,2.933033,0.000000,-2.756337,-4.010901,0.235222,-4.012425,3.101433,0.043075,0.020000,-0.030000,0.050000,0.100000,-0.200000,0.100000,0.024774,-0.026093,0.008297,0.075402,-0.186049,0.098961
5.034113,-4.056172,2.923605,0.000000,-2.758061,-4.035433,0.234933,-4.019447,3.092969,0.043271,0.020000,-0.030000,0.050000,0.100000,-0.200000,0.100000,0.024774,-0.026093,0.008297,0.075402,-0.186049,0.098961
5.039359,-4.063827,2.912956,0.000000,-2.759962,-4.063130,0.234606,-4.027342,3.083410,0.043492,0.020000,-0.030000,0.050000,0.100000,-0.200000,0.100000,0.024774,-0.026093,0.008297,0.075402,-0.186049,0.098961
5.044479,-4.071270,2.902544,0.000000,-2.761774,-4.090196,0.234285,-4.035022,3.074066,0.043709,0.020000,-0.030000,0.050000,0.100000,-0.200000,0.100000,0.024774,-0.026093,0.008297,0.075402,-0.186049,0.098961
5.049527,-4.078584,2.892258,0.000000,-2.763520,-4.116922,0.233966,-4.042572,3.064838,0.043922,0.020000,-0.030000,0.050000,0.100000,-0.200000,0.100000,0.024774,-0.026093,0.008297,0.075402,-0.186049,0.098961
5.054313,-4.085493,2.882490,0.000000,-2.765135,-4.142287,0.233661,-4.049706,3.056079,0.044123,0.020000,-0.030000,0.050000,0.100000,-0.200000,0.100000,0.024774,-0.026093,0.008297,0.075402,-0.186049,0.098961
5.059152,-4.092456,2.872596,0.000000,-2.766730,-4.167970,0.233351,-4.056900,3.047208,0.044327,0.020000,-0.030000,0.050000,0.100000,-0.200000,0.100000,0.024774,-0.026093,0.008297,0.075402,-0.186049,0.098961
5.063857,-4.099201,2.862961,0.000000,-2.768244,-4.192968,0.233048,-4.112888,2.963952,0.031460,0.020000,-0.030000,0.050000,0.100000,-0.200000,0.100000,0.022611,-0.026145,0.022101,0.062717,-0.190002,0.098071
5.068566,-4.105932,2.853300,0.000000,-2.769724,-4.218023,0.232743,-4.120016,2.954828,0.031604,0.020000,-0.030000,0.050000,0.100000,-0.200000,0.100000,0.022611,-0.026145,0.022101,0.062717,-0.190002,0.098071
5.073103,-4.112393,2.843981,0.000000,-2.771114,-4.242183,0.232448,-4.126862,2.946028,0.031743,0.020000,-0.030000,0.050000,0.100000,-0.200000,0.100000,0.022611,-0.026145,0.022101,0.062717,-0.190002,0.098071
5.077823,-4.119094,2.834266,0.000000,-2.772525,-4.267357,0.232140,-4.133967,2.936855,0.031889,0.020000,-0.030000,0.050000,0.100000,-0.200000,0.100000,0.022611,-0.026145,0.022101,0.062717,-0.190002,0.098071
5.083272,-4.126801,2.823032,0.000000,-2.774107,-4.296452,0.231782,-4.142140,2.926250,0.032056,0.020000,-0.030000,0.050000,0.100000,-0.200000,0.100000,0.022611,-0.026145,0.022101,0.062717,-0.190002,0.098071
5.087833,-4.133228,2.813614,0.000000,-2.775393,-4.320835,0.231481,-4.148960,2.917360,0.032196,0.020000,-0.030000,0.050000,0.100000,-0.200000,0.100000,0.022611,-0.026145,0.022101,0.062717,-0.190002,0.098071
5.093026,-4.140520,2.802873,0.000000,-2.776817,-4.348631,0.231136,-4.156702,2.907223,0.032356,0.020000,-0.030000,0.050000,0.100000,-0.200000,0.100000,0.022611,-0.026145,0.022101,0.062717,-0.190002,0.098071
5.098210,-4.147770,2.792133,0.000000,-2.778194,-4.376411,0.230790,-4.164405,2.897089,0.032515,0.020000,-0.030000,0.050000,0.100000,-0.200000,0.100000,0.022611,-0.026145,0.022101,0.062717,-0.190002,0.098071
5.103703,-4.155424,2.780729,0.000000,-2.779607,-4.405893,0.230423,-4.172543,2.886332,0.032686,0.020000,-0.030000,0.050000,0.100000,-0.200000,0.100000,0.022611,-0.026145,0.022101,0.062717,-0.190002,0.098071
5.108668,-4.162314,2.770405,0.000000,-2.780841,-4.432572,0.230089,-4.179875,2.876593,0.032840,0.020000,-0.030000,0.050000,0.100000,-0.200000,0.100000,0.022611,-0.026145,0.022101,0.062717,-0.190002,0.098071
5.113638,-4.169186,2.760053,0.000000,-2.782035,-4.459315,0.229753,-4.187191,2.866829,0.032995,0.020000,-0.030000,0.050000,0.100000,-0.200000,0.100000,0.022611,-0.026145,0.022101,0.062717,-0.190002,0.098071
5.119060,-4.176652,2.748741,0.000000,-2.783291,-4.488521,0.229385,-4.195144,2.856162,0.033163,0.020000,-0.030000,0.050000,0.100000,-0.200000,0.100000,0.022611,-0.026145,0.022101,0.062717,-0.190002,0.098071
5.124075,-4.183531,2.738260,0.000000,-2.784411,-4.515574,0.229043,-4.202478,2.846278,0.033321,0.020000,-0.030000,0.050000,0.100000,-0.200000,0.100000,0.022611,-0.026145,0.022101,0.062717,-0.190002,0.098071
5.129131,-4.190440,2.727675,0.000000,-2.785498,-4.542884,0.228697,-4.209850,2.836297,0.033480,0.020000,-0.030000,0.050000,0.100000,-0.200000,0.100000,0.022611,-0.026145,0.022101,0.062717,-0.190002,0.098071
5.134224,-4.197373,2.716995,0.000000,-2.786552,-4.570428,0.228347,-4.217252,2.826227,0.033640,0.020000,-0.030000,0.050000,0.100000,-0.200000,0.100000,0.022611,-0.026145,0.022101,0.062717,-0.190002,0.098071
5.138986,-4.203830,2.706993,0.000000,-2.787499,-4.596212,0.228018,-4.224152,2.816800,0.033789,0.020000,-0.030000,0.050000,0.100000,-0.200000,0.100000,0.022611,-0.026145,0.022101,0.062717,-0.190002,0.098071
5.143900,-4.210469,2.696656,0.000000,-2.788436,-4.622848,0.227676,-4.231249,2.807060,0.033943,0.020000,-0.030000,0.050000,0.100000,-0.200000,0.100000,0.022611,-0.026145,0.022101,0.062717,-0.190002,0.098071
5.148981,-4.217306,2.685950,0.000000,-2.789361,-4.650422,0.227320,-4.238563,2.796974,0.034102,0.020000,-0.030000,0.050000,0.100000,-0.200000,0.100000,0.022611,-0.026145,0.022101,0.062717,-0.190002,0.098071
5.153762,-4.223714,2.675862,0.000000,-2.790193,-4.676394,0.226982,-4.245421,2.787472,0.034249,0.020000,-0.030000,0.050000,0.100000,-0.200000,0.100000,0.022611,-0.026145,0.022101,0.062717,-0.190002,0.098071
5.158482,-4.230017,2.665887,0.000000,-2.790976,-4.702068,0.226646,-4.252171,2.778077,0.034395,0.020000,-0.030000,0.050000,0.100000,-0.200000,0.100000,0.022611,-0.026145,0.022101,0.062717,-0.190002,0.098071
5.163365,-4.236514,2.655551,0.000000,-2.791746,-4.728659,0.226298,-4.259130,2.768344,0.034546,0.020000,-0.030000,0.050000,0.100000,-0.200000,0.100000,0.022611,-0.026145,0.022101,0.062717,-0.190002,0.098071
5.168793,-4.243705,2.644043,0.000000,-2.792553,-4.758252,0.225910,-4.266839,2.757510,0.034716,0.020000,-0.030000,0.050000,0.100000,-0.200000,0.100000,0.022611,-0.026145,0.022101,0.062717,-0.190002,0.098071
5.174057,-4.250650,2.632864,0.000000,-2.793286,-4.786991,0.225532,-4.274286,2.746985,0.034880,0.020000,-0.030000,0.050000,0.100000,-0.200000,0.100000,0.022611,-0.026145,0.022101,0.062717,-0.190002,0.098071
5.178783,-4.256859,2.622813,0.000000,-2.793905,-4.812820,0.225191,-4.280949,2.737523,0.035028,0.020000,-0.030000,0.050000,0.100000,-0.200000,0.100000,0.022611,-0.026145,0.022101,0.062717,-0.190002,0.098071
5.183804,-4.263431,2.612117,0.000000,-2.794520,-4.840296,0.224828,-4.288004,2.727456,0.035187,0.020000,-0.030000,0.050000,0.100000,-0.200000,0.100000,0.022611,-0.026145,0.022101,0.062717,-0.190002,0.098071
5.188717,-4.269834,2.601637,0.000000,-2.795080,-4.867206,0.224473,-4.294883,2.717595,0.035343,0.020000,-0.030000,0.050000,0.100000,-0.200000,0.100000,0.022611,-0.026145,0.022101,0.062717,-0.190002,0.098071
5.193306,-4.275793,2.591832,0.000000,-2.795566,-4.892375,0.224139,-4.301287,2.708369,0.035490,0.020000,-0.030000,0.050000,0.100000,-0.200000,0.100000,0.022611,-0.026145,0.022101,0.062717,-0.190002,0.098071
5.198514,-4.282527,2.580690,0.000000,-2.796071,-4.920967,0.223759,-4.308528,2.697888,0.035656,0.020000,-0.030000,0.050000,0.100000,-0.200000,0.100000,0.022611,-0.026145,0.022101,0.062717,-0.190002,0.098071
5.203088,-4.288418,2.570889,0.000000,-2.796476,-4.946104,0.223424,-4.314863,2.688672,0.035803,0.020000,-0.030000,0.050000,0.100000,-0.200000,0.100000,0.022611,-0.026145,0.022101,0.062717,-0.190002,0.098071
5.208394,-4.295224,2.559502,0.000000,-2.796900,-4.975299,0.223035,-4.322188,2.677967,0.035975,0.020000,-0.030000,0.050000,0.100000,-0.200000,0.100000,0.022611,-0.026145,0.022101,0.062717,-0.190002,0.098071
5.213280,-4.301464,2.549001,0.000000,-2.797248,-5.002214,0.222677,-4.328908,2.668096,0.036134,0.020000,-0.030000,0.050000,0.100000,-0.200000,0.100000,0.022611,-0.026145,0.022101,0.062717,-0.190002,0.098071
5.218693,-4.308347,2.537350,0.000000,-2.797585,-5.032063,0.222278,-4.336325,2.657148,0.036311,0.020000,-0.030000,0.050000,0.100000,-0.200000,0.100000,0.022611,-0.026145,0.022101,0.062717,-0.190002,0.098071
5.223645,-4.314616,2.526676,0.000000,-2.797849,-5.059401,0.221910,-4.343083,2.647117,0.036472,0.020000,-0.030000,0.050000,0.100000,-0.200000,0.100000,0.022611,-0.026145,0.022101,0.062717,-0.190002,0.098071
5.228525,-4.320768,2.516141,0.000000,-2.798066,-5.086374,0.221547,-4.349720,2.637218,0.036632,0.020000,-0.030000,0.050000,0.100000,-0.200000,0.100000,0.022611,-0.026145,0.022101,0.062717,-0.190002,0.098071
5.233893,-4.327507,2.504533,0.000000,-2.798258,-5.116085,0.221144,-4.356994,2.626312,0.036806,0.020000,-0.030000,0.050000,0.100000,-0.200000,0.100000,0.022611,-0.026145,0.022101,0.062717,-0.190002,0.098071
5.239108,-4.334023,2.493241,0.000000,-2.798397,-5.144980,0.220751,-4.364033,2.615703,0.036976,0.020000,-0.030000,0.050000,0.100000,-0.200000,0.100000,0.022611,-0.026145,0.022101,0.062717,-0.190002,0.098071
5.244295,-4.340474,2.481992,0.000000,-2.798490,-5.173752,0.220358,-4.371009,2.605137,0.037145,0.020000,-0.030000,0.050000,0.100000,-0.200000,0.100000,0.022611,-0.026145,0.022101,0.062717,-0.190002,0.098071
5.249720,-4.347190,2.470211,0.000000,-2.798539,-5.203879,0.219945,-4.378277,2.594071,0.037321,0.020000,-0.030000,0.050000,0.100000,-0.200000,0.100000,0.022611,-0.026145,0.022101,0.062717,-0.190002,0.098071
5.254331,-4.352873,2.460181,0.000000,-2.798540,-5.229518,0.219593,-4.384432,2.584651,0.037473,0.020000,-0.030000,0.050000,0.100000,-0.200000,0.100000,0.022611,-0.026145,0.022101,0.062717,-0.190002,0.098071
5.259700,-4.359463,2.448486,0.000000,-2.798494,-5.259406,0.219181,-4.391573,2.573668,0.037648,0.020000,-0.030000,0.050000,0.100000,-0.200000,0.100000,0.022611,-0.026145,0.022101,0.062717,-0.190002,0.098071
5.264962,-4.365889,2.437008,0.000000,-2.798399,-5.288730,0.218774,-4.333814,2.521390,0.023645,0.020000,-0.030000,0.050000,0.100000,-0.200000,0.100000,0.020220,-0.028005,0.034826,0.072501,-0.203261,0.099656
5.269969,-4.371976,2.426071,0.000000,-2.798262,-5.316663,0.218387,-4.340027,2.510873,0.023750,0.020000,-0.030000,0.050000,0.100000,-0.200000,0.100000,0.020220,-0.028005,0.034826,0.072501,-0.203261,0.099656
5.274868,-4.377906,2.415354,0.000000,-2.798087,-5.344027,0.218007,-4.346081,2.500568,0.023855,0.020000,-0.030000,0.050000,0.100000,-0.200000,0.100000,0.020220,-0.028005,0.034826,0.072501,-0.203261,0.099656
5.279403,-4.383372,2.405421,0.000000,-2.797888,-5.369382,0.217656,-4.351664,2.491018,0.023952,0.020000,-0.030000,0.050000,0.100000,-0.200000,0.100000,0.020220,-0.028005,0.034826,0.072501,-0.203261,0.099656
5.284249,-4.389187,2.394794,0.000000,-2.797637,-5.396500,0.217279,-4.357606,2.480802,0.024057,0.020000,-0.030000,0.050000,0.100000,-0.200000,0.100000,0.020220,-0.028005,0.034826,0.072501,-0.203261,0.099656
5.288751,-4.394567,2.384907,0.000000,-2.797366,-5.421724,0.216929,-4.363103,2.471298,0.024156,0.020000,-0.030000,0.050000,0.100000,-0.200000,0.100000,0.020220,-0.028005,0.034826,0.072501,-0.203261,0.099656
5.293380,-4.400074,2.374730,0.000000,-2.797050,-5.447680,0.216567,-4.368733,2.461516,0.024257,0.020000,-0.030000,0.050000,0.100000,-0.200000,0.100000,0.020220,-0.028005,0.034826,0.072501,-0.203261,0.099656
5.298498,-4.406137,2.363462,0.000000,-2.796656,-5.476413,0.216163,-4.374931,2.450685,0.024366,0.020000,-0.030000,0.050000,0.100000,-0.200000,0.100000,0.020220,-0.028005,0.034826,0.072501,-0.203261,0.099656
5.303782,-4.412366,2.351814,0.000000,-2.796203,-5.506104,0.215741,-4.381300,2.439491,0.024476,0.020000,-0.030000,0.050000,0.100000,-0.200000,0.100000,0.020220,-0.028005,0.034826,0.072501,-0.203261,0.099656
5.308992,-4.418478,2.340310,0.000000,-2.795709,-5.535419,0.215322,-4.387553,2.428438,0.024583,0.020000,-0.030000,0.050000,0.100000,-0.200000,0.100000,0.020220,-0.028005,0.034826,0.072501,-0.203261,0.099656
5.314269,-4.424637,2.328644,0.000000,-2.795161,-5.565137,0.214897,-4.393857,2.417230,0.024692,0.020000,-0.030000,0.050000,0.100000,-0.200000,0.100000,0.020220,-0.028005,0.034826,0.072501,-0.203261,0.099656
5.318798,-4.429899,2.318620,0.000000,-2.794653,-5.590668,0.214529,-4.399244,2.407601,0.024784,0.020000,-0.030000,0.050000,0.100000,-0.200000,0.100000,0.020220,-0.028005,0.034826,0.072501,-0.203261,0.099656
5.324264,-4.436219,2.306503,0.000000,-2.793991,-5.621517,0.214083,-4.405716,2.395963,0.024894,0.020000,-0.030000,0.050000,0.100000,-0.200000,0.100000,0.020220,-0.028005,0.034826,0.072501,-0.203261,0.099656
5.329407,-4.442136,2.295089,0.000000,-2.793319,-5.650572,0.213662,-4.411775,2.384999,0.024999,0.020000,-0.030000,0.050000,0.100000,-0.200000,0.100000,0.020220,-0.028005,0.034826,0.072501,-0.203261,0.099656
5.334576,-4.448053,2.283599,0.000000,-2.792598,-5.679811,0.213238,-4.417839,2.373964,0.025104,0.020000,-0.030000,0.050000,0.100000,-0.200000,0.100000,0.020220,-0.028005,0.034826,0.072501,-0.203261,0.099656
5.339526,-4.453690,2.272585,0.000000,-2.791865,-5.707836,0.212828,-4.423619,2.363385,0.025204,0.020000,-0.030000,0.050000,0.100000,-0.200000,0.100000,0.020220,-0.028005,0.034826,0.072501,-0.203261,0.099656
5.344868,-4.459745,2.260679,0.000000,-2.791025,-5.738122,0.212384,-4.429830,2.351948,0.025312,0.020000,-0.030000,0.050000,0.100000,-0.200000,0.100000,0.020220,-0.028005,0.034826,0.072501,-0.203261,0.099656
5.349787,-4.465292,2.249704,0.000000,-2.790207,-5.766038,0.211975,-4.435521,2.341403,0.025412,0.020000,-0.030000,0.050000,0.100000,-0.200000,0.100000,0.020220,-0.028005,0.034826,0.072501,-0.203261,0.099656
5.354422,-4.470494,2.239350,0.000000,-2.789398,-5.792367,0.211587,-4.440860,2.331457,0.025506,0.020000,-0.030000,0.050000,0.100000,-0.200000,0.100000,0.020220,-0.028005,0.034826,0.072501,-0.203261,0.099656
5.359521,-4.476188,2.227945,0.000000,-2.788465,-5.821361,0.211159,-4.446708,2.320502,0.025609,0.020000,-0.030000,0.050000,0.100000,-0.200000,0.100000,0.020220,-0.028005,0.034826,0.072501,-0.203261,0.099656
5.364945,-4.482214,2.215798,0.000000,-2.787421,-5.852236,0.210702,-4.452898,2.308834,0.025719,0.020000,-0.030000,0.050000,0.100000,-0.200000,0.100000,0.020220,-0.028005,0.034826,0.072501,-0.203261,0.099656
5.369871,-4.487658,2.204751,0.000000,-2.786428,-5.880310,0.210285,-4.458492,2.298223,0.025818,0.020000,-0.030000,0.050000,0.100000,-0.200000,0.100000,0.020220,-0.028005,0.034826,0.072501,-0.203261,0.099656
5.375192,-4.493508,2.192804,0.000000,-2.785308,-5.910661,0.209831,-4.464506,2.286750,0.025924,0.020000,-0.030000,0.050000,0.100000,-0.200000,0.100000,0.020220,-0.028005,0.034826,0.072501,-0.203261,0.099656
5.380410,-4.499213,2.181074,0.000000,-2.784161,-5.940454,0.209384,-4.470373,2.275487,0.026027,0.020000,-0.030000,0.050000,0.100000,-0.200000,0.100000,0.020220,-0.028005,0.034826,0.072501,-0.203261,0.099656
5.385611,-4.504870,2.169365,0.000000,-2.782970,-5.970186,0.208935,-4.476194,2.264245,0.026128,0.020000,-0.030000,0.050000,0.100000,-0.200000,0.100000,0.020220,-0.028005,0.034826,0.072501,-0.203261,0.099656
5.390225,-4.509863,2.158967,0.000000,-2.781874,-5.996582,0.208535,-4.481332,2.254264,0.026218,0.020000,-0.030000,0.050000,0.100000,-0.200000,0.100000,0.020220,-0.028005,0.034826,0.072501,-0.203261,0.099656
5.395522,-4.515565,2.147015,0.000000,-2.780567,-6.026917,0.208073,-4.487201,2.242790,0.026319,0.020000,-0.030000,0.050000,0.100000,-0.200000,0.100000,0.020220,-0.028005,0.034826,0.072501,-0.203261,0.099656
5.400222,-4.520598,2.136398,0.000000,-2.779364,-6.053861,0.207660,-4.492382,2.232599,0.026408,0.020000,-0.030000,0.050000,0.100000,-0.200000,0.100000,0.020220,-0.028005,0.034826,0.072501,-0.203261,0.099656
5.405501,-4.526221,2.124457,0.000000,-2.777966,-6.084155,0.207193,-4.498173,2.221138,0.026506,0.020000,-0.030000,0.050000,0.100000,-0.200000,0.100000,0.020220,-0.028005,0.034826,0.072501,-0.203261,0.099656
5.410813,-4.531848,2.112429,0.000000,-2.776508,-6.114664,0.206721,-4.503967,2.209595,0.026603,0.020000,-0.030000,0.050000,0.100000,-0.200000,0.100000,0.020220,-0.028005,0.034826,0.072501,-0.203261,0.099656
5.415818,-4.537119,2.101083,0.000000,-2.775086,-6.143436,0.206275,-4.509396,2.198709,0.026696,0.020000,-0.030000,0.050000,0.100000,-0.200000,0.100000,0.020220,-0.028005,0.034826,0.072501,-0.203261,0.099656
5.420527,-4.542054,2.090393,0.000000,-2.773705,-6.170534,0.205855,-4.514477,2.188455,0.026784,0.020000,-0.030000,0.050000,0.100000,-0.200000,0.100000,0.020220,-0.028005,0.034826,0.072501,-0.203261,0.099656
5.425843,-4.547594,2.078313,0.000000,-2.772095,-6.201154,0.205380,-4.520180,2.176867,0.026885,0.020000,-0.030000,0.050000,0.100000,-0.200000,0.100000,0.020220,-0.028005,0.034826,0.072501,-0.203261,0.099656
5.430726,-4.552655,2.067203,0.000000,-2.770571,-6.229311,0.204943,-4.525392,2.166209,0.026978,0.020000,-0.030000,0.050000,0.100000,-0.200000,0.100000,0.020220,-0.028005,0.034826,0.072501,-0.203261,0.099656
5.435866,-4.557953,2.055496,0.000000,-2.768920,-6.258975,0.204482,-4.530849,2.154979,0.027077,0.020000,-0.030000,0.050000,0.100000,-0.200000,0.100000,0.020220,-0.028005,0.034826,0.072501,-0.203261,0.099656
5.440880,-4.563091,2.044064,0.000000,-2.767265,-6.287935,0.204031,-4.536144,2.144015,0.027173,0.020000,-0.030000,0.050000,0.100000,-0.200000,0.100000,0.020220,-0.028005,0.034826,0.072501,-0.203261,0.099656
5.446139,-4.568451,2.032058,0.000000,-2.765479,-6.318345,0.203559,-4.541669,2.132501,0.027277,0.020000,-0.030000,0.050000,0.100000,-0.200000,0.100000,0.020220,-0.028005,0.034826,0.072501,-0.203261,0.099656
5.451002,-4.573379,2.020942,0.000000,-2.763783,-6.346495,0.203121,-4.546750,2.121842,0.027374,0.020000,-0.030000,0.050000,0.100000,-0.200000,0.100000,0.020220,-0.028005,0.034826,0.072501,-0.203261,0.099656
5.456065,-4.578479,2.009360,0.000000,-2.761972,-6.375823,0.202662,-4.552013,2.110736,0.027472,0.020000,-0.030000,0.050000,0.100000,-0.200000,0.100000,0.020220,-0.028005,0.034826,0.072501,-0.203261,0.099656
5.461265,-4.583688,1.997449,0.000000,-2.760067,-6.405975,0.202187,-4.557390,2.099316,0.027571,0.020000,-0.030000,0.050000,0.100000,-0.200000,0.100000,0.020220,-0.028005,0.034826,0.072501,-0.203261,0.099656
5.465883,-4.588288,1.986860,0.000000,-2.758334,-6.432776,0.201763,-4.599142,2.015698,-0.007026,0.020000,-0.030000,0.050000,0.100000,-0.200000,0.100000,0.018181,-0.028559,0.049531,0.064368,-0.205430,0.101358
5.471202,-4.593556,1.974651,0.000000,-2.756290,-6.463673,0.201273,-4.604673,2.003483,-0.007036,0.020000,-0.030000,0.050000,0.100000,-0.200000,0.100000,0.018181,-0.028559,0.049531,0.064368,-0.205430,0.101358
5.475925,-4.598206,1.963797,0.000000,-2.754433,-6.491135,0.200839,-4.609557,1.992623,-0.007043,0.020000,-0.030000,0.050000,0.100000,-0.200000,0.100000,0.018181,-0.028559,0.049531,0.064368,-0.205430,0.101358
5.480855,-4.603033,1.952457,0.000000,-2.752449,-6.519824,0.200384,-4.614626,1.981277,-0.007051,0.020000,-0.030000,0.050000,0.100000,-0.200000,0.100000,0.018181,-0.028559,0.049531,0.064368,-0.205430,0.101358
5.485375,-4.607434,1.942049,0.000000,-2.750590,-6.546149,0.199966,-4.619249,1.970863,-0.007059,0.020000,-0.030000,0.050000,0.100000,-0.200000,0.100000,0.018181,-0.028559,0.049531,0.064368,-0.205430,0.101358
5.490472,-4.612368,1.930301,0.000000,-2.748451,-6.575862,0.199493,-4.624435,1.959108,-0.007067,0.020000,-0.030000,0.050000,0.100000,-0.200000,0.100000,0.018181,-0.028559,0.049531,0.064368,-0.205430,0.101358
5.495443,-4.617152,1.918830,0.000000,-2.746318,-6.604866,0.199032,-4.629464,1.947632,-0.007075,0.020000,-0.030000,0.050000,0.100000,-0.200000,0.100000,0.018181,-0.028559,0.049531,0.064368,-0.205430,0.101358
5.500068,-4.621577,1.908148,0.000000,-2.744294,-6.631872,0.198600,-4.634117,1.936944,-0.007082,0.020000,-0.030000,0.050000,0.100000,-0.200000,0.100000,0.018181,-0.028559,0.049531,0.064368,-0.205430,0.101358
5.505122,-4.626384,1.896464,0.000000,-2.742037,-6.661410,0.198127,-4.639175,1.925252,-0.007091,0.020000,-0.030000,0.050000,0.100000,-0.200000,0.100000,0.018181,-0.028559,0.049531,0.064368,-0.205430,0.101358
5.509821,-4.630827,1.885588,0.000000,-2.739896,-6.688900,0.197686,-4.643851,1.914368,-0.007099,0.020000,-0.030000,0.050000,0.100000,-0.200000,0.100000,0.018181,-0.028559,0.049531,0.064368,-0.205430,0.101358
5.515117,-4.635804,1.873319,0.000000,-2.737433,-6.719906,0.197189,-4.649088,1.902090,-0.007108,0.020000,-0.030000,0.050000,0.100000,-0.200000,0.100000,0.018181,-0.028559,0.049531,0.064368,-0.205430,0.101358
5.520505,-4.640834,1.860823,0.000000,-2.734873,-6.751480,0.196682,-4.654382,1.889585,-0.007115,0.020000,-0.030000,0.050000,0.100000,-0.200000,0.100000,0.018181,-0.028559,0.049531,0.064368,-0.205430,0.101358
5.525794,-4.645738,1.848545,0.000000,-2.732308,-6.782499,0.196183,-4.659545,1.877298,-0.007123,0.020000,-0.030000,0.050000,0.100000,-0.200000,0.100000,0.018181,-0.028559,0.049531,0.064368,-0.205430,0.101358
5.530734,-4.650290,1.837064,0.000000,-2.729867,-6.811503,0.195714,-4.664339,1.865807,-0.007131,0.020000,-0.030000,0.050000,0.100000,-0.200000,0.100000,0.018181,-0.028559,0.049531,0.064368,-0.205430,0.101358
5.535552,-4.654702,1.825855,0.000000,-2.727442,-6.839817,0.195255,-4.668990,1.854586,-0.007140,0.020000,-0.030000,0.050000,0.100000,-0.200000,0.100000,0.018181,-0.028559,0.049531,0.064368,-0.205430,0.101358
5.540170,-4.658905,1.815103,0.000000,-2.725077,-6.866972,0.194813,-4.673419,1.843822,-0.007150,0.020000,-0.030000,0.050000,0.100000,-0.200000,0.100000,0.018181,-0.028559,0.049531,0.064368,-0.205430,0.101358
5.545231,-4.663483,1.803309,0.000000,-2.722439,-6.896759,0.194325,-4.678244,1.832012,-0.007162,0.020000,-0.030000,0.050000,0.100000,-0.200000,0.100000,0.018181,-0.028559,0.049531,0.064368,-0.205430,0.101358
5.549790,-4.667582,1.792673,0.000000,-2.720021,-6.923618,0.193884,-4.682566,1.821361,-0.007174,0.020000,-0.030000,0.050000,0.100000,-0.200000,0.100000,0.018181,-0.028559,0.049531,0.064368,-0.205430,0.101358
5.554852,-4.672105,1.780853,0.000000,-2.717291,-6.953466,0.193393,-4.687336,1.809523,-0.007186,0.020000,-0.030000,0.050000,0.100000,-0.200000,0.100000,0.018181,-0.028559,0.049531,0.064368,-0.205430,0.101358
5.559741,-4.676444,1.769427,0.000000,-2.714611,-6.982313,0.192919,-4.691914,1.798080,-0.007197,0.020000,-0.030000,0.050000,0.100000,-0.200000,0.100000,0.018181,-0.028559,0.049531,0.064368,-0.205430,0.101358
5.564468,-4.680613,1.758369,0.000000,-2.711978,-7.010229,0.192459,-4.696316,1.787005,-0.007209,0.020000,-0.030000,0.050000,0.100000,-0.200000,0.100000,0.018181,-0.028559,0.049531,0.064368,-0.205430,0.101358
5.569103,-4.684675,1.747519,0.000000,-2.709356,-7.037621,0.192004,-4.700606,1.776136,-0.007222,0.020000,-0.030000,0.050000,0.100000,-0.200000,0.100000,0.018181,-0.028559,0.049531,0.064368,-0.205430,0.101358
5.573953,-4.688900,1.736151,0.000000,-2.706568,-7.066314,0.191526,-4.705069,1.764748,-0.007238,0.020000,-0.030000,0.050000,0.100000,-0.200000,0.100000,0.018181,-0.028559,0.049531,0.064368,-0.205430,0.101358
5.579038,-4.693299,1.724224,0.000000,-2.703598,-7.096417,0.191024,-4.709716,1.752799,-0.007254,0.020000,-0.030000,0.050000,0.100000,-0.200000,0.100000,0.018181,-0.028559,0.049531,0.064368,-0.205430,0.101358
5.583722,-4.697323,1.713229,0.000000,-2.700819,-7.124165,0.190561,-4.713969,1.741784,-0.007267,0.020000,-0.030000,0.050000,0.100000,-0.200000,0.100000,0.018181,-0.028559,0.049531,0.064368,-0.205430,0.101358
5.588662,-4.701540,1.701622,0.000000,-2.697845,-7.153452,0.190072,-4.718427,1.730158,-0.007281,0.020000,-0.030000,0.050000,0.100000,-0.200000,0.100000,0.018181,-0.028559,0.049531,0.064368,-0.205430,0.101358
5.593745,-4.705851,1.689666,0.000000,-2.694736,-7.183617,0.189568,-4.722985,1.718181,-0.007296,0.020000,-0.030000,0.050000,0.100000,-0.200000,0.100000,0.018181,-0.028559,0.049531,0.064368,-0.205430,0.101358
5.598776,-4.710086,1.677824,0.000000,-2.691611,-7.213491,0.189067,-4.727464,1.706319,-0.007311,0.020000,-0.030000,0.050000,0.100000,-0.200000,0.100000,0.018181,-0.028559,0.049531,0.064368,-0.205430,0.101358
5.604251,-4.714661,1.664924,0.000000,-2.688158,-7.246030,0.188521,-4.732305,1.693398,-0.007327,0.020000,-0.030000,0.050000,0.100000,-0.200000,0.100000,0.018181,-0.028559,0.049531,0.064368,-0.205430,0.101358
5.609644,-4.719133,1.652205,0.000000,-2.684703,-7.278106,0.187980,-4.737040,1.680659,-0.007345,0.020000,-0.030000,0.050000,0.100000,-0.200000,0.100000,0.018181,-0.028559,0.049531,0.064368,-0.205430,0.101358
5.614269,-4.722941,1.641287,0.000000,-2.681697,-7.305639,0.187515,-4.741073,1.669725,-0.007360,0.020000,-0.030000,0.050000,0.100000,-0.200000,0.100000,0.018181,-0.028559,0.049531,0.064368,-0.205430,0.101358
5.619512,-4.727228,1.628901,0.000000,-2.678243,-7.336875,0.186988,-4.745616,1.657317,-0.007376,0.020000,-0.030000,0.050000,0.100000,-0.200000,0.100000,0.018181,-0.028559,0.049531,0.064368,-0.205430,0.101358
5.624866,-4.731572,1.616239,0.000000,-2.674662,-7.368804,0.186449,-4.750224,1.644633,-0.007392,0.020000,-0.030000,0.050000,0.100000,-0.200000,0.100000,0.018181,-0.028559,0.049531,0.064368,-0.205430,0.101358
5.629913,-4.735635,1.604294,0.000000,-2.671238,-7.398926,0.185941,-4.754536,1.632663,-0.007406,0.020000,-0.030000,0.050000,0.100000,-0.200000,0.100000,0.018181,-0.028559,0.049531,0.064368,-0.205430,0.101358
5.634900,-4.739620,1.592482,0.000000,-2.667808,-7.428712,0.185437,-4.758768,1.620825,-0.007419,0.020000,-0.030000,0.050000,0.100000,-0.200000,0.100000,0.018181,-0.028559,0.049531,0.064368,-0.205430,0.101358
5.639746,-4.743466,1.580992,0.000000,-2.664432,-7.457684,0.184947,-4.762854,1.609311,-0.007433,0.020000,-0.030000,0.050000,0.100000,-0.200000,0.100000,0.018181,-0.028559,0.049531,0.064368,-0.205430,0.101358
5.644559,-4.747256,1.569572,0.000000,-2.661036,-7.486475,0.184458,-4.766884,1.597868,-0.007446,0.020000,-0.030000,0.050000,0.100000,-0.200000,0.100000,0.018181,-0.028559,0.049531,0.064368,-0.205430,0.101358
5.649392,-4.751035,1.558097,0.000000,-2.657583,-7.515401,0.183966,-4.770903,1.586371,-0.007461,0.020000,-0.030000,0.050000,0.100000,-0.200000,0.100000,0.018181,-0.028559,0.049531,0.064368,-0.205430,0.101358
5.654128,-4.754711,1.546842,0.000000,-2.654156,-7.543773,0.183481,-4.774814,1.575094,-0.007476,0.020000,-0.030000,0.050000,0.100000,-0.200000,0.100000,0.018181,-0.028559,0.049531,0.064368,-0.205430,0.101358
5.659160,-4.758588,1.534874,0.000000,-2.650469,-7.573937,0.182964,-4.778941,1.563103,-0.007494,0.020000,-0.030000,0.050000,0.100000,-0.200000,0.100000,0.018181,-0.028559,0.049531,0.064368,-0.205430,0.101358
5.664365,-4.762566,1.522485,0.000000,-2.646606,-7.605164,0.182428,-4.783178,1.550689,-0.007513,0.020000,-0.030000,0.050000,0.100000,-0.200000,0.100000,0.018181,-0.028559,0.049531,0.064368,-0.205430,0.101358
5.669232,-4.766258,1.510889,0.000000,-2.642948,-7.634391,0.181925,-4.831143,1.504736,-0.017221,0.020000,-0.030000,0.050000,0.100000,-0.200000,0.100000,0.017781,-0.028248,0.053228,0.056189,-0.203078,0.101246
5.673947,-4.769806,1.499650,0.000000,-2.639361,-7.662717,0.181438,-4.835087,1.493273,-0.017264,0.020000,-0.030000,0.050000,0.100000,-0.200000,0.100000,0.017781,-0.028248,0.053228,0.056189,-0.203078,0.101246
5.678795,-4.773427,1.488083,0.000000,-2.635629,-7.691867,0.180934,-4.839116,1.481476,-0.017308,0.020000,-0.030000,0.050000,0.100000,-0.200000,0.100000,0.017781,-0.028248,0.053228,0.056189,-0.203078,0.101246
5.683342,-4.776798,1.477226,0.000000,-2.632090,-7.719225,0.180461,-4.842870,1.470403,-0.017350,0.020000,-0.030000,0.050000,0.100000,-0.200000,0.100000,0.017781,-0.028248,0.053228,0.056189,-0.203078,0.101246
5.687964,-4.780199,1.466183,0.000000,-2.628453,-7.747051,0.179979,-4.846661,1.459140,-0.017392,0.020000,-0.030000,0.050000,0.100000,-0.200000,0.100000,0.017781,-0.028248,0.053228,0.056189,-0.203078,0.101246
5.692581,-4.783571,1.455146,0.000000,-2.624781,-7.774863,0.179497,-4.850423,1.447882,-0.017434,0.020000,-0.030000,0.050000,0.100000,-0.200000,0.100000,0.017781,-0.028248,0.053228,0.056189,-0.203078,0.101246
5.697879,-4.787409,1.442469,0.000000,-2.620519,-7.806805,0.178943,-4.854709,1.434951,-0.017483,0.020000,-0.030000,0.050000,0.100000,-0.200000,0.100000,0.017781,-0.028248,0.053228,0.056189,-0.203078,0.101246
5.703167,-4.791207,1.429804,0.000000,-2.616212,-7.838715,0.178387,-4.858957,1.422031,-0.017533,0.020000,-0.030000,0.050000,0.100000,-0.200000,0.100000,0.017781,-0.028248,0.053228,0.056189,-0.203078,0.101246
5.708150,-4.794754,1.417863,0.000000,-2.612107,-7.868801,0.177862,-4.862928,1.409847,-0.017580,0.020000,-0.030000,0.050000,0.100000,-0.200000,0.100000,0.017781,-0.028248,0.053228,0.056189,-0.203078,0.101246
5.712718,-4.797980,1.406908,0.000000,-2.608302,-7.896404,0.177379,-4.866543,1.398668,-0.017624,0.020000,-0.030000,0.050000,0.100000,-0.200000,0.100000,0.017781,-0.028248,0.053228,0.056189,-0.203078,0.101246
5.717220,-4.801134,1.396105,0.000000,-2.604513,-7.923624,0.176903,-4.870080,1.387643,-0.017667,0.020000,-0.030000,0.050000,0.100000,-0.200000,0.100000,0.017781,-0.028248,0.053228,0.056189,-0.203078,0.101246
5.722045,-4.804489,1.384518,0.000000,-2.600407,-7.952820,0.176390,-4.873843,1.375815,-0.017714,0.020000,-0.030000,0.050000,0.100000,-0.200000,0.100000,0.017781,-0.028248,0.053228,0.056189,-0.203078,0.101246
5.726826,-4.807784,1.373029,0.000000,-2.596297,-7.981767,0.175880,-4.877545,1.364087,-0.017761,0.020000,-0.030000,0.050000,0.100000,-0.200000,0.100000,0.017781,-0.028248,0.053228,0.056189,-0.203078,0.101246
5.731485,-4.810970,1.361825,0.000000,-2.592251,-8.009996,0.175384,-4.881127,1.352649,-0.017805,0.020000,-0.030000,0.050000,0.100000,-0.200000,0.100000,0.017781,-0.028248,0.053228,0.056189,-0.203078,0.101246
5.736119,-4.814113,1.350674,0.000000,-2.588185,-8.038092,0.174890,-4.884664,1.341265,-0.017849,0.020000,-0.030000,0.050000,0.100000,-0.200000,0.100000,0.017781,-0.028248,0.053228,0.056189,-0.203078,0.101246
5.741206,-4.817532,1.338426,0.000000,-2.583677,-8.068948,0.174348,-4.888517,1.328763,-0.017897,0.020000,-0.030000,0.050000,0.100000,-0.200000,0.100000,0.017781,-0.028248,0.053228,0.056189,-0.203078,0.101246
5.745801,-4.820595,1.327353,0.000000,-2.579563,-8.096845,0.173856,-4.891971,1.317458,-0.017941,0.020000,-0.030000,0.050000,0.100000,-0.200000,0.100000,0.017781,-0.028248,0.053228,0.056189,-0.203078,0.101246
5.750356,-4.823605,1.316371,0.000000,-2.575444,-8.124514,0.173367,-4.895370,1.306244,-0.017986,0.020000,-0.030000,0.050000,0.100000,-0.200000,0.100000,0.017781,-0.028248,0.053228,0.056189,-0.203078,0.101246
5.755406,-4.826914,1.304187,0.000000,-2.570833,-8.155211,0.172823,-4.899109,1.293803,-0.018035,0.020000,-0.030000,0.050000,0.100000,-0.200000,0.100000,0.017781,-0.028248,0.053228,0.056189,-0.203078,0.101246
5.760657,-4.830321,1.291510,0.000000,-2.565989,-8.187148,0.172257,-4.902965,1.280859,-0.018086,0.020000,-0.030000,0.050000,0.100000,-0.200000,0.100000,0.017781,-0.028248,0.053228,0.056189,-0.203078,0.101246
5.765438,-4.833395,1.279958,0.000000,-2.561531,-8.216249,0.171742,-4.906448,1.269064,-0.018133,0.020000,-0.030000,0.050000,0.100000,-0.200000,0.100000,0.017781,-0.028248,0.053228,0.056189,-0.203078,0.101246
5.770393,-4.836551,1.267980,0.000000,-2.556869,-8.246426,0.171208,-4.910029,1.256832,-0.018179,0.020000,-0.030000,0.050000,0.100000,-0.200000,0.100000,0.017781,-0.028248,0.053228,0.056189,-0.203078,0.101246
5.775667,-4.839878,1.255222,0.000000,-2.551857,-8.278568,0.170640,-4.913810,1.243804,-0.018228,0.020000,-0.030000,0.050000,0.100000,-0.200000,0.100000,0.017781,-0.028248,0.053228,0.056189,-0.203078,0.101246
5.781045,-4.843236,1.242203,0.000000,-2.546689,-8.311370,0.170060,-4.917630,1.230505,-0.018277,0.020000,-0.030000,0.050000,0.100000,-0.200000,0.100000,0.017781,-0.028248,0.053228,0.056189,-0.203078,0.101246
5.786205,-4.846424,1.229704,0.000000,-2.541680,-8.342861,0.169501,-4.921263,1.217738,-0.018325,0.020000,-0.030000,0.050000,0.100000,-0.200000,0.100000,0.017781,-0.028248,0.053228,0.056189,-0.203078,0.101246
5.791095,-4.849416,1.217851,0.000000,-2.536887,-8.372727,0.168969,-4.924677,1.205628,-0.018372,0.020000,-0.030000,0.050000,0.100000,-0.200000,0.100000,0.017781,-0.028248,0.053228,0.056189,-0.203078,0.101246
5.796235,-4.852530,1.205385,0.000000,-2.531801,-8.404139,0.168408,-4.928234,1.192891,-0.018422,0.020000,-0.030000,0.050000,0.100000,-0.200000,0.100000,0.017781,-0.028248,0.053228,0.056189,-0.203078,0.101246
5.801295,-4.855564,1.193103,0.000000,-2.526743,-8.435088,0.167855,-4.931704,1.180340,-0.018470,0.020000,-0.030000,0.050000,0.100000,-0.200000,0.100000,0.017781,-0.028248,0.053228,0.056189,-0.203078,0.101246
5.806570,-4.858694,1.180292,0.000000,-2.521419,-8.467371,0.167278,-4.935289,1.167247,-0.018521,0.020000,-0.030000,0.050000,0.100000,-0.200000,0.100000,0.017781,-0.028248,0.053228,0.056189,-0.203078,0.101246
5.811447,-4.861558,1.168440,0.000000,-2.516450,-8.497239,0.166744,-4.938574,1.155134,-0.018568,0.020000,-0.030000,0.050000,0.100000,-0.200000,0.100000,0.017781,-0.028248,0.053228,0.056189,-0.203078,0.101246
5.816118,-4.864274,1.157083,0.000000,-2.511647,-8.525862,0.166231,-4.941692,1.143523,-0.018613,0.020000,-0.030000,0.050000,0.100000,-0.200000,0.100000,0.017781,-0.028248,0.053228,0.056189,-0.203078,0.101246
5.821183,-4.867188,1.144760,0.000000,-2.506392,-8.556920,0.165674,-4.945043,1.130924,-0.018662,0.020000,-0.030000,0.050000,0.100000,-0.200000,0.100000,0.017781,-0.028248,0.053228,0.056189,-0.203078,0.101246
5.825792,-4.869814,1.133541,0.000000,-2.501568,-8.585199,0.165164,-4.948066,1.119451,-0.018708,0.020000,-0.030000,0.050000,0.100000,-0.200000,0.100000,0.017781,-0.028248,0.053228,0.056189,-0.203078,0.101246
5.830706,-4.872584,1.121572,0.000000,-2.496382,-8.615367,0.164619,-4.951261,1.107212,-0.018758,0.020000,-0.030000,0.050000,0.100000,-0.200000,0.100000,0.017781,-0.028248,0.053228,0.056189,-0.203078,0.101246
5.835848,-4.875452,1.109041,0.000000,-2.490906,-8.646956,0.164048,-4.954575,1.094395,-0.018809,0.020000,-0.030000,0.050000,0.100000,-0.200000,0.100000,0.017781,-0.028248,0.053228,0.056189,-0.203078,0.101246
5.840508,-4.878022,1.097679,0.000000,-2.485901,-8.675599,0.163531,-4.957550,1.082774,-0.018856,0.020000,-0.030000,0.050000,0.100000,-0.200000,0.100000,0.017781,-0.028248,0.053228,0.056189,-0.203078,0.101246
5.845392,-4.880688,1.085763,0.000000,-2.480612,-8.705642,0.162987,-4.960642,1.070584,-0.018905,0.020000,-0.030000,0.050000,0.100000,-0.200000,0.100000,0.017781,-0.028248,0.053228,0.056189,-0.203078,0.101246
5.850702,-4.883554,1.072801,0.000000,-2.474812,-8.738323,0.162394,-4.963972,1.057324,-0.018959,0.020000,-0.030000,0.050000,0.100000,-0.200000,0.100000,0.017781,-0.028248,0.053228,0.056189,-0.203078,0.101246
5.855866,-4.886307,1.060189,0.000000,-2.469119,-8.770123,0.161818,-4.967176,1.044420,-0.019011,0.020000,-0.030000,0.050000,0.100000,-0.200000,0.100000,0.017781,-0.028248,0.053228,0.056189,-0.203078,0.101246
5.860449,-4.888724,1.048989,0.000000,-2.464023,-8.798366,0.161306,-4.969993,1.032960,-0.019056,0.020000,-0.030000,0.050000,0.100000,-0.200000,0.100000,0.017781,-0.028248,0.053228,0.056189,-0.203078,0.101246
5.865313,-4.891261,1.037096,0.000000,-2.458572,-8.828357,0.160762,-4.972955,1.020790,-0.019104,0.020000,-0.030000,0.050000,0.100000,-0.200000,0.100000,0.017781,-0.028248,0.053228,0.056189,-0.203078,0.101246
5.870572,-4.893971,1.024232,0.000000,-2.452629,-8.860800,0.160175,-4.908465,0.995361,-0.007146,0.020000,-0.030000,0.050000,0.100000,-0.200000,0.100000,0.016309,-0.029977,0.064099,0.068661,-0.208316,0.101240
5.875557,-4.896508,1.012031,0.000000,-2.446947,-8.891571,0.159618,-4.911073,0.982763,-0.007192,0.020000,-0.030000,0.050000,0.100000,-0.200000,0.100000,0.016309,-0.029977,0.064099,0.068661,-0.208316,0.101240
5.880902,-4.899196,0.998940,0.000000,-2.440802,-8.924591,0.159019,-4.913835,0.969244,-0.007241,0.020000,-0.030000,0.050000,0.100000,-0.200000,0.100000,0.016309,-0.029977,0.064099,0.068661,-0.208316,0.101240
5.885459,-4.901459,0.987774,0.000000,-2.435523,-8.952756,0.158509,-4.916163,0.957714,-0.007284,0.020000,-0.030000,0.050000,0.100000,-0.200000,0.100000,0.016309,-0.029977,0.064099,0.068661,-0.208316,0.101240
5.890518,-4.903942,0.975374,0.000000,-2.429618,-8.984036,0.157941,-4.918717,0.944908,-0.007331,0.020000,-0.030000,0.050000,0.100000,-0.200000,0.100000,0.016309,-0.029977,0.064099,0.068661,-0.208316,0.101240
5.895633,-4.906420,0.962829,0.000000,-2.423597,-9.015685,0.157367,-4.921267,0.931952,-0.007378,0.020000,-0.030000,0.050000,0.100000,-0.200000,0.100000,0.016309,-0.029977,0.064099,0.068661,-0.208316,0.101240
5.900182,-4.908598,0.951665,0.000000,-2.418200,-9.043848,0.156857,-4.923506,0.920422,-0.007419,0.020000,-0.030000,0.050000,0.100000,-0.200000,0.100000,0.016309,-0.029977,0.064099,0.068661,-0.208316,0.101240
5.905485,-4.911104,0.938648,0.000000,-2.411859,-9.076694,0.156260,-4.926083,0.906974,-0.007468,0.020000,-0.030000,0.050000,0.100000,-0.200000,0.100000,0.016309,-0.029977,0.064099,0.068661,-0.208316,0.101240
5.910913,-4.913633,0.925317,0.000000,-2.405316,-9.110331,0.155646,-4.928684,0.893203,-0.007520,0.020000,-0.030000,0.050000,0.100000,-0.200000,0.100000,0.016309,-0.029977,0.064099,0.068661,-0.208316,0.101240
5.915424,-4.915708,0.914230,0.000000,-2.399834,-9.138308,0.155134,-4.930818,0.881748,-0.007565,0.020000,-0.030000,0.050000,0.100000,-0.200000,0.100000,0.016309,-0.029977,0.064099,0.068661,-0.208316,0.101240
5.920717,-4.918110,0.901217,0.000000,-2.393353,-9.171148,0.154533,-4.933289,0.868304,-0.007617,0.020000,-0.030000,0.050000,0.100000,-0.200000,0.100000,0.016309,-0.029977,0.064099,0.068661,-0.208316,0.101240
5.926157,-4.920543,0.887838,0.000000,-2.386639,-9.204915,0.153915,-4.935791,0.854479,-0.007671,0.020000,-0.030000,0.050000,0.100000,-0.200000,0.100000,0.016309,-0.029977,0.064099,0.068661,-0.208316,0.101240
5.931494,-4.922895,0.874704,0.000000,-2.379995,-9.238069,0.153307,-4.938210,0.840905,-0.007724,0.020000,-0.030000,0.050000,0.100000,-0.200000,0.100000,0.016309,-0.029977,0.064099,0.068661,-0.208316,0.101240
5.936747,-4.925175,0.861772,0.000000,-2.373403,-9.270717,0.152708,-4.940554,0.827537,-0.007777,0.020000,-0.030000,0.050000,0.100000,-0.200000,0.100000,0.016309,-0.029977,0.064099,0.068661,-0.208316,0.101240
5.941797,-4.927336,0.849331,0.000000,-2.367016,-9.302128,0.152131,-4.942777,0.814675,-0.007827,0.020000,-0.030000,0.050000,0.100000,-0.200000,0.100000,0.016309,-0.029977,0.064099,0.068661,-0.208316,0.101240
5.946453,-4.929299,0.837860,0.000000,-2.361086,-9.331095,0.151598,-4.944797,0.802813,-0.007874,0.020000,-0.030000,0.050000,0.100000,-0.200000,0.100000,0.016309,-0.029977,0.064099,0.068661,-0.208316,0.101240
5.951174,-4.931263,0.826222,0.000000,-2.355031,-9.360487,0.151057,-4.946818,0.790777,-0.007922,0.020000,-0.030000,0.050000,0.100000,-0.200000,0.100000,0.016309,-0.029977,0.064099,0.068661,-0.208316,0.101240
5.956208,-4.933327,0.813808,0.000000,-2.348528,-9.391843,0.150479,-4.948942,0.777936,-0.007973,0.020000,-0.030000,0.050000,0.100000,-0.200000,0.100000,0.016309,-0.029977,0.064099,0.068661,-0.208316,0.101240
5.961669,-4.935531,0.800334,0.000000,-2.341419,-9.425878,0.149851,-4.951209,0.764000,-0.008029,0.020000,-0.030000,0.050000,0.100000,-0.200000,0.100000,0.016309,-0.029977,0.064099,0.068661,-0.208316,0.101240
5.966273,-4.937360,0.788971,0.000000,-2.335381,-9.454585,0.149321,-4.953091,0.752245,-0.008076,0.020000,-0.030000,0.050000,0.100000,-0.200000,0.100000,0.016309,-0.029977,0.064099,0.068661,-0.208316,0.101240
5.971505,-4.939407,0.776051,0.000000,-2.328470,-9.487226,0.148719,-4.955196,0.738880,-0.008130,0.020000,-0.030000,0.050000,0.100000,-0.200000,0.100000,0.016309,-0.029977,0.064099,0.068661,-0.208316,0.101240
5.976490,-4.941326,0.763738,0.000000,-2.321837,-9.518339,0.148145,-4.957169,0.726141,-0.008181,0.020000,-0.030000,0.050000,0.100000,-0.200000,0.100000,0.016309,-0.029977,0.064099,0.068661,-0.208316,0.101240
5.981407,-4.943189,0.751587,0.000000,-2.315250,-9.549043,0.147578,-4.959084,0.713570,-0.008231,0.020000,-0.030000,0.050000,0.100000,-0.200000,0.100000,0.016309,-0.029977,0.064099,0.068661,-0.208316,0.101240
5.986350,-4.945031,0.739368,0.000000,-2.308582,-9.579926,0.147007,-4.960979,0.700927,-0.008281,0.020000,-0.030000,0.050000,0.100000,-0.200000,0.100000,0.016309,-0.029977,0.064099,0.068661,-0.208316,0.101240
5.990858,-4.946685,0.728220,0.000000,-2.302461,-9.608104,0.146488,-4.962681,0.689392,-0.008325,0.020000,-0.030000,0.050000,0.100000,-0.200000,0.100000,0.016309,-0.029977,0.064099,0.068661,-0.208316,0.101240
5.996247,-4.948630,0.714887,0.000000,-2.295094,-9.641805,0.145867,-4.964682,0.675598,-0.008379,0.020000,-0.030000,0.050000,0.100000,-0.200000,0.100000,0.016309,-0.029977,0.064099,0.068661,-0.208316,0.101240
6.000787,-4.950240,0.703652,0.000000,-2.288847,-9.670210,0.145341,-4.966341,0.663972,-0.008426,0.020000,-0.030000,0.050000,0.100000,-0.200000,0.100000,0.016309,-0.029977,0.064099,0.068661,-0.208316,0.101240
6.005586,-4.951914,0.691772,0.000000,-2.282202,-9.700246,0.144783,-4.968065,0.651679,-0.008477,0.020000,-0.030000,0.050000,0.100000,-0.200000,0.100000,0.016309,-0.029977,0.064099,0.068661,-0.208316,0.101240
6.010403,-4.953566,0.679843,0.000000,-2.275486,-9.730414,0.144223,-4.969767,0.639332,-0.008529,0.020000,-0.030000,0.050000,0.100000,-0.200000,0.100000,0.016309,-0.029977,0.064099,0.068661,-0.208316,0.101240
6.015734,-4.955360,0.666637,0.000000,-2.268005,-9.763812,0.143602,-4.971615,0.625664,-0.008586,0.020000,-0.030000,0.050000,0.100000,-0.200000,0.100000,0.016309,-0.029977,0.064099,0.068661,-0.208316,0.101240
6.020763,-4.957021,0.654175,0.000000,-2.260897,-9.795337,0.143014,-4.973326,0.612762,-0.008641,0.020000,-0.030000,0.050000,0.100000,-0.200000,0.100000,0.016309,-0.029977,0.064099,0.068661,-0.208316,0.101240
6.025875,-4.958677,0.641503,0.000000,-2.253621,-9.827398,0.142416,-4.975032,0.599639,-0.008698,0.020000,-0.030000,0.050000,0.100000,-0.200000,0.100000,0.016309,-0.029977,0.064099,0.068661,-0.208316,0.101240
6.031294,-4.960397,0.628066,0.000000,-2.245852,-9.861405,0.141782,-4.976802,0.585720,-0.008757,0.020000,-0.030000,0.050000,0.100000,-0.200000,0.100000,0.016309,-0.029977,0.064099,0.068661,-0.208316,0.101240
6.035820,-4.961805,0.616837,0.000000,-2.239320,-9.889825,0.141250,-4.978253,0.574087,-0.008807,0.020000,-0.030000,0.050000,0.100000,-0.200000,0.100000,0.016309,-0.029977,0.064099,0.068661,-0.208316,0.101240
6.040451,-4.963220,0.605347,0.000000,-2.232596,-9.918911,0.140704,-4.979708,0.562182,-0.008860,0.020000,-0.030000,0.050000,0.100000,-0.200000,0.100000,0.016309,-0.029977,0.064099,0.068661,-0.208316,0.101240
6.044963,-4.964573,0.594150,0.000000,-2.226006,-9.947261,0.140171,-4.981099,0.550578,-0.008913,0.020000,-0.030000,0.050000,0.100000,-0.200000,0.100000,0.016309,-0.029977,0.064099,0.068661,-0.208316,0.101240
6.049539,-4.965920,0.582789,0.000000,-2.219283,-9.976029,0.139628,-4.982485,0.538804,-0.008968,0.020000,-0.030000,0.050000,0.100000,-0.200000,0.100000,0.016309,-0.029977,0.064099,0.068661,-0.208316,0.101240
6.054632,-4.967388,0.570141,0.000000,-2.211754,-10.008063,0.139022,-4.983995,0.525692,-0.009031,0.020000,-0.030000,0.050000,0.100000,-0.200000,0.100000,0.016309,-0.029977,0.064099,0.068661,-0.208316,0.101240
6.059193,-4.968675,0.558810,0.000000,-2.204967,-10.036763,0.138477,-4.985318,0.513946,-0.009088,0.020000,-0.030000,0.050000,0.100000,-0.200000,0.100000,0.016309,-0.029977,0.064099,0.068661,-0.208316,0.101240
6.064651,-4.970181,0.545249,0.000000,-2.196794,-10.071121,0.137825,-4.986865,0.499886,-0.009157,0.020000,-0.030000,0.050000,0.100000,-0.200000,0.100000,0.016309,-0.029977,0.064099,0.068661,-0.208316,0.101240
6.069649,-4.971528,0.532827,0.000000,-2.189260,-10.102595,0.137228,-4.988249,0.487005,-0.009219,0.020000,-0.030000,0.050000,0.100000,-0.200000,0.100000,0.016309,-0.029977,0.064099,0.068661,-0.208316,0.101240
6.074176,-4.972722,0.521574,0.000000,-2.182394,-10.131116,0.136688,-4.927296,0.350617,-0.024982,0.020000,-0.030000,0.050000,0.100000,-0.200000,0.100000,0.011958,-0.033658,0.100418,0.081061,-0.211530,0.102973
6.079181,-4.974011,0.509127,0.000000,-2.174757,-10.162665,0.136091,-4.928071,0.336856,-0.025154,0.020000,-0.030000,0.050000,0.100000,-0.200000,0.100000,0.011958,-0.033658,0.100418,0.081061,-0.211530,0.102973
6.084151,-4.975261,0.496765,0.000000,-2.167126,-10.194005,0.135497,-4.928806,0.323183,-0.025325,0.020000,-0.030000,0.050000,0.100000,-0.200000,0.100000,0.011958,-0.033658,0.100418,0.081061,-0.211530,0.102973
6.088663,-4.976369,0.485540,0.000000,-2.160157,-10.222464,0.134958,-4.929443,0.310765,-0.025480,0.020000,-0.030000,0.050000,0.100000,-0.200000,0.100000,0.011958,-0.033658,0.100418,0.081061,-0.211530,0.102973
6.093474,-4.977523,0.473567,0.000000,-2.152685,-10.252827,0.134384,-4.930092,0.297516,-0.025645,0.020000,-0.030000,0.050000,0.100000,-0.200000,0.100000,0.011958,-0.033658,0.100418,0.081061,-0.211530,0.102973
6.098702,-4.978744,0.460555,0.000000,-2.144516,-10.285831,0.133759,-4.930761,0.283111,-0.025826,0.020000,-0.030000,0.050000,0.100000,-0.200000,0.100000,0.011958,-0.033658,0.100418,0.081061,-0.211530,0.102973
6.104127,-4.979975,0.447047,0.000000,-2.135983,-10.320103,0.133108,-4.931415,0.268150,-0.026016,0.020000,-0.030000,0.050000,0.100000,-0.200000,0.100000,0.011958,-0.033658,0.100418,0.081061,-0.211530,0.102973
6.108784,-4.981002,0.435451,0.000000,-2.128614,-10.349530,0.132547,-4.931944,0.255300,-0.026181,0.020000,-0.030000,0.050000,0.100000,-0.200000,0.100000,0.011958,-0.033658,0.100418,0.081061,-0.211530,0.102973
6.114113,-4.982145,0.422178,0.000000,-2.120131,-10.383220,0.131904,-4.932513,0.240588,-0.026371,0.020000,-0.030000,0.050000,0.100000,-0.200000,0.100000,0.011958,-0.033658,0.100418,0.081061,-0.211530,0.102973
6.119555,-4.983275,0.408621,0.000000,-2.111414,-10.417637,0.131248,-4.933053,0.225556,-0.026565,0.020000,-0.030000,0.050000,0.100000,-0.200000,0.100000,0.011958,-0.033658,0.100418,0.081061,-0.211530,0.102973
6.124794,-4.984328,0.395564,0.000000,-2.102967,-10.450791,0.130615,-4.933534,0.211073,-0.026752,0.020000,-0.030000,0.050000,0.100000,-0.200000,0.100000,0.011958,-0.033658,0.100418,0.081061,-0.211530,0.102973
6.129615,-4.985267,0.383548,0.000000,-2.095149,-10.481307,0.130032,-4.933943,0.197741,-0.026925,0.020000,-0.030000,0.050000,0.100000,-0.200000,0.100000,0.011958,-0.033658,0.100418,0.081061,-0.211530,0.102973
6.134525,-4.986194,0.371309,0.000000,-2.087143,-10.512399,0.129437,-4.934326,0.184155,-0.027103,0.020000,-0.030000,0.050000,0.100000,-0.200000,0.100000,0.011958,-0.033658,0.100418,0.081061,-0.211530,0.102973
6.139899,-4.987174,0.357910,0.000000,-2.078326,-10.546444,0.128784,-4.934707,0.169275,-0.027299,0.020000,-0.030000,0.050000,0.100000,-0.200000,0.100000,0.011958,-0.033658,0.100418,0.081061,-0.211530,0.102973
6.145220,-4.988108,0.344641,0.000000,-2.069540,-10.580169,0.128138,-4.935043,0.154532,-0.027494,0.020000,-0.030000,0.050000,0.100000,-0.200000,0.100000,0.011958,-0.033658,0.100418,0.081061,-0.211530,0.102973
6.150592,-4.989016,0.331240,0.000000,-2.060614,-10.614235,0.127484,-4.935341,0.139638,-0.027691,0.020000,-0.030000,0.050000,0.100000,-0.200000,0.100000,0.011958,-0.033658,0.100418,0.081061,-0.211530,0.102973
6.155779,-4.989858,0.318300,0.000000,-2.051945,-10.647136,0.126851,-4.935590,0.125251,-0.027884,0.020000,-0.030000,0.050000,0.100000,-0.200000,0.100000,0.011958,-0.033658,0.100418,0.081061,-0.211530,0.102973
6.160630,-4.990616,0.306197,0.000000,-2.043792,-10.677913,0.126257,-4.935788,0.111792,-0.028066,0.020000,-0.030000,0.050000,0.100000,-0.200000,0.100000,0.011958,-0.033658,0.100418,0.081061,-0.211530,0.102973
6.165776,-4.991387,0.293354,0.000000,-2.035092,-10.710581,0.125625,-4.935961,0.097503,-0.028262,0.020000,-0.030000,0.050000,0.100000,-0.200000,0.100000,0.011958,-0.033658,0.100418,0.081061,-0.211530,0.102973
6.171105,-4.992151,0.280055,0.000000,-2.026031,-10.744418,0.124969,-4.936102,0.082701,-0.028466,0.020000,-0.030000,0.050000,0.100000,-0.200000,0.100000,0.011958,-0.033658,0.100418,0.081061,-0.211530,0.102973
6.175995,-4.992821,0.267848,0.000000,-2.017667,-10.775484,0.124366,-4.936195,0.069108,-0.028655,0.020000,-0.030000,0.050000,0.100000,-0.200000,0.100000,0.011958,-0.033658,0.100418,0.081061,-0.211530,0.102973
6.180848,-4.993456,0.255731,0.000000,-2.009322,-10.806325,0.123765,-4.936253,0.055613,-0.028845,0.020000,-0.030000,0.050000,0.100000,-0.200000,0.100000,0.011958,-0.033658,0.100418,0.081061,-0.211530,0.102973
6.186140,-4.994115,0.242517,0.000000,-2.000171,-10.839966,0.123108,-4.936279,0.040890,-0.029053,0.020000,-0.030000,0.050000,0.100000,-0.200000,0.100000,0.011958,-0.033658,0.100418,0.081061,-0.211530,0.102973
6.190695,-4.994654,0.231143,0.000000,-1.992252,-10.868932,0.122542,-4.936269,0.028211,-0.029234,0.020000,-0.030000,0.050000,0.100000,-0.200000,0.100000,0.011958,-0.033658,0.100418,0.081061,-0.211530,0.102973
6.195531,-4.995199,0.219065,0.000000,-1.983800,-10.899695,0.121940,-4.936226,0.014743,-0.029427,0.020000,-0.030000,0.050000,0.100000,-0.200000,0.100000,0.011958,-0.033658,0.100418,0.081061,-0.211530,0.102973
6.200957,-4.995775,0.205512,0.000000,-1.974262,-10.934229,0.121262,-4.936139,-0.000379,-0.029645,0.020000,-0.030000,0.050000,0.100000,-0.200000,0.100000,0.011958,-0.033658,0.100418,0.081061,-0.211530,0.102973
6.205954,-4.996272,0.193031,0.000000,-1.965431,-10.966039,0.120637,-4.936023,-0.014311,-0.029846,0.020000,-0.030000,0.050000,0.100000,-0.200000,0.100000,0.011958,-0.033658,0.100418,0.081061,-0.211530,0.102973
6.211395,-4.996779,0.179436,0.000000,-1.955758,-11.000699,0.119957,-4.935855,-0.029492,-0.030066,0.020000,-0.030000,0.050000,0.100000,-0.200000,0.100000,0.011958,-0.033658,0.100418,0.081061,-0.211530,0.102973
6.216099,-4.997187,0.167684,0.000000,-1.947352,-11.030667,0.119369,-4.935677,-0.042621,-0.030256,0.020000,-0.030000,0.050000,0.100000,-0.200000,0.100000,0.011958,-0.033658,0.100418,0.081061,-0.211530,0.102973
6.221216,-4.997600,0.154898,0.000000,-1.938160,-11.063282,0.118727,-4.935448,-0.056910,-0.030465,0.020000,-0.030000,0.050000,0.100000,-0.200000,0.100000,0.011958,-0.033658,0.100418,0.081061,-0.211530,0.102973
6.226077,-4.997962,0.142751,0.000000,-1.929380,-11.094274,0.118116,-4.935194,-0.070490,-0.030666,0.020000,-0.030000,0.050000,0.100000,-0.200000,0.100000,0.011958,-0.033658,0.100418,0.081061,-0.211530,0.102973
6.230823,-4.998286,0.130890,0.000000,-1.920763,-11.124543,0.117516,-4.934912,-0.083755,-0.030864,0.020000,-0.030000,0.050000,0.100000,-0.200000,0.100000,0.011958,-0.033658,0.100418,0.081061,-0.211530,0.102973
6.235829,-4.998598,0.118381,0.000000,-1.911628,-11.156474,0.116882,-4.934580,-0.097753,-0.031076,0.020000,-0.030000,0.050000,0.100000,-0.200000,0.100000,0.011958,-0.033658,0.100418,0.081061,-0.211530,0.102973
6.240689,-4.998871,0.106234,0.000000,-1.902711,-11.187490,0.116265,-4.934223,-0.111351,-0.031282,0.020000,-0.030000,0.050000,0.100000,-0.200000,0.100000,0.011958,-0.033658,0.100418,0.081061,-0.211530,0.102973
6.245619,-4.999118,0.093911,0.000000,-1.893619,-11.218961,0.115640,-4.933823,-0.125149,-0.031491,0.020000,-0.030000,0.050000,0.100000,-0.200000,0.100000,0.011958,-0.033658,0.100418,0.081061,-0.211530,0.102973
6.251112,-4.999357,0.080180,0.000000,-1.883432,-11.254037,0.114943,-4.933336,-0.140531,-0.031725,0.020000,-0.030000,0.050000,0.100000,-0.200000,0.100000,0.011958,-0.033658,0.100418,0.081061,-0.211530,0.102973
6.255624,-4.999525,0.068902,0.000000,-1.875025,-11.282856,0.114369,-4.932906,-0.153170,-0.031918,0.020000,-0.030000,0.050000,0.100000,-0.200000,0.100000,0.011958,-0.033658,0.100418,0.081061,-0.211530,0.102973
6.261097,-4.999695,0.055219,0.000000,-1.864773,-11.317831,0.113672,-4.932345,-0.168510,-0.032154,0.020000,-0.030000,0.050000,0.100000,-0.200000,0.100000,0.011958,-0.033658,0.100418,0.081061,-0.211530,0.102973
6.265847,-4.999812,0.043344,0.000000,-1.855830,-11.348194,0.113067,-4.931824,-0.181829,-0.032360,0.020000,-0.030000,0.050000,0.100000,-0.200000,0.100000,0.011958,-0.033658,0.100418,0.081061,-0.211530,0.102973
6.271035,-4.999908,0.030375,0.000000,-1.846015,-11.381364,0.112405,-4.931219,-0.196379,-0.032585,0.020000,-0.030000,0.050000,0.100000,-0.200000,0.100000,0.011958,-0.033658,0.100418,0.081061,-0.211530,0.102973
6.275717,-4.999965,0.018670,0.000000,-1.837112,-11.411312,0.111808,-4.943792,-0.118689,-0.020114,0.020000,-0.030000,0.050000,0.100000,-0.200000,0.100000,0.014299,-0.031806,0.079493,0.077755,-0.212951,0.102029
6.280940,-4.999997,0.005613,0.000000,-1.827131,-11.444728,0.111143,-4.943340,-0.132727,-0.020265,0.020000,-0.030000,0.050000,0.100000,-0.200000,0.100000,0.014299,-0.031806,0.079493,0.077755,-0.212951,0.102029
6.285464,-4.999997,-0.005696,0.000000,-1.818444,-11.473679,0.110566,-4.942918,-0.144890,-0.020397,0.020000,-0.030000,0.050000,0.100000,-0.200000,0.100000,0.014299,-0.031806,0.079493,0.077755,-0.212951,0.102029
6.290037,-4.999971,-0.017129,0.000000,-1.809623,-11.502955,0.109980,-4.942463,-0.157187,-0.020533,0.020000,-0.030000,0.050000,0.100000,-0.200000,0.100000,0.014299,-0.031806,0.079493,0.077755,-0.212951,0.102029
6.295258,-4.999909,-0.030182,0.000000,-1.799504,-11.536388,0.109312,-4.941909,-0.171229,-0.020687,0.020000,-0.030000,0.050000,0.100000,-0.200000,0.100000,0.014299,-0.031806,0.079493,0.077755,-0.212951,0.102029
6.299828,-4.999827,-0.041606,0.000000,-1.790604,-11.565660,0.108728,-4.941393,-0.183524,-0.020822,0.020000,-0.030000,0.050000,0.100000,-0.200000,0.100000,0.014299,-0.031806,0.079493,0.077755,-0.212951,0.102029
6.305257,-4.999696,-0.055178,0.000000,-1.779980,-11.600447,0.108033,-4.940743,-0.198135,-0.020983,0.020000,-0.030000,0.050000,0.100000,-0.200000,0.100000,0.014299,-0.031806,0.079493,0.077755,-0.212951,0.102029
6.309967,-4.999552,-0.066952,0.000000,-1.770717,-11.630637,0.107431,-4.940147,-0.210814,-0.021122,0.020000,-0.030000,0.050000,0.100000,-0.200000,0.100000,0.014299,-0.031806,0.079493,0.077755,-0.212951,0.102029
6.314528,-4.999386,-0.078355,0.000000,-1.761709,-11.659882,0.106848,-4.939543,-0.223094,-0.021256,0.020000,-0.030000,0.050000,0.100000,-0.200000,0.100000,0.014299,-0.031806,0.079493,0.077755,-0.212951,0.102029
6.319922,-4.999157,-0.091838,0.000000,-1.751006,-11.694475,0.106160,-4.938793,-0.237618,-0.021414,0.020000,-0.030000,0.050000,0.100000,-0.200000,0.100000,0.014299,-0.031806,0.079493,0.077755,-0.212951,0.102029
6.324737,-4.998921,-0.103872,0.000000,-1.741407,-11.725360,0.105546,-4.938089,-0.250584,-0.021554,0.020000,-0.030000,0.050000,0.100000,-0.200000,0.100000,0.014299,-0.031806,0.079493,0.077755,-0.212951,0.102029
6.329517,-4.998658,-0.115818,0.000000,-1.731835,-11.756028,0.104938,-4.937358,-0.263457,-0.021693,0.020000,-0.030000,0.050000,0.100000,-0.200000,0.100000,0.014299,-0.031806,0.079493,0.077755,-0.212951,0.102029
6.334959,-4.998325,-0.129420,0.000000,-1.720883,-11.790959,0.104247,-4.936488,-0.278118,-0.021850,0.020000,-0.030000,0.050000,0.100000,-0.200000,0.100000,0.014299,-0.031806,0.079493,0.077755,-0.212951,0.102029
6.339570,-4.998013,-0.140944,0.000000,-1.711560,-11.820561,0.103660,-4.935720,-0.290541,-0.021984,0.020000,-0.030000,0.050000,0.100000,-0.200000,0.100000,0.014299,-0.031806,0.079493,0.077755,-0.212951,0.102029
6.344599,-4.997643,-0.153509,0.000000,-1.701346,-11.852850,0.103019,-4.934847,-0.304092,-0.022131,0.020000,-0.030000,0.050000,0.100000,-0.200000,0.100000,0.014299,-0.031806,0.079493,0.077755,-0.212951,0.102029
6.349484,-4.997253,-0.165717,0.000000,-1.691376,-11.884230,0.102397,-4.933965,-0.317260,-0.022274,0.020000,-0.030000,0.050000,0.100000,-0.200000,0.100000,0.014299,-0.031806,0.079493,0.077755,-0.212951,0.102029
6.354331,-4.996837,-0.177827,0.000000,-1.681441,-11.915371,0.101779,-4.933058,-0.330326,-0.022416,0.020000,-0.030000,0.050000,0.100000,-0.200000,0.100000,0.014299,-0.031806,0.079493,0.077755,-0.212951,0.102029
6.359617,-4.996349,-0.191033,0.000000,-1.670555,-11.949341,0.101103,-4.932032,-0.344579,-0.022573,0.020000,-0.030000,0.050000,0.100000,-0.200000,0.100000,0.014299,-0.031806,0.079493,0.077755,-0.212951,0.102029
6.364546,-4.995863,-0.203346,0.000000,-1.660356,-11.981025,0.100473,-4.931040,-0.357871,-0.022720,0.020000,-0.030000,0.050000,0.100000,-0.200000,0.100000,0.014299,-0.031806,0.079493,0.077755,-0.212951,0.102029
6.369724,-4.995320,-0.216279,0.000000,-1.649592,-12.014319,0.099809,-4.929962,-0.371838,-0.022875,0.020000,-0.030000,0.050000,0.100000,-0.200000,0.100000,0.014299,-0.031806,0.079493,0.077755,-0.212951,0.102029
6.375103,-4.994720,-0.229713,0.000000,-1.638358,-12.048913,0.099118,-4.928803,-0.386348,-0.023039,0.020000,-0.030000,0.050000,0.100000,-0.200000,0.100000,0.014299,-0.031806,0.079493,0.077755,-0.212951,0.102029
6.380050,-4.994137,-0.242066,0.000000,-1.627977,-12.080736,0.098482,-4.927702,-0.399696,-0.023190,0.020000,-0.030000,0.050000,0.100000,-0.200000,0.100000,0.014299,-0.031806,0.079493,0.077755,-0.212951,0.102029
6.384766,-4.993552,-0.253843,0.000000,-1.618037,-12.111084,0.097875,-4.926620,-0.412422,-0.023335,0.020000,-0.030000,0.050000,0.100000,-0.200000,0.100000,0.014299,-0.031806,0.079493,0.077755,-0.212951,0.102029
6.389728,-4.992907,-0.266230,0.000000,-1.607536,-12.143017,0.097236,-4.925450,-0.425811,-0.023488,0.020000,-0.030000,0.050000,0.100000,-0.200000,0.100000,0.014299,-0.031806,0.079493,0.077755,-0.212951,0.102029
6.394405,-4.992271,-0.277905,0.000000,-1.597595,-12.173124,0.096635,-4.924316,-0.438433,-0.023632,0.020000,-0.030000,0.050000,0.100000,-0.200000,0.100000,0.014299,-0.031806,0.079493,0.077755,-0.212951,0.102029
6.399118,-4.991602,-0.289669,0.000000,-1.587537,-12.203469,0.096028,-4.923143,-0.451154,-0.023777,0.020000,-0.030000,0.050000,0.100000,-0.200000,0.100000,0.014299,-0.031806,0.079493,0.077755,-0.212951,0.102029
6.403712,-4.990924,-0.301135,0.000000,-1.577691,-12.233056,0.095437,-4.921970,-0.463554,-0.023919,0.020000,-0.030000,0.050000,0.100000,-0.200000,0.100000,0.014299,-0.031806,0.079493,0.077755,-0.212951,0.102029
6.408488,-4.990190,-0.313052,0.000000,-1.567416,-12.263817,0.094821,-4.920719,-0.476445,-0.024068,0.020000,-0.030000,0.050000,0.100000,-0.200000,0.100000,0.014299,-0.031806,0.079493,0.077755,-0.212951,0.102029
6.413793,-4.989342,-0.326288,0.000000,-1.555950,-12.297996,0.094136,-4.919294,-0.490766,-0.024235,0.020000,-0.030000,0.050000,0.100000,-0.200000,0.100000,0.014299,-0.031806,0.079493,0.077755,-0.212951,0.102029
6.418817,-4.988507,-0.338820,0.000000,-1.545045,-12.330369,0.093486,-4.917908,-0.504328,-0.024395,0.020000,-0.030000,0.050000,0.100000,-0.200000,0.100000,0.014299,-0.031806,0.079493,0.077755,-0.212951,0.102029
6.423645,-4.987674,-0.350861,0.000000,-1.534521,-12.361488,0.092860,-4.916545,-0.517364,-0.024550,0.020000,-0.030000,0.050000,0.100000,-0.200000,0.100000,0.014299,-0.031806,0.079493,0.077755,-0.212951,0.102029
6.428863,-4.986742,-0.363871,0.000000,-1.523099,-12.395123,0.092183,-4.915035,-0.531452,-0.024717,0.020000,-0.030000,0.050000,0.100000,-0.200000,0.100000,0.014299,-0.031806,0.079493,0.077755,-0.212951,0.102029
6.433911,-4.985808,-0.376458,0.000000,-1.511997,-12.427677,0.091530,-4.913539,-0.545086,-0.024878,0.020000,-0.030000,0.050000,0.100000,-0.200000,0.100000,0.014299,-0.031806,0.079493,0.077755,-0.212951,0.102029
6.438573,-4.984917,-0.388079,0.000000,-1.501703,-12.457744,0.090926,-4.912125,-0.557677,-0.025027,0.020000,-0.030000,0.050000,0.100000,-0.200000,0.100000,0.014299,-0.031806,0.079493,0.077755,-0.212951,0.102029
6.443467,-4.983952,-0.400275,0.000000,-1.490852,-12.489311,0.090292,-4.910608,-0.570894,-0.025185,0.020000,-0.030000,0.050000,0.100000,-0.200000,0.100000,0.014299,-0.031806,0.079493,0.077755,-0.212951,0.102029
6.448748,-4.982878,-0.413435,0.000000,-1.479089,-12.523387,0.089609,-4.908931,-0.585160,-0.025353,0.020000,-0.030000,0.050000,0.100000,-0.200000,0.100000,0.014299,-0.031806,0.079493,0.077755,-0.212951,0.102029
6.453293,-4.981925,-0.424757,0.000000,-1.468923,-12.552714,0.089022,-4.907455,-0.597436,-0.025497,0.020000,-0.030000,0.050000,0.100000,-0.200000,0.100000,0.014299,-0.031806,0.079493,0.077755,-0.212951,0.102029
6.458758,-4.980746,-0.438367,0.000000,-1.456646,-12.587981,0.088317,-4.905641,-0.612198,-0.025671,0.020000,-0.030000,0.050000,0.100000,-0.200000,0.100000,0.014299,-0.031806,0.079493,0.077755,-0.212951,0.102029
6.463814,-4.979622,-0.450959,0.000000,-1.445236,-12.620621,0.087665,-4.903925,-0.625857,-0.025831,0.020000,-0.030000,0.050000,0.100000,-0.200000,0.100000,0.014299,-0.031806,0.079493,0.077755,-0.212951,0.102029
6.469289,-4.978369,-0.464589,0.000000,-1.432828,-12.655969,0.086961,-4.902027,-0.640647,-0.026003,0.020000,-0.030000,0.050000,0.100000,-0.200000,0.100000,0.014299,-0.031806,0.079493,0.077755,-0.212951,0.102029
6.473829,-4.977302,-0.475887,0.000000,-1.422498,-12.685280,0.086378,-4.900421,-0.652908,-0.026145,0.020000,-0.030000,0.050000,0.100000,-0.200000,0.100000,0.014299,-0.031806,0.079493,0.077755,-0.212951,0.102029
6.479095,-4.976031,-0.488992,0.000000,-1.410463,-12.719293,0.085702,-4.876555,-0.619453,-0.039502,0.020000,-0.030000,0.050000,0.100000,-0.200000,0.100000,0.014935,-0.031544,0.073457,0.081109,-0.215087,0.103358
6.484331,-4.974734,-0.502016,0.000000,-1.398447,-12.753109,0.085030,-4.874596,-0.633317,-0.039681,0.020000,-0.030000,0.050000,0.100000,-0.200000,0.100000,0.014935,-0.031544,0.073457,0.081109,-0.215087,0.103358
6.489098,-4.973523,-0.513874,0.000000,-1.387459,-12.783908,0.084420,-4.872778,-0.645940,-0.039843,0.020000,-0.030000,0.050000,0.100000,-0.200000,0.100000,0.014935,-0.031544,0.073457,0.081109,-0.215087,0.103358
6.494259,-4.972181,-0.526705,0.000000,-1.375517,-12.817251,0.083759,-4.870774,-0.659604,-0.040017,0.020000,-0.030000,0.050000,0.100000,-0.200000,0.100000,0.014935,-0.031544,0.073457,0.081109,-0.215087,0.103358
6.498956,-4.970930,-0.538382,0.000000,-1.364602,-12.847604,0.083159,-4.868917,-0.672039,-0.040176,0.020000,-0.030000,0.050000,0.100000,-0.200000,0.100000,0.014935,-0.031544,0.073457,0.081109,-0.215087,0.103358
6.504389,-4.969449,-0.551881,0.000000,-1.351930,-12.882709,0.082465,-4.866732,-0.686417,-0.040360,0.020000,-0.030000,0.050000,0.100000,-0.200000,0.100000,0.014935,-0.031544,0.073457,0.081109,-0.215087,0.103358
6.509569,-4.968003,-0.564751,0.000000,-1.339796,-12.916190,0.081801,-4.864611,-0.700124,-0.040538,0.020000,-0.030000,0.050000,0.100000,-0.200000,0.100000,0.014935,-0.031544,0.073457,0.081109,-0.215087,0.103358
6.514344,-4.966641,-0.576612,0.000000,-1.328567,-12.947058,0.081190,-4.862623,-0.712758,-0.040702,0.020000,-0.030000,0.050000,0.100000,-0.200000,0.100000,0.014935,-0.031544,0.073457,0.081109,-0.215087,0.103358
6.519108,-4.965253,-0.588440,0.000000,-1.317324,-12.977857,0.080582,-4.860611,-0.725360,-0.040864,0.020000,-0.030000,0.050000,0.100000,-0.200000,0.100000,0.014935,-0.031544,0.073457,0.081109,-0.215087,0.103358
6.523768,-4.963869,-0.600007,0.000000,-1.306287,-13.007985,0.079987,-4.858613,-0.737684,-0.041023,0.020000,-0.030000,0.050000,0.100000,-0.200000,0.100000,0.014935,-0.031544,0.073457,0.081109,-0.215087,0.103358
6.528576,-4.962412,-0.611939,0.000000,-1.294855,-13.039080,0.079374,-4.856521,-0.750402,-0.041187,0.020000,-0.030000,0.050000,0.100000,-0.200000,0.100000,0.014935,-0.031544,0.073457,0.081109,-0.215087,0.103358
6.533555,-4.960873,-0.624292,0.000000,-1.282971,-13.071286,0.078740,-4.854320,-0.763570,-0.041356,0.020000,-0.030000,0.050000,0.100000,-0.200000,0.100000,0.014935,-0.031544,0.073457,0.081109,-0.215087,0.103358
6.538379,-4.959353,-0.636255,0.000000,-1.271412,-13.102490,0.078125,-4.852153,-0.776327,-0.041521,0.020000,-0.030000,0.050000,0.100000,-0.200000,0.100000,0.014935,-0.031544,0.073457,0.081109,-0.215087,0.103358
6.543018,-4.957864,-0.647757,0.000000,-1.260254,-13.132501,0.077532,-4.850038,-0.788593,-0.041680,0.020000,-0.030000,0.050000,0.100000,-0.200000,0.100000,0.014935,-0.031544,0.073457,0.081109,-0.215087,0.103358
6.548490,-4.956073,-0.661319,0.000000,-1.247042,-13.167906,0.076832,-4.847507,-0.803059,-0.041871,0.020000,-0.030000,0.050000,0.100000,-0.200000,0.100000,0.014935,-0.031544,0.073457,0.081109,-0.215087,0.103358
6.553987,-4.954237,-0.674937,0.000000,-1.233717,-13.203474,0.076127,-4.844924,-0.817588,-0.042064,0.020000,-0.030000,0.050000,0.100000,-0.200000,0.100000,0.014935,-0.031544,0.073457,0.081109,-0.215087,0.103358
6.559394,-4.952394,-0.688328,0.000000,-1.220556,-13.238467,0.075434,-4.842344,-0.831877,-0.042254,0.020000,-0.030000,0.050000,0.100000,-0.200000,0.100000,0.014935,-0.031544,0.073457,0.081109,-0.215087,0.103358
6.564603,-4.950584,-0.701226,0.000000,-1.207824,-13.272188,0.074764,-4.839821,-0.845642,-0.042440,0.020000,-0.030000,0.050000,0.100000,-0.200000,0.100000,0.014935,-0.031544,0.073457,0.081109,-0.215087,0.103358
6.569730,-4.948770,-0.713912,0.000000,-1.195245,-13.305374,0.074105,-4.837300,-0.859187,-0.042624,0.020000,-0.030000,0.050000,0.100000,-0.200000,0.100000,0.014935,-0.031544,0.073457,0.081109,-0.215087,0.103358
6.574866,-4.946921,-0.726618,0.000000,-1.182594,-13.338626,0.073443,-4.834739,-0.872754,-0.042809,0.020000,-0.030000,0.050000,0.100000,-0.200000,0.100000,0.014935,-0.031544,0.073457,0.081109,-0.215087,0.103358
6.579956,-4.945056,-0.739206,0.000000,-1.170009,-13.371584,0.072787,-4.832166,-0.886197,-0.042993,0.020000,-0.030000,0.050000,0.100000,-0.200000,0.100000,0.014935,-0.031544,0.073457,0.081109,-0.215087,0.103358
6.585070,-4.943149,-0.751850,0.000000,-1.157318,-13.404707,0.072129,-4.829548,-0.899703,-0.043178,0.020000,-0.030000,0.050000,0.100000,-0.200000,0.100000,0.014935,-0.031544,0.073457,0.081109,-0.215087,0.103358
6.589806,-4.941355,-0.763554,0.000000,-1.145524,-13.435382,0.071519,-4.827092,-0.912207,-0.043350,0.020000,-0.030000,0.050000,0.100000,-0.200000,0.100000,0.014935,-0.031544,0.073457,0.081109,-0.215087,0.103358
6.595106,-4.939314,-0.776644,0.000000,-1.132278,-13.469706,0.070837,-4.824307,-0.926194,-0.043543,0.020000,-0.030000,0.050000,0.100000,-0.200000,0.100000,0.014935,-0.031544,0.073457,0.081109,-0.215087,0.103358
6.600549,-4.937182,-0.790085,0.000000,-1.118617,-13.504968,0.070137,-4.821406,-0.940558,-0.043741,0.020000,-0.030000,0.050000,0.100000,-0.200000,0.100000,0.014935,-0.031544,0.073457,0.081109,-0.215087,0.103358
6.605336,-4.935277,-0.801900,0.000000,-1.106560,-13.535978,0.069521,-4.818821,-0.953184,-0.043917,0.020000,-0.030000,0.050000,0.100000,-0.200000,0.100000,0.014935,-0.031544,0.073457,0.081109,-0.215087,0.103358
6.610704,-4.933107,-0.815143,0.000000,-1.092989,-13.570751,0.068829,-4.815883,-0.967338,-0.044115,0.020000,-0.030000,0.050000,0.100000,-0.200000,0.100000,0.014935,-0.031544,0.073457,0.081109,-0.215087,0.103358
6.615569,-4.931110,-0.827139,0.000000,-1.080643,-13.602263,0.068202,-4.813184,-0.980161,-0.044296,0.020000,-0.030000,0.050000,0.100000,-0.200000,0.100000,0.014935,-0.031544,0.073457,0.081109,-0.215087,0.103358
6.620610,-4.929009,-0.839566,0.000000,-1.067802,-13.634924,0.067551,-4.810352,-0.993447,-0.044485,0.020000,-0.030000,0.050000,0.100000,-0.200000,0.100000,0.014935,-0.031544,0.073457,0.081109,-0.215087,0.103358
6.625245,-4.927050,-0.850985,0.000000,-1.055956,-13.664949,0.066951,-4.807717,-1.005657,-0.044659,0.020000,-0.030000,0.050000,0.100000,-0.200000,0.100000,0.014935,-0.031544,0.073457,0.081109,-0.215087,0.103358
6.630441,-4.924823,-0.863784,0.000000,-1.042626,-13.698619,0.066278,-4.804728,-1.019346,-0.044857,0.020000,-0.030000,0.050000,0.100000,-0.200000,0.100000,0.014935,-0.031544,0.073457,0.081109,-0.215087,0.103358
6.635342,-4.922691,-0.875849,0.000000,-1.030011,-13.730375,0.065640,-4.801875,-1.032253,-0.045047,0.020000,-0.030000,0.050000,0.100000,-0.200000,0.100000,0.014935,-0.031544,0.073457,0.081109,-0.215087,0.103358
6.640276,-4.920515,-0.887991,0.000000,-1.017267,-13.762351,0.064996,-4.798972,-1.045244,-0.045241,0.020000,-0.030000,0.050000,0.100000,-0.200000,0.100000,0.014935,-0.031544,0.073457,0.081109,-0.215087,0.103358
6.644923,-4.918439,-0.899422,0.000000,-1.005223,-13.792468,0.064389,-4.796207,-1.057476,-0.045424,0.020000,-0.030000,0.050000,0.100000,-0.200000,0.100000,0.014935,-0.031544,0.073457,0.081109,-0.215087,0.103358
6.650399,-4.915958,-0.912886,0.000000,-0.990981,-13.827959,0.063677,-4.792912,-1.071885,-0.045638,0.020000,-0.030000,0.050000,0.100000,-0.200000,0.100000,0.014935,-0.031544,0.073457,0.081109,-0.215087,0.103358
6.655097,-4.913800,-0.924431,0.000000,-0.978721,-13.858409,0.063068,-4.790053,-1.084243,-0.045820,0.020000,-0.030000,0.050000,0.100000,-0.200000,0.100000,0.014935,-0.031544,0.073457,0.081109,-0.215087,0.103358
6.660091,-4.911476,-0.936696,0.000000,-0.965646,-13.890776,0.062421,-4.786983,-1.097374,-0.046013,0.020000,-0.030000,0.050000,0.100000,-0.200000,0.100000,0.014935,-0.031544,0.073457,0.081109,-0.215087,0.103358
6.665429,-4.908959,-0.949803,0.000000,-0.951617,-13.925385,0.061729,-4.783663,-1.111412,-0.046221,0.020000,-0.030000,0.050000,0.100000,-0.200000,0.100000,0.014935,-0.031544,0.073457,0.081109,-0.215087,0.103358
6.670282,-4.906640,-0.961711,0.000000,-0.938819,-13.956846,0.061101,-4.780611,-1.124168,-0.046409,0.020000,-0.030000,0.050000,0.100000,-0.200000,0.100000,0.014935,-0.031544,0.073457,0.081109,-0.215087,0.103358
6.675317,-4.904203,-0.974061,0.000000,-0.925492,-13.989494,0.060449,-4.777410,-1.137403,-0.046606,0.020000,-0.030000,0.050000,0.100000,-0.200000,0.100000,0.014935,-0.031544,0.073457,0.081109,-0.215087,0.103358
6.680587,-4.901619,-0.986981,0.000000,-0.911495,-14.023666,0.059766,-4.848092,-1.029438,-0.050273,0.020000,-0.030000,0.050000,0.100000,-0.200000,0.100000,0.017908,-0.028469,0.044011,0.068144,-0.219840,0.102700
6.685478,-4.899191,-0.998963,0.000000,-0.898461,-14.055376,0.059132,-4.845498,-1.041503,-0.050396,0.020000,-0.030000,0.050000,0.100000,-0.200000,0.100000,0.017908,-0.028469,0.044011,0.068144,-0.219840,0.102700
6.690651,-4.896591,-1.011632,0.000000,-0.884628,-14.088923,0.058463,-4.842723,-1.054259,-0.050526,0.020000,-0.030000,0.050000,0.100000,-0.200000,0.100000,0.017908,-0.028469,0.044011,0.068144,-0.219840,0.102700
6.695958,-4.893889,-1.024622,0.000000,-0.870389,-14.123338,0.057778,-4.839845,-1.067337,-0.050658,0.020000,-0.030000,0.050000,0.100000,-0.200000,0.100000,0.017908,-0.028469,0.044011,0.068144,-0.219840,0.102700
6.700867,-4.891359,-1.036631,0.000000,-0.857172,-14.155172,0.057144,-4.837152,-1.079427,-0.050780,0.020000,-0.030000,0.050000,0.100000,-0.200000,0.100000,0.017908,-0.028469,0.044011,0.068144,-0.219840,0.102700
6.705798,-4.888789,-1.048688,0.000000,-0.843853,-14.187151,0.056507,-4.834417,-1.091565,-0.050904,0.020000,-0.030000,0.050000,0.100000,-0.200000,0.100000,0.017908,-0.028469,0.044011,0.068144,-0.219840,0.102700
6.710583,-4.886266,-1.060380,0.000000,-0.830886,-14.218178,0.055890,-4.831734,-1.103336,-0.051023,0.020000,-0.030000,0.050000,0.100000,-0.200000,0.100000,0.017908,-0.028469,0.044011,0.068144,-0.219840,0.102700
6.715483,-4.883653,-1.072349,0.000000,-0.817560,-14.249959,0.055261,-4.828955,-1.115386,-0.051142,0.020000,-0.030000,0.050000,0.100000,-0.200000,0.100000,0.017908,-0.028469,0.044011,0.068144,-0.219840,0.102700
6.720003,-4.881217,-1.083383,0.000000,-0.805231,-14.279270,0.054682,-4.826366,-1.126494,-0.051251,0.020000,-0.030000,0.050000,0.100000,-0.200000,0.100000,0.017908,-0.028469,0.044011,0.068144,-0.219840,0.102700
6.724754,-4.878630,-1.094974,0.000000,-0.792234,-14.310077,0.054072,-4.823618,-1.138161,-0.051368,0.020000,-0.030000,0.050000,0.100000,-0.200000,0.100000,0.017908,-0.028469,0.044011,0.068144,-0.219840,0.102700
6.729600,-4.875963,-1.106792,0.000000,-0.778933,-14.341504,0.053449,-4.820786,-1.150057,-0.051487,0.020000,-0.030000,0.050000,0.100000,-0.200000,0.100000,0.017908,-0.028469,0.044011,0.068144,-0.219840,0.102700
6.734369,-4.873310,-1.118415,0.000000,-0.765801,-14.372430,0.052837,-4.817970,-1.161758,-0.051605,0.020000,-0.030000,0.050000,0.100000,-0.200000,0.100000,0.017908,-0.028469,0.044011,0.068144,-0.219840,0.102700
6.739102,-4.870649,-1.129947,0.000000,-0.752723,-14.403130,0.052228,-4.815145,-1.173366,-0.051722,0.020000,-0.030000,0.050000,0.100000,-0.200000,0.100000,0.017908,-0.028469,0.044011,0.068144,-0.219840,0.102700
6.744301,-4.867695,-1.142604,0.000000,-0.738313,-14.436844,0.051559,-4.812010,-1.186108,-0.051851,0.020000,-0.030000,0.050000,0.100000,-0.200000,0.100000,0.017908,-0.028469,0.044011,0.068144,-0.219840,0.102700
6.749695,-4.864596,-1.155727,0.000000,-0.723309,-14.471822,0.050865,-4.808721,-1.199319,-0.051986,0.020000,-0.030000,0.050000,0.100000,-0.200000,0.100000,0.017908,-0.028469,0.044011,0.068144,-0.219840,0.102700
6.755104,-4.861453,-1.168879,0.000000,-0.708209,-14.506898,0.050168,-4.805384,-1.212559,-0.052122,0.020000,-0.030000,0.050000,0.100000,-0.200000,0.100000,0.017908,-0.028469,0.044011,0.068144,-0.219840,0.102700
6.760164,-4.858480,-1.181174,0.000000,-0.694034,-14.539709,0.049517,-4.802229,-1.224936,-0.052249,0.020000,-0.030000,0.050000,0.100000,-0.200000,0.100000,0.017908,-0.028469,0.044011,0.068144,-0.219840,0.102700
6.765634,-4.855231,-1.194458,0.000000,-0.678658,-14.575179,0.048816,-4.798783,-1.238306,-0.052384,0.020000,-0.030000,0.050000,0.100000,-0.200000,0.100000,0.017908,-0.028469,0.044011,0.068144,-0.219840,0.102700
6.770850,-4.852099,-1.207118,0.000000,-0.663946,-14.609002,0.048148,-4.795463,-1.251047,-0.052512,0.020000,-0.030000,0.050000,0.100000,-0.200000,0.100000,0.017908,-0.028469,0.044011,0.068144,-0.219840,0.102700
6.775999,-4.848976,-1.219604,0.000000,-0.649376,-14.642384,0.047489,-4.792152,-1.263615,-0.052639,0.020000,-0.030000,0.050000,0.100000,-0.200000,0.100000,0.017908,-0.028469,0.044011,0.068144,-0.219840,0.102700
6.781110,-4.845843,-1.231991,0.000000,-0.634864,-14.675520,0.046834,-4.788833,-1.276082,-0.052767,0.020000,-0.030000,0.050000,0.100000,-0.200000,0.100000,0.017908,-0.028469,0.044011,0.068144,-0.219840,0.102700
6.785723,-4.842989,-1.243165,0.000000,-0.621725,-14.705428,0.046243,-4.785808,-1.287328,-0.052881,0.020000,-0.030000,0.050000,0.100000,-0.200000,0.100000,0.017908,-0.028469,0.044011,0.068144,-0.219840,0.102700
6.791120,-4.839616,-1.256229,0.000000,-0.606303,-14.740419,0.045553,-4.782235,-1.300478,-0.053014,0.020000,-0.030000,0.050000,0.100000,-0.200000,0.100000,0.017908,-0.028469,0.044011,0.068144,-0.219840,0.102700
6.796434,-4.836262,-1.269083,0.000000,-0.591068,-14.774869,0.044873,-4.778683,-1.313416,-0.053146,0.020000,-0.030000,0.050000,0.100000,-0.200000,0.100000,0.017908,-0.028469,0.044011,0.068144,-0.219840,0.102700
6.800982,-4.833363,-1.280079,0.000000,-0.577987,-14.804357,0.044290,-4.775615,-1.324483,-0.053260,0.020000,-0.030000,0.050000,0.100000,-0.200000,0.100000,0.017908,-0.028469,0.044011,0.068144,-0.219840,0.102700
6.805889,-4.830208,-1.291934,0.000000,-0.563834,-14.836166,0.043662,-4.772276,-1.336416,-0.053383,0.020000,-0.030000,0.050000,0.100000,-0.200000,0.100000,0.017908,-0.028469,0.044011,0.068144,-0.219840,0.102700
6.810851,-4.826988,-1.303914,0.000000,-0.549476,-14.868335,0.043027,-4.768870,-1.348476,-0.053507,0.020000,-0.030000,0.050000,0.100000,-0.200000,0.100000,0.017908,-0.028469,0.044011,0.068144,-0.219840,0.102700
6.816054,-4.823579,-1.316466,0.000000,-0.534375,-14.902061,0.042363,-4.765267,-1.361113,-0.053636,0.020000,-0.030000,0.050000,0.100000,-0.200000,0.100000,0.017908,-0.028469,0.044011,0.068144,-0.219840,0.102700
6.820644,-4.820545,-1.327533,0.000000,-0.521011,-14.931814,0.041778,-4.762059,-1.372254,-0.053748,0.020000,-0.030000,0.050000,0.100000,-0.200000,0.100000,0.017908,-0.028469,0.044011,0.068144,-0.219840,0.102700
6.825315,-4.817432,-1.338787,0.000000,-0.507372,-14.962091,0.041183,-4.758767,-1.383584,-0.053863,0.020000,-0.030000,0.050000,0.100000,-0.200000,0.100000,0.017908,-0.028469,0.044011,0.068144,-0.219840,0.102700
6.830040,-4.814255,-1.350166,0.000000,-0.493532,-14.992719,0.040582,-4.755408,-1.395039,-0.053979,0.020000,-0.030000,0.050000,0.100000,-0.200000,0.100000,0.017908,-0.028469,0.044011,0.068144,-0.219840,0.102700
6.835137,-4.810799,-1.362430,0.000000,-0.478559,-15.025752,0.039933,-4.751754,-1.407387,-0.054104,0.020000,-0.030000,0.050000,0.100000,-0.200000,0.100000,0.017908,-0.028469,0.044011,0.068144,-0.219840,0.102700
6.839975,-4.807489,-1.374063,0.000000,-0.464304,-15.057102,0.039319,-4.748256,-1.419098,-0.054223,0.020000,-0.030000,0.050000,0.100000,-0.200000,0.100000,0.017908,-0.028469,0.044011,0.068144,-0.219840,0.102700
6.844528,-4.804349,-1.385004,0.000000,-0.450849,-15.086607,0.038740,-4.744937,-1.430113,-0.054335,0.020000,-0.030000,0.050000,0.100000,-0.200000,0.100000,0.017908,-0.028469,0.044011,0.068144,-0.219840,0.102700
6.849556,-4.800852,-1.397077,0.000000,-0.435950,-15.119186,0.038100,-4.741243,-1.442268,-0.054460,0.020000,-0.030000,0.050000,0.100000,-0.200000,0.100000,0.017908,-0.028469,0.044011,0.068144,-0.219840,0.102700
6.854659,-4.797271,-1.409322,0.000000,-0.420782,-15.152253,0.037450,-4.737464,-1.454596,-0.054587,0.020000,-0.030000,0.050000,0.100000,-0.200000,0.100000,0.017908,-0.028469,0.044011,0.068144,-0.219840,0.102700
6.859900,-4.793561,-1.421889,0.000000,-0.405157,-15.186210,0.036784,-4.733551,-1.467246,-0.054718,0.020000,-0.030000,0.050000,0.100000,-0.200000,0.100000,0.017908,-0.028469,0.044011,0.068144,-0.219840,0.102700
6.864890,-4.789999,-1.433845,0.000000,-0.390237,-15.218537,0.036149,-4.729796,-1.479280,-0.054844,0.020000,-0.030000,0.050000,0.100000,-0.200000,0.100000,0.017908,-0.028469,0.044011,0.068144,-0.219840,0.102700
6.869744,-4.786505,-1.445466,0.000000,-0.375683,-15.249981,0.035531,-4.726115,-1.490978,-0.054967,0.020000,-0.030000,0.050000,0.100000,-0.200000,0.100000,0.017908,-0.028469,0.044011,0.068144,-0.219840,0.102700
6.874295,-4.783203,-1.456353,0.000000,-0.362001,-15.279456,0.034952,-4.722640,-1.501935,-0.055082,0.020000,-0.030000,0.050000,0.100000,-0.200000,0.100000,0.017908,-0.028469,0.044011,0.068144,-0.219840,0.102700
6.879349,-4.779508,-1.468436,0.000000,-0.346763,-15.312190,0.034310,-4.718749,-1.514096,-0.055210,0.020000,-0.030000,0.050000,0.100000,-0.200000,0.100000,0.017908,-0.028469,0.044011,0.068144,-0.219840,0.102700
6.884000,-4.776080,-1.479546,0.000000,-0.332701,-15.342306,0.033721,-4.732557,-1.488997,-0.023138,0.020000,-0.030000,0.050000,0.100000,-0.200000,0.100000,0.018688,-0.027641,0.035713,0.065098,-0.222222,0.100347
6.889356,-4.772101,-1.492332,0.000000,-0.316457,-15.376990,0.033043,-4.728554,-1.501617,-0.023182,0.020000,-0.030000,0.050000,0.100000,-0.200000,0.100000,0.018688,-0.027641,0.035713,0.065098,-0.222222,0.100347
6.894029,-4.768601,-1.503477,0.000000,-0.302247,-15.407242,0.032452,-4.725035,-1.512616,-0.023220,0.020000,-0.030000,0.050000,0.100000,-0.200000,0.100000,0.018688,-0.027641,0.035713,0.065098,-0.222222,0.100347
6.899293,-4.764627,-1.516023,0.000000,-0.286192,-15.441322,0.031786,-4.721042,-1.524997,-0.023264,0.020000,-0.030000,0.050000,0.100000,-0.200000,0.100000,0.018688,-0.027641,0.035713,0.065098,-0.222222,0.100347
6.904789,-4.760444,-1.529110,0.000000,-0.269380,-15.476897,0.031092,-4.716839,-1.537911,-0.023310,0.020000,-0.030000,0.050000,0.100000,-0.200000,0.100000,0.018688,-0.027641,0.035713,0.065098,-0.222222,0.100347
6.910271,-4.756234,-1.542153,0.000000,-0.252559,-15.512380,0.030401,-4.712614,-1.550780,-0.023354,0.020000,-0.030000,0.050000,0.100000,-0.200000,0.100000,0.018688,-0.027641,0.035713,0.065098,-0.222222,0.100347
6.915452,-4.752223,-1.554470,0.000000,-0.236610,-15.545916,0.029749,-4.708587,-1.562933,-0.023395,0.020000,-0.030000,0.050000,0.100000,-0.200000,0.100000,0.018688,-0.027641,0.035713,0.065098,-0.222222,0.100347
6.920805,-4.748046,-1.567183,0.000000,-0.220086,-15.580554,0.029074,-4.704396,-1.575475,-0.023439,0.020000,-0.030000,0.050000,0.100000,-0.200000,0.100000,0.018688,-0.027641,0.035713,0.065098,-0.222222,0.100347
6.926266,-4.743749,-1.580142,0.000000,-0.203178,-15.615889,0.028387,-4.700088,-1.588258,-0.023483,0.020000,-0.030000,0.050000,0.100000,-0.200000,0.100000,0.018688,-0.027641,0.035713,0.065098,-0.222222,0.100347
6.931243,-4.739802,-1.591941,0.000000,-0.187725,-15.648085,0.027760,-4.696132,-1.599897,-0.023524,0.020000,-0.030000,0.050000,0.100000,-0.200000,0.100000,0.018688,-0.027641,0.035713,0.065098,-0.222222,0.100347
6.936049,-4.735963,-1.603327,0.000000,-0.172761,-15.679177,0.027155,-4.692286,-1.611128,-0.023565,0.020000,-0.030000,0.050000,0.100000,-0.200000,0.100000,0.018688,-0.027641,0.035713,0.065098,-0.222222,0.100347
6.941307,-4.731731,-1.615772,0.000000,-0.156343,-15.713185,0.026493,-4.688046,-1.623402,-0.023609,0.020000,-0.030000,0.050000,0.100000,-0.200000,0.100000,0.018688,-0.027641,0.035713,0.065098,-0.222222,0.100347
6.946722,-4.727340,-1.628576,0.000000,-0.139384,-15.748203,0.025810,-4.683645,-1.636030,-0.023656,0.020000,-0.030000,0.050000,0.100000,-0.200000,0.100000,0.018688,-0.027641,0.035713,0.065098,-0.222222,0.100347
6.951654,-4.723309,-1.640230,0.000000,-0.123890,-15.780098,0.025187,-4.679606,-1.647524,-0.023701,0.020000,-0.030000,0.050000,0.100000,-0.200000,0.100000,0.018688,-0.027641,0.035713,0.065098,-0.222222,0.100347
6.956712,-4.719146,-1.652170,0.000000,-0.107959,-15.812800,0.024548,-4.675435,-1.659298,-0.023746,0.020000,-0.030000,0.050000,0.100000,-0.200000,0.100000,0.018688,-0.027641,0.035713,0.065098,-0.222222,0.100347
6.961662,-4.715042,-1.663844,0.000000,-0.092326,-15.844798,0.023924,-4.671326,-1.670809,-0.023790,0.020000,-0.030000,0.050000,0.100000,-0.200000,0.100000,0.018688,-0.027641,0.035713,0.065098,-0.222222,0.100347
6.966548,-4.710963,-1.675359,0.000000,-0.076851,-15.876384,0.023309,-4.667242,-1.682163,-0.023834,0.020000,-0.030000,0.050000,0.100000,-0.200000,0.100000,0.018688,-0.027641,0.035713,0.065098,-0.222222,0.100347
6.971905,-4.706459,-1.687970,0.000000,-0.059841,-15.911003,0.022636,-4.662736,-1.694598,-0.023880,0.020000,-0.030000,0.050000,0.100000,-0.200000,0.100000,0.018688,-0.027641,0.035713,0.065098,-0.222222,0.100347
6.976687,-4.702410,-1.699218,0.000000,-0.044615,-15.941906,0.022036,-4.658685,-1.705688,-0.023921,0.020000,-0.030000,0.050000,0.100000,-0.200000,0.100000,0.018688,-0.027641,0.035713,0.065098,-0.222222,0.100347
6.982000,-4.697878,-1.711706,0.000000,-0.027648,-15.976239,0.021371,-4.654154,-1.717999,-0.023965,0.020000,-0.030000,0.050000,0.100000,-0.200000,0.100000,0.018688,-0.027641,0.035713,0.065098,-0.222222,0.100347
6.986980,-4.693602,-1.723398,0.000000,-0.011704,-16.008409,0.020749,-4.649878,-1.729523,-0.024006,0.020000,-0.030000,0.050000,0.100000,-0.200000,0.100000,0.018688,-0.027641,0.035713,0.065098,-0.222222,0.100347
6.991736,-4.689490,-1.734554,0.000000,0.003563,-16.039128,0.020157,-4.645768,-1.740519,-0.024044,0.020000,-0.030000,0.050000,0.100000,-0.200000,0.100000,0.018688,-0.027641,0.035713,0.065098,-0.222222,0.100347
6.997223,-4.684714,-1.747413,0.000000,0.021225,-16.074564,0.019476,-4.640994,-1.753193,-0.024086,0.020000,-0.030000,0.050000,0.100000,-0.200000,0.100000,0.018688,-0.027641,0.035713,0.065098,-0.222222,0.100347
7.002479,-4.680106,-1.759719,0.000000,0.038193,-16.108504,0.018825,-4.636390,-1.765321,-0.024125,0.020000,-0.030000,0.050000,0.100000,-0.200000,0.100000,0.018688,-0.027641,0.035713,0.065098,-0.222222,0.100347
7.007514,-4.675661,-1.771496,0.000000,0.054492,-16.141011,0.018203,-4.631950,-1.776925,-0.024161,0.020000,-0.030000,0.050000,0.100000,-0.200000,0.100000,0.018688,-0.027641,0.035713,0.065098,-0.222222,0.100347
7.012104,-4.671583,-1.782222,0.000000,0.069389,-16.170638,0.017637,-4.627876,-1.787494,-0.024194,0.020000,-0.030000,0.050000,0.100000,-0.200000,0.100000,0.018688,-0.027641,0.035713,0.065098,-0.222222,0.100347
7.017314,-4.666925,-1.794384,0.000000,0.086342,-16.204262,0.016996,-4.623221,-1.799479,-0.024230,0.020000,-0.030000,0.050000,0.100000,-0.200000,0.100000,0.018688,-0.027641,0.035713,0.065098,-0.222222,0.100347
7.022655,-4.662116,-1.806841,0.000000,0.103771,-16.238726,0.016342,-4.618418,-1.811752,-0.024264,0.020000,-0.030000,0.050000,0.100000,-0.200000,0.100000,0.018688,-0.027641,0.035713,0.065098,-0.222222,0.100347
7.027732,-4.657514,-1.818671,0.000000,0.120388,-16.271487,0.015722,-4.613820,-1.823409,-0.024296,0.020000,-0.030000,0.050000,0.100000,-0.200000,0.100000,0.018688,-0.027641,0.035713,0.065098,-0.222222,0.100347
7.033212,-4.652514,-1.831424,0.000000,0.138370,-16.306833,0.015054,-4.608825,-1.835975,-0.024328,0.020000,-0.030000,0.050000,0.100000,-0.200000,0.100000,0.018688,-0.027641,0.035713,0.065098,-0.222222,0.100347
7.038151,-4.647976,-1.842909,0.000000,0.154626,-16.338692,0.014453,-4.604291,-1.847290,-0.024357,0.020000,-0.030000,0.050000,0.100000,-0.200000,0.100000,0.018688,-0.027641,0.035713,0.065098,-0.222222,0.100347
7.043230,-4.643282,-1.854706,0.000000,0.171381,-16.371442,0.013837,-4.599604,-1.858911,-0.024386,0.020000,-0.030000,0.050000,0.100000,-0.200000,0.100000,0.018688,-0.027641,0.035713,0.065098,-0.222222,0.100347
7.047770,-4.639059,-1.865242,0.000000,0.186393,-16.400712,0.013286,-4.595390,-1.869288,-0.024412,0.020000,-0.030000,0.050000,0.100000,-0.200000,0.100000,0.018688,-0.027641,0.035713,0.065098,-0.222222,0.100347
7.052845,-4.634311,-1.877008,0.000000,0.203217,-16.433428,0.012672,-4.590654,-1.880876,-0.024440,0.020000,-0.030000,0.050000,0.100000,-0.200000,0.100000,0.018688,-0.027641,0.035713,0.065098,-0.222222,0.100347
7.058256,-4.629217,-1.889538,0.000000,0.221197,-16.468295,0.012019,-4.585574,-1.893215,-0.024470,0.020000,-0.030000,0.050000,0.100000,-0.200000,0.100000,0.018688,-0.027641,0.035713,0.065098,-0.222222,0.100347
7.063156,-4.624573,-1.900875,0.000000,0.237528,-16.499873,0.011428,-4.580944,-1.904379,-0.024497,0.020000,-0.030000,0.050000,0.100000,-0.200000,0.100000,0.018688,-0.027641,0.035713,0.065098,-0.222222,0.100347
7.067981,-4.619974,-1.912025,0.000000,0.253645,-16.530952,0.010849,-4.576358,-1.915356,-0.024521,0.020000,-0.030000,0.050000,0.100000,-0.200000,0.100000,0.018688,-0.027641,0.035713,0.065098,-0.222222,0.100347
7.073131,-4.615035,-1.923916,0.000000,0.270893,-16.564126,0.010231,-4.571436,-1.927064,-0.024547,0.020000,-0.030000,0.050000,0.100000,-0.200000,0.100000,0.018688,-0.027641,0.035713,0.065098,-0.222222,0.100347
7.077654,-4.610672,-1.934349,0.000000,0.286078,-16.593258,0.009690,-4.567090,-1.937338,-0.024569,0.020000,-0.030000,0.050000,0.100000,-0.200000,0.100000,0.018688,-0.027641,0.035713,0.065098,-0.222222,0.100347
7.083110,-4.605378,-1.946918,0.000000,0.304437,-16.628387,0.009038,-4.561818,-1.949714,-0.024595,0.020000,-0.030000,0.050000,0.100000,-0.200000,0.100000,0.018688,-0.027641,0.035713,0.065098,-0.222222,0.100347
7.087995,-4.600609,-1.958161,0.000000,0.320917,-16.659833,0.008456,-4.519069,-1.980473,-0.059468,0.020000,-0.030000,0.050000,0.100000,-0.200000,0.100000,0.018022,-0.028565,0.043337,0.071003,-0.220016,0.103050
7.092582,-4.596106,-1.968707,0.000000,0.336429,-16.689358,0.007912,-4.514360,-1.990987,-0.059569,0.020000,-0.030000,0.050000,0.100000,-0.200000,0.100000,0.018022,-0.028565,0.043337,0.071003,-0.220016,0.103050
7.097526,-4.591225,-1.980063,0.000000,0.353190,-16.721176,0.007327,-4.509256,-2.002309,-0.059677,0.020000,-0.030000,0.050000,0.100000,-0.200000,0.100000,0.018022,-0.028565,0.043337,0.071003,-0.220016,0.103050
7.102315,-4.586471,-1.991052,0.000000,0.369464,-16.751991,0.006762,-4.504286,-2.013264,-0.059781,0.020000,-0.030000,0.050000,0.100000,-0.200000,0.100000,0.018022,-0.028565,0.043337,0.071003,-0.220016,0.103050
7.106939,-4.581855,-2.001649,0.000000,0.385213,-16.781734,0.006217,-4.499461,-2.023830,-0.059881,0.020000,-0.030000,0.050000,0.100000,-0.200000,0.100000,0.018022,-0.028565,0.043337,0.071003,-0.220016,0.103050
7.112298,-4.576476,-2.013919,0.000000,0.403512,-16.816200,0.005586,-4.493838,-2.036063,-0.059997,0.020000,-0.030000,0.050000,0.100000,-0.200000,0.100000,0.018022,-0.028565,0.043337,0.071003,-0.220016,0.103050
7.117702,-4.571017,-2.026279,0.000000,0.422019,-16.850954,0.004951,-4.488131,-2.048387,-0.060113,0.020000,-0.030000,0.050000,0.100000,-0.200000,0.100000,0.018022,-0.028565,0.043337,0.071003,-0.220016,0.103050
7.122871,-4.565765,-2.038085,0.000000,0.439763,-16.884181,0.004344,-4.482641,-2.060158,-0.060225,0.020000,-0.030000,0.050000,0.100000,-0.200000,0.100000,0.018022,-0.028565,0.043337,0.071003,-0.220016,0.103050
7.128054,-4.560468,-2.049910,0.000000,0.457599,-16.917494,0.003736,-4.477107,-2.071949,-0.060337,0.020000,-0.030000,0.050000,0.100000,-0.200000,0.100000,0.018022,-0.028565,0.043337,0.071003,-0.220016,0.103050
7.133538,-4.554830,-2.062408,0.000000,0.476520,-16.952735,0.003094,-4.471221,-2.084410,-0.060456,0.020000,-0.030000,0.050000,0.100000,-0.200000,0.100000,0.018022,-0.028565,0.043337,0.071003,-0.220016,0.103050
7.138202,-4.550008,-2.073024,0.000000,0.492648,-16.982700,0.002548,-4.466188,-2.094996,-0.060558,0.020000,-0.030000,0.050000,0.100000,-0.200000,0.100000,0.018022,-0.028565,0.043337,0.071003,-0.220016,0.103050
7.142759,-4.545273,-2.083385,0.000000,0.508442,-17.011971,0.002014,-4.461248,-2.105329,-0.060658,0.020000,-0.030000,0.050000,0.100000,-0.200000,0.100000,0.018022,-0.028565,0.043337,0.071003,-0.220016,0.103050
7.147581,-4.540237,-2.094338,0.000000,0.525191,-17.042940,0.001450,-4.455994,-2.116251,-0.060764,0.020000,-0.030000,0.050000,0.100000,-0.200000,0.100000,0.018022,-0.028565,0.043337,0.071003,-0.220016,0.103050
7.152691,-4.534871,-2.105930,0.000000,0.542982,-17.075747,0.000853,-4.450398,-2.127812,-0.060877,0.020000,-0.030000,0.050000,0.100000,-0.200000,0.100000,0.018022,-0.028565,0.043337,0.071003,-0.220016,0.103050
7.158114,-4.529144,-2.118220,0.000000,0.561914,-17.110564,0.000218,-4.444425,-2.140069,-0.060998,0.020000,-0.030000,0.050000,0.100000,-0.200000,0.100000,0.018022,-0.028565,0.043337,0.071003,-0.220016,0.103050
7.163367,-4.523565,-2.130109,0.000000,0.580295,-17.144277,-0.000395,-4.438610,-2.151926,-0.061115,0.020000,-0.030000,0.050000,0.100000,-0.200000,0.100000,0.018022,-0.028565,0.043337,0.071003,-0.220016,0.103050
7.168099,-4.518513,-2.140804,0.000000,0.596892,-17.174638,-0.000947,-4.433345,-2.162594,-0.061220,0.020000,-0.030000,0.050000,0.100000,-0.200000,0.100000,0.018022,-0.028565,0.043337,0.071003,-0.220016,0.103050
7.173385,-4.512838,-2.152740,0.000000,0.615479,-17.208551,-0.001563,-4.427431,-2.174501,-0.061338,0.020000,-0.030000,0.050000,0.100000,-0.200000,0.100000,0.018022,-0.028565,0.043337,0.071003,-0.220016,0.103050
7.178315,-4.507518,-2.163858,0.000000,0.632856,-17.240173,-0.002136,-4.421888,-2.185593,-0.061448,0.020000,-0.030000,0.050000,0.100000,-0.200000,0.100000,0.018022,-0.028565,0.043337,0.071003,-0.220016,0.103050
7.182818,-4.502635,-2.174000,0.000000,0.648759,-17.269044,-0.002658,-4.416803,-2.195712,-0.061547,0.020000,-0.030000,0.050000,0.100000,-0.200000,0.100000,0.018022,-0.028565,0.043337,0.071003,-0.220016,0.103050
7.188002,-4.496985,-2.185664,0.000000,0.667113,-17.302280,-0.003259,-4.410917,-2.207349,-0.061662,0.020000,-0.030000,0.050000,0.100000,-0.200000,0.100000,0.018022,-0.028565,0.043337,0.071003,-0.220016,0.103050
7.192517,-4.492039,-2.195810,0.000000,0.683134,-17.331217,-0.003780,-4.405767,-2.217470,-0.061760,0.020000,-0.030000,0.050000,0.100000,-0.200000,0.100000,0.018022,-0.028565,0.043337,0.071003,-0.220016,0.103050
7.197151,-4.486939,-2.206213,0.000000,0.699612,-17.360910,-0.004314,-4.400456,-2.227847,-0.061862,0.020000,-0.030000,0.050000,0.100000,-0.200000,0.100000,0.018022,-0.028565,0.043337,0.071003,-0.220016,0.103050
7.201867,-4.481724,-2.216787,0.000000,0.716418,-17.391123,-0.004857,-4.395026,-2.238396,-0.061965,0.020000,-0.030000,0.050000,0.100000,-0.200000,0.100000,0.018022,-0.028565,0.043337,0.071003,-0.220016,0.103050
7.206785,-4.476260,-2.227802,0.000000,0.733984,-17.422622,-0.005420,-4.389337,-2.249385,-0.062071,0.020000,-0.030000,0.050000,0.100000,-0.200000,0.100000,0.018022,-0.028565,0.043337,0.071003,-0.220016,0.103050
7.211959,-4.470482,-2.239373,0.000000,0.752502,-17.455746,-0.006013,-4.383325,-2.260928,-0.062183,0.020000,-0.030000,0.050000,0.100000,-0.200000,0.100000,0.018022,-0.028565,0.043337,0.071003,-0.220016,0.103050
7.217393,-4.464381,-2.251511,0.000000,0.772000,-17.490527,-0.006636,-4.376976,-2.273034,-0.062303,0.020000,-0.030000,0.050000,0.100000,-0.200000,0.100000,0.018022,-0.028565,0.043337,0.071003,-0.220016,0.103050
7.222878,-4.458189,-2.263746,0.000000,0.791731,-17.525624,-0.007266,-4.370532,-2.285237,-0.062426,0.020000,-0.030000,0.050000,0.100000,-0.200000,0.100000,0.018022,-0.028565,0.043337,0.071003,-0.220016,0.103050
7.228254,-4.452088,-2.275722,0.000000,0.811119,-17.560012,-0.007885,-4.364183,-2.297182,-0.062548,0.020000,-0.030000,0.050000,0.100000,-0.200000,0.100000,0.018022,-0.028565,0.043337,0.071003,-0.220016,0.103050
7.232925,-4.446762,-2.286112,0.000000,0.828001,-17.589879,-0.008421,-4.358638,-2.307545,-0.062654,0.020000,-0.030000,0.050000,0.100000,-0.200000,0.100000,0.018022,-0.028565,0.043337,0.071003,-0.220016,0.103050
7.237562,-4.441449,-2.296417,0.000000,0.844799,-17.619525,-0.008952,-4.353109,-2.317823,-0.062758,0.020000,-0.030000,0.050000,0.100000,-0.200000,0.100000,0.018022,-0.028565,0.043337,0.071003,-0.220016,0.103050
7.243017,-4.435169,-2.308522,0.000000,0.864605,-17.654390,-0.009574,-4.346574,-2.329898,-0.062880,0.020000,-0.030000,0.050000,0.100000,-0.200000,0.100000,0.018022,-0.028565,0.043337,0.071003,-0.220016,0.103050
7.247723,-4.429725,-2.318952,0.000000,0.881729,-17.684459,-0.010110,-4.340909,-2.340300,-0.062985,0.020000,-0.030000,0.050000,0.100000,-0.200000,0.100000,0.018022,-0.028565,0.043337,0.071003,-0.220016,0.103050
7.252627,-4.424025,-2.329807,0.000000,0.899613,-17.715787,-0.010667,-4.334980,-2.351128,-0.063093,0.020000,-0.030000,0.050000,0.100000,-0.200000,0.100000,0.018022,-0.028565,0.043337,0.071003,-0.220016,0.103050
7.257720,-4.418078,-2.341064,0.000000,0.918225,-17.748309,-0.011245,-4.328794,-2.362357,-0.063206,0.020000,-0.030000,0.050000,0.100000,-0.200000,0.100000,0.018022,-0.028565,0.043337,0.071003,-0.220016,0.103050
7.262228,-4.412790,-2.351018,0.000000,0.934738,-17.777090,-0.011756,-4.323293,-2.372285,-0.063307,0.020000,-0.030000,0.050000,0.100000,-0.200000,0.100000,0.018022,-0.028565,0.043337,0.071003,-0.220016,0.103050
7.266955,-4.407221,-2.361441,0.000000,0.952085,-17.807259,-0.012292,-4.317502,-2.382680,-0.063414,0.020000,-0.030000,0.050000,0.100000,-0.200000,0.100000,0.018022,-0.028565,0.043337,0.071003,-0.220016,0.103050
7.272205,-4.401008,-2.373001,0.000000,0.971389,-17.840749,-0.012886,-4.311043,-2.394205,-0.063532,0.020000,-0.030000,0.050000,0.100000,-0.200000,0.100000,0.018022,-0.028565,0.043337,0.071003,-0.220016,0.103050
7.277536,-4.394667,-2.384723,0.000000,0.991036,-17.874748,-0.013489,-4.304453,-2.405891,-0.063653,0.020000,-0.030000,0.050000,0.100000,-0.200000,0.100000,0.018022,-0.028565,0.043337,0.071003,-0.220016,0.103050
7.282331,-4.388936,-2.395254,0.000000,1.008750,-17.905323,-0.014029,-4.298498,-2.416389,-0.063761,0.020000,-0.030000,0.050000,0.100000,-0.200000,0.100000,0.018022,-0.028565,0.043337,0.071003,-0.220016,0.103050
7.287153,-4.383149,-2.405827,0.000000,1.026595,-17.936052,-0.014571,-4.292486,-2.426929,-0.063870,0.020000,-0.030000,0.050000,0.100000,-0.200000,0.100000,0.018022,-0.028565,0.043337,0.071003,-0.220016,0.103050
7.292558,-4.376631,-2.417664,0.000000,1.046643,-17.970490,-0.015179,-4.266009,-2.485497,-0.058401,0.020000,-0.030000,0.050000,0.100000,-0.200000,0.100000,0.017388,-0.029242,0.050572,0.073007,-0.217007,0.102833
7.298052,-4.369974,-2.429677,0.000000,1.067065,-18.005480,-0.015796,-4.258878,-2.497722,-0.058540,0.020000,-0.030000,0.050000,0.100000,-0.200000,0.100000,0.017388,-0.029242,0.050572,0.073007,-0.217007,0.102833
7.303002,-4.363946,-2.440486,0.000000,1.085509,-18.037000,-0.016351,-4.252422,-2.508723,-0.058665,0.020000,-0.030000,0.050000,0.100000,-0.200000,0.100000,0.017388,-0.029242,0.050572,0.073007,-0.217007,0.102833
7.308032,-4.357795,-2.451453,0.000000,1.104287,-18.069016,-0.016913,-4.245837,-2.519887,-0.058792,0.020000,-0.030000,0.050000,0.100000,-0.200000,0.100000,0.017388,-0.029242,0.050572,0.073007,-0.217007,0.102833
7.312576,-4.352213,-2.461349,0.000000,1.121287,-18.097936,-0.017420,-4.239864,-2.529961,-0.058907,0.020000,-0.030000,0.050000,0.100000,-0.200000,0.100000,0.017388,-0.029242,0.050572,0.073007,-0.217007,0.102833
7.317886,-4.345663,-2.472896,0.000000,1.141193,-18.131718,-0.018009,-4.232853,-2.541716,-0.059039,0.020000,-0.030000,0.050000,0.100000,-0.200000,0.100000,0.017388,-0.029242,0.050572,0.073007,-0.217007,0.102833
7.322418,-4.340049,-2.482735,0.000000,1.158215,-18.160534,-0.018509,-4.226845,-2.551734,-0.059150,0.020000,-0.030000,0.050000,0.100000,-0.200000,0.100000,0.017388,-0.029242,0.050572,0.073007,-0.217007,0.102833
7.327898,-4.333230,-2.494617,0.000000,1.178842,-18.195370,-0.019112,-4.219548,-2.563829,-0.059284,0.020000,-0.030000,0.050000,0.100000,-0.200000,0.100000,0.017388,-0.029242,0.050572,0.073007,-0.217007,0.102833
7.332742,-4.327175,-2.505106,0.000000,1.197116,-18.226156,-0.019645,-4.213069,-2.574507,-0.059404,0.020000,-0.030000,0.050000,0.100000,-0.200000,0.100000,0.017388,-0.029242,0.050572,0.073007,-0.217007,0.102833
7.338135,-4.320405,-2.516764,0.000000,1.217501,-18.260413,-0.020239,-4.205827,-2.586375,-0.059538,0.020000,-0.030000,0.050000,0.100000,-0.200000,0.100000,0.017388,-0.029242,0.050572,0.073007,-0.217007,0.102833
7.343222,-4.313989,-2.527746,0.000000,1.236774,-18.292720,-0.020798,-4.198963,-2.597556,-0.059666,0.020000,-0.030000,0.050000,0.100000,-0.200000,0.100000,0.017388,-0.029242,0.050572,0.073007,-0.217007,0.102833
7.347792,-4.308202,-2.537597,0.000000,1.254123,-18.321734,-0.021300,-4.192773,-2.607588,-0.059781,0.020000,-0.030000,0.050000,0.100000,-0.200000,0.100000,0.017388,-0.029242,0.050572,0.073007,-0.217007,0.102833
7.353189,-4.301339,-2.549213,0.000000,1.274651,-18.355984,-0.021894,-4.185433,-2.619418,-0.059920,0.020000,-0.030000,0.050000,0.100000,-0.200000,0.100000,0.017388,-0.029242,0.050572,0.073007,-0.217007,0.102833
7.358282,-4.294832,-2.560159,0.000000,1.294066,-18.388298,-0.022454,-4.178476,-2.630565,-0.060050,0.020000,-0.030000,0.050000,0.100000,-0.200000,0.100000,0.017388,-0.029242,0.050572,0.073007,-0.217007,0.102833
7.363266,-4.288439,-2.570854,0.000000,1.313103,-18.419903,-0.022999,-4.171639,-2.641456,-0.060178,0.020000,-0.030000,0.050000,0.100000,-0.200000,0.100000,0.017388,-0.029242,0.050572,0.073007,-0.217007,0.102833
7.368131,-4.282173,-2.581277,0.000000,1.331723,-18.450745,-0.023532,-4.164939,-2.652073,-0.060303,0.020000,-0.030000,0.050000,0.100000,-0.200000,0.100000,0.017388,-0.029242,0.050572,0.073007,-0.217007,0.102833
7.372834,-4.276091,-2.591340,0.000000,1.349759,-18.480551,-0.024045,-4.158437,-2.662323,-0.060424,0.020000,-0.030000,0.050000,0.100000,-0.200000,0.100000,0.017388,-0.029242,0.050572,0.073007,-0.217007,0.102833
7.378159,-4.269177,-2.602716,0.000000,1.370221,-18.514286,-0.024624,-4.151043,-2.673912,-0.060559,0.020000,-0.030000,0.050000,0.100000,-0.200000,0.100000,0.017388,-0.029242,0.050572,0.073007,-0.217007,0.102833
7.383453,-4.262272,-2.614007,0.000000,1.390611,-18.547814,-0.025196,-4.143660,-2.685416,-0.060692,0.020000,-0.030000,0.050000,0.100000,-0.200000,0.100000,0.017388,-0.029242,0.050572,0.073007,-0.217007,0.102833
7.388564,-4.255579,-2.624890,0.000000,1.410333,-18.580163,-0.025748,-4.136503,-2.696501,-0.060822,0.020000,-0.030000,0.050000,0.100000,-0.200000,0.100000,0.017388,-0.029242,0.050572,0.073007,-0.217007,0.102833
7.393377,-4.249250,-2.635123,0.000000,1.428945,-18.610620,-0.026268,-4.129735,-2.706927,-0.060944,0.020000,-0.030000,0.050000,0.100000,-0.200000,0.100000,0.017388,-0.029242,0.050572,0.073007,-0.217007,0.102833
7.398120,-4.242988,-2.645194,0.000000,1.447323,-18.640624,-0.026778,-4.123040,-2.717187,-0.061064,0.020000,-0.030000,0.050000,0.100000,-0.200000,0.100000,0.017388,-0.029242,0.050572,0.073007,-0.217007,0.102833
7.402655,-4.236980,-2.654807,0.000000,1.464927,-18.669299,-0.027264,-4.116614,-2.726982,-0.061178,0.020000,-0.030000,0.050000,0.100000,-0.200000,0.100000,0.017388,-0.029242,0.050572,0.073007,-0.217007,0.102833
7.407772,-4.230173,-2.665639,0.000000,1.484829,-18.701643,-0.027810,-4.109334,-2.738018,-0.061306,0.020000,-0.030000,0.050000,0.100000,-0.200000,0.100000,0.017388,-0.029242,0.050572,0.073007,-0.217007,0.102833
7.413183,-4.222946,-2.677075,0.000000,1.505917,-18.735832,-0.028387,-4.101605,-2.749668,-0.061441,0.020000,-0.030000,0.050000,0.100000,-0.200000,0.100000,0.017388,-0.029242,0.050572,0.073007,-0.217007,0.102833
7.418243,-4.216159,-2.687750,0.000000,1.525676,-18.767788,-0.028926,-4.094350,-2.760544,-0.061569,0.020000,-0.030000,0.050000,0.100000,-0.200000,0.100000,0.017388,-0.029242,0.050572,0.073007,-0.217007,0.102833
7.423351,-4.209282,-2.698508,0.000000,1.545661,-18.800034,-0.029471,-4.086996,-2.771506,-0.061700,0.020000,-0.030000,0.050000,0.100000,-0.200000,0.100000,0.017388,-0.029242,0.050572,0.073007,-0.217007,0.102833
7.428582,-4.202209,-2.709509,0.000000,1.566173,-18.833049,-0.030027,-4.079434,-2.782718,-0.061835,0.020000,-0.030000,0.050000,0.100000,-0.200000,0.100000,0.017388,-0.029242,0.050572,0.073007,-0.217007,0.102833
7.433530,-4.195493,-2.719897,0.000000,1.585613,-18.864264,-0.030552,-4.072254,-2.793306,-0.061961,0.020000,-0.030000,0.050000,0.100000,-0.200000,0.100000,0.017388,-0.029242,0.050572,0.073007,-0.217007,0.102833
7.438772,-4.188350,-2.730883,0.000000,1.606246,-18.897317,-0.031106,-4.064618,-2.804504,-0.062094,0.020000,-0.030000,0.050000,0.100000,-0.200000,0.100000,0.017388,-0.029242,0.050572,0.073007,-0.217007,0.102833
7.444270,-4.180827,-2.742387,0.000000,1.627935,-18.931975,-0.031686,-4.056574,-2.816231,-0.062235,0.020000,-0.030000,0.050000,0.100000,-0.200000,0.100000,0.017388,-0.029242,0.050572,0.073007,-0.217007,0.102833
7.449671,-4.173405,-2.753668,0.000000,1.649286,-18.966006,-0.032257,-4.048640,-2.827731,-0.062375,0.020000,-0.030000,0.050000,0.100000,-0.200000,0.100000,0.017388,-0.029242,0.050572,0.073007,-0.217007,0.102833
7.454324,-4.166988,-2.763370,0.000000,1.667714,-18.995312,-0.032750,-4.041781,-2.837623,-0.062499,0.020000,-0.030000,0.050000,0.100000,-0.200000,0.100000,0.017388,-0.029242,0.050572,0.073007,-0.217007,0.102833
7.459567,-4.159729,-2.774284,0.000000,1.688516,-19.028319,-0.033305,-4.034022,-2.848749,-0.062639,0.020000,-0.030000,0.050000,0.100000,-0.200000,0.100000,0.017388,-0.029242,0.050572,0.073007,-0.217007,0.102833
7.465012,-4.152160,-2.785600,0.000000,1.710168,-19.062583,-0.033882,-4.025930,-2.860285,-0.062787,0.020000,-0.030000,0.050000,0.100000,-0.200000,0.100000,0.017388,-0.029242,0.050572,0.073007,-0.217007,0.102833
7.469606,-4.145751,-2.795129,0.000000,1.728469,-19.091475,-0.034368,-4.019076,-2.869999,-0.062912,0.020000,-0.030000,0.050000,0.100000,-0.200000,0.100000,0.017388,-0.029242,0.050572,0.073007,-0.217007,0.102833
7.475022,-4.138167,-2.806346,0.000000,1.750084,-19.125524,-0.034941,-4.010967,-2.881432,-0.063060,0.020000,-0.030000,0.050000,0.100000,-0.200000,0.100000,0.017388,-0.029242,0.050572,0.073007,-0.217007,0.102833
7.479537,-4.131822,-2.815679,0.000000,1.768133,-19.153892,-0.035417,-4.004185,-2.890945,-0.063185,0.020000,-0.030000,0.050000,0.100000,-0.200000,0.100000,0.017388,-0.029242,0.050572,0.073007,-0.217007,0.102833
7.484717,-4.124514,-2.826373,0.000000,1.788883,-19.186434,-0.035962,-3.996375,-2.901844,-0.063327,0.020000,-0.030000,0.050000,0.100000,-0.200000,0.100000,0.017388,-0.029242,0.050572,0.073007,-0.217007,0.102833
7.489602,-4.117599,-2.836437,0.000000,1.808481,-19.217100,-0.036476,-3.988984,-2.912101,-0.063463,0.020000,-0.030000,0.050000,0.100000,-0.200000,0.100000,0.017388,-0.029242,0.050572,0.073007,-0.217007,0.102833
7.494128,-4.111169,-2.845749,0.000000,1.826677,-19.245508,-0.036951,-4.007606,-2.809185,-0.073421,0.020000,-0.030000,0.050000,0.100000,-0.200000,0.100000,0.018518,-0.028174,0.037425,0.072565,-0.223722,0.103469
7.499155,-4.104004,-2.856072,0.000000,1.846917,-19.277040,-0.037479,-4.000316,-2.819198,-0.073538,0.020000,-0.030000,0.050000,0.100000,-0.200000,0.100000,0.018518,-0.028174,0.037425,0.072565,-0.223722,0.103469
7.503910,-4.097202,-2.865822,0.000000,1.866100,-19.306859,-0.037977,-3.993395,-2.828656,-0.073649,0.020000,-0.030000,0.050000,0.100000,-0.200000,0.100000,0.018518,-0.028174,0.037425,0.072565,-0.223722,0.103469
7.509373,-4.089359,-2.877002,0.000000,1.888180,-19.341103,-0.038548,-3.985417,-2.839502,-0.073776,0.020000,-0.030000,0.050000,0.100000,-0.200000,0.100000,0.018518,-0.028174,0.037425,0.072565,-0.223722,0.103469
7.514677,-4.081715,-2.887837,0.000000,1.909659,-19.374335,-0.039102,-3.977642,-2.850011,-0.073900,0.020000,-0.030000,0.050000,0.100000,-0.200000,0.100000,0.018518,-0.028174,0.037425,0.072565,-0.223722,0.103469
7.519446,-4.074817,-2.897562,0.000000,1.929008,-19.404201,-0.039599,-3.970627,-2.859442,-0.074012,0.020000,-0.030000,0.050000,0.100000,-0.200000,0.100000,0.018518,-0.028174,0.037425,0.072565,-0.223722,0.103469
7.524931,-4.066854,-2.908728,0.000000,1.951305,-19.438540,-0.040170,-3.962530,-2.870269,-0.074142,0.020000,-0.030000,0.050000,0.100000,-0.200000,0.100000,0.018518,-0.028174,0.037425,0.072565,-0.223722,0.103469
7.529613,-4.060034,-2.918240,0.000000,1.970370,-19.467835,-0.040656,-3.955597,-2.879492,-0.074253,0.020000,-0.030000,0.050000,0.100000,-0.200000,0.100000,0.018518,-0.028174,0.037425,0.072565,-0.223722,0.103469
7.534510,-4.052878,-2.928171,0.000000,1.990342,-19.498457,-0.041164,-3.948323,-2.889119,-0.074369,0.020000,-0.030000,0.050000,0.100000,-0.200000,0.100000,0.018518,-0.028174,0.037425,0.072565,-0.223722,0.103469
7.539673,-4.045305,-2.938624,0.000000,2.011443,-19.530735,-0.041698,-3.940624,-2.899251,-0.074491,0.020000,-0.030000,0.050000,0.100000,-0.200000,0.100000,0.018518,-0.028174,0.037425,0.072565,-0.223722,0.103469
7.544434,-4.038298,-2.948245,0.000000,2.030936,-19.560483,-0.042190,-3.933500,-2.908576,-0.074605,0.020000,-0.030000,0.050000,0.100000,-0.200000,0.100000,0.018518,-0.028174,0.037425,0.072565,-0.223722,0.103469
7.549830,-4.030328,-2.959131,0.000000,2.053070,-19.594186,-0.042746,-3.925399,-2.919125,-0.074733,0.020000,-0.030000,0.050000,0.100000,-0.200000,0.100000,0.018518,-0.028174,0.037425,0.072565,-0.223722,0.103469
7.554826,-4.022924,-2.969189,0.000000,2.073598,-19.625372,-0.043260,-3.917874,-2.928870,-0.074853,0.020000,-0.030000,0.050000,0.100000,-0.200000,0.100000,0.018518,-0.028174,0.037425,0.072565,-0.223722,0.103469
7.560055,-4.015147,-2.979697,0.000000,2.095124,-19.658001,-0.043796,-3.909972,-2.939050,-0.074978,0.020000,-0.030000,0.050000,0.100000,-0.200000,0.100000,0.018518,-0.028174,0.037425,0.072565,-0.223722,0.103469
7.565028,-4.007726,-2.989671,0.000000,2.115630,-19.689015,-0.044305,-3.902433,-2.948711,-0.075096,0.020000,-0.030000,0.050000,0.100000,-0.200000,0.100000,0.018518,-0.028174,0.037425,0.072565,-0.223722,0.103469
7.569966,-4.000332,-2.999557,0.000000,2.136026,-19.719798,-0.044806,-3.894925,-2.958286,-0.075212,0.020000,-0.030000,0.050000,0.100000,-0.200000,0.100000,0.018518,-0.028174,0.037425,0.072565,-0.223722,0.103469
7.574931,-3.992873,-3.009479,0.000000,2.156571,-19.750739,-0.045308,-3.887352,-2.967895,-0.075327,0.020000,-0.030000,0.050000,0.100000,-0.200000,0.100000,0.018518,-0.028174,0.037425,0.072565,-0.223722,0.103469
7.579808,-3.985523,-3.019206,0.000000,2.176782,-19.781111,-0.045799,-3.879891,-2.977314,-0.075440,0.020000,-0.030000,0.050000,0.100000,-0.200000,0.100000,0.018518,-0.028174,0.037425,0.072565,-0.223722,0.103469
7.585259,-3.977280,-3.030057,0.000000,2.199413,-19.815043,-0.046345,-3.871524,-2.987819,-0.075565,0.020000,-0.030000,0.050000,0.100000,-0.200000,0.100000,0.018518,-0.028174,0.037425,0.072565,-0.223722,0.103469
7.590321,-3.969598,-3.040114,0.000000,2.220470,-19.846542,-0.046851,-3.863728,-2.997555,-0.075681,0.020000,-0.030000,0.050000,0.100000,-0.200000,0.100000,0.018518,-0.028174,0.037425,0.072565,-0.223722,0.103469
7.595060,-3.962384,-3.049511,0.000000,2.240214,-19.876013,-0.047324,-3.856409,-3.006650,-0.075790,0.020000,-0.030000,0.050000,0.100000,-0.200000,0.100000,0.018518,-0.028174,0.037425,0.072565,-0.223722,0.103469
7.600519,-3.954044,-3.060316,0.000000,2.263000,-19.909952,-0.047869,-3.847949,-3.017108,-0.075917,0.020000,-0.030000,0.050000,0.100000,-0.200000,0.100000,0.018518,-0.028174,0.037425,0.072565,-0.223722,0.103469
7.605068,-3.947073,-3.069301,0.000000,2.282017,-19.938216,-0.048323,-3.840879,-3.025803,-0.076025,0.020000,-0.030000,0.050000,0.100000,-0.200000,0.100000,0.018518,-0.028174,0.037425,0.072565,-0.223722,0.103469
7.610070,-3.939385,-3.079163,0.000000,2.302961,-19.969277,-0.048822,-3.833082,-3.035343,-0.076144,0.020000,-0.030000,0.050000,0.100000,-0.200000,0.100000,0.018518,-0.028174,0.037425,0.072565,-0.223722,0.103469
7.614866,-3.931990,-3.088600,0.000000,2.323072,-19.999044,-0.049299,-3.825586,-3.044469,-0.076258,0.020000,-0.030000,0.050000,0.100000,-0.200000,0.100000,0.018518,-0.028174,0.037425,0.072565,-0.223722,0.103469
7.620087,-3.923914,-3.098855,0.000000,2.345003,-20.031436,-0.049816,-3.817402,-3.054384,-0.076382,0.020000,-0.030000,0.050000,0.100000,-0.200000,0.100000,0.018518,-0.028174,0.037425,0.072565,-0.223722,0.103469
7.625268,-3.915872,-3.109010,0.000000,2.366804,-20.063564,-0.050328,-3.809255,-3.064202,-0.076506,0.020000,-0.030000,0.050000,0.100000,-0.200000,0.100000,0.018518,-0.028174,0.037425,0.072565,-0.223722,0.103469
7.630535,-3.907672,-3.119311,0.000000,2.389003,-20.096205,-0.050847,-3.800948,-3.074158,-0.076632,0.020000,-0.030000,0.050000,0.100000,-0.200000,0.100000,0.018518,-0.028174,0.037425,0.072565,-0.223722,0.103469
7.635569,-3.899808,-3.129136,0.000000,2.410254,-20.127381,-0.051342,-3.792984,-3.083650,-0.076753,0.020000,-0.030000,0.050000,0.100000,-0.200000,0.100000,0.018518,-0.028174,0.037425,0.072565,-0.223722,0.103469
7.640788,-3.891630,-3.139302,0.000000,2.432323,-20.159687,-0.051853,-3.784703,-3.093469,-0.076878,0.020000,-0.030000,0.050000,0.100000,-0.200000,0.100000,0.018518,-0.028174,0.037425,0.072565,-0.223722,0.103469
7.646171,-3.883167,-3.149765,0.000000,2.455128,-20.192992,-0.052378,-3.776134,-3.103574,-0.077005,0.020000,-0.030000,0.050000,0.100000,-0.200000,0.100000,0.018518,-0.028174,0.037425,0.072565,-0.223722,0.103469
7.650719,-3.875994,-3.158587,0.000000,2.474426,-20.221118,-0.052818,-3.768873,-3.112092,-0.077112,0.020000,-0.030000,0.050000,0.100000,-0.200000,0.100000,0.018518,-0.028174,0.037425,0.072565,-0.223722,0.103469
7.655925,-3.867759,-3.168666,0.000000,2.496548,-20.253295,-0.053321,-3.760541,-3.121821,-0.077234,0.020000,-0.030000,0.050000,0.100000,-0.200000,0.100000,0.018518,-0.028174,0.037425,0.072565,-0.223722,0.103469
7.660826,-3.859982,-3.178134,0.000000,2.517408,-20.283571,-0.053793,-3.752673,-3.130959,-0.077349,0.020000,-0.030000,0.050000,0.100000,-0.200000,0.100000,0.018518,-0.028174,0.037425,0.072565,-0.223722,0.103469
7.665650,-3.852305,-3.187436,0.000000,2.537975,-20.313358,-0.054256,-3.744906,-3.139936,-0.077463,0.020000,-0.030000,0.050000,0.100000,-0.200000,0.100000,0.018518,-0.028174,0.037425,0.072565,-0.223722,0.103469
7.670926,-3.843883,-3.197587,0.000000,2.560503,-20.345919,-0.054762,-3.736388,-3.149733,-0.077588,0.020000,-0.030000,0.050000,0.100000,-0.200000,0.100000,0.018518,-0.028174,0.037425,0.072565,-0.223722,0.103469
7.675662,-3.836300,-3.206681,0.000000,2.580758,-20.375135,-0.055215,-3.728722,-3.158508,-0.077700,0.020000,-0.030000,0.050000,0.100000,-0.200000,0.100000,0.018518,-0.028174,0.037425,0.072565,-0.223722,0.103469
7.681008,-3.827715,-3.216923,0.000000,2.603656,-20.408096,-0.055724,-3.720045,-3.168392,-0.077826,0.020000,-0.030000,0.050000,0.100000,-0.200000,0.100000,0.018518,-0.028174,0.037425,0.072565,-0.223722,0.103469
7.685569,-3.820369,-3.225645,0.000000,2.623223,-20.436204,-0.056157,-3.712621,-3.176807,-0.077934,0.020000,-0.030000,0.050000,0.100000,-0.200000,0.100000,0.018518,-0.028174,0.037425,0.072565,-0.223722,0.103469
7.690148,-3.812974,-3.234383,0.000000,2.642895,-20.464410,-0.056590,-3.705150,-3.185237,-0.078042,0.020000,-0.030000,0.050000,0.100000,-0.200000,0.100000,0.018518,-0.028174,0.037425,0.072565,-0.223722,0.103469
7.695049,-3.805037,-3.243716,0.000000,2.663979,-20.494581,-0.057053,-3.738274,-3.189204,-0.063645,0.020000,-0.030000,0.050000,0.100000,-0.200000,0.100000,0.018853,-0.027537,0.032559,0.067289,-0.226305,0.102196
7.700202,-3.796667,-3.253509,0.000000,2.686184,-20.526289,-0.057537,-3.730061,-3.198601,-0.063720,0.020000,-0.030000,0.050000,0.100000,-0.200000,0.100000,0.018853,-0.027537,0.032559,0.067289,-0.226305,0.102196
7.704916,-3.788987,-3.262449,0.000000,2.706529,-20.555282,-0.057978,-3.722527,-3.207179,-0.063788,0.020000,-0.030000,0.050000,0.100000,-0.200000,0.100000,0.018853,-0.027537,0.032559,0.067289,-0.226305,0.102196
7.709861,-3.780910,-3.271807,0.000000,2.727901,-20.585676,-0.058440,-3.714603,-3.216154,-0.063860,0.020000,-0.030000,0.050000,0.100000,-0.200000,0.100000,0.018853,-0.027537,0.032559,0.067289,-0.226305,0.102196
7.714426,-3.773431,-3.280429,0.000000,2.747664,-20.613724,-0.058864,-3.707268,-3.224423,-0.063926,0.020000,-0.030000,0.050000,0.100000,-0.200000,0.100000,0.018853,-0.027537,0.032559,0.067289,-0.226305,0.102196
7.719261,-3.765491,-3.289541,0.000000,2.768620,-20.643409,-0.059312,-3.699481,-3.233160,-0.063996,0.020000,-0.030000,0.050000,0.100000,-0.200000,0.100000,0.018853,-0.027537,0.032559,0.067289,-0.226305,0.102196
7.724458,-3.756929,-3.299315,0.000000,2.791184,-20.675307,-0.059794,-3.691088,-3.242531,-0.064072,0.020000,-0.030000,0.050000,0.100000,-0.200000,0.100000,0.018853,-0.027537,0.032559,0.067289,-0.226305,0.102196
7.729942,-3.747869,-3.309604,0.000000,2.815031,-20.708945,-0.060300,-3.682208,-3.252395,-0.064152,0.020000,-0.030000,0.050000,0.100000,-0.200000,0.100000,0.018853,-0.027537,0.032559,0.067289,-0.226305,0.102196
7.735107,-3.739310,-3.319271,0.000000,2.837525,-20.740605,-0.060774,-3.673821,-3.261661,-0.064227,0.020000,-0.030000,0.050000,0.100000,-0.200000,0.100000,0.018853,-0.027537,0.032559,0.067289,-0.226305,0.102196
7.740041,-3.731110,-3.328486,0.000000,2.859047,-20.770833,-0.061224,-3.665787,-3.270491,-0.064297,0.020000,-0.030000,0.050000,0.100000,-0.200000,0.100000,0.018853,-0.027537,0.032559,0.067289,-0.226305,0.102196
7.744657,-3.723417,-3.337090,0.000000,2.879216,-20.799104,-0.061644,-3.658250,-3.278736,-0.064363,0.020000,-0.030000,0.050000,0.100000,-0.200000,0.100000,0.018853,-0.027537,0.032559,0.067289,-0.226305,0.102196
7.749198,-3.715831,-3.345534,0.000000,2.899080,-20.826893,-0.062057,-3.650819,-3.286827,-0.064428,0.020000,-0.030000,0.050000,0.100000,-0.200000,0.100000,0.018853,-0.027537,0.032559,0.067289,-0.226305,0.102196
7.754390,-3.707133,-3.355170,0.000000,2.921829,-20.858656,-0.062526,-3.642300,-3.296057,-0.064501,0.020000,-0.030000,0.050000,0.100000,-0.200000,0.100000,0.018853,-0.027537,0.032559,0.067289,-0.226305,0.102196
7.758952,-3.699470,-3.363617,0.000000,2.941845,-20.886546,-0.062936,-3.634796,-3.304147,-0.064564,0.020000,-0.030000,0.050000,0.100000,-0.200000,0.100000,0.018853,-0.027537,0.032559,0.067289,-0.226305,0.102196
7.763846,-3.691229,-3.372659,0.000000,2.963347,-20.916449,-0.063374,-3.626727,-3.312805,-0.064633,0.020000,-0.030000,0.050000,0.100000,-0.200000,0.100000,0.018853,-0.027537,0.032559,0.067289,-0.226305,0.102196
7.769257,-3.682090,-3.382634,0.000000,2.987159,-20.949494,-0.063857,-3.617781,-3.322354,-0.064708,0.020000,-0.030000,0.050000,0.100000,-0.200000,0.100000,0.018853,-0.027537,0.032559,0.067289,-0.226305,0.102196
7.774319,-3.673518,-3.391941,0.000000,3.009465,-20.980383,-0.064306,-3.609391,-3.331262,-0.064778,0.020000,-0.030000,0.050000,0.100000,-0.200000,0.100000,0.018853,-0.027537,0.032559,0.067289,-0.226305,0.102196
7.779170,-3.665280,-3.400841,0.000000,3.030876,-21.009972,-0.064736,-3.601330,-3.339779,-0.064844,0.020000,-0.030000,0.050000,0.100000,-0.200000,0.100000,0.018853,-0.027537,0.032559,0.067289,-0.226305,0.102196
7.784650,-3.655948,-3.410872,0.000000,3.055103,-21.043383,-0.065218,-3.592198,-3.349379,-0.064919,0.020000,-0.030000,0.050000,0.100000,-0.200000,0.100000,0.018853,-0.027537,0.032559,0.067289,-0.226305,0.102196
7.789176,-3.648219,-3.419137,0.000000,3.075142,-21.070960,-0.065615,-3.584635,-3.357289,-0.064980,0.020000,-0.030000,0.050000,0.100000,-0.200000,0.100000,0.018853,-0.027537,0.032559,0.067289,-0.226305,0.102196
7.794026,-3.639917,-3.427974,0.000000,3.096647,-21.100499,-0.066040,-3.576512,-3.365747,-0.065046,0.020000,-0.030000,0.050000,0.100000,-0.200000,0.100000,0.018853,-0.027537,0.032559,0.067289,-0.226305,0.102196
7.798709,-3.631881,-3.436486,0.000000,3.117436,-21.129000,-0.066450,-3.568651,-3.373894,-0.065111,0.020000,-0.030000,0.050000,0.100000,-0.200000,0.100000,0.018853,-0.027537,0.032559,0.067289,-0.226305,0.102196
7.804165,-3.622493,-3.446382,0.000000,3.141695,-21.162192,-0.066925,-3.559469,-3.383361,-0.065187,0.020000,-0.030000,0.050000,0.100000,-0.200000,0.100000,0.018853,-0.027537,0.032559,0.067289,-0.226305,0.102196
7.808963,-3.614214,-3.455063,0.000000,3.163060,-21.191365,-0.067341,-3.551375,-3.391666,-0.065252,0.020000,-0.030000,0.050000,0.100000,-0.200000,0.100000,0.018853,-0.027537,0.032559,0.067289,-0.226305,0.102196
7.813568,-3.606250,-3.463374,0.000000,3.183589,-21.219346,-0.067738,-3.543591,-3.399618,-0.065315,0.020000,-0.030000,0.050000,0.100000,-0.200000,0.100000,0.018853,-0.027537,0.032559,0.067289,-0.226305,0.102196
7.818548,-3.597614,-3.472344,0.000000,3.205824,-21.249597,-0.068166,-3.535153,-3.408200,-0.065382,0.020000,-0.030000,0.050000,0.100000,-0.200000,0.100000,0.018853,-0.027537,0.032559,0.067289,-0.226305,0.102196
7.824029,-3.588086,-3.482189,0.000000,3.230328,-21.282865,-0.068636,-3.525843,-3.417621,-0.065457,0.020000,-0.030000,0.050000,0.100000,-0.200000,0.100000,0.018853,-0.027537,0.032559,0.067289,-0.226305,0.102196
7.829124,-3.579203,-3.491319,0.000000,3.253145,-21.313778,-0.069071,-3.517166,-3.426357,-0.065527,0.020000,-0.030000,0.050000,0.100000,-0.200000,0.100000,0.018853,-0.027537,0.032559,0.067289,-0.226305,0.102196
7.834034,-3.570620,-3.500096,0.000000,3.275166,-21.343551,-0.069490,-3.508782,-3.434754,-0.065594,0.020000,-0.030000,0.050000,0.100000,-0.200000,0.100000,0.018853,-0.027537,0.032559,0.067289,-0.226305,0.102196
7.838572,-3.562669,-3.508189,0.000000,3.295544,-21.371051,-0.069875,-3.501017,-3.442495,-0.065657,0.020000,-0.030000,0.050000,0.100000,-0.200000,0.100000,0.018853,-0.027537,0.032559,0.067289,-0.226305,0.102196
7.843092,-3.554733,-3.516230,0.000000,3.315863,-21.398422,-0.070257,-3.493268,-3.450185,-0.065718,0.020000,-0.030000,0.050000,0.100000,-0.200000,0.100000,0.018853,-0.027537,0.032559,0.067289,-0.226305,0.102196
7.848358,-3.545461,-3.525579,0.000000,3.339574,-21.430301,-0.070700,-3.484216,-3.459122,-0.065790,0.020000,-0.030000,0.050000,0.100000,-0.200000,0.100000,0.018853,-0.027537,0.032559,0.067289,-0.226305,0.102196
7.853371,-3.536612,-3.534455,0.000000,3.362176,-21.460623,-0.071122,-3.475579,-3.467605,-0.065860,0.020000,-0.030000,0.050000,0.100000,-0.200000,0.100000,0.018853,-0.027537,0.032559,0.067289,-0.226305,0.102196
7.857875,-3.528644,-3.542411,0.000000,3.382510,-21.487849,-0.071501,-3.467800,-3.475206,-0.065923,0.020000,-0.030000,0.050000,0.100000,-0.200000,0.100000,0.018853,-0.027537,0.032559,0.067289,-0.226305,0.102196
7.863290,-3.519041,-3.551950,0.000000,3.406988,-21.520558,-0.071954,-3.458427,-3.484318,-0.066000,0.020000,-0.030000,0.050000,0.100000,-0.200000,0.100000,0.018853,-0.027537,0.032559,0.067289,-0.226305,0.102196
7.868455,-3.509855,-3.561027,0.000000,3.430372,-21.551742,-0.072386,-3.449465,-3.492986,-0.066074,0.020000,-0.030000,0.050000,0.100000,-0.200000,0.100000,0.018853,-0.027537,0.032559,0.067289,-0.226305,0.102196
7.873184,-3.501427,-3.569315,0.000000,3.451806,-21.580270,-0.072782,-3.441242,-3.500898,-0.066144,0.020000,-0.030000,0.050000,0.100000,-0.200000,0.100000,0.018853,-0.027537,0.032559,0.067289,-0.226305,0.102196
7.878593,-3.491760,-3.578772,0.000000,3.476359,-21.612884,-0.073233,-3.431814,-3.509923,-0.066225,0.020000,-0.030000,0.050000,0.100000,-0.200000,0.100000,0.018853,-0.027537,0.032559,0.067289,-0.226305,0.102196
7.884073,-3.481941,-3.588327,0.000000,3.501272,-21.645901,-0.073688,-3.422238,-3.519038,-0.066306,0.020000,-0.030000,0.050000,0.100000,-0.200000,0.100000,0.018853,-0.027537,0.032559,0.067289,-0.226305,0.102196
7.889539,-3.472121,-3.597829,0.000000,3.526159,-21.678811,-0.074139,-3.412661,-3.528103,-0.066386,0.020000,-0.030000,0.050000,0.100000,-0.200000,0.100000,0.018853,-0.027537,0.032559,0.067289,-0.226305,0.102196
7.894478,-3.463225,-3.606393,0.000000,3.548680,-21.708529,-0.074544,-3.403985,-3.536270,-0.066458,0.020000,-0.030000,0.050000,0.100000,-0.200000,0.100000,0.018853,-0.027537,0.032559,0.067289,-0.226305,0.102196
7.899168,-3.454760,-3.614503,0.000000,3.570089,-21.736728,-0.074928,-3.368576,-3.530339,-0.075111,0.020000,-0.030000,0.050000,0.100000,-0.200000,0.100000,0.018759,-0.027866,0.034463,0.071238,-0.225127,0.103015
7.903672,-3.446611,-3.622275,0.000000,3.590678,-21.763799,-0.075297,-3.360523,-3.537714,-0.075201,0.020000,-0.030000,0.050000,0.100000,-0.200000,0.100000,0.018759,-0.027866,0.034463,0.071238,-0.225127,0.103015
7.908593,-3.437687,-3.630744,0.000000,3.613199,-21.793357,-0.075701,-3.351707,-3.545750,-0.075301,0.020000,-0.030000,0.050000,0.100000,-0.200000,0.100000,0.018759,-0.027866,0.034463,0.071238,-0.225127,0.103015
7.913791,-3.428240,-3.639667,0.000000,3.637020,-21.824558,-0.076128,-3.342375,-3.554213,-0.075408,0.020000,-0.030000,0.050000,0.100000,-0.200000,0.100000,0.018759,-0.027866,0.034463,0.071238,-0.225127,0.103015
7.919044,-3.418669,-3.648658,0.000000,3.661124,-21.856066,-0.076558,-3.332922,-3.562740,-0.075517,0.020000,-0.030000,0.050000,0.100000,-0.200000,0.100000,0.018759,-0.027866,0.034463,0.071238,-0.225127,0.103015
7.924230,-3.409196,-3.657510,0.000000,3.684952,-21.887153,-0.076981,-3.323570,-3.571133,-0.075625,0.020000,-0.030000,0.050000,0.100000,-0.200000,0.100000,0.018759,-0.027866,0.034463,0.071238,-0.225127,0.103015
7.929144,-3.400199,-3.665876,0.000000,3.707563,-21.916592,-0.077380,-3.314687,-3.579061,-0.075727,0.020000,-0.030000,0.050000,0.100000,-0.200000,0.100000,0.018759,-0.027866,0.034463,0.071238,-0.225127,0.103015
7.934251,-3.390826,-3.674547,0.000000,3.731089,-21.947166,-0.077792,-3.305438,-3.587276,-0.075833,0.020000,-0.030000,0.050000,0.100000,-0.200000,0.100000,0.018759,-0.027866,0.034463,0.071238,-0.225127,0.103015
7.939339,-3.381467,-3.683161,0.000000,3.754557,-21.977605,-0.078201,-3.296204,-3.595436,-0.075939,0.020000,-0.030000,0.050000,0.100000,-0.200000,0.100000,0.018759,-0.027866,0.034463,0.071238,-0.225127,0.103015
7.944136,-3.372625,-3.691260,0.000000,3.776709,-22.006282,-0.078584,-3.287480,-3.603106,-0.076037,0.020000,-0.030000,0.050000,0.100000,-0.200000,0.100000,0.018759,-0.027866,0.034463,0.071238,-0.225127,0.103015
7.949380,-3.362935,-3.700090,0.000000,3.800957,-22.037614,-0.079001,-3.277923,-3.611468,-0.076146,0.020000,-0.030000,0.050000,0.100000,-0.200000,0.100000,0.018759,-0.027866,0.034463,0.071238,-0.225127,0.103015
7.954414,-3.353610,-3.708544,0.000000,3.824266,-22.067677,-0.079399,-3.268731,-3.619471,-0.076250,0.020000,-0.030000,0.050000,0.100000,-0.200000,0.100000,0.018759,-0.027866,0.034463,0.071238,-0.225127,0.103015
7.959021,-3.345059,-3.716259,0.000000,3.845621,-22.095170,-0.079763,-3.260303,-3.626774,-0.076345,0.020000,-0.030000,0.050000,0.100000,-0.200000,0.100000,0.018759,-0.027866,0.034463,0.071238,-0.225127,0.103015
7.964038,-3.335727,-3.724637,0.000000,3.868898,-22.125086,-0.080157,-3.251109,-3.634702,-0.076450,0.020000,-0.030000,0.050000,0.100000,-0.200000,0.100000,0.018759,-0.027866,0.034463,0.071238,-0.225127,0.103015
7.968615,-3.327193,-3.732263,0.000000,3.890165,-22.152369,-0.080515,-3.242704,-3.641916,-0.076546,0.020000,-0.030000,0.050000,0.100000,-0.200000,0.100000,0.018759,-0.027866,0.034463,0.071238,-0.225127,0.103015
7.973149,-3.318724,-3.739795,0.000000,3.911253,-22.179373,-0.080870,-3.234362,-3.649039,-0.076641,0.020000,-0.030000,0.050000,0.100000,-0.200000,0.100000,0.018759,-0.027866,0.034463,0.071238,-0.225127,0.103015
7.978074,-3.309505,-3.747956,0.000000,3.934185,-22.208687,-0.081254,-3.225284,-3.656754,-0.076746,0.020000,-0.030000,0.050000,0.100000,-0.200000,0.100000,0.018759,-0.027866,0.034463,0.071238,-0.225127,0.103015
7.983368,-3.299573,-3.756703,0.000000,3.958869,-22.240176,-0.081664,-3.215504,-3.665020,-0.076858,0.020000,-0.030000,0.050000,0.100000,-0.200000,0.100000,0.018759,-0.027866,0.034463,0.071238,-0.225127,0.103015
7.987985,-3.290891,-3.764311,0.000000,3.980423,-22.267618,-0.082019,-3.206957,-3.672204,-0.076955,0.020000,-0.030000,0.050000,0.100000,-0.200000,0.100000,0.018759,-0.027866,0.034463,0.071238,-0.225127,0.103015
7.992862,-3.281702,-3.772324,0.000000,4.003216,-22.296587,-0.082390,-3.197912,-3.679771,-0.077055,0.020000,-0.030000,0.050000,0.100000,-0.200000,0.100000,0.018759,-0.027866,0.034463,0.071238,-0.225127,0.103015
7.998319,-3.271398,-3.781263,0.000000,4.028749,-22.328975,-0.082802,-3.187772,-3.688210,-0.077166,0.020000,-0.030000,0.050000,0.100000,-0.200000,0.100000,0.018759,-0.027866,0.034463,0.071238,-0.225127,0.103015
8.003455,-3.261676,-3.789653,0.000000,4.052818,-22.359443,-0.083188,-3.178205,-3.696128,-0.077270,0.020000,-0.030000,0.050000,0.100000,-0.200000,0.100000,0.018759,-0.027866,0.034463,0.071238,-0.225127,0.103015
8.008618,-3.251883,-3.798059,0.000000,4.077036,-22.390040,-0.083576,-3.168570,-3.704058,-0.077377,0.020000,-0.030000,0.050000,0.100000,-0.200000,0.100000,0.018759,-0.027866,0.034463,0.071238,-0.225127,0.103015
8.013528,-3.242548,-3.806032,0.000000,4.100101,-22.419124,-0.083946,-3.159388,-3.711577,-0.077481,0.020000,-0.030000,0.050000,0.100000,-0.200000,0.100000,0.018759,-0.027866,0.034463,0.071238,-0.225127,0.103015
8.018278,-3.233500,-3.813722,0.000000,4.122437,-22.447239,-0.084301,-3.150489,-3.718828,-0.077581,0.020000,-0.030000,0.050000,0.100000,-0.200000,0.100000,0.018759,-0.027866,0.034463,0.071238,-0.225127,0.103015
8.023186,-3.224132,-3.821646,0.000000,4.145543,-22.476272,-0.084664,-3.141276,-3.726298,-0.077683,0.020000,-0.030000,0.050000,0.100000,-0.200000,0.100000,0.018759,-0.027866,0.034463,0.071238,-0.225127,0.103015
8.027885,-3.215144,-3.829210,0.000000,4.167689,-22.504048,-0.085009,-3.132441,-3.733427,-0.077779,0.020000,-0.030000,0.050000,0.100000,-0.200000,0.100000,0.018759,-0.027866,0.034463,0.071238,-0.225127,0.103015
8.032808,-3.205707,-3.837114,0.000000,4.190921,-22.533136,-0.085367,-3.123166,-3.740874,-0.077878,0.020000,-0.030000,0.050000,0.100000,-0.200000,0.100000,0.018759,-0.027866,0.034463,0.071238,-0.225127,0.103015
8.038186,-3.195380,-3.845718,0.000000,4.216322,-22.564877,-0.085756,-3.113017,-3.748978,-0.077987,0.020000,-0.030000,0.050000,0.100000,-0.200000,0.100000,0.018759,-0.027866,0.034463,0.071238,-0.225127,0.103015
8.042858,-3.186387,-3.853172,0.000000,4.238418,-22.592436,-0.086094,-3.104181,-3.755995,-0.078082,0.020000,-0.030000,0.050000,0.100000,-0.200000,0.100000,0.018759,-0.027866,0.034463,0.071238,-0.225127,0.103015
8.048093,-3.176290,-3.861500,0.000000,4.263207,-22.623295,-0.086470,-3.094263,-3.763832,-0.078189,0.020000,-0.030000,0.050000,0.100000,-0.200000,0.100000,0.018759,-0.027866,0.034463,0.071238,-0.225127,0.103015
8.053361,-3.166107,-3.869854,0.000000,4.288183,-22.654332,-0.086848,-3.084262,-3.771694,-0.078299,0.020000,-0.030000,0.050000,0.100000,-0.200000,0.100000,0.018759,-0.027866,0.034463,0.071238,-0.225127,0.103015
8.058587,-3.155985,-3.878113,0.000000,4.312986,-22.685093,-0.087223,-3.074323,-3.779465,-0.078410,0.020000,-0.030000,0.050000,0.100000,-0.200000,0.100000,0.018759,-0.027866,0.034463,0.071238,-0.225127,0.103015
8.063604,-3.146246,-3.886018,0.000000,4.336828,-22.714606,-0.087583,-3.064762,-3.786901,-0.078518,0.020000,-0.030000,0.050000,0.100000,-0.200000,0.100000,0.018759,-0.027866,0.034463,0.071238,-0.225127,0.103015
8.068825,-3.136091,-3.894218,0.000000,4.361666,-22.745295,-0.087955,-3.054794,-3.794612,-0.078629,0.020000,-0.030000,0.050000,0.100000,-0.200000,0.100000,0.018759,-0.027866,0.034463,0.071238,-0.225127,0.103015
8.073931,-3.126140,-3.902211,0.000000,4.385981,-22.775283,-0.088316,-3.045031,-3.802126,-0.078738,0.020000,-0.030000,0.050000,0.100000,-0.200000,0.100000,0.018759,-0.027866,0.034463,0.071238,-0.225127,0.103015
8.079079,-3.116085,-3.910245,0.000000,4.410531,-22.805502,-0.088677,-3.035166,-3.809677,-0.078848,0.020000,-0.030000,0.050000,0.100000,-0.200000,0.100000,0.018759,-0.027866,0.034463,0.071238,-0.225127,0.103015
8.084476,-3.105522,-3.918639,0.000000,4.436295,-22.837154,-0.089054,-3.024805,-3.817563,-0.078962,0.020000,-0.030000,0.050000,0.100000,-0.200000,0.100000,0.018759,-0.027866,0.034463,0.071238,-0.225127,0.103015
8.089693,-3.095289,-3.926727,0.000000,4.461233,-22.867731,-0.089415,-3.014769,-3.825160,-0.079072,0.020000,-0.030000,0.050000,0.100000,-0.200000,0.100000,0.018759,-0.027866,0.034463,0.071238,-0.225127,0.103015
8.095000,-3.084859,-3.934926,0.000000,4.486628,-22.898809,-0.089781,-3.004541,-3.832860,-0.079184,0.020000,-0.030000,0.050000,0.100000,-0.200000,0.100000,0.018759,-0.027866,0.034463,0.071238,-0.225127,0.103015
8.100368,-3.074287,-3.943191,0.000000,4.512348,-22.930222,-0.090150,-3.010525,-3.848966,-0.069102,0.020000,-0.030000,0.050000,0.100000,-0.200000,0.100000,0.018814,-0.027668,0.033218,0.068930,-0.226111,0.102267
8.105860,-3.063446,-3.951620,0.000000,4.538697,-22.962338,-0.090527,-2.999980,-3.856901,-0.069195,0.020000,-0.030000,0.050000,0.100000,-0.200000,0.100000,0.018814,-0.027668,0.033218,0.068930,-0.226111,0.102267
8.111112,-3.053059,-3.959650,0.000000,4.563920,-22.993020,-0.090884,-2.989878,-3.864458,-0.069283,0.020000,-0.030000,0.050000,0.100000,-0.200000,0.100000,0.018814,-0.027668,0.033218,0.068930,-0.226111,0.102267
8.116001,-3.043370,-3.967102,0.000000,4.587429,-23.021565,-0.091214,-2.980457,-3.871469,-0.069365,0.020000,-0.030000,0.050000,0.100000,-0.200000,0.100000,0.018814,-0.027668,0.033218,0.068930,-0.226111,0.102267
8.120503,-3.034434,-3.973941,0.000000,4.609093,-23.047826,-0.091516,-2.971770,-3.877902,-0.069440,0.020000,-0.030000,0.050000,0.100000,-0.200000,0.100000,0.018814,-0.027668,0.033218,0.068930,-0.226111,0.102267
8.125218,-3.025057,-3.981084,0.000000,4.631810,-23.075317,-0.091830,-2.962657,-3.884619,-0.069518,0.020000,-0.030000,0.050000,0.100000,-0.200000,0.100000,0.018814,-0.027668,0.033218,0.068930,-0.226111,0.102267
8.129920,-3.015687,-3.988186,0.000000,4.654488,-23.102718,-0.092142,-2.953553,-3.891298,-0.069597,0.020000,-0.030000,0.050000,0.100000,-0.200000,0.100000,0.018814,-0.027668,0.033218,0.068930,-0.226111,0.102267
8.134588,-3.006372,-3.995213,0.000000,4.677020,-23.129895,-0.092451,-2.944502,-3.897905,-0.069675,0.020000,-0.030000,0.050000,0.100000,-0.200000,0.100000,0.018814,-0.027668,0.033218,0.068930,-0.226111,0.102267
8.139498,-2.996554,-4.002583,0.000000,4.700753,-23.158471,-0.092775,-2.934963,-3.904835,-0.069759,0.020000,-0.030000,0.050000,0.100000,-0.200000,0.100000,0.018814,-0.027668,0.033218,0.068930,-0.226111,0.102267
8.144714,-2.986105,-4.010384,0.000000,4.725989,-23.188801,-0.093118,-2.924813,-3.912169,-0.069848,0.020000,-0.030000,0.050000,0.100000,-0.200000,0.100000,0.018814,-0.027668,0.033218,0.068930,-0.226111,0.102267
8.150087,-2.975322,-4.018390,0.000000,4.752012,-23.220016,-0.093470,-2.914338,-3.919695,-0.069942,0.020000,-0.030000,0.050000,0.100000,-0.200000,0.100000,0.018814,-0.027668,0.033218,0.068930,-0.226111,0.102267
8.154802,-2.965839,-4.025394,0.000000,4.774878,-23.247392,-0.093777,-2.905129,-3.926277,-0.070023,0.020000,-0.030000,0.050000,0.100000,-0.200000,0.100000,0.018814,-0.027668,0.033218,0.068930,-0.226111,0.102267
8.159695,-2.955983,-4.032638,0.000000,4.798629,-23.275779,-0.094094,-2.895556,-3.933081,-0.070107,0.020000,-0.030000,0.050000,0.100000,-0.200000,0.100000,0.018814,-0.027668,0.033218,0.068930,-0.226111,0.102267
8.164525,-2.946235,-4.039765,0.000000,4.822100,-23.303781,-0.094405,-2.886090,-3.939774,-0.070191,0.020000,-0.030000,0.050000,0.100000,-0.200000,0.100000,0.018814,-0.027668,0.033218,0.068930,-0.226111,0.102267
8.169909,-2.935349,-4.047682,0.000000,4.848291,-23.334969,-0.094750,-2.875520,-3.947205,-0.070285,0.020000,-0.030000,0.050000,0.100000,-0.200000,0.100000,0.018814,-0.027668,0.033218,0.068930,-0.226111,0.102267
8.174420,-2.926212,-4.054292,0.000000,4.870257,-23.361080,-0.095038,-2.866650,-3.953408,-0.070365,0.020000,-0.030000,0.050000,0.100000,-0.200000,0.100000,0.018814,-0.027668,0.033218,0.068930,-0.226111,0.102267
8.179769,-2.915359,-4.062103,0.000000,4.896328,-23.392018,-0.095377,-2.856117,-3.960735,-0.070459,0.020000,-0.030000,0.050000,0.100000,-0.200000,0.100000,0.018814,-0.027668,0.033218,0.068930,-0.226111,0.102267
8.184830,-2.905071,-4.069467,0.000000,4.921019,-23.421265,-0.095694,-2.846136,-3.967639,-0.070546,0.020000,-0.030000,0.050000,0.100000,-0.200000,0.100000,0.018814,-0.027668,0.033218,0.068930,-0.226111,0.102267
8.189851,-2.894843,-4.076749,0.000000,4.945546,-23.450267,-0.096004,-2.836216,-3.974464,-0.070630,0.020000,-0.030000,0.050000,0.100000,-0.200000,0.100000,0.018814,-0.027668,0.033218,0.068930,-0.226111,0.102267
8.194899,-2.884546,-4.084041,0.000000,4.970221,-23.479391,-0.096314,-2.826231,-3.981297,-0.070715,0.020000,-0.030000,0.050000,0.100000,-0.200000,0.100000,0.018814,-0.027668,0.033218,0.068930,-0.226111,0.102267
8.199429,-2.875288,-4.090565,0.000000,4.992390,-23.505514,-0.096590,-2.817255,-3.987407,-0.070792,0.020000,-0.030000,0.050000,0.100000,-0.200000,0.100000,0.018814,-0.027668,0.033218,0.068930,-0.226111,0.102267
8.204357,-2.865201,-4.097637,0.000000,5.016525,-23.533906,-0.096889,-2.807478,-3.994027,-0.070876,0.020000,-0.030000,0.050000,0.100000,-0.200000,0.100000,0.018814,-0.027668,0.033218,0.068930,-0.226111,0.102267
8.209505,-2.854643,-4.104999,0.000000,5.041765,-23.563548,-0.097199,-2.797249,-4.000916,-0.070963,0.020000,-0.030000,0.050000,0.100000,-0.200000,0.100000,0.018814,-0.027668,0.033218,0.068930,-0.226111,0.102267
8.214979,-2.843398,-4.112796,0.000000,5.068625,-23.595033,-0.097526,-2.786356,-4.008208,-0.071055,0.020000,-0.030000,0.050000,0.100000,-0.200000,0.100000,0.018814,-0.027668,0.033218,0.068930,-0.226111,0.102267
8.219603,-2.833880,-4.119360,0.000000,5.091344,-23.621616,-0.097799,-2.777137,-4.014345,-0.071133,0.020000,-0.030000,0.050000,0.100000,-0.200000,0.100000,0.018814,-0.027668,0.033218,0.068930,-0.226111,0.102267
8.224629,-2.823521,-4.126467,0.000000,5.116055,-23.650479,-0.098096,-2.767104,-4.020989,-0.071218,0.020000,-0.030000,0.050000,0.100000,-0.200000,0.100000,0.018814,-0.027668,0.033218,0.068930,-0.226111,0.102267
8.229756,-2.812933,-4.133692,0.000000,5.141294,-23.679905,-0.098397,-2.756850,-4.027741,-0.071306,0.020000,-0.030000,0.050000,0.100000,-0.200000,0.100000,0.018814,-0.027668,0.033218,0.068930,-0.226111,0.102267
8.234582,-2.802950,-4.140467,0.000000,5.165072,-23.707579,-0.098679,-2.747184,-4.034070,-0.071390,0.020000,-0.030000,0.050000,0.100000,-0.200000,0.100000,0.018814,-0.027668,0.033218,0.068930,-0.226111,0.102267
8.239097,-2.793595,-4.146785,0.000000,5.187341,-23.733455,-0.098942,-2.738127,-4.039971,-0.071469,0.020000,-0.030000,0.050000,0.100000,-0.200000,0.100000,0.018814,-0.027668,0.033218,0.068930,-0.226111,0.102267
8.244433,-2.782522,-4.154223,0.000000,5.213682,-23.764010,-0.099250,-2.727409,-4.046917,-0.071562,0.020000,-0.030000,0.050000,0.100000,-0.200000,0.100000,0.018814,-0.027668,0.033218,0.068930,-0.226111,0.102267
8.249846,-2.771268,-4.161739,0.000000,5.240431,-23.794981,-0.099561,-2.716518,-4.053932,-0.071656,0.020000,-0.030000,0.050000,0.100000,-0.200000,0.100000,0.018814,-0.027668,0.033218,0.068930,-0.226111,0.102267
8.254547,-2.761478,-4.168241,0.000000,5.263684,-23.821854,-0.099829,-2.707045,-4.059999,-0.071738,0.020000,-0.030000,0.050000,0.100000,-0.200000,0.100000,0.018814,-0.027668,0.033218,0.068930,-0.226111,0.102267
8.259940,-2.750229,-4.175673,0.000000,5.290385,-23.852661,-0.100133,-2.696162,-4.066929,-0.071832,0.020000,-0.030000,0.050000,0.100000,-0.200000,0.100000,0.018814,-0.027668,0.033218,0.068930,-0.226111,0.102267
8.264576,-2.740541,-4.182037,0.000000,5.313361,-23.879123,-0.100394,-2.686792,-4.072863,-0.071913,0.020000,-0.030000,0.050000,0.100000,-0.200000,0.100000,0.018814,-0.027668,0.033218,0.068930,-0.226111,0.102267
8.269955,-2.729285,-4.189392,0.000000,5.340041,-23.909798,-0.100694,-2.675906,-4.079719,-0.072008,0.020000,-0.030000,0.050000,0.100000,-0.200000,0.100000,0.018814,-0.027668,0.033218,0.068930,-0.226111,0.102267
8.275364,-2.717945,-4.196758,0.000000,5.366899,-23.940622,-0.100994,-2.664942,-4.086584,-0.072104,0.020000,-0.030000,0.050000,0.100000,-0.200000,0.100000,0.018814,-0.027668,0.033218,0.068930,-0.226111,0.102267
8.279891,-2.708439,-4.202899,0.000000,5.389396,-23.966398,-0.101242,-2.655753,-4.092305,-0.072183,0.020000,-0.030000,0.050000,0.100000,-0.200000,0.100000,0.018814,-0.027668,0.033218,0.068930,-0.226111,0.102267
8.285040,-2.697609,-4.209858,0.000000,5.415012,-23.995697,-0.101523,-2.645286,-4.098787,-0.072274,0.020000,-0.030000,0.050000,0.100000,-0.200000,0.100000,0.018814,-0.027668,0.033218,0.068930,-0.226111,0.102267
8.289593,-2.688017,-4.215989,0.000000,5.437684,-24.021585,-0.101769,-2.636017,-4.104495,-0.072354,0.020000,-0.030000,0.050000,0.100000,-0.200000,0.100000,0.018814,-0.027668,0.033218,0.068930,-0.226111,0.102267
8.294921,-2.676777,-4.223134,0.000000,5.464234,-24.051851,-0.102056,-2.625156,-4.111146,-0.072449,0.020000,-0.030000,0.050000,0.100000,-0.200000,0.100000,0.018814,-0.027668,0.033218,0.068930,-0.226111,0.102267
8.299809,-2.666448,-4.229663,0.000000,5.488616,-24.079596,-0.102318,-2.615178,-4.117222,-0.072537,0.020000,-0.030000,0.050000,0.100000,-0.200000,0.100000,0.018814,-0.027668,0.033218,0.068930,-0.226111,0.102267
8.305229,-2.654976,-4.236874,0.000000,5.515678,-24.110336,-0.102608,-2.560675,-4.185872,-0.099773,0.020000,-0.030000,0.050000,0.100000,-0.200000,0.100000,0.018342,-0.028256,0.040101,0.069851,-0.220525,0.103705
8.309741,-2.645410,-4.242853,0.000000,5.538225,-24.135905,-0.102848,-2.551123,-4.191616,-0.099922,0.020000,-0.030000,0.050000,0.100000,-0.200000,0.100000,0.018342,-0.028256,0.040101,0.069851,-0.220525,0.103705
8.314919,-2.634417,-4.249688,0.000000,5.564122,-24.165225,-0.103120,-2.540146,-4.198181,-0.100093,0.020000,-0.030000,0.050000,0.100000,-0.200000,0.100000,0.018342,-0.028256,0.040101,0.069851,-0.220525,0.103705
8.319944,-2.623732,-4.256293,0.000000,5.589274,-24.193653,-0.103380,-2.529480,-4.204523,-0.100258,0.020000,-0.030000,0.050000,0.100000,-0.200000,0.100000,0.018342,-0.028256,0.040101,0.069851,-0.220525,0.103705
8.325278,-2.612370,-4.263276,0.000000,5.616001,-24.223806,-0.103652,-2.518138,-4.211225,-0.100431,0.020000,-0.030000,0.050000,0.100000,-0.200000,0.100000,0.018342,-0.028256,0.040101,0.069851,-0.220525,0.103705
8.330044,-2.602204,-4.269489,0.000000,5.639899,-24.250723,-0.103892,-2.507992,-4.217186,-0.100585,0.020000,-0.030000,0.050000,0.100000,-0.200000,0.100000,0.018342,-0.028256,0.040101,0.069851,-0.220525,0.103705
8.335188,-2.591213,-4.276168,0.000000,5.665719,-24.279756,-0.104148,-2.497024,-4.223593,-0.100751,0.020000,-0.030000,0.050000,0.100000,-0.200000,0.100000,0.018342,-0.028256,0.040101,0.069851,-0.220525,0.103705
8.340405,-2.580050,-4.282913,0.000000,5.691924,-24.309172,-0.104406,-2.485886,-4.230060,-0.100920,0.020000,-0.030000,0.050000,0.100000,-0.200000,0.100000,0.018342,-0.028256,0.040101,0.069851,-0.220525,0.103705
8.345438,-2.569264,-4.289392,0.000000,5.717226,-24.337527,-0.104653,-2.475127,-4.236271,-0.101083,0.020000,-0.030000,0.050000,0.100000,-0.200000,0.100000,0.018342,-0.028256,0.040101,0.069851,-0.220525,0.103705
8.350764,-2.557833,-4.296218,0.000000,5.744024,-24.367507,-0.104913,-2.463726,-4.242814,-0.101258,0.020000,-0.030000,0.050000,0.100000,-0.200000,0.100000,0.018342,-0.028256,0.040101,0.069851,-0.220525,0.103705
8.355332,-2.548015,-4.302049,0.000000,5.767025,-24.393195,-0.105136,-2.453935,-4.248399,-0.101410,0.020000,-0.030000,0.050000,0.100000,-0.200000,0.100000,0.018342,-0.028256,0.040101,0.069851,-0.220525,0.103705
8.360184,-2.537568,-4.308218,0.000000,5.791484,-24.420468,-0.105369,-2.443517,-4.254308,-0.101569,0.020000,-0.030000,0.050000,0.100000,-0.200000,0.100000,0.018342,-0.028256,0.040101,0.069851,-0.220525,0.103705
8.364757,-2.527712,-4.314009,0.000000,5.814550,-24.446145,-0.105585,-2.433688,-4.259853,-0.101718,0.020000,-0.030000,0.050000,0.100000,-0.200000,0.100000,0.018342,-0.028256,0.040101,0.069851,-0.220525,0.103705
8.369516,-2.517439,-4.320012,0.000000,5.838576,-24.472851,-0.105808,-2.423444,-4.265600,-0.101874,0.020000,-0.030000,0.050000,0.100000,-0.200000,0.100000,0.018342,-0.028256,0.040101,0.069851,-0.220525,0.103705
8.374572,-2.506512,-4.326361,0.000000,5.864118,-24.501195,-0.106044,-2.412549,-4.271679,-0.102039,0.020000,-0.030000,0.050000,0.100000,-0.200000,0.100000,0.018342,-0.028256,0.040101,0.069851,-0.220525,0.103705
8.379945,-2.494879,-4.333080,0.000000,5.891291,-24.531298,-0.106290,-2.400951,-4.278109,-0.102214,0.020000,-0.030000,0.050000,0.100000,-0.200000,0.100000,0.018342,-0.028256,0.040101,0.069851,-0.220525,0.103705
8.385342,-2.483176,-4.339797,0.000000,5.918609,-24.561508,-0.106533,-2.389287,-4.284536,-0.102387,0.020000,-0.030000,0.050000,0.100000,-0.200000,0.100000,0.018342,-0.028256,0.040101,0.069851,-0.220525,0.103705
8.390033,-2.472990,-4.345609,0.000000,5.942371,-24.587742,-0.106739,-2.379135,-4.290097,-0.102536,0.020000,-0.030000,0.050000,0.100000,-0.200000,0.100000,0.018342,-0.028256,0.040101,0.069851,-0.220525,0.103705
8.395009,-2.462171,-4.351749,0.000000,5.967598,-24.615550,-0.106956,-2.368353,-4.295971,-0.102694,0.020000,-0.030000,0.050000,0.100000,-0.200000,0.100000,0.018342,-0.028256,0.040101,0.069851,-0.220525,0.103705
8.399649,-2.452069,-4.357448,0.000000,5.991137,-24.641456,-0.107158,-2.358288,-4.301423,-0.102843,0.020000,-0.030000,0.050000,0.100000,-0.200000,0.100000,0.018342,-0.028256,0.040101,0.069851,-0.220525,0.103705
8.404413,-2.441683,-4.363277,0.000000,6.015327,-24.668037,-0.107362,-2.347939,-4.306998,-0.102996,0.020000,-0.030000,0.050000,0.100000,-0.200000,0.100000,0.018342,-0.028256,0.040101,0.069851,-0.220525,0.103705
8.409354,-2.430896,-4.369296,0.000000,6.040436,-24.695585,-0.107573,-2.337192,-4.312755,-0.103154,0.020000,-0.030000,0.050000,0.100000,-0.200000,0.100000,0.018342,-0.028256,0.040101,0.069851,-0.220525,0.103705
8.414211,-2.420278,-4.375186,0.000000,6.065135,-24.722642,-0.107778,-2.326615,-4.318388,-0.103310,0.020000,-0.030000,0.050000,0.100000,-0.200000,0.100000,0.018342,-0.028256,0.040101,0.069851,-0.220525,0.103705
8.418934,-2.409938,-4.380890,0.000000,6.089177,-24.748936,-0.107975,-2.316315,-4.323843,-0.103462,0.020000,-0.030000,0.050000,0.100000,-0.200000,0.100000,0.018342,-0.028256,0.040101,0.069851,-0.220525,0.103705
8.423954,-2.398934,-4.386925,0.000000,6.114747,-24.776858,-0.108181,-2.305356,-4.329613,-0.103623,0.020000,-0.030000,0.050000,0.100000,-0.200000,0.100000,0.018342,-0.028256,0.040101,0.069851,-0.220525,0.103705
8.428910,-2.388057,-4.392856,0.000000,6.140010,-24.804398,-0.108384,-2.294523,-4.335281,-0.103783,0.020000,-0.030000,0.050000,0.100000,-0.200000,0.100000,0.018342,-0.028256,0.040101,0.069851,-0.220525,0.103705
8.434065,-2.376727,-4.398996,0.000000,6.166307,-24.833018,-0.108594,-2.283240,-4.341148,-0.103951,0.020000,-0.030000,0.050000,0.100000,-0.200000,0.100000,0.018342,-0.028256,0.040101,0.069851,-0.220525,0.103705
8.439000,-2.365864,-4.404848,0.000000,6.191508,-24.860398,-0.108795,-2.272422,-4.346738,-0.104114,0.020000,-0.030000,0.050000,0.100000,-0.200000,0.100000,0.018342,-0.028256,0.040101,0.069851,-0.220525,0.103705
8.444146,-2.354524,-4.410920,0.000000,6.217799,-24.888918,-0.109003,-2.261131,-4.352535,-0.104285,0.020000,-0.030000,0.050000,0.100000,-0.200000,0.100000,0.018342,-0.028256,0.040101,0.069851,-0.220525,0.103705
8.448973,-2.343871,-4.416590,0.000000,6.242480,-24.915653,-0.109196,-2.250528,-4.357949,-0.104447,0.020000,-0.030000,0.050000,0.100000,-0.200000,0.100000,0.018342,-0.028256,0.040101,0.069851,-0.220525,0.103705
8.454121,-2.332494,-4.422609,0.000000,6.268821,-24.944143,-0.109400,-2.239209,-4.363695,-0.104619,0.020000,-0.030000,0.050000,0.100000,-0.200000,0.100000,0.018342,-0.028256,0.040101,0.069851,-0.220525,0.103705
8.459130,-2.321410,-4.428437,0.000000,6.294471,-24.971839,-0.109596,-2.228181,-4.369257,-0.104787,0.020000,-0.030000,0.050000,0.100000,-0.200000,0.100000,0.018342,-0.028256,0.040101,0.069851,-0.220525,0.103705
8.464609,-2.309270,-4.434780,0.000000,6.322548,-25.002104,-0.109808,-2.216104,-4.375309,-0.104971,0.020000,-0.030000,0.050000,0.100000,-0.200000,0.100000,0.018342,-0.028256,0.040101,0.069851,-0.220525,0.103705
8.469775,-2.297808,-4.440730,0.000000,6.349043,-25.030614,-0.110006,-2.204701,-4.380984,-0.105145,0.020000,-0.030000,0.050000,0.100000,-0.200000,0.100000,0.018342,-0.028256,0.040101,0.069851,-0.220525,0.103705
8.475108,-2.285957,-4.446841,0.000000,6.376420,-25.060023,-0.110206,-2.192913,-4.386812,-0.105325,0.020000,-0.030000,0.050000,0.100000,-0.200000,0.100000,0.018342,-0.028256,0.040101,0.069851,-0.220525,0.103705
8.479795,-2.275531,-4.452186,0.000000,6.400493,-25.085842,-0.110380,-2.182543,-4.391907,-0.105482,0.020000,-0.030000,0.050000,0.100000,-0.200000,0.100000,0.018342,-0.028256,0.040101,0.069851,-0.220525,0.103705
8.484913,-2.264129,-4.457995,0.000000,6.426804,-25.114017,-0.110566,-2.171204,-4.397443,-0.105652,0.020000,-0.030000,0.050000,0.100000,-0.200000,0.100000,0.018342,-0.028256,0.040101,0.069851,-0.220525,0.103705
8.489415,-2.254090,-4.463079,0.000000,6.449960,-25.138773,-0.110726,-2.161221,-4.402286,-0.105801,0.020000,-0.030000,0.050000,0.100000,-0.200000,0.100000,0.018342,-0.028256,0.040101,0.069851,-0.220525,0.103705
8.494266,-2.243257,-4.468534,0.000000,6.474934,-25.165434,-0.110895,-2.150448,-4.407481,-0.105960,0.020000,-0.030000,0.050000,0.100000,-0.200000,0.100000,0.018342,-0.028256,0.040101,0.069851,-0.220525,0.103705
8.499152,-2.232336,-4.474000,0.000000,6.500100,-25.192258,-0.111063,-2.139589,-4.412687,-0.106119,0.020000,-0.030000,0.050000,0.100000,-0.200000,0.100000,0.018342,-0.028256,0.040101,0.069851,-0.220525,0.103705
8.503715,-2.222121,-4.479083,0.000000,6.523626,-25.217297,-0.111218,-2.129434,-4.417526,-0.106269,0.020000,-0.030000,0.050000,0.100000,-0.200000,0.100000,0.018342,-0.028256,0.040101,0.069851,-0.220525,0.103705
8.508489,-2.211422,-4.484374,0.000000,6.548252,-25.243468,-0.111379,-2.184464,-4.395627,-0.084658,0.020000,-0.030000,0.050000,0.100000,-0.200000,0.100000,0.018712,-0.027553,0.033444,0.065448,-0.226635,0.102261
8.513048,-2.201196,-4.489403,0.000000,6.571782,-25.268435,-0.111528,-2.174664,-4.400338,-0.084746,0.020000,-0.030000,0.050000,0.100000,-0.200000,0.100000,0.018712,-0.027553,0.033444,0.065448,-0.226635,0.102261
8.517800,-2.190523,-4.494620,0.000000,6.596325,-25.294440,-0.111681,-2.164439,-4.405224,-0.084838,0.020000,-0.030000,0.050000,0.100000,-0.200000,0.100000,0.018712,-0.027553,0.033444,0.065448,-0.226635,0.102261
8.522371,-2.180245,-4.499615,0.000000,6.619950,-25.319436,-0.111826,-2.154593,-4.409900,-0.084926,0.020000,-0.030000,0.050000,0.100000,-0.200000,0.100000,0.018712,-0.027553,0.033444,0.065448,-0.226635,0.102261
8.527442,-2.168830,-4.505128,0.000000,6.646178,-25.347141,-0.111984,-2.143659,-4.415061,-0.085023,0.020000,-0.030000,0.050000,0.100000,-0.200000,0.100000,0.018712,-0.027553,0.033444,0.065448,-0.226635,0.102261
8.532027,-2.158495,-4.510088,0.000000,6.669911,-25.372172,-0.112125,-2.133761,-4.419702,-0.085111,0.020000,-0.030000,0.050000,0.100000,-0.200000,0.100000,0.018712,-0.027553,0.033444,0.065448,-0.226635,0.102261
8.537119,-2.147006,-4.515569,0.000000,6.696283,-25.399943,-0.112278,-2.122759,-4.424829,-0.085207,0.020000,-0.030000,0.050000,0.100000,-0.200000,0.100000,0.018712,-0.027553,0.033444,0.065448,-0.226635,0.102261
8.541850,-2.136317,-4.520636,0.000000,6.720807,-25.425728,-0.112420,-2.112524,-4.429567,-0.085299,0.020000,-0.030000,0.050000,0.100000,-0.200000,0.100000,0.018712,-0.027553,0.033444,0.065448,-0.226635,0.102261
8.547246,-2.124113,-4.526383,0.000000,6.748791,-25.455106,-0.112581,-2.100843,-4.434939,-0.085406,0.020000,-0.030000,0.050000,0.100000,-0.200000,0.100000,0.018712,-0.027553,0.033444,0.065448,-0.226635,0.102261
8.551859,-2.113668,-4.531270,0.000000,6.772727,-25.480198,-0.112718,-2.090849,-4.439507,-0.085498,0.020000,-0.030000,0.050000,0.100000,-0.200000,0.100000,0.018712,-0.027553,0.033444,0.065448,-0.226635,0.102261
8.556569,-2.102990,-4.536236,0.000000,6.797187,-25.505804,-0.112855,-2.080634,-4.444147,-0.085592,0.020000,-0.030000,0.050000,0.100000,-0.200000,0.100000,0.018712,-0.027553,0.033444,0.065448,-0.226635,0.102261
8.561971,-2.090731,-4.541899,0.000000,6.825253,-25.535138,-0.113009,-2.068911,-4.449436,-0.085700,0.020000,-0.030000,0.050000,0.100000,-0.200000,0.100000,0.018712,-0.027553,0.033444,0.065448,-0.226635,0.102261
8.566838,-2.079671,-4.546973,0.000000,6.850562,-25.561546,-0.113146,-2.058334,-4.454175,-0.085797,0.020000,-0.030000,0.050000,0.100000,-0.200000,0.100000,0.018712,-0.027553,0.033444,0.065448,-0.226635,0.102261
8.571473,-2.069128,-4.551781,0.000000,6.874680,-25.586673,-0.113274,-2.048251,-4.458663,-0.085889,0.020000,-0.030000,0.050000,0.100000,-0.200000,0.100000,0.018712,-0.027553,0.033444,0.065448,-0.226635,0.102261
8.576212,-2.058338,-4.556671,0.000000,6.899353,-25.612339,-0.113403,-2.037933,-4.463226,-0.085983,0.020000,-0.030000,0.050000,0.100000,-0.200000,0.100000,0.018712,-0.027553,0.033444,0.065448,-0.226635,0.102261
8.581218,-2.046926,-4.561808,0.000000,6.925432,-25.639427,-0.113539,-2.027023,-4.468016,-0.086086,0.020000,-0.030000,0.050000,0.100000,-0.200000,0.100000,0.018712,-0.027553,0.033444,0.065448,-0.226635,0.102261
8.586617,-2.034603,-4.567318,0.000000,6.953583,-25.668618,-0.113685,-2.015243,-4.473152,-0.086198,0.020000,-0.030000,0.050000,0.100000,-0.200000,0.100000,0.018712,-0.027553,0.033444,0.065448,-0.226635,0.102261
8.591205,-2.024121,-4.571973,0.000000,6.977518,-25.693398,-0.113809,-2.005224,-4.477490,-0.086295,0.020000,-0.030000,0.050000,0.100000,-0.200000,0.100000,0.018712,-0.027553,0.033444,0.065448,-0.226635,0.102261
8.595712,-2.013812,-4.576523,0.000000,7.001047,-25.717724,-0.113928,-1.995372,-4.481729,-0.086389,0.020000,-0.030000,0.050000,0.100000,-0.200000,0.100000,0.018712,-0.027553,0.033444,0.065448,-0.226635,0.102261
8.601083,-2.001514,-4.581914,0.000000,7.029104,-25.746686,-0.114066,-1.983620,-4.486751,-0.086501,0.020000,-0.030000,0.050000,0.100000,-0.200000,0.100000,0.018712,-0.027553,0.033444,0.065448,-0.226635,0.102261
8.605661,-1.991022,-4.586484,0.000000,7.053031,-25.771347,-0.114180,-1.973595,-4.491005,-0.086595,0.020000,-0.030000,0.050000,0.100000,-0.200000,0.100000,0.018712,-0.027553,0.033444,0.065448,-0.226635,0.102261
8.610497,-1.979925,-4.591285,0.000000,7.078324,-25.797379,-0.114299,-1.962995,-4.495472,-0.086696,0.020000,-0.030000,0.050000,0.100000,-0.200000,0.100000,0.018712,-0.027553,0.033444,0.065448,-0.226635,0.102261
8.615263,-1.968978,-4.595990,0.000000,7.103265,-25.823011,-0.114415,-1.952541,-4.499850,-0.086794,0.020000,-0.030000,0.050000,0.100000,-0.200000,0.100000,0.018712,-0.027553,0.033444,0.065448,-0.226635,0.102261
8.619948,-1.958208,-4.600589,0.000000,7.127794,-25.848184,-0.114526,-1.942257,-4.504128,-0.086892,0.020000,-0.030000,0.050000,0.100000,-0.200000,0.100000,0.018712,-0.027553,0.033444,0.065448,-0.226635,0.102261
8.625287,-1.945919,-4.605801,0.000000,7.155768,-25.876851,-0.114650,-1.930526,-4.508975,-0.087003,0.020000,-0.030000,0.050000,0.100000,-0.200000,0.100000,0.018712,-0.027553,0.033444,0.065448,-0.226635,0.102261
8.630187,-1.934629,-4.610554,0.000000,7.181455,-25.903132,-0.114762,-1.919750,-4.513394,-0.087105,0.020000,-0.030000,0.050000,0.100000,-0.200000,0.100000,0.018712,-0.027553,0.033444,0.065448,-0.226635,0.102261
8.634803,-1.923983,-4.615007,0.000000,7.205670,-25.927870,-0.114865,-1.909590,-4.517533,-0.087201,0.020000,-0.030000,0.050000,0.100000,-0.200000,0.100000,0.018712,-0.027553,0.033444,0.065448,-0.226635,0.102261
8.639970,-1.912054,-4.619962,0.000000,7.232792,-25.955534,-0.114977,-1.898205,-4.522136,-0.087308,0.020000,-0.030000,0.050000,0.100000,-0.200000,0.100000,0.018712,-0.027553,0.033444,0.065448,-0.226635,0.102261
8.645054,-1.900303,-4.624808,0.000000,7.259500,-25.982735,-0.115083,-1.886991,-4.526638,-0.087412,0.020000,-0.030000,0.050000,0.100000,-0.200000,0.100000,0.018712,-0.027553,0.033444,0.065448,-0.226635,0.102261
8.650517,-1.887664,-4.629981,0.000000,7.288212,-26.011931,-0.115193,-1.874934,-4.531443,-0.087521,0.020000,-0.030000,0.050000,0.100000,-0.200000,0.100000,0.018712,-0.027553,0.033444,0.065448,-0.226635,0.102261
8.655325,-1.876528,-4.634506,0.000000,7.313497,-26.037602,-0.115286,-1.864312,-4.535643,-0.087617,0.020000,-0.030000,0.050000,0.100000,-0.200000,0.100000,0.018712,-0.027553,0.033444,0.065448,-0.226635,0.102261
8.660075,-1.865516,-4.638949,0.000000,7.338492,-26.062941,-0.115378,-1.853810,-4.539767,-0.087714,0.020000,-0.030000,0.050000,0.100000,-0.200000,0.100000,0.018712,-0.027553,0.033444,0.065448,-0.226635,0.102261
8.665051,-1.853969,-4.643576,0.000000,7.364691,-26.089463,-0.115473,-1.842799,-4.544059,-0.087817,0.020000,-0.030000,0.050000,0.100000,-0.200000,0.100000,0.018712,-0.027553,0.033444,0.065448,-0.226635,0.102261
8.669654,-1.843276,-4.647831,0.000000,7.388941,-26.113977,-0.115560,-1.832605,-4.548006,-0.087913,0.020000,-0.030000,0.050000,0.100000,-0.200000,0.100000,0.018712,-0.027553,0.033444,0.065448,-0.226635,0.102261
8.675051,-1.830727,-4.652788,0.000000,7.417392,-26.142693,-0.115660,-1.820641,-4.552602,-0.088025,0.020000,-0.030000,0.050000,0.100000,-0.200000,0.100000,0.018712,-0.027553,0.033444,0.065448,-0.226635,0.102261
8.679813,-1.819644,-4.657134,0.000000,7.442506,-26.168002,-0.115746,-1.810079,-4.556629,-0.088125,0.020000,-0.030000,0.050000,0.100000,-0.200000,0.100000,0.018712,-0.027553,0.033444,0.065448,-0.226635,0.102261
8.684950,-1.807677,-4.661792,0.000000,7.469611,-26.195281,-0.115837,-1.798678,-4.560943,-0.088235,0.020000,-0.030000,0.050000,0.100000,-0.200000,0.100000,0.018712,-0.027553,0.033444,0.065448,-0.226635,0.102261
8.690419,-1.794921,-4.666718,0.000000,7.498488,-26.224302,-0.115933,-1.786530,-4.565505,-0.088354,0.020000,-0.030000,0.050000,0.100000,-0.200000,0.100000,0.018712,-0.027553,0.033444,0.065448,-0.226635,0.102261
8.695857,-1.782226,-4.671581,0.000000,7.527214,-26.253123,-0.116029,-1.774443,-4.570007,-0.088475,0.020000,-0.030000,0.050000,0.100000,-0.200000,0.100000,0.018712,-0.027553,0.033444,0.065448,-0.226635,0.102261
8.700955,-1.770314,-4.676108,0.000000,7.554156,-26.280114,-0.116118,-1.763104,-4.574194,-0.088590,0.020000,-0.030000,0.050000,0.100000,-0.200000,0.100000,0.018712,-0.027553,0.033444,0.065448,-0.226635,0.102261
8.705784,-1.759016,-4.680370,0.000000,7.579698,-26.305663,-0.116199,-1.752352,-4.578134,-0.088699,0.020000,-0.030000,0.050000,0.100000,-0.200000,0.100000,0.018712,-0.027553,0.033444,0.065448,-0.226635,0.102261
8.710938,-1.746951,-4.684887,0.000000,7.606964,-26.332898,-0.116282,-1.704172,-4.602793,-0.107963,0.020000,-0.030000,0.050000,0.100000,-0.200000,0.100000,0.018516,-0.027901,0.037051,0.067098,-0.222995,0.103316
8.716091,-1.734874,-4.689372,0.000000,7.634244,-26.360108,-0.116363,-1.692448,-4.606990,-0.108128,0.020000,-0.030000,0.050000,0.100000,-0.200000,0.100000,0.018516,-0.027901,0.037051,0.067098,-0.222995,0.103316
8.720592,-1.724316,-4.693265,0.000000,7.658081,-26.383853,-0.116432,-1.682202,-4.610631,-0.108273,0.020000,-0.030000,0.050000,0.100000,-0.200000,0.100000,0.018516,-0.027901,0.037051,0.067098,-0.222995,0.103316
8.725437,-1.712941,-4.697428,0.000000,7.683754,-26.409390,-0.116504,-1.671164,-4.614523,-0.108431,0.020000,-0.030000,0.050000,0.100000,-0.200000,0.100000,0.018516,-0.027901,0.037051,0.067098,-0.222995,0.103316
8.730221,-1.701700,-4.701512,0.000000,7.709117,-26.434582,-0.116574,-1.660256,-4.618339,-0.108586,0.020000,-0.030000,0.050000,0.100000,-0.200000,0.100000,0.018516,-0.027901,0.037051,0.067098,-0.222995,0.103316
8.735062,-1.690315,-4.705617,0.000000,7.734795,-26.460049,-0.116643,-1.649208,-4.622172,-0.108745,0.020000,-0.030000,0.050000,0.100000,-0.200000,0.100000,0.018516,-0.027901,0.037051,0.067098,-0.222995,0.103316
8.740009,-1.678671,-4.709784,0.000000,7.761049,-26.486049,-0.116712,-1.637911,-4.626061,-0.108908,0.020000,-0.030000,0.050000,0.100000,-0.200000,0.100000,0.018516,-0.027901,0.037051,0.067098,-0.222995,0.103316
8.745098,-1.666682,-4.714040,0.000000,7.788067,-26.512768,-0.116781,-1.626282,-4.630030,-0.109076,0.020000,-0.030000,0.050000,0.100000,-0.200000,0.100000,0.018516,-0.027901,0.037051,0.067098,-0.222995,0.103316
8.749976,-1.655178,-4.718091,0.000000,7.813985,-26.538362,-0.116845,-1.615124,-4.633808,-0.109238,0.020000,-0.030000,0.050000,0.100000,-0.200000,0.100000,0.018516,-0.027901,0.037051,0.067098,-0.222995,0.103316
8.755390,-1.642402,-4.722554,0.000000,7.842757,-26.566732,-0.116914,-1.602734,-4.637969,-0.109418,0.020000,-0.030000,0.050000,0.100000,-0.200000,0.100000,0.018516,-0.027901,0.037051,0.067098,-0.222995,0.103316
8.760198,-1.631044,-4.726489,0.000000,7.868327,-26.591908,-0.116973,-1.591720,-4.641637,-0.109579,0.020000,-0.030000,0.050000,0.100000,-0.200000,0.100000,0.018516,-0.027901,0.037051,0.067098,-0.222995,0.103316
8.765685,-1.618070,-4.730946,0.000000,7.897525,-26.620611,-0.117039,-1.579139,-4.645789,-0.109764,0.020000,-0.030000,0.050000,0.100000,-0.200000,0.100000,0.018516,-0.027901,0.037051,0.067098,-0.222995,0.103316
8.770800,-1.605966,-4.735068,0.000000,7.924756,-26.647338,-0.117098,-1.567403,-4.649629,-0.109937,0.020000,-0.030000,0.050000,0.100000,-0.200000,0.100000,0.018516,-0.027901,0.037051,0.067098,-0.222995,0.103316
8.776257,-1.593039,-4.739433,0.000000,7.953827,-26.675828,-0.117159,-1.554871,-4.653691,-0.110122,0.020000,-0.030000,0.050000,0.100000,-0.200000,0.100000,0.018516,-0.027901,0.037051,0.067098,-0.222995,0.103316
8.780900,-1.582032,-4.743119,0.000000,7.978574,-26.700044,-0.117209,-1.544200,-4.657121,-0.110281,0.020000,-0.030000,0.050000,0.100000,-0.200000,0.100000,0.018516,-0.027901,0.037051,0.067098,-0.222995,0.103316
8.785737,-1.570557,-4.746931,0.000000,8.004361,-26.725244,-0.117260,-1.533077,-4.660665,-0.110447,0.020000,-0.030000,0.050000,0.100000,-0.200000,0.100000,0.018516,-0.027901,0.037051,0.067098,-0.222995,0.103316
8.790788,-1.558564,-4.750882,0.000000,8.031305,-26.751536,-0.117311,-1.521453,-4.664338,-0.110621,0.020000,-0.030000,0.050000,0.100000,-0.200000,0.100000,0.018516,-0.027901,0.037051,0.067098,-0.222995,0.103316
8.795648,-1.547014,-4.754655,0.000000,8.057245,-26.776813,-0.117359,-1.510260,-4.667845,-0.110790,0.020000,-0.030000,0.050000,0.100000,-0.200000,0.100000,0.018516,-0.027901,0.037051,0.067098,-0.222995,0.103316
8.801081,-1.534092,-4.758840,0.000000,8.086257,-26.805043,-0.117411,-1.497739,-4.671733,-0.110981,0.020000,-0.030000,0.050000,0.100000,-0.200000,0.100000,0.018516,-0.027901,0.037051,0.067098,-0.222995,0.103316
8.805941,-1.522523,-4.762554,0.000000,8.112221,-26.830272,-0.117456,-1.486531,-4.675183,-0.111153,0.020000,-0.030000,0.050000,0.100000,-0.200000,0.100000,0.018516,-0.027901,0.037051,0.067098,-0.222995,0.103316
8.811285,-1.509793,-4.766605,0.000000,8.140779,-26.857983,-0.117504,-1.474203,-4.678943,-0.111342,0.020000,-0.030000,0.050000,0.100000,-0.200000,0.100000,0.018516,-0.027901,0.037051,0.067098,-0.222995,0.103316
8.816052,-1.498427,-4.770191,0.000000,8.166269,-26.882684,-0.117543,-1.463197,-4.682271,-0.111512,0.020000,-0.030000,0.050000,0.100000,-0.200000,0.100000,0.018516,-0.027901,0.037051,0.067098,-0.222995,0.103316
8.820656,-1.487442,-4.773627,0.000000,8.190895,-26.906517,-0.117580,-1.452562,-4.685461,-0.111675,0.020000,-0.030000,0.050000,0.100000,-0.200000,0.100000,0.018516,-0.027901,0.037051,0.067098,-0.222995,0.103316
8.825270,-1.476426,-4.777046,0.000000,8.215587,-26.930381,-0.117615,-1.441896,-4.688635,-0.111840,0.020000,-0.030000,0.050000,0.100000,-0.200000,0.100000,0.018516,-0.027901,0.037051,0.067098,-0.222995,0.103316
8.830153,-1.464757,-4.780637,0.000000,8.241734,-26.955617,-0.117650,-1.430599,-4.691966,-0.112016,0.020000,-0.030000,0.050000,0.100000,-0.200000,0.100000,0.018516,-0.027901,0.037051,0.067098,-0.222995,0.103316
8.835307,-1.452435,-4.784395,0.000000,8.269337,-26.982222,-0.117685,-1.418671,-4.695453,-0.112201,0.020000,-0.030000,0.050000,0.100000,-0.200000,0.100000,0.018516,-0.027901,0.037051,0.067098,-0.222995,0.103316
8.840146,-1.440853,-4.787895,0.000000,8.295273,-27.007186,-0.117715,-1.407462,-4.698699,-0.112376,0.020000,-0.030000,0.050000,0.100000,-0.200000,0.100000,0.018516,-0.027901,0.037051,0.067098,-0.222995,0.103316
8.845324,-1.428453,-4.791610,0.000000,8.323032,-27.033867,-0.117748,-1.395463,-4.702141,-0.112565,0.020000,-0.030000,0.050000,0.100000,-0.200000,0.100000,0.018516,-0.027901,0.037051,0.067098,-0.222995,0.103316
8.850190,-1.416791,-4.795071,0.000000,8.349127,-27.058916,-0.117778,-1.384181,-4.705347,-0.112745,0.020000,-0.030000,0.050000,0.100000,-0.200000,0.100000,0.018516,-0.027901,0.037051,0.067098,-0.222995,0.103316
8.855291,-1.404557,-4.798669,0.000000,8.376497,-27.085151,-0.117808,-1.372347,-4.708678,-0.112936,0.020000,-0.030000,0.050000,0.100000,-0.200000,0.100000,0.018516,-0.027901,0.037051,0.067098,-0.222995,0.103316
8.859926,-1.393432,-4.801911,0.000000,8.401376,-27.108966,-0.117833,-1.361587,-4.711677,-0.113110,0.020000,-0.030000,0.050000,0.100000,-0.200000,0.100000,0.018516,-0.027901,0.037051,0.067098,-0.222995,0.103316
8.865344,-1.380417,-4.805668,0.000000,8.430470,-27.136777,-0.117861,-1.349002,-4.715149,-0.113314,0.020000,-0.030000,0.050000,0.100000,-0.200000,0.100000,0.018516,-0.027901,0.037051,0.067098,-0.222995,0.103316
8.870438,-1.368173,-4.809169,0.000000,8.457835,-27.162897,-0.117884,-1.337162,-4.718381,-0.113506,0.020000,-0.030000,0.050000,0.100000,-0.200000,0.100000,0.018516,-0.027901,0.037051,0.067098,-0.222995,0.103316
8.875306,-1.356463,-4.812484,0.000000,8.483996,-27.187831,-0.117905,-1.325841,-4.721441,-0.113691,0.020000,-0.030000,0.050000,0.100000,-0.200000,0.100000,0.018516,-0.027901,0.037051,0.067098,-0.222995,0.103316
8.879978,-1.345217,-4.815640,0.000000,8.509116,-27.211742,-0.117924,-1.314969,-4.724352,-0.113870,0.020000,-0.030000,0.050000,0.100000,-0.200000,0.100000,0.018516,-0.027901,0.037051,0.067098,-0.222995,0.103316
8.884485,-1.334363,-4.818659,0.000000,8.533354,-27.234784,-0.117939,-1.304477,-4.727136,-0.114042,0.020000,-0.030000,0.050000,0.100000,-0.200000,0.100000,0.018516,-0.027901,0.037051,0.067098,-0.222995,0.103316
8.889895,-1.321323,-4.822251,0.000000,8.562466,-27.262420,-0.117956,-1.291872,-4.730445,-0.114250,0.020000,-0.030000,0.050000,0.100000,-0.200000,0.100000,0.018516,-0.027901,0.037051,0.067098,-0.222995,0.103316
8.894485,-1.310253,-4.825271,0.000000,8.587170,-27.285843,-0.117967,-1.281175,-4.733225,-0.114425,0.020000,-0.030000,0.050000,0.100000,-0.200000,0.100000,0.018516,-0.027901,0.037051,0.067098,-0.222995,0.103316
8.899464,-1.298236,-4.828518,0.000000,8.613979,-27.311230,-0.117975,-1.269567,-4.736214,-0.114615,0.020000,-0.030000,0.050000,0.100000,-0.200000,0.100000,0.018516,-0.027901,0.037051,0.067098,-0.222995,0.103316
8.904628,-1.285764,-4.831854,0.000000,8.641793,-27.337533,-0.117981,-1.257522,-4.739282,-0.114812,0.020000,-0.030000,0.050000,0.100000,-0.200000,0.100000,0.018516,-0.027901,0.037051,0.067098,-0.222995,0.103316
8.909805,-1.273255,-4.835165,0.000000,8.669682,-27.363871,-0.117985,-1.245443,-4.742325,-0.115011,0.020000,-0.030000,0.050000,0.100000,-0.200000,0.100000,0.018516,-0.027901,0.037051,0.067098,-0.222995,0.103316
8.914860,-1.261029,-4.838368,0.000000,8.696931,-27.389569,-0.117986,-1.233780,-4.762623,-0.111969,0.020000,-0.030000,0.050000,0.100000,-0.200000,0.100000,0.018474,-0.027878,0.037332,0.065858,-0.222886,0.103050
8.919935,-1.248747,-4.841553,0.000000,8.724297,-27.415342,-0.117984,-1.221906,-4.765593,-0.112159,0.020000,-0.030000,0.050000,0.100000,-0.200000,0.100000,0.018474,-0.027878,0.037332,0.065858,-0.222886,0.103050
8.924888,-1.236754,-4.844630,0.000000,8.751010,-27.440469,-0.117979,-1.210313,-4.768464,-0.112344,0.020000,-0.030000,0.050000,0.100000,-0.200000,0.100000,0.018474,-0.027878,0.037332,0.065858,-0.222886,0.103050
8.930200,-1.223883,-4.847898,0.000000,8.779672,-27.467393,-0.117971,-1.197874,-4.771512,-0.112543,0.020000,-0.030000,0.050000,0.100000,-0.200000,0.100000,0.018474,-0.027878,0.037332,0.065858,-0.222886,0.103050
8.935211,-1.211732,-4.850949,0.000000,8.806721,-27.492768,-0.117959,-1.186135,-4.774356,-0.112729,0.020000,-0.030000,0.050000,0.100000,-0.200000,0.100000,0.018474,-0.027878,0.037332,0.065858,-0.222886,0.103050
8.940226,-1.199565,-4.853972,0.000000,8.833797,-27.518138,-0.117942,-1.174383,-4.777174,-0.112914,0.020000,-0.030000,0.050000,0.100000,-0.200000,0.100000,0.018474,-0.027878,0.037332,0.065858,-0.222886,0.103050
8.945076,-1.187789,-4.856867,0.000000,8.859994,-27.542653,-0.117923,-1.163012,-4.779872,-0.113092,0.020000,-0.030000,0.050000,0.100000,-0.200000,0.100000,0.018474,-0.027878,0.037332,0.065858,-0.222886,0.103050
8.950302,-1.175096,-4.859954,0.000000,8.888225,-27.569039,-0.117898,-1.150757,-4.782747,-0.113283,0.020000,-0.030000,0.050000,0.100000,-0.200000,0.100000,0.018474,-0.027878,0.037332,0.065858,-0.222886,0.103050
8.955433,-1.162621,-4.862953,0.000000,8.915961,-27.594926,-0.117870,-1.138717,-4.785539,-0.113470,0.020000,-0.030000,0.050000,0.100000,-0.200000,0.100000,0.018474,-0.027878,0.037332,0.065858,-0.222886,0.103050
8.960805,-1.149555,-4.866058,0.000000,8.945005,-27.621995,-0.117837,-1.126106,-4.788428,-0.113666,0.020000,-0.030000,0.050000,0.100000,-0.200000,0.100000,0.018474,-0.027878,0.037332,0.065858,-0.222886,0.103050
8.965926,-1.137092,-4.868986,0.000000,8.972701,-27.647774,-0.117801,-1.114080,-4.791151,-0.113851,0.020000,-0.030000,0.050000,0.100000,-0.200000,0.100000,0.018474,-0.027878,0.037332,0.065858,-0.222886,0.103050
8.971226,-1.124187,-4.871982,0.000000,9.001370,-27.674423,-0.117761,-1.101630,-4.793935,-0.114042,0.020000,-0.030000,0.050000,0.100000,-0.200000,0.100000,0.018474,-0.027878,0.037332,0.065858,-0.222886,0.103050
8.976322,-1.111768,-4.874830,0.000000,9.028952,-27.700024,-0.117719,-1.089650,-4.796581,-0.114226,0.020000,-0.030000,0.050000,0.100000,-0.200000,0.100000,0.018474,-0.027878,0.037332,0.065858,-0.222886,0.103050
8.981737,-1.098565,-4.877823,0.000000,9.058270,-27.727197,-0.117669,-1.076914,-4.799357,-0.114420,0.020000,-0.030000,0.050000,0.100000,-0.200000,0.100000,0.018474,-0.027878,0.037332,0.065858,-0.222886,0.103050
8.986729,-1.086387,-4.880549,0.000000,9.085305,-27.752218,-0.117620,-1.065168,-4.801885,-0.114598,0.020000,-0.030000,0.050000,0.100000,-0.200000,0.100000,0.018474,-0.027878,0.037332,0.065858,-0.222886,0.103050
8.991945,-1.073655,-4.883366,0.000000,9.113567,-27.778336,-0.117566,-1.052886,-4.804494,-0.114784,0.020000,-0.030000,0.050000,0.100000,-0.200000,0.100000,0.018474,-0.027878,0.037332,0.065858,-0.222886,0.103050
8.996920,-1.061504,-4.886022,0.000000,9.140532,-27.803220,-0.117511,-1.041164,-4.806950,-0.114961,0.020000,-0.030000,0.050000,0.100000,-0.200000,0.100000,0.018474,-0.027878,0.037332,0.065858,-0.222886,0.103050
9.002309,-1.048336,-4.888864,0.000000,9.169750,-27.830143,-0.117449,-1.028462,-4.809577,-0.115153,0.020000,-0.030000,0.050000,0.100000,-0.200000,0.100000,0.018474,-0.027878,0.037332,0.065858,-0.222886,0.103050
9.006953,-1.036980,-4.891285,0.000000,9.194941,-27.853326,-0.117392,-1.017508,-4.811813,-0.115318,0.020000,-0.030000,0.050000,0.100000,-0.200000,0.100000,0.018474,-0.027878,0.037332,0.065858,-0.222886,0.103050
9.011727,-1.025303,-4.893746,0.000000,9.220835,-27.877128,-0.117332,-1.006249,-4.814083,-0.115489,0.020000,-0.030000,0.050000,0.100000,-0.200000,0.100000,0.018474,-0.027878,0.037332,0.065858,-0.222886,0.103050
9.017114,-1.012116,-4.896491,0.000000,9.250071,-27.903967,-0.117260,-0.993536,-4.816613,-0.115681,0.020000,-0.030000,0.050000,0.100000,-0.200000,0.100000,0.018474,-0.027878,0.037332,0.065858,-0.222886,0.103050
9.022130,-0.999834,-4.899013,0.000000,9.277294,-27.928923,-0.117189,-0.981696,-4.818935,-0.115858,0.020000,-0.030000,0.050000,0.100000,-0.200000,0.100000,0.018474,-0.027878,0.037332,0.065858,-0.222886,0.103050
9.027281,-0.987212,-4.901572,0.000000,9.305266,-27.954529,-0.117114,-0.969530,-4.821287,-0.116041,0.020000,-0.030000,0.050000,0.100000,-0.200000,0.100000,0.018474,-0.027878,0.037332,0.065858,-0.222886,0.103050
9.032346,-0.974797,-4.904057,0.000000,9.332772,-27.979675,-0.117037,-0.957564,-4.823567,-0.116221,0.020000,-0.030000,0.050000,0.100000,-0.200000,0.100000,0.018474,-0.027878,0.037332,0.065858,-0.222886,0.103050
9.037767,-0.961501,-4.906681,0.000000,9.362223,-28.006562,-0.116952,-0.944751,-4.825972,-0.116414,0.020000,-0.030000,0.050000,0.100000,-0.200000,0.100000,0.018474,-0.027878,0.037332,0.065858,-0.222886,0.103050
9.042811,-0.949122,-4.909090,0.000000,9.389635,-28.031555,-0.116869,-0.932825,-4.828179,-0.116594,0.020000,-0.030000,0.050000,0.100000,-0.200000,0.100000,0.018474,-0.027878,0.037332,0.065858,-0.222886,0.103050
9.047330,-0.938027,-4.911222,0.000000,9.414197,-28.053925,-0.116792,-0.922139,-4.830130,-0.116754,0.020000,-0.030000,0.050000,0.100000,-0.200000,0.100000,0.018474,-0.027878,0.037332,0.065858,-0.222886,0.103050
9.052078,-0.926365,-4.913435,0.000000,9.440009,-28.077406,-0.116707,-0.910908,-4.832153,-0.116922,0.020000,-0.030000,0.050000,0.100000,-0.200000,0.100000,0.018474,-0.027878,0.037332,0.065858,-0.222886,0.103050
9.056803,-0.914756,-4.915610,0.000000,9.465700,-28.100747,-0.116620,-0.899730,-4.834138,-0.117088,0.020000,-0.030000,0.050000,0.100000,-0.200000,0.100000,0.018474,-0.027878,0.037332,0.065858,-0.222886,0.103050
9.061859,-0.902326,-4.917907,0.000000,9.493198,-28.125701,-0.116522,-0.887764,-4.836232,-0.117265,0.020000,-0.030000,0.050000,0.100000,-0.200000,0.100000,0.018474,-0.027878,0.037332,0.065858,-0.222886,0.103050
9.066615,-0.890628,-4.920039,0.000000,9.519072,-28.149152,-0.116429,-0.876506,-4.838173,-0.117433,0.020000,-0.030000,0.050000,0.100000,-0.200000,0.100000,0.018474,-0.027878,0.037332,0.065858,-0.222886,0.103050
9.071486,-0.878643,-4.922193,0.000000,9.545573,-28.173146,-0.116332,-0.864975,-4.840133,-0.117606,0.020000,-0.030000,0.050000,0.100000,-0.200000,0.100000,0.018474,-0.027878,0.037332,0.065858,-0.222886,0.103050
9.076845,-0.865453,-4.924530,0.000000,9.574735,-28.199512,-0.116224,-0.852285,-4.842255,-0.117798,0.020000,-0.030000,0.050000,0.100000,-0.200000,0.100000,0.018474,-0.027878,0.037332,0.065858,-0.222886,0.103050
9.081646,-0.853628,-4.926593,0.000000,9.600872,-28.223114,-0.116126,-0.840910,-4.844127,-0.117971,0.020000,-0.030000,0.050000,0.100000,-0.200000,0.100000,0.018474,-0.027878,0.037332,0.065858,-0.222886,0.103050
9.086296,-0.842172,-4.928564,0.000000,9.626188,-28.245947,-0.116026,-0.829892,-4.845913,-0.118138,0.020000,-0.030000,0.050000,0.100000,-0.200000,0.100000,0.018474,-0.027878,0.037332,0.065858,-0.222886,0.103050
9.091628,-0.829028,-4.930792,0.000000,9.655230,-28.272108,-0.115909,-0.817251,-4.847930,-0.118329,0.020000,-0.030000,0.050000,0.100000,-0.200000,0.100000,0.018474,-0.027878,0.037332,0.065858,-0.222886,0.103050
9.097025,-0.815721,-4.933011,0.000000,9.684628,-28.298552,-0.115787,-0.804455,-4.849936,-0.118522,0.020000,-0.030000,0.050000,0.100000,-0.200000,0.100000,0.018474,-0.027878,0.037332,0.065858,-0.222886,0.103050
9.102447,-0.802344,-4.935205,0.000000,9.714172,-28.325094,-0.115662,-0.791595,-4.851916,-0.118717,0.020000,-0.030000,0.050000,0.100000,-0.200000,0.100000,0.018474,-0.027878,0.037332,0.065858,-0.222886,0.103050
9.107913,-0.788853,-4.937379,0.000000,9.743962,-28.351822,-0.115531,-0.778628,-4.853877,-0.118913,0.020000,-0.030000,0.050000,0.100000,-0.200000,0.100000,0.018474,-0.027878,0.037332,0.065858,-0.222886,0.103050
9.112996,-0.776301,-4.939368,0.000000,9.771672,-28.376651,-0.115406,-0.766566,-4.855667,-0.119095,0.020000,-0.030000,0.050000,0.100000,-0.200000,0.100000,0.018474,-0.027878,0.037332,0.065858,-0.222886,0.103050
9.117800,-0.764436,-4.941218,0.000000,9.797862,-28.400089,-0.115284,-0.757992,-4.866046,-0.105723,0.020000,-0.030000,0.050000,0.100000,-0.200000,0.100000,0.018467,-0.027836,0.037135,0.065067,-0.223316,0.102364
9.123019,-0.751540,-4.943196,0.000000,9.826321,-28.425526,-0.115149,-0.745615,-4.867844,-0.105884,0.020000,-0.030000,0.050000,0.100000,-0.200000,0.100000,0.018467,-0.027836,0.037135,0.065067,-0.223316,0.102364
9.128132,-0.738899,-4.945101,0.000000,9.854210,-28.450422,-0.115014,-0.733485,-4.869573,-0.106043,0.020000,-0.030000,0.050000,0.100000,-0.200000,0.100000,0.018467,-0.027836,0.037135,0.065067,-0.223316,0.102364
9.133176,-0.726425,-4.946949,0.000000,9.881728,-28.474954,-0.114877,-0.721515,-4.871247,-0.106199,0.020000,-0.030000,0.050000,0.100000,-0.200000,0.100000,0.018467,-0.027836,0.037135,0.065067,-0.223316,0.102364
9.138581,-0.713052,-4.948894,0.000000,9.911224,-28.501214,-0.114728,-0.708683,-4.873006,-0.106367,0.020000,-0.030000,0.050000,0.100000,-0.200000,0.100000,0.018467,-0.027836,0.037135,0.065067,-0.223316,0.102364
9.143391,-0.701149,-4.950595,0.000000,9.937475,-28.524557,-0.114591,-0.697264,-4.874541,-0.106515,0.020000,-0.030000,0.050000,0.100000,-0.200000,0.100000,0.018467,-0.027836,0.037135,0.065067,-0.223316,0.102364
9.148198,-0.689247,-4.952266,0.000000,9.963715,-28.547864,-0.114451,-0.685849,-4.876048,-0.106663,0.020000,-0.030000,0.050000,0.100000,-0.200000,0.100000,0.018467,-0.027836,0.037135,0.065067,-0.223316,0.102364
9.152773,-0.677918,-4.953830,0.000000,9.988690,-28.570022,-0.114316,-0.674985,-4.877455,-0.106804,0.020000,-0.030000,0.050000,0.100000,-0.200000,0.100000,0.018467,-0.027836,0.037135,0.065067,-0.223316,0.102364
9.158127,-0.664655,-4.955626,0.000000,10.017922,-28.595927,-0.114154,-0.662269,-4.879068,-0.106969,0.020000,-0.030000,0.050000,0.100000,-0.200000,0.100000,0.018467,-0.027836,0.037135,0.065067,-0.223316,0.102364
9.163378,-0.651641,-4.957354,0.000000,10.046599,-28.621307,-0.113993,-0.649794,-4.880617,-0.107131,0.020000,-0.030000,0.050000,0.100000,-0.200000,0.100000,0.018467,-0.027836,0.037135,0.065067,-0.223316,0.102364
9.168109,-0.639912,-4.958882,0.000000,10.072444,-28.644150,-0.113846,-0.638551,-4.881984,-0.107279,0.020000,-0.030000,0.050000,0.100000,-0.200000,0.100000,0.018467,-0.027836,0.037135,0.065067,-0.223316,0.102364
9.172700,-0.628528,-4.960338,0.000000,10.097525,-28.666294,-0.113701,-0.627639,-4.883284,-0.107423,0.020000,-0.030000,0.050000,0.100000,-0.200000,0.100000,0.018467,-0.027836,0.037135,0.065067,-0.223316,0.102364
9.178027,-0.615314,-4.961994,0.000000,10.126632,-28.691964,-0.113530,-0.614977,-4.884761,-0.107589,0.020000,-0.030000,0.050000,0.100000,-0.200000,0.100000,0.018467,-0.027836,0.037135,0.065067,-0.223316,0.102364
9.183293,-0.602247,-4.963597,0.000000,10.155410,-28.717311,-0.113356,-0.602458,-4.886186,-0.107752,0.020000,-0.030000,0.050000,0.100000,-0.200000,0.100000,0.018467,-0.027836,0.037135,0.065067,-0.223316,0.102364
9.188640,-0.588973,-4.965190,0.000000,10.184637,-28.743021,-0.113176,-0.589743,-4.887598,-0.107918,0.020000,-0.030000,0.050000,0.100000,-0.200000,0.100000,0.018467,-0.027836,0.037135,0.065067,-0.223316,0.102364
9.193686,-0.576445,-4.966660,0.000000,10.212218,-28.767253,-0.113003,-0.577745,-4.888897,-0.108075,0.020000,-0.030000,0.050000,0.100000,-0.200000,0.100000,0.018467,-0.027836,0.037135,0.065067,-0.223316,0.102364
9.198828,-0.563673,-4.968126,0.000000,10.240331,-28.791921,-0.112823,-0.565515,-4.890188,-0.108234,0.020000,-0.030000,0.050000,0.100000,-0.200000,0.100000,0.018467,-0.027836,0.037135,0.065067,-0.223316,0.102364
9.204164,-0.550418,-4.969612,0.000000,10.269504,-28.817491,-0.112633,-0.552826,-4.891495,-0.108399,0.020000,-0.030000,0.050000,0.100000,-0.200000,0.100000,0.018467,-0.027836,0.037135,0.065067,-0.223316,0.102364
9.209296,-0.537662,-4.971008,0.000000,10.297573,-28.842065,-0.112448,-0.540618,-4.892722,-0.108559,0.020000,-0.030000,0.050000,0.100000,-0.200000,0.100000,0.018467,-0.027836,0.037135,0.065067,-0.223316,0.102364
9.214469,-0.524804,-4.972382,0.000000,10.325862,-28.866804,-0.112258,-0.528314,-4.893927,-0.108720,0.020000,-0.030000,0.050000,0.100000,-0.200000,0.100000,0.018467,-0.027836,0.037135,0.065067,-0.223316,0.102364
9.219952,-0.511170,-4.973802,0.000000,10.355856,-28.893001,-0.112053,-0.515270,-4.895169,-0.108891,0.020000,-0.030000,0.050000,0.100000,-0.200000,0.100000,0.018467,-0.027836,0.037135,0.065067,-0.223316,0.102364
9.225002,-0.498609,-4.975077,0.000000,10.383483,-28.917101,-0.111861,-0.503255,-4.896281,-0.109047,0.020000,-0.030000,0.050000,0.100000,-0.200000,0.100000,0.018467,-0.027836,0.037135,0.065067,-0.223316,0.102364
9.229891,-0.486448,-4.976281,0.000000,10.410230,-28.940407,-0.111670,-0.491624,-4.897327,-0.109197,0.020000,-0.030000,0.050000,0.100000,-0.200000,0.100000,0.018467,-0.027836,0.037135,0.065067,-0.223316,0.102364
9.235360,-0.472838,-4.977592,0.000000,10.440157,-28.966450,-0.111452,-0.478609,-4.898462,-0.109365,0.020000,-0.030000,0.050000,0.100000,-0.200000,0.100000,0.018467,-0.027836,0.037135,0.065067,-0.223316,0.102364
9.240644,-0.459685,-4.978824,0.000000,10.469078,-28.991585,-0.111238,-0.466032,-4.899524,-0.109526,0.020000,-0.030000,0.050000,0.100000,-0.200000,0.100000,0.018467,-0.027836,0.037135,0.065067,-0.223316,0.102364
9.245856,-0.446709,-4.980005,0.000000,10.497607,-29.016352,-0.111023,-0.453626,-4.900539,-0.109683,0.020000,-0.030000,0.050000,0.100000,-0.200000,0.100000,0.018467,-0.027836,0.037135,0.065067,-0.223316,0.102364
9.251318,-0.433106,-4.981207,0.000000,10.527509,-29.042280,-0.110793,-0.440625,-4.901568,-0.109849,0.020000,-0.030000,0.050000,0.100000,-0.200000,0.100000,0.018467,-0.027836,0.037135,0.065067,-0.223316,0.102364
9.256207,-0.420929,-4.982250,0.000000,10.554273,-29.065460,-0.110585,-0.428989,-4.902459,-0.109997,0.020000,-0.030000,0.050000,0.100000,-0.200000,0.100000,0.018467,-0.027836,0.037135,0.065067,-0.223316,0.102364
9.260851,-0.409359,-4.983214,0.000000,10.579699,-29.087458,-0.110383,-0.417934,-4.903277,-0.110136,0.020000,-0.030000,0.050000,0.100000,-0.200000,0.100000,0.018467,-0.027836,0.037135,0.065067,-0.223316,0.102364
9.266328,-0.395712,-4.984317,0.000000,10.609687,-29.113373,-0.110141,-0.404898,-4.904209,-0.110300,0.020000,-0.030000,0.050000,0.100000,-0.200000,0.100000,0.018467,-0.027836,0.037135,0.065067,-0.223316,0.102364
9.271187,-0.383600,-4.985263,0.000000,10.636296,-29.136341,-0.109922,-0.393332,-4.905004,-0.110445,0.020000,-0.030000,0.050000,0.100000,-0.200000,0.100000,0.018467,-0.027836,0.037135,0.065067,-0.223316,0.102364
9.276659,-0.369959,-4.986294,0.000000,10.666261,-29.162175,-0.109671,-0.380307,-4.905862,-0.110606,0.020000,-0.030000,0.050000,0.100000,-0.200000,0.100000,0.018467,-0.027836,0.037135,0.065067,-0.223316,0.102364
9.282132,-0.356313,-4.987288,0.000000,10.696234,-29.187984,-0.109415,-0.367281,-4.906683,-0.110766,0.020000,-0.030000,0.050000,0.100000,-0.200000,0.100000,0.018467,-0.027836,0.037135,0.065067,-0.223316,0.102364
9.287292,-0.343445,-4.988191,0.000000,10.724492,-29.212291,-0.109170,-0.355001,-4.907424,-0.110917,0.020000,-0.030000,0.050000,0.100000,-0.200000,0.100000,0.018467,-0.027836,0.037135,0.065067,-0.223316,0.102364
9.291792,-0.332219,-4.988951,0.000000,10.749142,-29.233470,-0.108953,-0.344290,-4.908044,-0.111049,0.020000,-0.030000,0.050000,0.100000,-0.200000,0.100000,0.018467,-0.027836,0.037135,0.065067,-0.223316,0.102364
9.297232,-0.318650,-4.989836,0.000000,10.778936,-29.259041,-0.108689,-0.331344,-4.908761,-0.111209,0.020000,-0.030000,0.050000,0.100000,-0.200000,0.100000,0.018467,-0.027836,0.037135,0.065067,-0.223316,0.102364
9.301940,-0.306903,-4.990572,0.000000,10.804726,-29.281151,-0.108459,-0.320139,-4.909353,-0.111348,0.020000,-0.030000,0.050000,0.100000,-0.200000,0.100000,0.018467,-0.027836,0.037135,0.065067,-0.223316,0.102364
9.306794,-0.294788,-4.991302,0.000000,10.831323,-29.303926,-0.108218,-0.308583,-4.909936,-0.111491,0.020000,-0.030000,0.050000,0.100000,-0.200000,0.100000,0.018467,-0.027836,0.037135,0.065067,-0.223316,0.102364
9.311750,-0.282419,-4.992018,0.000000,10.858476,-29.327152,-0.107969,-0.296787,-4.910499,-0.111638,0.020000,-0.030000,0.050000,0.100000,-0.200000,0.100000,0.018467,-0.027836,0.037135,0.065067,-0.223316,0.102364
9.316994,-0.269329,-4.992741,0.000000,10.887208,-29.351703,-0.107703,-0.284306,-4.911063,-0.111793,0.020000,-0.030000,0.050000,0.100000,-0.200000,0.100000,0.018467,-0.027836,0.037135,0.065067,-0.223316,0.102364
9.321575,-0.257894,-4.993345,0.000000,10.912304,-29.373125,-0.107468,-0.287157,-4.936644,-0.099858,0.020000,-0.030000,0.050000,0.100000,-0.200000,0.100000,0.018453,-0.027693,0.036387,0.062481,-0.224672,0.101606
9.326311,-0.246068,-4.993941,0.000000,10.938257,-29.395257,-0.107222,-0.275934,-4.937169,-0.099975,0.020000,-0.030000,0.050000,0.100000,-0.200000,0.100000,0.018453,-0.027693,0.036387,0.062481,-0.224672,0.101606
9.331051,-0.234230,-4.994511,0.000000,10.964234,-29.417384,-0.106973,-0.264702,-4.937667,-0.100093,0.020000,-0.030000,0.050000,0.100000,-0.200000,0.100000,0.018453,-0.027693,0.036387,0.062481,-0.224672,0.101606
9.335773,-0.222440,-4.995050,0.000000,10.990105,-29.439401,-0.106723,-0.253517,-4.938136,-0.100210,0.020000,-0.030000,0.050000,0.100000,-0.200000,0.100000,0.018453,-0.027693,0.036387,0.062481,-0.224672,0.101606
9.341081,-0.209181,-4.995622,0.000000,11.019196,-29.464130,-0.106438,-0.240941,-4.938632,-0.100341,0.020000,-0.030000,0.050000,0.100000,-0.200000,0.100000,0.018453,-0.027693,0.036387,0.062481,-0.224672,0.101606
9.346379,-0.195946,-4.996159,0.000000,11.048234,-29.488787,-0.106149,-0.228390,-4.939093,-0.100472,0.020000,-0.030000,0.050000,0.100000,-0.200000,0.100000,0.018453,-0.027693,0.036387,0.062481,-0.224672,0.101606
9.351467,-0.183235,-4.996641,0.000000,11.076118,-29.512438,-0.105868,-0.216339,-4.939504,-0.100596,0.020000,-0.030000,0.050000,0.100000,-0.200000,0.100000,0.018453,-0.027693,0.036387,0.062481,-0.224672,0.101606
9.356603,-0.170405,-4.997095,0.000000,11.104260,-29.536283,-0.105580,-0.204179,-4.939884,-0.100721,0.020000,-0.030000,0.050000,0.100000,-0.200000,0.100000,0.018453,-0.027693,0.036387,0.062481,-0.224672,0.101606
9.361348,-0.158549,-4.997486,0.000000,11.130261,-29.558292,-0.105310,-0.192947,-4.940206,-0.100836,0.020000,-0.030000,0.050000,0.100000,-0.200000,0.100000,0.018453,-0.027693,0.036387,0.062481,-0.224672,0.101606
9.366223,-0.146366,-4.997857,0.000000,11.156976,-29.580884,-0.105031,-0.181408,-4.940507,-0.100956,0.020000,-0.030000,0.050000,0.100000,-0.200000,0.100000,0.018453,-0.027693,0.036387,0.062481,-0.224672,0.101606
9.370832,-0.134849,-4.998181,0.000000,11.182227,-29.602217,-0.104767,-0.170502,-4.940765,-0.101070,0.020000,-0.030000,0.050000,0.100000,-0.200000,0.100000,0.018453,-0.027693,0.036387,0.062481,-0.224672,0.101606
9.375949,-0.122061,-4.998510,0.000000,11.210264,-29.625881,-0.104471,-0.158396,-4.941022,-0.101198,0.020000,-0.030000,0.050000,0.100000,-0.200000,0.100000,0.018453,-0.027693,0.036387,0.062481,-0.224672,0.101606
9.381017,-0.109393,-4.998803,0.000000,11.238032,-29.649295,-0.104176,-0.146408,-4.941245,-0.101327,0.020000,-0.030000,0.050000,0.100000,-0.200000,0.100000,0.018453,-0.027693,0.036387,0.062481,-0.224672,0.101606
9.386317,-0.096147,-4.999075,0.000000,11.267067,-29.673750,-0.103866,-0.133876,-4.941443,-0.101463,0.020000,-0.030000,0.050000,0.100000,-0.200000,0.100000,0.018453,-0.027693,0.036387,0.062481,-0.224672,0.101606
9.391798,-0.082446,-4.999320,0.000000,11.297097,-29.699013,-0.103541,-0.120915,-4.941610,-0.101603,0.020000,-0.030000,0.050000,0.100000,-0.200000,0.100000,0.018453,-0.027693,0.036387,0.062481,-0.224672,0.101606
9.397228,-0.068873,-4.999526,0.000000,11.326845,-29.724009,-0.103217,-0.108077,-4.941740,-0.101743,0.020000,-0.030000,0.050000,0.100000,-0.200000,0.100000,0.018453,-0.027693,0.036387,0.062481,-0.224672,0.101606
9.402165,-0.056530,-4.999680,0.000000,11.353892,-29.746711,-0.102919,-0.096407,-4.941823,-0.101871,0.020000,-0.030000,0.050000,0.100000,-0.200000,0.100000,0.018453,-0.027693,0.036387,0.062481,-0.224672,0.101606
9.407639,-0.042846,-4.999816,0.000000,11.383878,-29.771854,-0.102587,-0.083471,-4.941881,-0.102014,0.020000,-0.030000,0.050000,0.100000,-0.200000,0.100000,0.018453,-0.027693,0.036387,0.062481,-0.224672,0.101606
9.412144,-0.031586,-4.999900,0.000000,11.408548,-29.792520,-0.102312,-0.072830,-4.941901,-0.102133,0.020000,-0.030000,0.050000,0.100000,-0.200000,0.100000,0.018453,-0.027693,0.036387,0.062481,-0.224672,0.101606
9.416940,-0.019594,-4.999962,0.000000,11.434822,-29.814506,-0.102018,-0.061499,-4.941894,-0.102261,0.020000,-0.030000,0.050000,0.100000,-0.200000,0.100000,0.018453,-0.027693,0.036387,0.062481,-0.224672,0.101606
9.421516,-0.008155,-4.999993,0.000000,11.459882,-29.835458,-0.101736,-0.050693,-4.941863,-0.102385,0.020000,-0.030000,0.050000,0.100000,-0.200000,0.100000,0.018453,-0.027693,0.036387,0.062481,-0.224672,0.101606
9.426498,0.004301,-4.999998,0.000000,11.487172,-29.858253,-0.101426,-0.038927,-4.941801,-0.102520,0.020000,-0.030000,0.050000,0.100000,-0.200000,0.100000,0.018453,-0.027693,0.036387,0.062481,-0.224672,0.101606
9.431975,0.017992,-4.999968,0.000000,11.517165,-29.883282,-0.101082,-0.025999,-4.941699,-0.102668,0.020000,-0.030000,0.050000,0.100000,-0.200000,0.100000,0.018453,-0.027693,0.036387,0.062481,-0.224672,0.101606
9.436818,0.030099,-4.999909,0.000000,11.543686,-29.905393,-0.100774,-0.014571,-4.941579,-0.102798,0.020000,-0.030000,0.050000,0.100000,-0.200000,0.100000,0.018453,-0.027693,0.036387,0.062481,-0.224672,0.101606
9.441831,0.042632,-4.999818,0.000000,11.571138,-29.928258,-0.100450,-0.002745,-4.941428,-0.102931,0.020000,-0.030000,0.050000,0.100000,-0.200000,0.100000,0.018453,-0.027693,0.036387,0.062481,-0.224672,0.101606
9.446420,0.054104,-4.999707,0.000000,11.596265,-29.949169,-0.100152,0.008078,-4.941262,-0.103054,0.020000,-0.030000,0.050000,0.100000,-0.200000,0.100000,0.018453,-0.027693,0.036387,0.062481,-0.224672,0.101606
9.451022,0.065609,-4.999570,0.000000,11.621463,-29.970121,-0.099851,0.018930,-4.941070,-0.103178,0.020000,-0.030000,0.050000,0.100000,-0.200000,0.100000,0.018453,-0.027693,0.036387,0.062481,-0.224672,0.101606
9.456172,0.078483,-4.999384,0.000000,11.649660,-29.993542,-0.099511,0.031070,-4.940824,-0.103318,0.020000,-0.030000,0.050000,0.100000,-0.200000,0.100000,0.018453,-0.027693,0.036387,0.062481,-0.224672,0.101606
9.461162,0.090954,-4.999173,0.000000,11.676972,-30.016207,-0.099179,0.042828,-4.940555,-0.103452,0.020000,-0.030000,0.050000,0.100000,-0.200000,0.100000,0.018453,-0.027693,0.036387,0.062481,-0.224672,0.101606
9.466502,0.104301,-4.998912,0.000000,11.706202,-30.040439,-0.098818,0.055408,-4.940234,-0.103594,0.020000,-0.030000,0.050000,0.100000,-0.200000,0.100000,0.018453,-0.027693,0.036387,0.062481,-0.224672,0.101606
9.471693,0.117276,-4.998624,0.000000,11.734615,-30.063970,-0.098463,0.067634,-4.939889,-0.103732,0.020000,-0.030000,0.050000,0.100000,-0.200000,0.100000,0.018453,-0.027693,0.036387,0.062481,-0.224672,0.101606
9.476772,0.129971,-4.998310,0.000000,11.762415,-30.086970,-0.098112,0.079594,-4.939518,-0.103867,0.020000,-0.030000,0.050000,0.100000,-0.200000,0.100000,0.018453,-0.027693,0.036387,0.062481,-0.224672,0.101606
9.481684,0.142245,-4.997976,0.000000,11.789293,-30.109186,-0.097771,0.091155,-4.939131,-0.103998,0.020000,-0.030000,0.050000,0.100000,-0.200000,0.100000,0.018453,-0.027693,0.036387,0.062481,-0.224672,0.101606
9.487027,0.155598,-4.997578,0.000000,11.818532,-30.133331,-0.097397,0.103729,-4.938676,-0.104142,0.020000,-0.030000,0.050000,0.100000,-0.200000,0.100000,0.018453,-0.027693,0.036387,0.062481,-0.224672,0.101606
9.492206,0.168538,-4.997159,0.000000,11.846870,-30.156705,-0.097032,0.115914,-4.938203,-0.104282,0.020000,-0.030000,0.050000,0.100000,-0.200000,0.100000,0.018453,-0.027693,0.036387,0.062481,-0.224672,0.101606
9.496744,0.179877,-4.996763,0.000000,11.871703,-30.177168,-0.096710,0.126590,-4.937762,-0.104404,0.020000,-0.030000,0.050000,0.100000,-0.200000,0.100000,0.018453,-0.027693,0.036387,0.062481,-0.224672,0.101606
9.502014,0.193041,-4.996272,0.000000,11.900534,-30.200904,-0.096331,0.138983,-4.937219,-0.104546,0.020000,-0.030000,0.050000,0.100000,-0.200000,0.100000,0.018453,-0.027693,0.036387,0.062481,-0.224672,0.101606
9.506843,0.205104,-4.995791,0.000000,11.926951,-30.222631,-0.095981,0.150336,-4.936692,-0.104675,0.020000,-0.030000,0.050000,0.100000,-0.200000,0.100000,0.018453,-0.027693,0.036387,0.062481,-0.224672,0.101606
9.512125,0.218298,-4.995232,0.000000,11.955848,-30.246376,-0.095594,0.162751,-4.936083,-0.104817,0.020000,-0.030000,0.050000,0.100000,-0.200000,0.100000,0.018453,-0.027693,0.036387,0.062481,-0.224672,0.101606
9.517560,0.231872,-4.994621,0.000000,11.985573,-30.270780,-0.095192,0.175518,-4.935422,-0.104962,0.020000,-0.030000,0.050000,0.100000,-0.200000,0.100000,0.018453,-0.027693,0.036387,0.062481,-0.224672,0.101606
9.522511,0.244236,-4.994031,0.000000,12.012648,-30.292988,-0.094822,0.181494,-4.921869,-0.094497,0.020000,-0.030000,0.050000,0.100000,-0.200000,0.100000,0.018488,-0.027683,0.035936,0.063231,-0.225210,0.101220
9.527577,0.256884,-4.993397,0.000000,12.040348,-30.315685,-0.094438,0.193345,-4.921164,-0.094611,0.020000,-0.030000,0.050000,0.100000,-0.200000,0.100000,0.018488,-0.027683,0.035936,0.063231,-0.225210,0.101220
9.532241,0.268528,-4.992784,0.000000,12.065851,-30.336561,-0.094080,0.204254,-4.920486,-0.094714,0.020000,-0.030000,0.050000,0.100000,-0.200000,0.100000,0.018488,-0.027683,0.035936,0.063231,-0.225210,0.101220
9.536762,0.279814,-4.992164,0.000000,12.090569,-30.356777,-0.093731,0.214825,-4.919803,-0.094814,0.020000,-0.030000,0.050000,0.100000,-0.200000,0.100000,0.018488,-0.027683,0.035936,0.063231,-0.225210,0.101220
9.541862,0.292543,-4.991434,0.000000,12.118450,-30.379559,-0.093336,0.226747,-4.919002,-0.094929,0.020000,-0.030000,0.050000,0.100000,-0.200000,0.100000,0.018488,-0.027683,0.035936,0.063231,-0.225210,0.101220
9.546476,0.304058,-4.990746,0.000000,12.143671,-30.400149,-0.092975,0.237529,-4.918251,-0.095032,0.020000,-0.030000,0.050000,0.100000,-0.200000,0.100000,0.018488,-0.027683,0.035936,0.063231,-0.225210,0.101220
9.551044,0.315456,-4.990039,0.000000,12.168636,-30.420513,-0.092614,0.248198,-4.917483,-0.095134,0.020000,-0.030000,0.050000,0.100000,-0.200000,0.100000,0.018488,-0.027683,0.035936,0.063231,-0.225210,0.101220
9.556069,0.327993,-4.989230,0.000000,12.196097,-30.442893,-0.092216,0.259932,-4.916608,-0.095246,0.020000,-0.030000,0.050000,0.100000,-0.200000,0.100000,0.018488,-0.027683,0.035936,0.063231,-0.225210,0.101220
9.561054,0.340426,-4.988398,0.000000,12.223332,-30.465070,-0.091819,0.271566,-4.915712,-0.095360,0.020000,-0.030000,0.050000,0.100000,-0.200000,0.100000,0.018488,-0.027683,0.035936,0.063231,-0.225210,0.101220
9.566069,0.352933,-4.987528,0.000000,12.250729,-30.487360,-0.091417,0.283267,-4.914782,-0.095475,0.020000,-0.030000,0.050000,0.100000,-0.200000,0.100000,0.018488,-0.027683,0.035936,0.063231,-0.225210,0.101220
9.571395,0.366215,-4.986571,0.000000,12.279827,-30.511011,-0.090986,0.295690,-4.913760,-0.095596,0.020000,-0.030000,0.050000,0.100000,-0.200000,0.100000,0.018488,-0.027683,0.035936,0.063231,-0.225210,0.101220
9.576186,0.378159,-4.985679,0.000000,12.305992,-30.532262,-0.090595,0.306857,-4.912813,-0.095705,0.020000,-0.030000,0.050000,0.100000,-0.200000,0.100000,0.018488,-0.027683,0.035936,0.063231,-0.225210,0.101220
9.581613,0.391686,-4.984635,0.000000,12.335628,-30.556312,-0.090148,0.319501,-4.911710,-0.095828,0.020000,-0.030000,0.050000,0.100000,-0.200000,0.100000,0.018488,-0.027683,0.035936,0.063231,-0.225210,0.101220
9.586873,0.404793,-4.983587,0.000000,12.364346,-30.579595,-0.089711,0.331751,-4.910607,-0.095946,0.020000,-0.030000,0.050000,0.100000,-0.200000,0.100000,0.018488,-0.027683,0.035936,0.063231,-0.225210,0.101220
9.591480,0.416272,-4.982642,0.000000,12.389497,-30.599967,-0.089325,0.342476,-4.909613,-0.096050,0.020000,-0.030000,0.050000,0.100000,-0.200000,0.100000,0.018488,-0.027683,0.035936,0.063231,-0.225210,0.101220
9.596898,0.429770,-4.981496,0.000000,12.419073,-30.623901,-0.088866,0.355085,-4.908409,-0.096170,0.020000,-0.030000,0.050000,0.100000,-0.200000,0.100000,0.018488,-0.027683,0.035936,0.063231,-0.225210,0.101220
9.602143,0.442832,-4.980351,0.000000,12.447695,-30.647041,-0.088416,0.367284,-4.907209,-0.096285,0.020000,-0.030000,0.050000,0.100000,-0.200000,0.100000,0.018488,-0.027683,0.035936,0.063231,-0.225210,0.101220
9.607261,0.455576,-4.979202,0.000000,12.475621,-30.669596,-0.087974,0.379183,-4.906006,-0.096397,0.020000,-0.030000,0.050000,0.100000,-0.200000,0.100000,0.018488,-0.027683,0.035936,0.063231,-0.225210,0.101220
9.612169,0.467792,-4.978069,0.000000,12.502394,-30.691199,-0.087547,0.390589,-4.904821,-0.096504,0.020000,-0.030000,0.050000,0.100000,-0.200000,0.100000,0.018488,-0.027683,0.035936,0.063231,-0.225210,0.101220
9.617029,0.479888,-4.976917,0.000000,12.528906,-30.712573,-0.087122,0.401881,-4.903619,-0.096611,0.020000,-0.030000,0.050000,0.100000,-0.200000,0.100000,0.018488,-0.027683,0.035936,0.063231,-0.225210,0.101220
9.621908,0.492029,-4.975732,0.000000,12.555515,-30.734009,-0.086692,0.413210,-4.902384,-0.096719,0.020000,-0.030000,0.050000,0.100000,-0.200000,0.100000,0.018488,-0.027683,0.035936,0.063231,-0.225210,0.101220
9.626548,0.503571,-4.974577,0.000000,12.580814,-30.754373,-0.086281,0.423978,-4.901182,-0.096821,0.020000,-0.030000,0.050000,0.100000,-0.200000,0.100000,0.018488,-0.027683,0.035936,0.063231,-0.225210,0.101220
9.631212,0.515170,-4.973389,0.000000,12.606240,-30.774822,-0.085865,0.434797,-4.899948,-0.096925,0.020000,-0.030000,0.050000,0.100000,-0.200000,0.100000,0.018488,-0.027683,0.035936,0.063231,-0.225210,0.101220
9.636324,0.527878,-4.972056,0.000000,12.634097,-30.797209,-0.085407,0.446647,-4.898564,-0.097038,0.020000,-0.030000,0.050000,0.100000,-0.200000,0.100000,0.018488,-0.027683,0.035936,0.063231,-0.225210,0.101220
9.640956,0.539392,-4.970820,0.000000,12.659338,-30.817476,-0.084988,0.457382,-4.897283,-0.097141,0.020000,-0.030000,0.050000,0.100000,-0.200000,0.100000,0.018488,-0.027683,0.035936,0.063231,-0.225210,0.101220
9.645828,0.551501,-4.969492,0.000000,12.685883,-30.838775,-0.084544,0.468667,-4.895907,-0.097249,0.020000,-0.030000,0.050000,0.100000,-0.200000,0.100000,0.018488,-0.027683,0.035936,0.063231,-0.225210,0.101220
9.651022,0.564404,-4.968043,0.000000,12.714174,-30.861453,-0.084067,0.480691,-4.894409,-0.097363,0.020000,-0.030000,0.050000,0.100000,-0.200000,0.100000,0.018488,-0.027683,0.035936,0.063231,-0.225210,0.101220
9.655840,0.576371,-4.966669,0.000000,12.740413,-30.882472,-0.083620,0.491839,-4.892991,-0.097467,0.020000,-0.030000,0.050000,0.100000,-0.200000,0.100000,0.018488,-0.027683,0.035936,0.063231,-0.225210,0.101220
9.660601,0.588192,-4.965282,0.000000,12.766336,-30.903220,-0.083174,0.502848,-4.891563,-0.097570,0.020000,-0.030000,0.050000,0.100000,-0.200000,0.100000,0.018488,-0.027683,0.035936,0.063231,-0.225210,0.101220
9.665880,0.601297,-4.963713,0.000000,12.795074,-30.926207,-0.082677,0.515049,-4.889950,-0.097683,0.020000,-0.030000,0.050000,0.100000,-0.200000,0.100000,0.018488,-0.027683,0.035936,0.063231,-0.225210,0.101220
9.670596,0.613000,-4.962281,0.000000,12.820743,-30.946721,-0.082230,0.525943,-4.888484,-0.097785,0.020000,-0.030000,0.050000,0.100000,-0.200000,0.100000,0.018488,-0.027683,0.035936,0.063231,-0.225210,0.101220
9.675650,0.625537,-4.960716,0.000000,12.848243,-30.968684,-0.081749,0.537610,-4.886883,-0.097895,0.020000,-0.030000,0.050000,0.100000,-0.200000,0.100000,0.018488,-0.027683,0.035936,0.063231,-0.225210,0.101220
9.680286,0.637034,-4.959253,0.000000,12.873463,-30.988808,-0.081304,0.548307,-4.885388,-0.097996,0.020000,-0.030000,0.050000,0.100000,-0.200000,0.100000,0.018488,-0.027683,0.035936,0.063231,-0.225210,0.101220
9.685624,0.650269,-4.957535,0.000000,12.902501,-31.011960,-0.080788,0.560620,-4.883634,-0.098110,0.020000,-0.030000,0.050000,0.100000,-0.200000,0.100000,0.018488,-0.027683,0.035936,0.063231,-0.225210,0.101220
9.690785,0.663060,-4.955840,0.000000,12.930567,-31.034319,-0.080287,0.572516,-4.881907,-0.098223,0.020000,-0.030000,0.050000,0.100000,-0.200000,0.100000,0.018488,-0.027683,0.035936,0.063231,-0.225210,0.101220
9.696168,0.676395,-4.954038,0.000000,12.959831,-31.057614,-0.079762,0.584915,-4.880072,-0.098341,0.020000,-0.030000,0.050000,0.100000,-0.200000,0.100000,0.018488,-0.027683,0.035936,0.063231,-0.225210,0.101220
9.701450,0.689477,-4.952234,0.000000,12.988538,-31.080448,-0.079242,0.597073,-4.878238,-0.098457,0.020000,-0.030000,0.050000,0.100000,-0.200000,0.100000,0.018488,-0.027683,0.035936,0.063231,-0.225210,0.101220
9.706275,0.701421,-4.950556,0.000000,13.014753,-31.101283,-0.078765,0.608171,-4.876533,-0.098563,0.020000,-0.030000,0.050000,0.100000,-0.200000,0.100000,0.018488,-0.027683,0.035936,0.063231,-0.225210,0.101220
9.711369,0.714028,-4.948754,0.000000,13.042425,-31.123259,-0.078257,0.619882,-4.874702,-0.098674,0.020000,-0.030000,0.050000,0.100000,-0.200000,0.100000,0.018488,-0.027683,0.035936,0.063231,-0.225210,0.101220
9.716666,0.727132,-4.946845,0.000000,13.071192,-31.146084,-0.077725,0.632053,-4.872765,-0.098789,0.020000,-0.030000,0.050000,0.100000,-0.200000,0.100000,0.018488,-0.027683,0.035936,0.063231,-0.225210,0.101220
9.721842,0.739933,-4.944947,0.000000,13.099300,-31.168368,-0.077200,0.643942,-4.870841,-0.098900,0.020000,-0.030000,0.050000,0.100000,-0.200000,0.100000,0.018488,-0.027683,0.035936,0.063231,-0.225210,0.101220
9.726984,0.752642,-4.943028,0.000000,13.127211,-31.190478,-0.076674,0.717837,-4.925187,-0.064128,0.020000,-0.030000,0.050000,0.100000,-0.200000,0.100000,0.018316,-0.027867,0.039093,0.061489,-0.221382,0.099638
9.732045,0.765150,-4.941108,0.000000,13.154684,-31.212227,-0.076153,0.729770,-4.923331,-0.064193,0.020000,-0.030000,0.050000,0.100000,-0.200000,0.100000,0.018316,-0.027867,0.039093,0.061489,-0.221382,0.099638
9.737512,0.778652,-4.938998,0.000000,13.184342,-31.235688,-0.075589,0.742648,-4.921293,-0.064264,0.020000,-0.030000,0.050000,0.100000,-0.200000,0.100000,0.018316,-0.027867,0.039093,0.061489,-0.221382,0.099638
9.742379,0.790669,-4.937089,0.000000,13.210740,-31.256556,-0.075084,0.754106,-4.919450,-0.064328,0.020000,-0.030000,0.050000,0.100000,-0.200000,0.100000,0.018316,-0.027867,0.039093,0.061489,-0.221382,0.099638
9.747709,0.803824,-4.934964,0.000000,13.239644,-31.279389,-0.074526,0.766648,-4.917399,-0.064398,0.020000,-0.030000,0.050000,0.100000,-0.200000,0.100000,0.018316,-0.027867,0.039093,0.061489,-0.221382,0.099638
9.752955,0.816766,-4.932838,0.000000,13.268082,-31.301839,-0.073974,0.778983,-4.915348,-0.064467,0.020000,-0.030000,0.050000,0.100000,-0.200000,0.100000,0.018316,-0.027867,0.039093,0.061489,-0.221382,0.099638
9.758417,0.830234,-4.930589,0.000000,13.297682,-31.325188,-0.073397,0.791818,-4.913179,-0.064540,0.020000,-0.030000,0.050000,0.100000,-0.200000,0.100000,0.018316,-0.027867,0.039093,0.061489,-0.221382,0.099638
9.763167,0.841942,-4.928604,0.000000,13.323417,-31.345472,-0.072893,0.802973,-4.911264,-0.064604,0.020000,-0.030000,0.050000,0.100000,-0.200000,0.100000,0.018316,-0.027867,0.039093,0.061489,-0.221382,0.099638
9.768325,0.854649,-4.926416,0.000000,13.351353,-31.367474,-0.072343,0.815080,-4.909154,-0.064675,0.020000,-0.030000,0.050000,0.100000,-0.200000,0.100000,0.018316,-0.027867,0.039093,0.061489,-0.221382,0.099638
9.773472,0.867325,-4.924200,0.000000,13.379225,-31.389409,-0.071792,0.827156,-4.907016,-0.064746,0.020000,-0.030000,0.050000,0.100000,-0.200000,0.100000,0.018316,-0.027867,0.039093,0.061489,-0.221382,0.099638
9.778814,0.880474,-4.921866,0.000000,13.408142,-31.412150,-0.071217,0.839680,-4.904764,-0.064821,0.020000,-0.030000,0.050000,0.100000,-0.200000,0.100000,0.018316,-0.027867,0.039093,0.061489,-0.221382,0.099638
9.783940,0.893088,-4.919593,0.000000,13.435884,-31.433952,-0.070661,0.851691,-4.902571,-0.064892,0.020000,-0.030000,0.050000,0.100000,-0.200000,0.100000,0.018316,-0.027867,0.039093,0.061489,-0.221382,0.099638
9.789085,0.905739,-4.917279,0.000000,13.463714,-31.455807,-0.070099,0.863735,-4.900337,-0.064962,0.020000,-0.030000,0.050000,0.100000,-0.200000,0.100000,0.018316,-0.027867,0.039093,0.061489,-0.221382,0.099638
9.793932,0.917653,-4.915070,0.000000,13.489925,-31.476378,-0.069567,0.875075,-4.898204,-0.065030,0.020000,-0.030000,0.050000,0.100000,-0.200000,0.100000,0.018316,-0.027867,0.039093,0.061489,-0.221382,0.099638
9.799169,0.930521,-4.912650,0.000000,13.518238,-31.498585,-0.068990,0.887320,-4.895870,-0.065104,0.020000,-0.030000,0.050000,0.100000,-0.200000,0.100000,0.018316,-0.027867,0.039093,0.061489,-0.221382,0.099638
9.803873,0.942073,-4.910448,0.000000,13.543657,-31.518512,-0.068470,0.898308,-4.893746,-0.065171,0.020000,-0.030000,0.050000,0.100000,-0.200000,0.100000,0.018316,-0.027867,0.039093,0.061489,-0.221382,0.099638
9.808646,0.953788,-4.908186,0.000000,13.569440,-31.538711,-0.067939,0.909449,-4.891565,-0.065239,0.020000,-0.030000,0.050000,0.100000,-0.200000,0.100000,0.018316,-0.027867,0.039093,0.061489,-0.221382,0.099638
9.813754,0.966320,-4.905734,0.000000,13.597026,-31.560307,-0.067369,0.921366,-4.889198,-0.065314,0.020000,-0.030000,0.050000,0.100000,-0.200000,0.100000,0.018316,-0.027867,0.039093,0.061489,-0.221382,0.099638
9.818874,0.978876,-4.903244,0.000000,13.624668,-31.581932,-0.066797,0.933302,-4.886795,-0.065391,0.020000,-0.030000,0.050000,0.100000,-0.200000,0.100000,0.018316,-0.027867,0.039093,0.061489,-0.221382,0.099638
9.823469,0.990138,-4.900982,0.000000,13.649465,-31.601320,-0.066279,0.944007,-4.884611,-0.065459,0.020000,-0.030000,0.050000,0.100000,-0.200000,0.100000,0.018316,-0.027867,0.039093,0.061489,-0.221382,0.099638
9.828011,1.001266,-4.898721,0.000000,13.673968,-31.620467,-0.065764,0.954580,-4.882428,-0.065525,0.020000,-0.030000,0.050000,0.100000,-0.200000,0.100000,0.018316,-0.027867,0.039093,0.061489,-0.221382,0.099638
9.832906,1.013252,-4.896256,0.000000,13.700367,-31.641085,-0.065205,0.965968,-4.880048,-0.065597,0.020000,-0.030000,0.050000,0.100000,-0.200000,0.100000,0.018316,-0.027867,0.039093,0.061489,-0.221382,0.099638
9.837799,1.025230,-4.893762,0.000000,13.726750,-31.661677,-0.064644,0.977344,-4.877641,-0.065668,0.020000,-0.030000,0.050000,0.100000,-0.200000,0.100000,0.018316,-0.027867,0.039093,0.061489,-0.221382,0.099638
9.842875,1.037647,-4.891144,0.000000,13.754106,-31.683014,-0.064057,0.989135,-4.875112,-0.065741,0.020000,-0.030000,0.050000,0.100000,-0.200000,0.100000,0.018316,-0.027867,0.039093,0.061489,-0.221382,0.099638
9.848210,1.050690,-4.888359,0.000000,13.782845,-31.705415,-0.063436,1.001518,-4.872421,-0.065817,0.020000,-0.030000,0.050000,0.100000,-0.200000,0.100000,0.018316,-0.027867,0.039093,0.061489,-0.221382,0.099638
9.853437,1.063462,-4.885596,0.000000,13.810993,-31.727342,-0.062822,1.013640,-4.869751,-0.065890,0.020000,-0.030000,0.050000,0.100000,-0.200000,0.100000,0.018316,-0.027867,0.039093,0.061489,-0.221382,0.099638
9.858585,1.076033,-4.882843,0.000000,13.838703,-31.748913,-0.062214,1.025570,-4.867091,-0.065961,0.020000,-0.030000,0.050000,0.100000,-0.200000,0.100000,0.018316,-0.027867,0.039093,0.061489,-0.221382,0.099638
9.863834,1.088844,-4.880002,0.000000,13.866948,-31.770886,-0.061590,1.037726,-4.864345,-0.066033,0.020000,-0.030000,0.050000,0.100000,-0.200000,0.100000,0.018316,-0.027867,0.039093,0.061489,-0.221382,0.099638
9.868769,1.100883,-4.877300,0.000000,13.893498,-31.791526,-0.061000,1.049147,-4.861735,-0.066101,0.020000,-0.030000,0.050000,0.100000,-0.200000,0.100000,0.018316,-0.027867,0.039093,0.061489,-0.221382,0.099638
9.873588,1.112631,-4.874634,0.000000,13.919409,-31.811658,-0.060420,1.060290,-4.859159,-0.066167,0.020000,-0.030000,0.050000,0.100000,-0.200000,0.100000,0.018316,-0.027867,0.039093,0.061489,-0.221382,0.099638
9.878608,1.124865,-4.871825,0.000000,13.946397,-31.832615,-0.059814,1.071892,-4.856445,-0.066237,0.020000,-0.030000,0.050000,0.100000,-0.200000,0.100000,0.018316,-0.027867,0.039093,0.061489,-0.221382,0.099638
9.883651,1.137143,-4.868974,0.000000,13.973490,-31.853641,-0.059203,1.083534,-4.853690,-0.066308,0.020000,-0.030000,0.050000,0.100000,-0.200000,0.100000,0.018316,-0.027867,0.039093,0.061489,-0.221382,0.099638
9.888212,1.148244,-4.866368,0.000000,13.997989,-31.872642,-0.058645,1.094057,-4.851173,-0.066369,0.020000,-0.030000,0.050000,0.100000,-0.200000,0.100000,0.018316,-0.027867,0.039093,0.061489,-0.221382,0.099638
9.893684,1.161556,-4.863208,0.000000,14.027375,-31.895420,-0.057971,1.106674,-4.848119,-0.066442,0.020000,-0.030000,0.050000,0.100000,-0.200000,0.100000,0.018316,-0.027867,0.039093,0.061489,-0.221382,0.099638
9.898338,1.172869,-4.860492,0.000000,14.052353,-31.914769,-0.057394,1.117395,-4.845494,-0.066504,0.020000,-0.030000,0.050000,0.100000,-0.200000,0.100000,0.018316,-0.027867,0.039093,0.061489,-0.221382,0.099638
9.903492,1.185390,-4.857453,0.000000,14.080007,-31.936178,-0.056753,1.129260,-4.842558,-0.066572,0.020000,-0.030000,0.050000,0.100000,-0.200000,0.100000,0.018316,-0.027867,0.039093,0.061489,-0.221382,0.099638
9.908133,1.196658,-4.854689,0.000000,14.104898,-31.955438,-0.056173,1.139935,-4.839888,-0.066634,0.020000,-0.030000,0.050000,0.100000,-0.200000,0.100000,0.018316,-0.027867,0.039093,0.061489,-0.221382,0.099638
9.913305,1.209208,-4.851579,0.000000,14.132627,-31.976882,-0.055523,1.151823,-4.836884,-0.066703,0.020000,-0.030000,0.050000,0.100000,-0.200000,0.100000,0.018316,-0.027867,0.039093,0.061489,-0.221382,0.099638
9.918162,1.220986,-4.848628,0.000000,14.158657,-31.997000,-0.054909,1.162978,-4.834034,-0.066768,0.020000,-0.030000,0.050000,0.100000,-0.200000,0.100000,0.018316,-0.027867,0.039093,0.061489,-0.221382,0.099638
9.923182,1.233153,-4.845548,0.000000,14.185552,-32.017773,-0.054270,1.174499,-4.831059,-0.066834,0.020000,-0.030000,0.050000,0.100000,-0.200000,0.100000,0.018316,-0.027867,0.039093,0.061489,-0.221382,0.099638
9.927729,1.244168,-4.842731,0.000000,14.209909,-32.036575,-0.053688,1.168081,-4.818274,-0.042054,0.020000,-0.030000,0.050000,0.100000,-0.200000,0.100000,0.018359,-0.027810,0.038161,0.061849,-0.222873,0.098668
9.932708,1.256219,-4.839619,0.000000,14.236564,-32.057138,-0.053048,1.179403,-4.815261,-0.042075,0.020000,-0.030000,0.050000,0.100000,-0.200000,0.100000,0.018359,-0.027810,0.038161,0.061849,-0.222873,0.098668
9.937603,1.268061,-4.836530,0.000000,14.262761,-32.077335,-0.052417,1.190525,-4.812271,-0.042097,0.020000,-0.030000,0.050000,0.100000,-0.200000,0.100000,0.018359,-0.027810,0.038161,0.061849,-0.222873,0.098668
9.942569,1.280066,-4.833367,0.000000,14.289327,-32.097808,-0.051773,1.201798,-4.809210,-0.042120,0.020000,-0.030000,0.050000,0.100000,-0.200000,0.100000,0.018359,-0.027810,0.038161,0.061849,-0.222873,0.098668
9.947616,1.292258,-4.830121,0.000000,14.316314,-32.118596,-0.051116,1.213244,-4.806073,-0.042143,0.020000,-0.030000,0.050000,0.100000,-0.200000,0.100000,0.018359,-0.027810,0.038161,0.061849,-0.222873,0.098668
9.953032,1.305335,-4.826604,0.000000,14.345265,-32.140887,-0.050407,1.225516,-4.802674,-0.042168,0.020000,-0.030000,0.050000,0.100000,-0.200000,0.100000,0.018359,-0.027810,0.038161,0.061849,-0.222873,0.098668
9.957988,1.317290,-4.823354,0.000000,14.371739,-32.161260,-0.049757,1.236733,-4.799533,-0.042192,0.020000,-0.030000,0.050000,0.100000,-0.200000,0.100000,0.018359,-0.027810,0.038161,0.061849,-0.222873,0.098668
9.963365,1.330252,-4.819796,0.000000,14.400450,-32.183345,-0.049048,1.248890,-4.796096,-0.042219,0.020000,-0.030000,0.050000,0.100000,-0.200000,0.100000,0.018359,-0.027810,0.038161,0.061849,-0.222873,0.098668
9.968545,1.342730,-4.816334,0.000000,14.428096,-32.204601,-0.048362,1.260589,-4.792753,-0.042245,0.020000,-0.030000,0.050000,0.100000,-0.200000,0.100000,0.018359,-0.027810,0.038161,0.061849,-0.222873,0.098668
9.973888,1.355594,-4.812730,0.000000,14.456601,-32.226506,-0.047652,1.272645,-4.789271,-0.042273,0.020000,-0.030000,0.050000,0.100000,-0.200000,0.100000,0.018359,-0.027810,0.038161,0.061849,-0.222873,0.098668
9.978882,1.367606,-4.809330,0.000000,14.483229,-32.246959,-0.046984,1.283902,-4.785989,-0.042298,0.020000,-0.030000,0.050000,0.100000,-0.200000,0.100000,0.018359,-0.027810,0.038161,0.061849,-0.222873,0.098668
9.983734,1.379270,-4.805998,0.000000,14.509092,-32.266813,-0.046331,1.294830,-4.782772,-0.042322,0.020000,-0.030000,0.050000,0.100000,-0.200000,0.100000,0.018359,-0.027810,0.038161,0.061849,-0.222873,0.098668
9.988957,1.391817,-4.802379,0.000000,14.536917,-32.288163,-0.045625,1.306582,-4.779277,-0.042348,0.020000,-0.030000,0.050000,0.100000,-0.200000,0.100000,0.018359,-0.027810,0.038161,0.061849,-0.222873,0.098668
9.993516,1.402760,-4.799194,0.000000,14.561192,-32.306780,-0.045007,1.316829,-4.776199,-0.042371,0.020000,-0.030000,0.050000,0.100000,-0.200000,0.100000,0.018359,-0.027810,0.038161,0.061849,-0.222873,0.098668
9.998662,1.415104,-4.795569,0.000000,14.588584,-32.327777,-0.044307,1.328387,-4.772697,-0.042399,0.020000,-0.030000,0.050000,0.100000,-0.200000,0.100000,0.018359,-0.027810,0.038161,0.061849,-0.222873,0.098668
10.003816,1.427456,-4.791907,0.000000,14.616001,-32.348782,-0.043604,1.339950,-4.769159,-0.042428,0.020000,-0.030000,0.050000,0.100000,-0.200000,0.100000,0.018359,-0.027810,0.038161,0.061849,-0.222873,0.098668
10.008997,1.439866,-4.788192,0.000000,14.643556,-32.369882,-0.042895,1.351564,-4.765572,-0.042459,0.020000,-0.030000,0.050000,0.100000,-0.200000,0.100000,0.018359,-0.027810,0.038161,0.061849,-0.222873,0.098668
10.014021,1.451888,-4.784561,0.000000,14.670255,-32.390318,-0.042205,1.362813,-4.762064,-0.042488,0.020000,-0.030000,0.050000,0.100000,-0.200000,0.100000,0.018359,-0.027810,0.038161,0.061849,-0.222873,0.098668
10.018954,1.463685,-4.780965,0.000000,14.696465,-32.410367,-0.041524,1.373850,-4.758590,-0.042517,0.020000,-0.030000,0.050000,0.100000,-0.200000,0.100000,0.018359,-0.027810,0.038161,0.061849,-0.222873,0.098668
10.023516,1.474587,-4.777614,0.000000,14.720695,-32.428893,-0.040891,1.384050,-4.755353,-0.042544,0.020000,-0.030000,0.050000,0.100000,-0.200000,0.100000,0.018359,-0.027810,0.038161,0.061849,-0.222873,0.098668
10.028531,1.486562,-4.773901,0.000000,14.747318,-32.449240,-0.040193,1.395251,-4.751771,-0.042573,0.020000,-0.030000,0.050000,0.100000,-0.200000,0.100000,0.018359,-0.027810,0.038161,0.061849,-0.222873,0.098668
10.033909,1.499394,-4.769886,0.000000,14.775858,-32.471043,-0.039439,1.407252,-4.747899,-0.042604,0.020000,-0.030000,0.050000,0.100000,-0.200000,0.100000,0.018359,-0.027810,0.038161,0.061849,-0.222873,0.098668
10.038589,1.510552,-4.766365,0.000000,14.800681,-32.489998,-0.038781,1.417686,-4.744504,-0.042631,0.020000,-0.030000,0.050000,0.100000,-0.200000,0.100000,0.018359,-0.027810,0.038161,0.061849,-0.222873,0.098668
10.043816,1.523002,-4.762401,0.000000,14.828390,-32.511147,-0.038045,1.429325,-4.740683,-0.042663,0.020000,-0.030000,0.050000,0.100000,-0.200000,0.100000,0.018359,-0.027810,0.038161,0.061849,-0.222873,0.098668
10.049083,1.535538,-4.758374,0.000000,14.856299,-32.532440,-0.037300,1.441043,-4.736801,-0.042696,0.020000,-0.030000,0.050000,0.100000,-0.200000,0.100000,0.018359,-0.027810,0.038161,0.061849,-0.222873,0.098668
10.054529,1.548491,-4.754175,0.000000,14.885143,-32.554438,-0.036526,1.453145,-4.732755,-0.042731,0.020000,-0.030000,0.050000,0.100000,-0.200000,0.100000,0.018359,-0.027810,0.038161,0.061849,-0.222873,0.098668
10.059087,1.559322,-4.750633,0.000000,14.909272,-32.572835,-0.035877,1.463262,-4.729344,-0.042761,0.020000,-0.030000,0.050000,0.100000,-0.200000,0.100000,0.018359,-0.027810,0.038161,0.061849,-0.222873,0.098668
10.063944,1.570854,-4.746832,0.000000,14.934968,-32.592420,-0.035182,1.474030,-4.725685,-0.042793,0.020000,-0.030000,0.050000,0.100000,-0.200000,0.100000,0.018359,-0.027810,0.038161,0.061849,-0.222873,0.098668
10.069385,1.583762,-4.742541,0.000000,14.963741,-32.614342,-0.034400,1.486080,-4.721556,-0.042829,0.020000,-0.030000,0.050000,0.100000,-0.200000,0.100000,0.018359,-0.027810,0.038161,0.061849,-0.222873,0.098668
10.074189,1.595149,-4.738723,0.000000,14.989131,-32.633680,-0.033706,1.496707,-4.717883,-0.042860,0.020000,-0.030000,0.050000,0.100000,-0.200000,0.100000,0.018359,-0.027810,0.038161,0.061849,-0.222873,0.098668
10.079589,1.607937,-4.734400,0.000000,15.017655,-32.655395,-0.032923,1.508640,-4.713721,-0.042896,0.020000,-0.030000,0.050000,0.100000,-0.200000,0.100000,0.018359,-0.027810,0.038161,0.061849,-0.222873,0.098668
10.084956,1.620636,-4.730068,0.000000,15.045991,-32.676957,-0.032141,1.520487,-4.709552,-0.042932,0.020000,-0.030000,0.050000,0.100000,-0.200000,0.100000,0.018359,-0.027810,0.038161,0.061849,-0.222873,0.098668
10.089908,1.632342,-4.726041,0.000000,15.072122,-32.696834,-0.031416,1.531405,-4.705679,-0.042964,0.020000,-0.030000,0.050000,0.100000,-0.200000,0.100000,0.018359,-0.027810,0.038161,0.061849,-0.222873,0.098668
10.095278,1.645026,-4.721640,0.000000,15.100447,-32.718370,-0.030627,1.543234,-4.701446,-0.043000,0.020000,-0.030000,0.050000,0.100000,-0.200000,0.100000,0.018359,-0.027810,0.038161,0.061849,-0.222873,0.098668
10.100014,1.656204,-4.717731,0.000000,15.125415,-32.737348,-0.029928,1.553654,-4.697686,-0.043032,0.020000,-0.030000,0.050000,0.100000,-0.200000,0.100000,0.018359,-0.027810,0.038161,0.061849,-0.222873,0.098668
10.104925,1.667782,-4.713651,0.000000,15.151288,-32.757006,-0.029200,1.564446,-4.693761,-0.043064,0.020000,-0.030000,0.050000,0.100000,-0.200000,0.100000,0.018359,-0.027810,0.038161,0.061849,-0.222873,0.098668
10.109619,1.678841,-4.709723,0.000000,15.176007,-32.775781,-0.028501,1.574750,-4.689984,-0.043096,0.020000,-0.030000,0.050000,0.100000,-0.200000,0.100000,0.018359,-0.027810,0.038161,0.061849,-0.222873,0.098668
10.114447,1.690205,-4.705657,0.000000,15.201419,-32.795077,-0.027780,1.585338,-4.686075,-0.043128,0.020000,-0.030000,0.050000,0.100000,-0.200000,0.100000,0.018359,-0.027810,0.038161,0.061849,-0.222873,0.098668
10.119642,1.702422,-4.701251,0.000000,15.228747,-32.815823,-0.027003,1.596716,-4.681840,-0.043165,0.020000,-0.030000,0.050000,0.100000,-0.200000,0.100000,0.018359,-0.027810,0.038161,0.061849,-0.222873,0.098668
10.124524,1.713893,-4.697081,0.000000,15.254414,-32.835303,-0.026271,1.607395,-4.677834,-0.043202,0.020000,-0.030000,0.050000,0.100000,-0.200000,0.100000,0.018359,-0.027810,0.038161,0.061849,-0.222873,0.098668
10.129962,1.726657,-4.692404,0.000000,15.282987,-32.856981,-0.025453,1.627769,-4.665670,-0.050078,0.020000,-0.030000,0.050000,0.100000,-0.200000,0.100000,0.018357,-0.027864,0.038608,0.062567,-0.221991,0.098996
10.135324,1.739233,-4.687757,0.000000,15.311149,-32.878342,-0.024643,1.639510,-4.661177,-0.050134,0.020000,-0.030000,0.050000,0.100000,-0.200000,0.100000,0.018357,-0.027864,0.038608,0.062567,-0.221991,0.098996
10.140195,1.750644,-4.683508,0.000000,15.336711,-32.897725,-0.023904,1.650160,-4.657068,-0.050184,0.020000,-0.030000,0.050000,0.100000,-0.200000,0.100000,0.018357,-0.027864,0.038608,0.062567,-0.221991,0.098996
10.145411,1.762853,-4.678926,0.000000,15.364072,-32.918466,-0.023109,1.661553,-4.652640,-0.050238,0.020000,-0.030000,0.050000,0.100000,-0.200000,0.100000,0.018357,-0.027864,0.038608,0.062567,-0.221991,0.098996
10.150604,1.774996,-4.674333,0.000000,15.391300,-32.939097,-0.022314,1.672884,-4.648202,-0.050292,0.020000,-0.030000,0.050000,0.100000,-0.200000,0.100000,0.018357,-0.027864,0.038608,0.062567,-0.221991,0.098996
10.155754,1.787026,-4.669747,0.000000,15.418283,-32.959538,-0.021523,1.684106,-4.643772,-0.050345,0.020000,-0.030000,0.050000,0.100000,-0.200000,0.100000,0.018357,-0.027864,0.038608,0.062567,-0.221991,0.098996
10.160855,1.798930,-4.665174,0.000000,15.444997,-32.979769,-0.020735,1.695208,-4.639356,-0.050397,0.020000,-0.030000,0.050000,0.100000,-0.200000,0.100000,0.018357,-0.027864,0.038608,0.062567,-0.221991,0.098996
10.166171,1.811324,-4.660376,0.000000,15.472818,-33.000834,-0.019909,1.706762,-4.634725,-0.050450,0.020000,-0.030000,0.050000,0.100000,-0.200000,0.100000,0.018357,-0.027864,0.038608,0.062567,-0.221991,0.098996
10.171366,1.823422,-4.655656,0.000000,15.499989,-33.021401,-0.019099,1.718040,-4.630169,-0.050502,0.020000,-0.030000,0.050000,0.100000,-0.200000,0.100000,0.018357,-0.027864,0.038608,0.062567,-0.221991,0.098996
10.176484,1.835330,-4.650974,0.000000,15.526745,-33.041646,-0.018296,1.729138,-4.625650,-0.050553,0.020000,-0.030000,0.050000,0.100000,-0.200000,0.100000,0.018357,-0.027864,0.038608,0.062567,-0.221991,0.098996
10.181764,1.847604,-4.646112,0.000000,15.554333,-33.062516,-0.017463,1.740573,-4.620958,-0.050603,0.020000,-0.030000,0.050000,0.100000,-0.200000,0.100000,0.018357,-0.027864,0.038608,0.062567,-0.221991,0.098996
10.186719,1.859107,-4.641522,0.000000,15.580200,-33.082078,-0.016677,1.751287,-4.616528,-0.050650,0.020000,-0.030000,0.050000,0.100000,-0.200000,0.100000,0.018357,-0.027864,0.038608,0.062567,-0.221991,0.098996
10.191434,1.870046,-4.637125,0.000000,15.604808,-33.100685,-0.015926,1.761474,-4.612285,-0.050694,0.020000,-0.030000,0.050000,0.100000,-0.200000,0.100000,0.018357,-0.027864,0.038608,0.062567,-0.221991,0.098996
10.196161,1.881001,-4.632692,0.000000,15.629460,-33.119320,-0.015170,1.771672,-4.608007,-0.050738,0.020000,-0.030000,0.050000,0.100000,-0.200000,0.100000,0.018357,-0.027864,0.038608,0.062567,-0.221991,0.098996
10.201414,1.893161,-4.627736,0.000000,15.656836,-33.140008,-0.014328,1.782990,-4.603225,-0.050788,0.020000,-0.030000,0.050000,0.100000,-0.200000,0.100000,0.018357,-0.027864,0.038608,0.062567,-0.221991,0.098996
10.206228,1.904295,-4.623165,0.000000,15.681916,-33.158957,-0.013552,1.793351,-4.598815,-0.050833,0.020000,-0.030000,0.050000,0.100000,-0.200000,0.100000,0.018357,-0.027864,0.038608,0.062567,-0.221991,0.098996
10.211109,1.915572,-4.618504,0.000000,15.707325,-33.178151,-0.012763,1.803841,-4.594318,-0.050880,0.020000,-0.030000,0.050000,0.100000,-0.200000,0.100000,0.018357,-0.027864,0.038608,0.062567,-0.221991,0.098996
10.215916,1.926666,-4.613887,0.000000,15.732332,-33.197038,-0.011985,1.814159,-4.589866,-0.050927,0.020000,-0.030000,0.050000,0.100000,-0.200000,0.100000,0.018357,-0.027864,0.038608,0.062567,-0.221991,0.098996
10.220445,1.937109,-4.609513,0.000000,15.755884,-33.214823,-0.011250,1.823869,-4.585648,-0.050973,0.020000,-0.030000,0.050000,0.100000,-0.200000,0.100000,0.018357,-0.027864,0.038608,0.062567,-0.221991,0.098996
10.225001,1.947605,-4.605088,0.000000,15.779561,-33.232699,-0.010509,1.833625,-4.581383,-0.051019,0.020000,-0.030000,0.050000,0.100000,-0.200000,0.100000,0.018357,-0.027864,0.038608,0.062567,-0.221991,0.098996
10.229574,1.958130,-4.600622,0.000000,15.803315,-33.250631,-0.009762,1.843407,-4.577077,-0.051067,0.020000,-0.030000,0.050000,0.100000,-0.200000,0.100000,0.018357,-0.027864,0.038608,0.062567,-0.221991,0.098996
10.234773,1.970081,-4.595517,0.000000,15.830298,-33.270994,-0.008912,1.854510,-4.572154,-0.051122,0.020000,-0.030000,0.050000,0.100000,-0.200000,0.100000,0.018357,-0.027864,0.038608,0.062567,-0.221991,0.098996
10.239672,1.981334,-4.590677,0.000000,15.855716,-33.290171,-0.008107,1.864963,-4.567485,-0.051173,0.020000,-0.030000,0.050000,0.100000,-0.200000,0.100000,0.018357,-0.027864,0.038608,0.062567,-0.221991,0.098996
10.244216,1.991758,-4.586164,0.000000,15.879270,-33.307940,-0.007357,1.874643,-4.563133,-0.051220,0.020000,-0.030000,0.050000,0.100000,-0.200000,0.100000,0.018357,-0.027864,0.038608,0.062567,-0.221991,0.098996
10.249046,2.002828,-4.581340,0.000000,15.904296,-33.326818,-0.006557,1.884918,-4.558483,-0.051270,0.020000,-0.030000,0.050000,0.100000,-0.200000,0.100000,0.018357,-0.027864,0.038608,0.062567,-0.221991,0.098996
10.254182,2.014586,-4.576182,0.000000,15.930888,-33.346876,-0.005703,1.895829,-4.553511,-0.051324,0.020000,-0.030000,0.050000,0.100000,-0.200000,0.100000,0.018357,-0.027864,0.038608,0.062567,-0.221991,0.098996
10.259512,2.026774,-4.570797,0.000000,15.958464,-33.367674,-0.004814,1.907134,-4.548321,-0.051379,0.020000,-0.030000,0.050000,0.100000,-0.200000,0.100000,0.018357,-0.027864,0.038608,0.062567,-0.221991,0.098996
10.264235,2.037562,-4.565998,0.000000,15.982883,-33.386086,-0.004021,1.917138,-4.543696,-0.051427,0.020000,-0.030000,0.050000,0.100000,-0.200000,0.100000,0.018357,-0.027864,0.038608,0.062567,-0.221991,0.098996
10.269239,2.048981,-4.560886,0.000000,16.008743,-33.405582,-0.003178,1.927725,-4.538768,-0.051478,0.020000,-0.030000,0.050000,0.100000,-0.200000,0.100000,0.018357,-0.027864,0.038608,0.062567,-0.221991,0.098996
10.274262,2.060430,-4.555725,0.000000,16.034683,-33.425136,-0.002330,1.938336,-4.533794,-0.051530,0.020000,-0.030000,0.050000,0.100000,-0.200000,0.100000,0.018357,-0.027864,0.038608,0.062567,-0.221991,0.098996
10.278828,2.070823,-4.551010,0.000000,16.058241,-33.442893,-0.001555,1.947965,-4.529250,-0.051576,0.020000,-0.030000,0.050000,0.100000,-0.200000,0.100000,0.018357,-0.027864,0.038608,0.062567,-0.221991,0.098996
10.283890,2.082336,-4.545754,0.000000,16.084348,-33.462569,-0.000692,1.958628,-4.524186,-0.051627,0.020000,-0.030000,0.050000,0.100000,-0.200000,0.100000,0.018357,-0.027864,0.038608,0.062567,-0.221991,0.098996
10.288556,2.092936,-4.540883,0.000000,16.108398,-33.480695,0.000106,1.968443,-4.519495,-0.051674,0.020000,-0.030000,0.050000,0.100000,-0.200000,0.100000,0.018357,-0.027864,0.038608,0.062567,-0.221991,0.098996
10.293646,2.104486,-4.535542,0.000000,16.134613,-33.500452,0.000981,1.979134,-4.514352,-0.051724,0.020000,-0.030000,0.050000,0.100000,-0.200000,0.100000,0.018357,-0.027864,0.038608,0.062567,-0.221991,0.098996
10.299040,2.116709,-4.529850,0.000000,16.162370,-33.521371,0.001913,1.990442,-4.508874,-0.051776,0.020000,-0.030000,0.050000,0.100000,-0.200000,0.100000,0.018357,-0.027864,0.038608,0.062567,-0.221991,0.098996
10.304492,2.129051,-4.524062,0.000000,16.190412,-33.542505,0.002859,2.001855,-4.503305,-0.051828,0.020000,-0.030000,0.050000,0.100000,-0.200000,0.100000,0.018357,-0.027864,0.038608,0.062567,-0.221991,0.098996
10.309066,2.139392,-4.519182,0.000000,16.213918,-33.560219,0.003656,2.011415,-4.498609,-0.051871,0.020000,-0.030000,0.050000,0.100000,-0.200000,0.100000,0.018357,-0.027864,0.038608,0.062567,-0.221991,0.098996
10.314063,2.150677,-4.513822,0.000000,16.239583,-33.579558,0.004530,2.021845,-4.493454,-0.051919,0.020000,-0.030000,0.050000,0.100000,-0.200000,0.100000,0.018357,-0.027864,0.038608,0.062567,-0.221991,0.098996
10.319250,2.162375,-4.508230,0.000000,16.266203,-33.599613,0.005440,2.032656,-4.488075,-0.051968,0.020000,-0.030000,0.050000,0.100000,-0.200000,0.100000,0.018357,-0.027864,0.038608,0.062567,-0.221991,0.098996
10.324015,2.173109,-4.503065,0.000000,16.290642,-33.618023,0.006278,2.042572,-4.483107,-0.052014,0.020000,-0.030000,0.050000,0.100000,-0.200000,0.100000,0.018357,-0.027864,0.038608,0.062567,-0.221991,0.098996
10.328541,2.183294,-4.498136,0.000000,16.313840,-33.635498,0.007078,2.051978,-4.478365,-0.052058,0.020000,-0.030000,0.050000,0.100000,-0.200000,0.100000,0.018357,-0.027864,0.038608,0.062567,-0.221991,0.098996
10.333093,2.193527,-4.493155,0.000000,16.337162,-33.653062,0.007883,2.057337,-4.475306,-0.043395,0.020000,-0.030000,0.050000,0.100000,-0.200000,0.100000,0.018361,-0.027845,0.038394,0.062426,-0.222433,0.098654
10.338502,2.205670,-4.487206,0.000000,16.364850,-33.673913,0.008843,2.068528,-4.469595,-0.043433,0.020000,-0.030000,0.050000,0.100000,-0.200000,0.100000,0.018361,-0.027845,0.038394,0.062426,-0.222433,0.098654
10.343382,2.216613,-4.481811,0.000000,16.389817,-33.692711,0.009711,2.078611,-4.464417,-0.043468,0.020000,-0.030000,0.050000,0.100000,-0.200000,0.100000,0.018361,-0.027845,0.038394,0.062426,-0.222433,0.098654
10.348798,2.228741,-4.475792,0.000000,16.417504,-33.713560,0.010680,2.089783,-4.458643,-0.043506,0.020000,-0.030000,0.050000,0.100000,-0.200000,0.100000,0.018361,-0.027845,0.038394,0.062426,-0.222433,0.098654
10.353400,2.239034,-4.470652,0.000000,16.441016,-33.731263,0.011506,2.099261,-4.453713,-0.043538,0.020000,-0.030000,0.050000,0.100000,-0.200000,0.100000,0.018361,-0.027845,0.038394,0.062426,-0.222433,0.098654
10.358100,2.249534,-4.465378,0.000000,16.465014,-33.749331,0.012353,2.108930,-4.448654,-0.043570,0.020000,-0.030000,0.050000,0.100000,-0.200000,0.100000,0.018361,-0.027845,0.038394,0.062426,-0.222433,0.098654
10.363301,2.261139,-4.459513,0.000000,16.491551,-33.769308,0.013292,2.119613,-4.443029,-0.043606,0.020000,-0.030000,0.050000,0.100000,-0.200000,0.100000,0.018361,-0.027845,0.038394,0.062426,-0.222433,0.098654
10.368016,2.271645,-4.454170,0.000000,16.515590,-33.787405,0.014147,2.129282,-4.437906,-0.043640,0.020000,-0.030000,0.050000,0.100000,-0.200000,0.100000,0.018361,-0.027845,0.038394,0.062426,-0.222433,0.098654
10.372655,2.281970,-4.448889,0.000000,16.539227,-33.805199,0.014989,2.138781,-4.432843,-0.043673,0.020000,-0.030000,0.050000,0.100000,-0.200000,0.100000,0.018361,-0.027845,0.038394,0.062426,-0.222433,0.098654
10.377309,2.292318,-4.443566,0.000000,16.562929,-33.823043,0.015838,2.148299,-4.427740,-0.043707,0.020000,-0.030000,0.050000,0.100000,-0.200000,0.100000,0.018361,-0.027845,0.038394,0.062426,-0.222433,0.098654
10.381904,2.302520,-4.438288,0.000000,16.586307,-33.840645,0.016678,2.157679,-4.422683,-0.043739,0.020000,-0.030000,0.050000,0.100000,-0.200000,0.100000,0.018361,-0.027845,0.038394,0.062426,-0.222433,0.098654
10.386817,2.313416,-4.432618,0.000000,16.611291,-33.859454,0.017581,2.167695,-4.417250,-0.043773,0.020000,-0.030000,0.050000,0.100000,-0.200000,0.100000,0.018361,-0.027845,0.038394,0.062426,-0.222433,0.098654
10.391903,2.324681,-4.426721,0.000000,16.637136,-33.878912,0.018519,2.178048,-4.411602,-0.043808,0.020000,-0.030000,0.050000,0.100000,-0.200000,0.100000,0.018361,-0.027845,0.038394,0.062426,-0.222433,0.098654
10.396754,2.335410,-4.421070,0.000000,16.661768,-33.897458,0.019417,2.187906,-4.406191,-0.043840,0.020000,-0.030000,0.050000,0.100000,-0.200000,0.100000,0.018361,-0.027845,0.038394,0.062426,-0.222433,0.098654
10.401554,2.346014,-4.415452,0.000000,16.686125,-33.915797,0.020310,2.197645,-4.400812,-0.043871,0.020000,-0.030000,0.050000,0.100000,-0.200000,0.100000,0.018361,-0.027845,0.038394,0.062426,-0.222433,0.098654
10.406397,2.356700,-4.409758,0.000000,16.710682,-33.934289,0.021214,2.207456,-4.395360,-0.043902,0.020000,-0.030000,0.050000,0.100000,-0.200000,0.100000,0.018361,-0.027845,0.038394,0.062426,-0.222433,0.098654
10.411744,2.368480,-4.403442,0.000000,16.737770,-33.954690,0.022215,2.218266,-4.389313,-0.043937,0.020000,-0.030000,0.050000,0.100000,-0.200000,0.100000,0.018361,-0.027845,0.038394,0.062426,-0.222433,0.098654
10.416728,2.379446,-4.397526,0.000000,16.763000,-33.973692,0.023149,2.228325,-4.383650,-0.043972,0.020000,-0.030000,0.050000,0.100000,-0.200000,0.100000,0.018361,-0.027845,0.038394,0.062426,-0.222433,0.098654
10.422141,2.391341,-4.391069,0.000000,16.790382,-33.994317,0.024168,2.239231,-4.377469,-0.044010,0.020000,-0.030000,0.050000,0.100000,-0.200000,0.100000,0.018361,-0.027845,0.038394,0.062426,-0.222433,0.098654
10.426967,2.401929,-4.385286,0.000000,16.814773,-34.012691,0.025079,2.248936,-4.371932,-0.044043,0.020000,-0.030000,0.050000,0.100000,-0.200000,0.100000,0.018361,-0.027845,0.038394,0.062426,-0.222433,0.098654
10.431546,2.411962,-4.379776,0.000000,16.837896,-34.030110,0.025945,2.258130,-4.366658,-0.044075,0.020000,-0.030000,0.050000,0.100000,-0.200000,0.100000,0.018361,-0.027845,0.038394,0.062426,-0.222433,0.098654
10.436921,2.423725,-4.373278,0.000000,16.865023,-34.050549,0.026967,2.268904,-4.360439,-0.044112,0.020000,-0.030000,0.050000,0.100000,-0.200000,0.100000,0.018361,-0.027845,0.038394,0.062426,-0.222433,0.098654
10.442223,2.435309,-4.366838,0.000000,16.891755,-34.070694,0.027979,2.279510,-4.354277,-0.044147,0.020000,-0.030000,0.050000,0.100000,-0.200000,0.100000,0.018361,-0.027845,0.038394,0.062426,-0.222433,0.098654
10.447577,2.446992,-4.360302,0.000000,16.918732,-34.091025,0.029005,2.290202,-4.348024,-0.044183,0.020000,-0.030000,0.050000,0.100000,-0.200000,0.100000,0.018361,-0.027845,0.038394,0.062426,-0.222433,0.098654
10.452688,2.458125,-4.354035,0.000000,16.944458,-34.110418,0.029987,2.300388,-4.342030,-0.044218,0.020000,-0.030000,0.050000,0.100000,-0.200000,0.100000,0.018361,-0.027845,0.038394,0.062426,-0.222433,0.098654
10.457281,2.468119,-4.348378,0.000000,16.967564,-34.127839,0.030871,2.309527,-4.336621,-0.044251,0.020000,-0.030000,0.050000,0.100000,-0.200000,0.100000,0.018361,-0.027845,0.038394,0.062426,-0.222433,0.098654
10.462405,2.479251,-4.342040,0.000000,16.993317,-34.147258,0.031859,2.319703,-4.330563,-0.044288,0.020000,-0.030000,0.050000,0.100000,-0.200000,0.100000,0.018361,-0.027845,0.038394,0.062426,-0.222433,0.098654
10.467883,2.491133,-4.335234,0.000000,17.020823,-34.168003,0.032919,2.330560,-4.324057,-0.044328,0.020000,-0.030000,0.050000,0.100000,-0.200000,0.100000,0.018361,-0.027845,0.038394,0.062426,-0.222433,0.098654
10.473179,2.502604,-4.328622,0.000000,17.047395,-34.188046,0.033949,2.341038,-4.317737,-0.044366,0.020000,-0.030000,0.050000,0.100000,-0.200000,0.100000,0.018361,-0.027845,0.038394,0.062426,-0.222433,0.098654
10.478186,2.513433,-4.322343,0.000000,17.072500,-34.206984,0.034924,2.350928,-4.311736,-0.044402,0.020000,-0.030000,0.050000,0.100000,-0.200000,0.100000,0.018361,-0.027845,0.038394,0.062426,-0.222433,0.098654
10.483606,2.525138,-4.315516,0.000000,17.099655,-34.227470,0.035983,2.361615,-4.305212,-0.044443,0.020000,-0.030000,0.050000,0.100000,-0.200000,0.100000,0.018361,-0.027845,0.038394,0.062426,-0.222433,0.098654
10.488472,2.535630,-4.309360,0.000000,17.124013,-34.245849,0.036936,2.371191,-4.299332,-0.044480,0.020000,-0.030000,0.050000,0.100000,-0.200000,0.100000,0.018361,-0.027845,0.038394,0.062426,-0.222433,0.098654
10.493813,2.547129,-4.302573,0.000000,17.150727,-34.266011,0.037985,2.381684,-4.292852,-0.044521,0.020000,-0.030000,0.050000,0.100000,-0.200000,0.100000,0.018361,-0.027845,0.038394,0.062426,-0.222433,0.098654
10.498791,2.557831,-4.296219,0.000000,17.175612,-34.284794,0.038965,2.391448,-4.286788,-0.044560,0.020000,-0.030000,0.050000,0.100000,-0.200000,0.100000,0.018361,-0.027845,0.038394,0.062426,-0.222433,0.098654
10.503899,2.568795,-4.289673,0.000000,17.201121,-34.304052,0.039973,2.401447,-4.280539,-0.044600,0.020000,-0.030000,0.050000,0.100000,-0.200000,0.100000,0.018361,-0.027845,0.038394,0.062426,-0.222433,0.098654
10.508600,2.578871,-4.283623,0.000000,17.224580,-34.321764,0.040904,2.410633,-4.274765,-0.044638,0.020000,-0.030000,0.050000,0.100000,-0.200000,0.100000,0.018361,-0.027845,0.038394,0.062426,-0.222433,0.098654
10.513514,2.589388,-4.277274,0.000000,17.249080,-34.340268,0.041879,2.420217,-4.268706,-0.044678,0.020000,-0.030000,0.050000,0.100000,-0.200000,0.100000,0.018361,-0.027845,0.038394,0.062426,-0.222433,0.098654
10.518019,2.599016,-4.271430,0.000000,17.271525,-34.357224,0.042775,2.428988,-4.263130,-0.044716,0.020000,-0.030000,0.050000,0.100000,-0.200000,0.100000,0.018361,-0.027845,0.038394,0.062426,-0.222433,0.098654
10.523355,2.610402,-4.264481,0.000000,17.298083,-34.377293,0.043838,2.439354,-4.256501,-0.044761,0.020000,-0.030000,0.050000,0.100000,-0.200000,0.100000,0.018361,-0.027845,0.038394,0.062426,-0.222433,0.098654
10.528105,2.620524,-4.258269,0.000000,17.321709,-34.395151,0.044788,2.448565,-4.250575,-0.044800,0.020000,-0.030000,0.050000,0.100000,-0.200000,0.100000,0.018361,-0.027845,0.038394,0.062426,-0.222433,0.098654
10.532850,2.630618,-4.252041,0.000000,17.345287,-34.412977,0.045740,2.457749,-4.244635,-0.044841,0.020000,-0.030000,0.050000,0.100000,-0.200000,0.100000,0.018361,-0.027845,0.038394,0.062426,-0.222433,0.098654
10.537459,2.640410,-4.245967,0.000000,17.368175,-34.430285,0.046666,2.585270,-4.217966,-0.022935,0.020000,-0.030000,0.050000,0.100000,-0.200000,0.100000,0.018298,-0.028242,0.042999,0.065188,-0.213642,0.098143
10.542159,2.650381,-4.239750,0.000000,17.391494,-34.447924,0.047613,2.594790,-4.211849,-0.022965,0.020000,-0.030000,0.050000,0.100000,-0.200000,0.100000,0.018298,-0.028242,0.042999,0.065188,-0.213642,0.098143
10.547250,2.661164,-4.232990,0.000000,17.416732,-34.467021,0.048641,2.605084,-4.205199,-0.022999,0.020000,-0.030000,0.050000,0.100000,-0.200000,0.100000,0.018298,-0.028242,0.042999,0.065188,-0.213642,0.098143
10.552558,2.672391,-4.225912,0.000000,17.443027,-34.486923,0.049714,2.615799,-4.198237,-0.023036,0.020000,-0.030000,0.050000,0.100000,-0.200000,0.100000,0.018298,-0.028242,0.042999,0.065188,-0.213642,0.098143
10.557151,2.682088,-4.219764,0.000000,17.465757,-34.504130,0.050644,2.625052,-4.192191,-0.023070,0.020000,-0.030000,0.050000,0.100000,-0.200000,0.100000,0.018298,-0.028242,0.042999,0.065188,-0.213642,0.098143
10.561843,2.691980,-4.213460,0.000000,17.488960,-34.521700,0.051598,2.634491,-4.185991,-0.023104,0.020000,-0.030000,0.050000,0.100000,-0.200000,0.100000,0.018298,-0.028242,0.042999,0.065188,-0.213642,0.098143
10.567232,2.703322,-4.206192,0.000000,17.515586,-34.541867,0.052698,2.645312,-4.178843,-0.023141,0.020000,-0.030000,0.050000,0.100000,-0.200000,0.100000,0.018298,-0.028242,0.042999,0.065188,-0.213642,0.098143
10.572717,2.714849,-4.198761,0.000000,17.542666,-34.562386,0.053824,2.656305,-4.171538,-0.023177,0.020000,-0.030000,0.050000,0.100000,-0.200000,0.100000,0.018298,-0.028242,0.042999,0.065188,-0.213642,0.098143
10.577752,2.725411,-4.191913,0.000000,17.567498,-34.581210,0.054861,2.666375,-4.164807,-0.023209,0.020000,-0.030000,0.050000,0.100000,-0.200000,0.100000,0.018298,-0.028242,0.042999,0.065188,-0.213642,0.098143
10.582533,2.735424,-4.185386,0.000000,17.591055,-34.599073,0.055849,2.675918,-4.158393,-0.023240,0.020000,-0.030000,0.050000,0.100000,-0.200000,0.100000,0.018298,-0.028242,0.042999,0.065188,-0.213642,0.098143
10.587918,2.746682,-4.178006,0.000000,17.617563,-34.619182,0.056965,2.686645,-4.151140,-0.023274,0.020000,-0.030000,0.050000,0.100000,-0.200000,0.100000,0.018298,-0.028242,0.042999,0.065188,-0.213642,0.098143
10.592768,2.756805,-4.171334,0.000000,17.641414,-34.637284,0.057974,2.696286,-4.144583,-0.023304,0.020000,-0.030000,0.050000,0.100000,-0.200000,0.100000,0.018298,-0.028242,0.042999,0.065188,-0.213642,0.098143
10.598189,2.768103,-4.163845,0.000000,17.668053,-34.657509,0.059103,2.707043,-4.137223,-0.023341,0.020000,-0.030000,0.050000,0.100000,-0.200000,0.100000,0.018298,-0.028242,0.042999,0.065188,-0.213642,0.098143
10.603410,2.778962,-4.156606,0.000000,17.693680,-34.676969,0.060192,2.717382,-4.130108,-0.023377,0.020000,-0.030000,0.050000,0.100000,-0.200000,0.100000,0.018298,-0.028242,0.042999,0.065188,-0.213642,0.098143
10.608891,2.790343,-4.148974,0.000000,17.720561,-34.697389,0.061337,2.728216,-4.122607,-0.023417,0.020000,-0.030000,0.050000,0.100000,-0.200000,0.100000,0.018298,-0.028242,0.042999,0.065188,-0.213642,0.098143
10.613626,2.800158,-4.142356,0.000000,17.743762,-34.715021,0.062330,2.737557,-4.116105,-0.023451,0.020000,-0.030000,0.050000,0.100000,-0.200000,0.100000,0.018298,-0.028242,0.042999,0.065188,-0.213642,0.098143
10.618739,2.810738,-4.135184,0.000000,17.768794,-34.734051,0.063406,2.747624,-4.109059,-0.023488,0.020000,-0.030000,0.050000,0.100000,-0.200000,0.100000,0.018298,-0.028242,0.042999,0.065188,-0.213642,0.098143
10.623571,2.820722,-4.128381,0.000000,17.792430,-34.752029,0.064428,2.757120,-4.102378,-0.023520,0.020000,-0.030000,0.050000,0.100000,-0.200000,0.100000,0.018298,-0.028242,0.042999,0.065188,-0.213642,0.098143
10.628209,2.830288,-4.121828,0.000000,17.815098,-34.769276,0.065412,2.766219,-4.095943,-0.023550,0.020000,-0.030000,0.050000,0.100000,-0.200000,0.100000,0.018298,-0.028242,0.042999,0.065188,-0.213642,0.098143
10.633355,2.840884,-4.114532,0.000000,17.840226,-34.788403,0.066506,2.776294,-4.088779,-0.023585,0.020000,-0.030000,0.050000,0.100000,-0.200000,0.100000,0.018298,-0.028242,0.042999,0.065188,-0.213642,0.098143
10.637931,2.850291,-4.108022,0.000000,17.862550,-34.805402,0.067480,2.785236,-4.082388,-0.023617,0.020000,-0.030000,0.050000,0.100000,-0.200000,0.100000,0.018298,-0.028242,0.042999,0.065188,-0.213642,0.098143
10.643206,2.861114,-4.100491,0.000000,17.888261,-34.824987,0.068606,2.795525,-4.074996,-0.023655,0.020000,-0.030000,0.050000,0.100000,-0.200000,0.100000,0.018298,-0.028242,0.042999,0.065188,-0.213642,0.098143
10.648322,2.871595,-4.093158,0.000000,17.913177,-34.843975,0.069702,2.805484,-4.067799,-0.023690,0.020000,-0.030000,0.050000,0.100000,-0.200000,0.100000,0.018298,-0.028242,0.042999,0.065188,-0.213642,0.098143
10.653324,2.881823,-4.085963,0.000000,17.937514,-34.862530,0.070777,2.815202,-4.060739,-0.023724,0.020000,-0.030000,0.050000,0.100000,-0.200000,0.100000,0.018298,-0.028242,0.042999,0.065188,-0.213642,0.098143
10.658214,2.891804,-4.078905,0.000000,17.961284,-34.880661,0.071831,2.824683,-4.053814,-0.023759,0.020000,-0.030000,0.050000,0.100000,-0.200000,0.100000,0.018298,-0.028242,0.042999,0.065188,-0.213642,0.098143
10.663651,2.902883,-4.071028,0.000000,17.987691,-34.900812,0.073005,2.835204,-4.046088,-0.023797,0.020000,-0.030000,0.050000,0.100000,-0.200000,0.100000,0.018298,-0.028242,0.042999,0.065188,-0.213642,0.098143
10.668233,2.912201,-4.064368,0.000000,18.009921,-34.917784,0.073997,2.844052,-4.039556,-0.023830,0.020000,-0.030000,0.050000,0.100000,-0.200000,0.100000,0.018298,-0.028242,0.042999,0.065188,-0.213642,0.098143
10.673712,2.923325,-4.056374,0.000000,18.036485,-34.938074,0.075186,2.854613,-4.031720,-0.023870,0.020000,-0.030000,0.050000,0.100000,-0.200000,0.100000,0.018298,-0.028242,0.042999,0.065188,-0.213642,0.098143
10.678760,2.933554,-4.048983,0.000000,18.060932,-34.956756,0.076283,2.864322,-4.024475,-0.023908,0.020000,-0.030000,0.050000,0.100000,-0.200000,0.100000,0.018298,-0.028242,0.042999,0.065188,-0.213642,0.098143
10.683635,2.943415,-4.041820,0.000000,18.084520,-34.974789,0.077346,2.873680,-4.017453,-0.023945,0.020000,-0.030000,0.050000,0.100000,-0.200000,0.100000,0.018298,-0.028242,0.042999,0.065188,-0.213642,0.098143
10.688774,2.953790,-4.034244,0.000000,18.109359,-34.993785,0.078468,2.883523,-4.010023,-0.023985,0.020000,-0.030000,0.050000,0.100000,-0.200000,0.100000,0.018298,-0.028242,0.042999,0.065188,-0.213642,0.098143
10.693421,2.963155,-4.027370,0.000000,18.131800,-35.010956,0.079484,2.892407,-4.003283,-0.024023,0.020000,-0.030000,0.050000,0.100000,-0.200000,0.100000,0.018298,-0.028242,0.042999,0.065188,-0.213642,0.098143
10.698799,2.973975,-4.019387,0.000000,18.157749,-35.030820,0.080665,2.902667,-3.995454,-0.024065,0.020000,-0.030000,0.050000,0.100000,-0.200000,0.100000,0.018298,-0.028242,0.042999,0.065188,-0.213642,0.098143
10.704212,2.984842,-4.011323,0.000000,18.183836,-35.050801,0.081858,2.912970,-3.987546,-0.024106,0.020000,-0.030000,0.050000,0.100000,-0.200000,0.100000,0.018298,-0.028242,0.042999,0.065188,-0.213642,0.098143
10.709611,2.995660,-4.003251,0.000000,18.209832,-35.070722,0.083051,2.923224,-3.979632,-0.024148,0.020000,-0.030000,0.050000,0.100000,-0.200000,0.100000,0.018298,-0.028242,0.042999,0.065188,-0.213642,0.098143
10.714675,3.005787,-3.995653,0.000000,18.234190,-35.089397,0.084172,2.932822,-3.972183,-0.024188,0.020000,-0.030000,0.050000,0.100000,-0.200000,0.100000,0.018298,-0.028242,0.042999,0.065188,-0.213642,0.098143
10.719515,3.015446,-3.988369,0.000000,18.257443,-35.107235,0.085247,2.941974,-3.965041,-0.024226,0.020000,-0.030000,0.050000,0.100000,-0.200000,0.100000,0.018298,-0.028242,0.042999,0.065188,-0.213642,0.098143
10.724392,3.025164,-3.981002,0.000000,18.280859,-35.125207,0.086332,2.951179,-3.957819,-0.024266,0.020000,-0.030000,0.050000,0.100000,-0.200000,0.100000,0.018298,-0.028242,0.042999,0.065188,-0.213642,0.098143
10.729219,3.034763,-3.973690,0.000000,18.304006,-35.142982,0.087408,2.960268,-3.950649,-0.024306,0.020000,-0.030000,0.050000,0.100000,-0.200000,0.100000,0.018298,-0.028242,0.042999,0.065188,-0.213642,0.098143
10.734667,3.045576,-3.965408,0.000000,18.330110,-35.163038,0.088625,2.970505,-3.942529,-0.024351,0.020000,-0.030000,0.050000,0.100000,-0.200000,0.100000,0.018298,-0.028242,0.042999,0.065188,-0.213642,0.098143
10.739533,3.055215,-3.957987,0.000000,18.353400,-35.180942,0.089715,2.989332,-3.912944,-0.023661,0.020000,-0.030000,0.050000,0.100000,-0.200000,0.100000,0.018315,-0.028321,0.043540,0.066724,-0.212331,0.098242
10.744059,3.064165,-3.951062,0.000000,18.375045,-35.197588,0.090733,2.997837,-3.906093,-0.023700,0.020000,-0.030000,0.050000,0.100000,-0.200000,0.100000,0.018315,-0.028321,0.043540,0.066724,-0.212331,0.098242
10.748876,3.073672,-3.943671,0.000000,18.398058,-35.215295,0.091819,3.006869,-3.898780,-0.023742,0.020000,-0.030000,0.050000,0.100000,-0.200000,0.100000,0.018315,-0.028321,0.043540,0.066724,-0.212331,0.098242
10.753844,3.083459,-3.936024,0.000000,18.421771,-35.233550,0.092942,3.016165,-3.891213,-0.023784,0.020000,-0.030000,0.050000,0.100000,-0.200000,0.100000,0.018315,-0.028321,0.043540,0.066724,-0.212331,0.098242
10.758542,3.092696,-3.928770,0.000000,18.444172,-35.250805,0.094007,3.024938,-3.884036,-0.023825,0.020000,-0.030000,0.050000,0.100000,-0.200000,0.100000,0.018315,-0.028321,0.043540,0.066724,-0.212331,0.098242
10.763067,3.101575,-3.921764,0.000000,18.465727,-35.267415,0.095034,3.033371,-3.877104,-0.023864,0.020000,-0.030000,0.050000,0.100000,-0.200000,0.100000,0.018315,-0.028321,0.043540,0.066724,-0.212331,0.098242
10.768559,3.112333,-3.913232,0.000000,18.491871,-35.287571,0.096285,3.043587,-3.868665,-0.023911,0.020000,-0.030000,0.050000,0.100000,-0.200000,0.100000,0.018315,-0.028321,0.043540,0.066724,-0.212331,0.098242
10.773190,3.121387,-3.906014,0.000000,18.513894,-35.304562,0.097343,3.052183,-3.861526,-0.023952,0.020000,-0.030000,0.050000,0.100000,-0.200000,0.100000,0.018315,-0.028321,0.043540,0.066724,-0.212331,0.098242
10.778646,3.132030,-3.897485,0.000000,18.539810,-35.324567,0.098591,3.062286,-3.853091,-0.023999,0.020000,-0.030000,0.050000,0.100000,-0.200000,0.100000,0.018315,-0.028321,0.043540,0.066724,-0.212331,0.098242
10.783302,3.141094,-3.890183,0.000000,18.561905,-35.341632,0.099661,3.070889,-3.845871,-0.024039,0.020000,-0.030000,0.050000,0.100000,-0.200000,0.100000,0.018315,-0.028321,0.043540,0.066724,-0.212331,0.098242
10.788399,3.150998,-3.882166,0.000000,18.586073,-35.360308,0.100834,3.080290,-3.837943,-0.024082,0.020000,-0.030000,0.050000,0.100000,-0.200000,0.100000,0.018315,-0.028321,0.043540,0.066724,-0.212331,0.098242
10.793033,3.159985,-3.874854,0.000000,18.608024,-35.377279,0.101903,3.088819,-3.830714,-0.024123,0.020000,-0.030000,0.050000,0.100000,-0.200000,0.100000,0.018315,-0.028321,0.043540,0.066724,-0.212331,0.098242
10.798476,3.170520,-3.866239,0.000000,18.633782,-35.397207,0.103161,3.098814,-3.822194,-0.024172,0.020000,-0.030000,0.050000,0.100000,-0.200000,0.100000,0.018315,-0.028321,0.043540,0.066724,-0.212331,0.098242
10.803859,3.180913,-3.857693,0.000000,18.659222,-35.416902,0.104406,3.108672,-3.813741,-0.024222,0.020000,-0.030000,0.050000,0.100000,-0.200000,0.100000,0.018315,-0.028321,0.043540,0.066724,-0.212331,0.098242
10.809203,3.191209,-3.849180,0.000000,18.684450,-35.436449,0.105646,3.118433,-3.805322,-0.024272,0.020000,-0.030000,0.050000,0.100000,-0.200000,0.100000,0.018315,-0.028321,0.043540,0.066724,-0.212331,0.098242
10.814201,3.200820,-3.841192,0.000000,18.708023,-35.454727,0.106809,3.127542,-3.797424,-0.024318,0.020000,-0.030000,0.050000,0.100000,-0.200000,0.100000,0.018315,-0.028321,0.043540,0.066724,-0.212331,0.098242
10.819006,3.210038,-3.833491,0.000000,18.730661,-35.472290,0.107929,3.136280,-3.789811,-0.024364,0.020000,-0.030000,0.050000,0.100000,-0.200000,0.100000,0.018315,-0.028321,0.043540,0.066724,-0.212331,0.098242
10.824428,3.220419,-3.824775,0.000000,18.756180,-35.492100,0.109196,3.146117,-3.781193,-0.024415,0.020000,-0.030000,0.050000,0.100000,-0.200000,0.100000,0.018315,-0.028321,0.043540,0.066724,-0.212331,0.098242
10.829195,3.229527,-3.817087,0.000000,18.778595,-35.509512,0.110314,3.154748,-3.773593,-0.024459,0.020000,-0.030000,0.050000,0.100000,-0.200000,0.100000,0.018315,-0.028321,0.043540,0.066724,-0.212331,0.098242
10.834235,3.239134,-3.808938,0.000000,18.802266,-35.527911,0.111500,3.163850,-3.765537,-0.024504,0.020000,-0.030000,0.050000,0.100000,-0.200000,0.100000,0.018315,-0.028321,0.043540,0.066724,-0.212331,0.098242
10.839344,3.248855,-3.800650,0.000000,18.826240,-35.546561,0.112707,3.173056,-3.757346,-0.024549,0.020000,-0.030000,0.050000,0.100000,-0.200000,0.100000,0.018315,-0.028321,0.043540,0.066724,-0.212331,0.098242
10.844007,3.257707,-3.793066,0.000000,18.848096,-35.563575,0.113811,3.181437,-3.749849,-0.024590,0.020000,-0.030000,0.050000,0.100000,-0.200000,0.100000,0.018315,-0.028321,0.043540,0.066724,-0.212331,0.098242
10.849308,3.267749,-3.784417,0.000000,18.872917,-35.582913,0.115068,3.190942,-3.741303,-0.024638,0.020000,-0.030000,0.050000,0.100000,-0.200000,0.100000,0.018315,-0.028321,0.043540,0.066724,-0.212331,0.098242
10.854448,3.277465,-3.776007,0.000000,18.896956,-35.601655,0.116289,3.200136,-3.732990,-0.024685,0.020000,-0.030000,0.050000,0.100000,-0.200000,0.100000,0.018315,-0.028321,0.043540,0.066724,-0.212331,0.098242
10.859430,3.286860,-3.767831,0.000000,18.920231,-35.619814,0.117475,3.209025,-3.724908,-0.024732,0.020000,-0.030000,0.050000,0.100000,-0.200000,0.100000,0.018315,-0.028321,0.043540,0.066724,-0.212331,0.098242
10.864417,3.296245,-3.759624,0.000000,18.943504,-35.637985,0.118663,3.217901,-3.716798,-0.024779,0.020000,-0.030000,0.050000,0.100000,-0.200000,0.100000,0.018315,-0.028321,0.043540,0.066724,-0.212331,0.098242
10.869013,3.304877,-3.752038,0.000000,18.964934,-35.654729,0.119762,3.226064,-3.709301,-0.024824,0.020000,-0.030000,0.050000,0.100000,-0.200000,0.100000,0.018315,-0.028321,0.043540,0.066724,-0.212331,0.098242
10.873729,3.313714,-3.744236,0.000000,18.986896,-35.671901,0.120890,3.234419,-3.701590,-0.024870,0.020000,-0.030000,0.050000,0.100000,-0.200000,0.100000,0.018315,-0.028321,0.043540,0.066724,-0.212331,0.098242
10.878933,3.323446,-3.735600,0.000000,19.011110,-35.690848,0.122137,3.243618,-3.693057,-0.024922,0.020000,-0.030000,0.050000,0.100000,-0.200000,0.100000,0.018315,-0.028321,0.043540,0.066724,-0.212331,0.098242
10.884272,3.333406,-3.726715,0.000000,19.035921,-35.710278,0.123422,3.253029,-3.684278,-0.024974,0.020000,-0.030000,0.050000,0.100000,-0.200000,0.100000,0.018315,-0.028321,0.043540,0.066724,-0.212331,0.098242
10.889679,3.343468,-3.717691,0.000000,19.061019,-35.729949,0.124726,3.262537,-3.675362,-0.025027,0.020000,-0.030000,0.050000,0.100000,-0.200000,0.100000,0.018315,-0.028321,0.043540,0.066724,-0.212331,0.098242
10.895020,3.353385,-3.708748,0.000000,19.085789,-35.749376,0.126018,3.271908,-3.666528,-0.025078,0.020000,-0.030000,0.050000,0.100000,-0.200000,0.100000,0.018315,-0.028321,0.043540,0.066724,-0.212331,0.098242
10.899806,3.362250,-3.700713,0.000000,19.107957,-35.766776,0.127181,3.280282,-3.658591,-0.025122,0.020000,-0.030000,0.050000,0.100000,-0.200000,0.100000,0.018315,-0.028321,0.043540,0.066724,-0.212331,0.098242
10.904882,3.371631,-3.692168,0.000000,19.131443,-35.785227,0.128416,3.289140,-3.650150,-0.025170,0.020000,-0.030000,0.050000,0.100000,-0.200000,0.100000,0.018315,-0.028321,0.043540,0.066724,-0.212331,0.098242
10.909947,3.380972,-3.683617,0.000000,19.154854,-35.803634,0.129651,3.297958,-3.641702,-0.025218,0.020000,-0.030000,0.050000,0.100000,-0.200000,0.100000,0.018315,-0.028321,0.043540,0.066724,-0.212331,0.098242
10.914995,3.390258,-3.675072,0.000000,19.178155,-35.821971,0.130884,3.306720,-3.633261,-0.025267,0.020000,-0.030000,0.050000,0.100000,-0.200000,0.100000,0.018315,-0.028321,0.043540,0.066724,-0.212331,0.098242
10.920368,3.400120,-3.665950,0.000000,19.202930,-35.841488,0.132198,3.316021,-3.624249,-0.025321,0.020000,-0.030000,0.050000,0.100000,-0.200000,0.100000,0.018315,-0.028321,0.043540,0.066724,-0.212331,0.098242
10.925164,3.408899,-3.657787,0.000000,19.225012,-35.858900,0.133372,3.324298,-3.616187,-0.025371,0.020000,-0.030000,0.050000,0.100000,-0.200000,0.100000,0.018315,-0.028321,0.043540,0.066724,-0.212331,0.098242
10.930336,3.418348,-3.648959,0.000000,19.248807,-35.877680,0.134641,3.333204,-3.607469,-0.025425,0.020000,-0.030000,0.050000,0.100000,-0.200000,0.100000,0.018315,-0.028321,0.043540,0.066724,-0.212331,0.098242
10.935583,3.427909,-3.639978,0.000000,19.272921,-35.896726,0.135932,3.342216,-3.598602,-0.025479,0.020000,-0.030000,0.050000,0.100000,-0.200000,0.100000,0.018315,-0.028321,0.043540,0.066724,-0.212331,0.098242
10.940136,3.436186,-3.632166,0.000000,19.293820,-35.913245,0.137055,3.329488,-3.608328,-0.017471,0.020000,-0.030000,0.050000,0.100000,-0.200000,0.100000,0.018311,-0.028236,0.042686,0.065670,-0.214315,0.097867
10.945314,3.445579,-3.623256,0.000000,19.317568,-35.932031,0.138337,3.338257,-3.599607,-0.017506,0.020000,-0.030000,0.050000,0.100000,-0.200000,0.100000,0.018311,-0.028236,0.042686,0.065670,-0.214315,0.097867
10.950624,3.455186,-3.614096,0.000000,19.341889,-35.951284,0.139654,3.347224,-3.590641,-0.017541,0.020000,-0.030000,0.050000,0.100000,-0.200000,0.100000,0.018311,-0.028236,0.042686,0.065670,-0.214315,0.097867
10.955189,3.463427,-3.606200,0.000000,19.362780,-35.967835,0.140789,3.354916,-3.582911,-0.017571,0.020000,-0.030000,0.050000,0.100000,-0.200000,0.100000,0.018311,-0.028236,0.042686,0.065670,-0.214315,0.097867
10.959728,3.471601,-3.598331,0.000000,19.383525,-35.984286,0.141919,3.362541,-3.575210,-0.017602,0.020000,-0.030000,0.050000,0.100000,-0.200000,0.100000,0.018311,-0.028236,0.042686,0.065670,-0.214315,0.097867
10.965180,3.481398,-3.588853,0.000000,19.408420,-36.004048,0.143281,3.371676,-3.565933,-0.017639,0.020000,-0.030000,0.050000,0.100000,-0.200000,0.100000,0.018311,-0.028236,0.042686,0.065670,-0.214315,0.097867
10.970483,3.490901,-3.579610,0.000000,19.432597,-36.023260,0.144610,3.380533,-3.556888,-0.017673,0.020000,-0.030000,0.050000,0.100000,-0.200000,0.100000,0.018311,-0.028236,0.042686,0.065670,-0.214315,0.097867
10.975120,3.499191,-3.571507,0.000000,19.453719,-36.040058,0.145775,3.388258,-3.548957,-0.017703,0.020000,-0.030000,0.050000,0.100000,-0.200000,0.100000,0.018311,-0.028236,0.042686,0.065670,-0.214315,0.097867
10.979771,3.507487,-3.563360,0.000000,19.474880,-36.056904,0.146946,3.395985,-3.540985,-0.017733,0.020000,-0.030000,0.050000,0.100000,-0.200000,0.100000,0.018311,-0.028236,0.042686,0.065670,-0.214315,0.097867
10.985157,3.517071,-3.553901,0.000000,19.499357,-36.076409,0.148304,3.404908,-3.531729,-0.017769,0.020000,-0.030000,0.050000,0.100000,-0.200000,0.100000,0.018311,-0.028236,0.042686,0.065670,-0.214315,0.097867
10.990356,3.526297,-3.544747,0.000000,19.522952,-36.095230,0.149618,3.413495,-3.522773,-0.017802,0.020000,-0.030000,0.050000,0.100000,-0.200000,0.100000,0.018311,-0.028236,0.042686,0.065670,-0.214315,0.097867
10.995476,3.535360,-3.535708,0.000000,19.546167,-36.113764,0.150918,3.421930,-3.513930,-0.017833,0.020000,-0.030000,0.050000,0.100000,-0.200000,0.100000,0.018311,-0.028236,0.042686,0.065670,-0.214315,0.097867
11.000670,3.544530,-3.526514,0.000000,19.569689,-36.132564,0.152240,3.430461,-3.504937,-0.017865,0.020000,-0.030000,0.050000,0.100000,-0.200000,0.100000,0.018311,-0.028236,0.042686,0.065670,-0.214315,0.097867
11.005314,3.552710,-3.518274,0.000000,19.590698,-36.149371,0.153425,3.438069,-3.496878,-0.017893,0.020000,-0.030000,0.050000,0.100000,-0.200000,0.100000,0.018311,-0.028236,0.042686,0.065670,-0.214315,0.097867
11.009982,3.560911,-3.509973,0.000000,19.611790,-36.166260,0.154617,3.445695,-3.488761,-0.017922,0.020000,-0.030000,0.050000,0.100000,-0.200000,0.100000,0.018311,-0.028236,0.042686,0.065670,-0.214315,0.097867
11.014675,3.569137,-3.501608,0.000000,19.632972,-36.183238,0.155819,3.453341,-3.480583,-0.017951,0.020000,-0.030000,0.050000,0.100000,-0.200000,0.100000,0.018311,-0.028236,0.042686,0.065670,-0.214315,0.097867
11.020140,3.578692,-3.491842,0.000000,19.657612,-36.203008,0.157220,3.462219,-3.471037,-0.017985,0.020000,-0.030000,0.050000,0.100000,-0.200000,0.100000,0.018311,-0.028236,0.042686,0.065670,-0.214315,0.097867
11.025216,3.587544,-3.482748,0.000000,19.680473,-36.221371,0.158523,3.470442,-3.462150,-0.018019,0.020000,-0.030000,0.050000,0.100000,-0.200000,0.100000,0.018311,-0.028236,0.042686,0.065670,-0.214315,0.097867
11.030027,3.595910,-3.474109,0.000000,19.702112,-36.238769,0.159761,3.478212,-3.453708,-0.018051,0.020000,-0.030000,0.050000,0.100000,-0.200000,0.100000,0.018311,-0.028236,0.042686,0.065670,-0.214315,0.097867
11.034824,3.604234,-3.465473,0.000000,19.723669,-36.256117,0.160997,3.485941,-3.445268,-0.018084,0.020000,-0.030000,0.050000,0.100000,-0.200000,0.100000,0.018311,-0.028236,0.042686,0.065670,-0.214315,0.097867
11.039521,3.612361,-3.457000,0.000000,19.744747,-36.273096,0.162208,3.493485,-3.436989,-0.018117,0.020000,-0.030000,0.050000,0.100000,-0.200000,0.100000,0.018311,-0.028236,0.042686,0.065670,-0.214315,0.097867
11.044764,3.621412,-3.447517,0.000000,19.768255,-36.292052,0.163564,3.501886,-3.427724,-0.018154,0.020000,-0.030000,0.050000,0.100000,-0.200000,0.100000,0.018311,-0.028236,0.042686,0.065670,-0.214315,0.097867
11.049385,3.629367,-3.439142,0.000000,19.788944,-36.308753,0.164760,3.509265,-3.419543,-0.018188,0.020000,-0.030000,0.050000,0.100000,-0.200000,0.100000,0.018311,-0.028236,0.042686,0.065670,-0.214315,0.097867
11.053921,3.637158,-3.430901,0.000000,19.809233,-36.325148,0.165936,3.516489,-3.411493,-0.018222,0.020000,-0.030000,0.050000,0.100000,-0.200000,0.100000,0.018311,-0.028236,0.042686,0.065670,-0.214315,0.097867
11.058684,3.645319,-3.422229,0.000000,19.830516,-36.342361,0.167173,3.524056,-3.403020,-0.018257,0.020000,-0.030000,0.050000,0.100000,-0.200000,0.100000,0.018311,-0.028236,0.042686,0.065670,-0.214315,0.097867
11.064075,3.654529,-3.412391,0.000000,19.854570,-36.361837,0.168576,3.532592,-3.393408,-0.018297,0.020000,-0.030000,0.050000,0.100000,-0.200000,0.100000,0.018311,-0.028236,0.042686,0.065670,-0.214315,0.097867
11.069036,3.662983,-3.403316,0.000000,19.876680,-36.379760,0.169870,3.540423,-3.384542,-0.018334,0.020000,-0.030000,0.050000,0.100000,-0.200000,0.100000,0.018311,-0.028236,0.042686,0.065670,-0.214315,0.097867
11.074258,3.671856,-3.393740,0.000000,19.899925,-36.398624,0.171235,3.548640,-3.375188,-0.018374,0.020000,-0.030000,0.050000,0.100000,-0.200000,0.100000,0.018311,-0.028236,0.042686,0.065670,-0.214315,0.097867
11.079213,3.680253,-3.384633,0.000000,19.921955,-36.416522,0.172534,3.556413,-3.366294,-0.018410,0.020000,-0.030000,0.050000,0.100000,-0.200000,0.100000,0.018311,-0.028236,0.042686,0.065670,-0.214315,0.097867
11.084059,3.688444,-3.375705,0.000000,19.943479,-36.434029,0.173807,3.563995,-3.357577,-0.018446,0.020000,-0.030000,0.050000,0.100000,-0.200000,0.100000,0.018311,-0.028236,0.042686,0.065670,-0.214315,0.097867
11.089237,3.697170,-3.366145,0.000000,19.966447,-36.452729,0.175171,3.572071,-3.348244,-0.018483,0.020000,-0.030000,0.050000,0.100000,-0.200000,0.100000,0.018311,-0.028236,0.042686,0.065670,-0.214315,0.097867
11.094305,3.705688,-3.356766,0.000000,19.988901,-36.471033,0.176508,3.579951,-3.339090,-0.018520,0.020000,-0.030000,0.050000,0.100000,-0.200000,0.100000,0.018311,-0.028236,0.042686,0.065670,-0.214315,0.097867
11.099289,3.714042,-3.347521,0.000000,20.010958,-36.489031,0.177824,3.587678,-3.330067,-0.018559,0.020000,-0.030000,0.050000,0.100000,-0.200000,0.100000,0.018311,-0.028236,0.042686,0.065670,-0.214315,0.097867
11.104597,3.722914,-3.337651,0.000000,20.034422,-36.508198,0.179226,3.595883,-3.320433,-0.018602,0.020000,-0.030000,0.050000,0.100000,-0.200000,0.100000,0.018311,-0.028236,0.042686,0.065670,-0.214315,0.097867
11.109467,3.731030,-3.328575,0.000000,20.055923,-36.525780,0.180516,3.603389,-3.311573,-0.018642,0.020000,-0.030000,0.050000,0.100000,-0.200000,0.100000,0.018311,-0.028236,0.042686,0.065670,-0.214315,0.097867
11.114511,3.739413,-3.319155,0.000000,20.078163,-36.543986,0.181854,3.611137,-3.302378,-0.018682,0.020000,-0.030000,0.050000,0.100000,-0.200000,0.100000,0.018311,-0.028236,0.042686,0.065670,-0.214315,0.097867
11.119184,3.747158,-3.310409,0.000000,20.098744,-36.560856,0.183097,3.618293,-3.293842,-0.018720,0.020000,-0.030000,0.050000,0.100000,-0.200000,0.100000,0.018311,-0.028236,0.042686,0.065670,-0.214315,0.097867
11.123940,3.755019,-3.301490,0.000000,20.119664,-36.578021,0.184365,3.625554,-3.285139,-0.018758,0.020000,-0.030000,0.050000,0.100000,-0.200000,0.100000,0.018311,-0.028236,0.042686,0.065670,-0.214315,0.097867
11.129041,3.763428,-3.291901,0.000000,20.142080,-36.596436,0.185726,3.633320,-3.275783,-0.018799,0.020000,-0.030000,0.050000,0.100000,-0.200000,0.100000,0.018311,-0.028236,0.042686,0.065670,-0.214315,0.097867
11.134114,3.771766,-3.282344,0.000000,20.164343,-36.614746,0.187081,3.641017,-3.266459,-0.018842,0.020000,-0.030000,0.050000,0.100000,-0.200000,0.100000,0.018311,-0.028236,0.042686,0.065670,-0.214315,0.097867
11.139459,3.780524,-3.272253,0.000000,20.187767,-36.634037,0.188510,3.649100,-3.256615,-0.018890,0.020000,-0.030000,0.050000,0.100000,-0.200000,0.100000,0.018311,-0.028236,0.042686,0.065670,-0.214315,0.097867
11.144859,3.789345,-3.262033,0.000000,20.211404,-36.653529,0.189957,3.681062,-3.234131,-0.015929,0.020000,-0.030000,0.050000,0.100000,-0.200000,0.100000,0.018313,-0.028306,0.043513,0.066329,-0.212401,0.097838
11.149977,3.797680,-3.252327,0.000000,20.233772,-36.672001,0.191332,3.688835,-3.224598,-0.015973,0.020000,-0.030000,0.050000,0.100000,-0.200000,0.100000,0.018313,-0.028306,0.043513,0.066329,-0.212401,0.097838
11.154735,3.805407,-3.243282,0.000000,20.254545,-36.689174,0.192614,3.696040,-3.215713,-0.016013,0.020000,-0.030000,0.050000,0.100000,-0.200000,0.100000,0.018313,-0.028306,0.043513,0.066329,-0.212401,0.097838
11.159503,3.813127,-3.234202,0.000000,20.275332,-36.706378,0.193901,3.703237,-3.206791,-0.016054,0.020000,-0.030000,0.050000,0.100000,-0.200000,0.100000,0.018313,-0.028306,0.043513,0.066329,-0.212401,0.097838
11.164216,3.820739,-3.225206,0.000000,20.295861,-36.723387,0.195175,3.710332,-3.197953,-0.016094,0.020000,-0.030000,0.050000,0.100000,-0.200000,0.100000,0.018313,-0.028306,0.043513,0.066329,-0.212401,0.097838
11.169374,3.829043,-3.215343,0.000000,20.318296,-36.741997,0.196571,3.718072,-3.188265,-0.016139,0.020000,-0.030000,0.050000,0.100000,-0.200000,0.100000,0.018313,-0.028306,0.043513,0.066329,-0.212401,0.097838
11.173902,3.836314,-3.206665,0.000000,20.337971,-36.758338,0.197801,3.724845,-3.179741,-0.016177,0.020000,-0.030000,0.050000,0.100000,-0.200000,0.100000,0.018313,-0.028306,0.043513,0.066329,-0.212401,0.097838
11.179224,3.844832,-3.196446,0.000000,20.361064,-36.777543,0.199250,3.732779,-3.169705,-0.016220,0.020000,-0.030000,0.050000,0.100000,-0.200000,0.100000,0.018313,-0.028306,0.043513,0.066329,-0.212401,0.097838
11.183859,3.852231,-3.187526,0.000000,20.381155,-36.794272,0.200514,3.739668,-3.160947,-0.016259,0.020000,-0.030000,0.050000,0.100000,-0.200000,0.100000,0.018313,-0.028306,0.043513,0.066329,-0.212401,0.097838
11.189085,3.860546,-3.177449,0.000000,20.403775,-36.813132,0.201942,3.747408,-3.151053,-0.016303,0.020000,-0.030000,0.050000,0.100000,-0.200000,0.100000,0.018313,-0.028306,0.043513,0.066329,-0.212401,0.097838
11.193778,3.867992,-3.168381,0.000000,20.424064,-36.830072,0.203227,3.754335,-3.142151,-0.016342,0.020000,-0.030000,0.050000,0.100000,-0.200000,0.100000,0.018313,-0.028306,0.043513,0.066329,-0.212401,0.097838
11.198932,3.876144,-3.158403,0.000000,20.446315,-36.848677,0.204641,3.761914,-3.132357,-0.016385,0.020000,-0.030000,0.050000,0.100000,-0.200000,0.100000,0.018313,-0.028306,0.043513,0.066329,-0.212401,0.097838
11.203495,3.883339,-3.149552,0.000000,20.465988,-36.865150,0.205895,3.768600,-3.123671,-0.016423,0.020000,-0.030000,0.050000,0.100000,-0.200000,0.100000,0.018313,-0.028306,0.043513,0.066329,-0.212401,0.097838
11.208789,3.891662,-3.139263,0.000000,20.488786,-36.884264,0.207352,3.776332,-3.113574,-0.016468,0.020000,-0.030000,0.050000,0.100000,-0.200000,0.100000,0.018313,-0.028306,0.043513,0.066329,-0.212401,0.097838
11.213558,3.899137,-3.129973,0.000000,20.509298,-36.901487,0.208668,3.783274,-3.104461,-0.016508,0.020000,-0.030000,0.050000,0.100000,-0.200000,0.100000,0.018313,-0.028306,0.043513,0.066329,-0.212401,0.097838
11.218103,3.906240,-3.121104,0.000000,20.528823,-36.917901,0.209923,3.789867,-3.095760,-0.016547,0.020000,-0.030000,0.050000,0.100000,-0.200000,0.100000,0.018313,-0.028306,0.043513,0.066329,-0.212401,0.097838
11.223450,3.914569,-3.110650,0.000000,20.551760,-36.937210,0.211403,3.797596,-3.085506,-0.016593,0.020000,-0.030000,0.050000,0.100000,-0.200000,0.100000,0.018313,-0.028306,0.043513,0.066329,-0.212401,0.097838
11.228299,3.922101,-3.101149,0.000000,20.572536,-36.954726,0.212748,3.804581,-3.076185,-0.016634,0.020000,-0.030000,0.050000,0.100000,-0.200000,0.100000,0.018313,-0.028306,0.043513,0.066329,-0.212401,0.097838
11.233708,3.930473,-3.090531,0.000000,20.595676,-36.974264,0.214251,3.812341,-3.065770,-0.016680,0.020000,-0.030000,0.050000,0.100000,-0.200000,0.100000,0.018313,-0.028306,0.043513,0.066329,-0.212401,0.097838
11.239143,3.938856,-3.079839,0.000000,20.618893,-36.993898,0.215765,3.820108,-3.055284,-0.016726,0.020000,-0.030000,0.050000,0.100000,-0.200000,0.100000,0.018313,-0.028306,0.043513,0.066329,-0.212401,0.097838
11.244026,3.946364,-3.070213,0.000000,20.639727,-37.011541,0.217131,3.827062,-3.045845,-0.016765,0.020000,-0.030000,0.050000,0.100000,-0.200000,0.100000,0.018313,-0.028306,0.043513,0.066329,-0.212401,0.097838
11.248611,3.953393,-3.061158,0.000000,20.659267,-37.028109,0.218416,3.833570,-3.036965,-0.016800,0.020000,-0.030000,0.050000,0.100000,-0.200000,0.100000,0.018313,-0.028306,0.043513,0.066329,-0.212401,0.097838
11.253783,3.961296,-3.050924,0.000000,20.681278,-37.046797,0.219869,3.840886,-3.026930,-0.016840,0.020000,-0.030000,0.050000,0.100000,-0.200000,0.100000,0.018313,-0.028306,0.043513,0.066329,-0.212401,0.097838
11.258723,3.968819,-3.041130,0.000000,20.702274,-37.064649,0.221259,3.847848,-3.017326,-0.016878,0.020000,-0.030000,0.050000,0.100000,-0.200000,0.100000,0.018313,-0.028306,0.043513,0.066329,-0.212401,0.097838
11.263538,3.976129,-3.031567,0.000000,20.722709,-37.082050,0.222614,3.854609,-3.007949,-0.016918,0.020000,-0.030000,0.050000,0.100000,-0.200000,0.100000,0.018313,-0.028306,0.043513,0.066329,-0.212401,0.097838
11.268531,3.983685,-3.021631,0.000000,20.743873,-37.100097,0.224020,3.861594,-2.998206,-0.016961,0.020000,-0.030000,0.050000,0.100000,-0.200000,0.100000,0.018313,-0.028306,0.043513,0.066329,-0.212401,0.097838
11.273972,3.991891,-3.010782,0.000000,20.766905,-37.119767,0.225555,3.869177,-2.987569,-0.017008,0.020000,-0.030000,0.050000,0.100000,-0.200000,0.100000,0.018313,-0.028306,0.043513,0.066329,-0.212401,0.097838
11.278655,3.998930,-3.001426,0.000000,20.786702,-37.136700,0.226878,3.875679,-2.978396,-0.017049,0.020000,-0.030000,0.050000,0.100000,-0.200000,0.100000,0.018313,-0.028306,0.043513,0.066329,-0.212401,0.097838
11.283198,4.005737,-2.992335,0.000000,20.805882,-37.153126,0.228163,3.881965,-2.969483,-0.017090,0.020000,-0.030000,0.050000,0.100000,-0.200000,0.100000,0.018313,-0.028306,0.043513,0.066329,-0.212401,0.097838
11.288379,4.013475,-2.981949,0.000000,20.827724,-37.171859,0.229631,3.889106,-2.959299,-0.017136,0.020000,-0.030000,0.050000,0.100000,-0.200000,0.100000,0.018313,-0.028306,0.043513,0.066329,-0.212401,0.097838
11.293292,4.020788,-2.972080,0.000000,20.848414,-37.189627,0.231026,3.895857,-2.949622,-0.017180,0.020000,-0.030000,0.050000,0.100000,-0.200000,0.100000,0.018313,-0.028306,0.043513,0.066329,-0.212401,0.097838
11.298390,4.028351,-2.961822,0.000000,20.869853,-37.208064,0.232475,3.902835,-2.939562,-0.017226,0.020000,-0.030000,0.050000,0.100000,-0.200000,0.100000,0.018313,-0.028306,0.043513,0.066329,-0.212401,0.097838
11.303228,4.035504,-2.952068,0.000000,20.890171,-37.225563,0.233854,3.909433,-2.929998,-0.017269,0.020000,-0.030000,0.050000,0.100000,-0.200000,0.100000,0.018313,-0.028306,0.043513,0.066329,-0.212401,0.097838
11.308549,4.043343,-2.941322,0.000000,20.912484,-37.244809,0.235375,3.916660,-2.919461,-0.017315,0.020000,-0.030000,0.050000,0.100000,-0.200000,0.100000,0.018313,-0.028306,0.043513,0.066329,-0.212401,0.097838
11.313413,4.050485,-2.931480,0.000000,20.932853,-37.262407,0.236769,3.923241,-2.909810,-0.017355,0.020000,-0.030000,0.050000,0.100000,-0.200000,0.100000,0.018313,-0.028306,0.043513,0.066329,-0.212401,0.097838
11.318153,4.057421,-2.921872,0.000000,20.952678,-37.279560,0.238131,3.929630,-2.900390,-0.017394,0.020000,-0.030000,0.050000,0.100000,-0.200000,0.100000,0.018313,-0.028306,0.043513,0.066329,-0.212401,0.097838
11.322838,4.064254,-2.912359,0.000000,20.972247,-37.296516,0.239479,3.935922,-2.891065,-0.017432,0.020000,-0.030000,0.050000,0.100000,-0.200000,0.100000,0.018313,-0.028306,0.043513,0.066329,-0.212401,0.097838
11.328230,4.072091,-2.901391,0.000000,20.994740,-37.316035,0.241034,3.943136,-2.880313,-0.017475,0.020000,-0.030000,0.050000,0.100000,-0.200000,0.100000,0.018313,-0.028306,0.043513,0.066329,-0.212401,0.097838
11.332936,4.078907,-2.891802,0.000000,21.014344,-37.333074,0.242394,3.949407,-2.870914,-0.017513,0.020000,-0.030000,0.050000,0.100000,-0.200000,0.100000,0.018313,-0.028306,0.043513,0.066329,-0.212401,0.097838
11.338248,4.086574,-2.880958,0.000000,21.036441,-37.352312,0.243932,3.956456,-2.860285,-0.017556,0.020000,-0.030000,0.050000,0.100000,-0.200000,0.100000,0.018313,-0.028306,0.043513,0.066329,-0.212401,0.097838
11.343066,4.093502,-2.871104,0.000000,21.056454,-37.369764,0.245330,3.962823,-2.850626,-0.017594,0.020000,-0.030000,0.050000,0.100000,-0.200000,0.100000,0.018313,-0.028306,0.043513,0.066329,-0.212401,0.097838
11.348129,4.100757,-2.860733,0.000000,21.077452,-37.388104,0.246802,3.969482,-2.828187,0.021170,0.020000,-0.030000,0.050000,0.100000,-0.200000,0.100000,0.018333,-0.028337,0.043584,0.067295,-0.212258,0.096642
11.353022,4.107743,-2.850693,0.000000,21.097716,-37.405832,0.248227,3.975891,-2.818319,0.021187,0.020000,-0.030000,0.050000,0.100000,-0.200000,0.100000,0.018333,-0.028337,0.043584,0.067295,-0.212258,0.096642
11.357804,4.114547,-2.840862,0.000000,21.117498,-37.423164,0.249623,3.982132,-2.808658,0.021204,0.020000,-0.030000,0.050000,0.100000,-0.200000,0.100000,0.018333,-0.028337,0.043584,0.067295,-0.212258,0.096642
11.362355,4.121001,-2.831493,0.000000,21.136298,-37.439662,0.250953,3.988048,-2.799451,0.021220,0.020000,-0.030000,0.050000,0.100000,-0.200000,0.100000,0.018333,-0.028337,0.043584,0.067295,-0.212258,0.096642
11.367839,4.128750,-2.820181,0.000000,21.158924,-37.459550,0.252558,3.995147,-2.788337,0.021238,0.020000,-0.030000,0.050000,0.100000,-0.200000,0.100000,0.018333,-0.028337,0.043584,0.067295,-0.212258,0.096642
11.373339,4.136490,-2.808817,0.000000,21.181576,-37.479497,0.254172,4.002234,-2.777172,0.021257,0.020000,-0.030000,0.050000,0.100000,-0.200000,0.100000,0.018333,-0.028337,0.043584,0.067295,-0.212258,0.096642
11.377974,4.142989,-2.799222,0.000000,21.200640,-37.496314,0.255535,4.008180,-2.767746,0.021274,0.020000,-0.030000,0.050000,0.100000,-0.200000,0.100000,0.018333,-0.028337,0.043584,0.067295,-0.212258,0.096642
11.382649,4.149520,-2.789531,0.000000,21.219843,-37.513278,0.256911,4.014155,-2.758226,0.021290,0.020000,-0.030000,0.050000,0.100000,-0.200000,0.100000,0.018333,-0.028337,0.043584,0.067295,-0.212258,0.096642
11.387700,4.156551,-2.779043,0.000000,21.240561,-37.531611,0.258400,4.020584,-2.747926,0.021308,0.020000,-0.030000,0.050000,0.100000,-0.200000,0.100000,0.018333,-0.028337,0.043584,0.067295,-0.212258,0.096642
11.393143,4.164099,-2.767721,0.000000,21.262856,-37.551375,0.260007,4.027481,-2.736808,0.021325,0.020000,-0.030000,0.050000,0.100000,-0.200000,0.100000,0.018333,-0.028337,0.043584,0.067295,-0.212258,0.096642
11.398480,4.171470,-2.756599,0.000000,21.284685,-37.570762,0.261584,4.034213,-2.725888,0.021342,0.020000,-0.030000,0.050000,0.100000,-0.200000,0.100000,0.018333,-0.028337,0.043584,0.067295,-0.212258,0.096642
11.403056,4.177767,-2.747046,0.000000,21.303376,-37.587389,0.262938,4.039962,-2.716510,0.021355,0.020000,-0.030000,0.050000,0.100000,-0.200000,0.100000,0.018333,-0.028337,0.043584,0.067295,-0.212258,0.096642
11.408349,4.185022,-2.735980,0.000000,21.324963,-37.606623,0.264505,4.046583,-2.705646,0.021369,0.020000,-0.030000,0.050000,0.100000,-0.200000,0.100000,0.018333,-0.028337,0.043584,0.067295,-0.212258,0.096642
11.412964,4.191323,-2.726318,0.000000,21.343757,-37.623396,0.265873,4.052330,-2.696160,0.021380,0.020000,-0.030000,0.050000,0.100000,-0.200000,0.100000,0.018333,-0.028337,0.043584,0.067295,-0.212258,0.096642
11.417573,4.197596,-2.716650,0.000000,21.362507,-37.640156,0.267241,4.058050,-2.686669,0.021392,0.020000,-0.030000,0.050000,0.100000,-0.200000,0.100000,0.018333,-0.028337,0.043584,0.067295,-0.212258,0.096642
11.422514,4.204294,-2.706272,0.000000,21.382577,-37.658126,0.268711,4.064154,-2.676483,0.021404,0.020000,-0.030000,0.050000,0.100000,-0.200000,0.100000,0.018333,-0.028337,0.043584,0.067295,-0.212258,0.096642
11.427062,4.210437,-2.696706,0.000000,21.401023,-37.674671,0.270065,4.069748,-2.667096,0.021416,0.020000,-0.030000,0.050000,0.100000,-0.200000,0.100000,0.018333,-0.028337,0.043584,0.067295,-0.212258,0.096642
11.432561,4.217836,-2.685118,0.000000,21.423302,-37.694687,0.271706,4.076484,-2.655727,0.021429,0.020000,-0.030000,0.050000,0.100000,-0.200000,0.100000,0.018333,-0.028337,0.043584,0.067295,-0.212258,0.096642
11.437976,4.225091,-2.673688,0.000000,21.445202,-37.714403,0.273324,4.083084,-2.644514,0.021442,0.020000,-0.030000,0.050000,0.100000,-0.200000,0.100000,0.018333,-0.028337,0.043584,0.067295,-0.212258,0.096642
11.443155,4.232000,-2.662739,0.000000,21.466114,-37.733266,0.274876,4.089364,-2.633774,0.021456,0.020000,-0.030000,0.050000,0.100000,-0.200000,0.100000,0.018333,-0.028337,0.043584,0.067295,-0.212258,0.096642
11.448148,4.238635,-2.652164,0.000000,21.486250,-37.751462,0.276374,4.095391,-2.623404,0.021469,0.020000,-0.030000,0.050000,0.100000,-0.200000,0.100000,0.018333,-0.028337,0.043584,0.067295,-0.212258,0.096642
11.453234,4.245365,-2.641377,0.000000,21.506726,-37.770001,0.277900,4.101501,-2.612827,0.021479,0.020000,-0.030000,0.050000,0.100000,-0.200000,0.100000,0.018333,-0.028337,0.043584,0.067295,-0.212258,0.096642
11.458191,4.251898,-2.630849,0.000000,21.526654,-37.788074,0.279389,4.107430,-2.602503,0.021490,0.020000,-0.030000,0.050000,0.100000,-0.200000,0.100000,0.018333,-0.028337,0.043584,0.067295,-0.212258,0.096642
11.462887,4.258064,-2.620857,0.000000,21.545508,-37.805202,0.280803,4.113022,-2.592706,0.021500,0.020000,-0.030000,0.050000,0.100000,-0.200000,0.100000,0.018333,-0.028337,0.043584,0.067295,-0.212258,0.096642
11.468374,4.265238,-2.609165,0.000000,21.567506,-37.825224,0.282458,4.119525,-2.581243,0.021512,0.020000,-0.030000,0.050000,0.100000,-0.200000,0.100000,0.018333,-0.028337,0.043584,0.067295,-0.212258,0.096642
11.473527,4.271947,-2.598167,0.000000,21.588132,-37.844034,0.284016,4.125602,-2.570462,0.021525,0.020000,-0.030000,0.050000,0.100000,-0.200000,0.100000,0.018333,-0.028337,0.043584,0.067295,-0.212258,0.096642
11.478864,4.278865,-2.586757,0.000000,21.609462,-37.863523,0.285632,4.131865,-2.559277,0.021537,0.020000,-0.030000,0.050000,0.100000,-0.200000,0.100000,0.018333,-0.028337,0.043584,0.067295,-0.212258,0.096642
11.483895,4.285358,-2.575987,0.000000,21.629534,-37.881898,0.287157,4.137739,-2.548718,0.021549,0.020000,-0.030000,0.050000,0.100000,-0.200000,0.100000,0.018333,-0.028337,0.043584,0.067295,-0.212258,0.096642
11.488441,4.291203,-2.566239,0.000000,21.647650,-37.898510,0.288539,4.143024,-2.539162,0.021560,0.020000,-0.030000,0.050000,0.100000,-0.200000,0.100000,0.018333,-0.028337,0.043584,0.067295,-0.212258,0.096642
11.493215,4.297315,-2.555989,0.000000,21.666643,-37.915956,0.289993,4.148547,-2.529115,0.021573,0.020000,-0.030000,0.050000,0.100000,-0.200000,0.100000,0.018333,-0.028337,0.043584,0.067295,-0.212258,0.096642
11.498125,4.303577,-2.545432,0.000000,21.686151,-37.933909,0.291492,4.154202,-2.518766,0.021588,0.020000,-0.030000,0.050000,0.100000,-0.200000,0.100000,0.018333,-0.028337,0.043584,0.067295,-0.212258,0.096642
11.502884,4.309622,-2.535184,0.000000,21.705030,-37.951317,0.292948,4.159656,-2.508721,0.021602,0.020000,-0.030000,0.050000,0.100000,-0.200000,0.100000,0.018333,-0.028337,0.043584,0.067295,-0.212258,0.096642
11.507998,4.316091,-2.524155,0.000000,21.725290,-37.970033,0.294515,4.165488,-2.497912,0.021618,0.020000,-0.030000,0.050000,0.100000,-0.200000,0.100000,0.018333,-0.028337,0.043584,0.067295,-0.212258,0.096642
11.513419,4.322916,-2.512448,0.000000,21.746728,-37.989878,0.296179,4.171637,-2.486439,0.021636,0.020000,-0.030000,0.050000,0.100000,-0.200000,0.100000,0.018333,-0.028337,0.043584,0.067295,-0.212258,0.096642
11.517987,4.328643,-2.502569,0.000000,21.764765,-38.006608,0.297584,4.176791,-2.476758,0.021651,0.020000,-0.030000,0.050000,0.100000,-0.200000,0.100000,0.018333,-0.028337,0.043584,0.067295,-0.212258,0.096642
11.523396,4.335397,-2.490851,0.000000,21.786095,-38.026432,0.299250,4.182865,-2.465276,0.021668,0.020000,-0.030000,0.050000,0.100000,-0.200000,0.100000,0.018333,-0.028337,0.043584,0.067295,-0.212258,0.096642
11.528807,4.342119,-2.479114,0.000000,21.807392,-38.046267,0.300918,4.188906,-2.453780,0.021685,0.020000,-0.030000,0.050000,0.100000,-0.200000,0.100000,0.018333,-0.028337,0.043584,0.067295,-0.212258,0.096642
11.534257,4.348858,-2.467272,0.000000,21.828810,-38.066259,0.302600,4.194957,-2.442182,0.021701,0.020000,-0.030000,0.050000,0.100000,-0.200000,0.100000,0.018333,-0.028337,0.043584,0.067295,-0.212258,0.096642
11.539312,4.355081,-2.456271,0.000000,21.848647,-38.084812,0.304164,4.200541,-2.431408,0.021716,0.020000,-0.030000,0.050000,0.100000,-0.200000,0.100000,0.018333,-0.028337,0.043584,0.067295,-0.212258,0.096642
11.544806,4.361812,-2.444299,0.000000,21.870169,-38.104982,0.305868,4.206576,-2.419683,0.021734,0.020000,-0.030000,0.050000,0.100000,-0.200000,0.100000,0.018333,-0.028337,0.043584,0.067295,-0.212258,0.096642
11.549958,4.368094,-2.433055,0.000000,21.890319,-38.123905,0.307467,4.250693,-2.375579,0.013583,0.020000,-0.030000,0.050000,0.100000,-0.200000,0.100000,0.018346,-0.028452,0.044939,0.068550,-0.208719,0.097036
11.555277,4.374549,-2.421430,0.000000,21.911088,-38.143452,0.309122,4.256613,-2.364043,0.013580,0.020000,-0.030000,0.050000,0.100000,-0.200000,0.100000,0.018346,-0.028452,0.044939,0.068550,-0.208719,0.097036
11.560460,4.380809,-2.410086,0.000000,21.931292,-38.162507,0.310737,4.262351,-2.352785,0.013579,0.020000,-0.030000,0.050000,0.100000,-0.200000,0.100000,0.018346,-0.028452,0.044939,0.068550,-0.208719,0.097036
11.565920,4.387372,-2.398117,0.000000,21.952544,-38.182590,0.312443,4.268363,-2.340908,0.013577,0.020000,-0.030000,0.050000,0.100000,-0.200000,0.100000,0.018346,-0.028452,0.044939,0.068550,-0.208719,0.097036
11.571083,4.393549,-2.386782,0.000000,21.972609,-38.201591,0.314057,4.274019,-2.329660,0.013576,0.020000,-0.030000,0.050000,0.100000,-0.200000,0.100000,0.018346,-0.028452,0.044939,0.068550,-0.208719,0.097036
11.575608,4.398938,-2.376835,0.000000,21.990167,-38.218249,0.315474,4.278952,-2.319790,0.013573,0.020000,-0.030000,0.050000,0.100000,-0.200000,0.100000,0.018346,-0.028452,0.044939,0.068550,-0.208719,0.097036
11.580990,4.405318,-2.364989,0.000000,22.011020,-38.238070,0.317159,4.284790,-2.308037,0.013569,0.020000,-0.030000,0.050000,0.100000,-0.200000,0.100000,0.018346,-0.028452,0.044939,0.068550,-0.208719,0.097036
11.586337,4.411625,-2.353203,0.000000,22.031706,-38.257774,0.318836,4.290559,-2.296343,0.013564,0.020000,-0.030000,0.050000,0.100000,-0.200000,0.100000,0.018346,-0.028452,0.044939,0.068550,-0.208719,0.097036
11.591157,4.417283,-2.342566,0.000000,22.050320,-38.275539,0.320351,4.295731,-2.285789,0.013562,0.020000,-0.030000,0.050000,0.100000,-0.200000,0.100000,0.018346,-0.028452,0.044939,0.068550,-0.208719,0.097036
11.595669,4.422557,-2.332593,0.000000,22.067724,-38.292181,0.321773,4.300550,-2.275893,0.013560,0.020000,-0.030000,0.050000,0.100000,-0.200000,0.100000,0.018346,-0.028452,0.044939,0.068550,-0.208719,0.097036
11.601116,4.428893,-2.320540,0.000000,22.088697,-38.312277,0.323491,4.306335,-2.263935,0.013558,0.020000,-0.030000,0.050000,0.100000,-0.200000,0.100000,0.018346,-0.028452,0.044939,0.068550,-0.208719,0.097036
11.605754,4.434262,-2.310264,0.000000,22.106527,-38.329399,0.324956,4.311233,-2.253740,0.013556,0.020000,-0.030000,0.050000,0.100000,-0.200000,0.100000,0.018346,-0.028452,0.044939,0.068550,-0.208719,0.097036
11.610465,4.439692,-2.299812,0.000000,22.124613,-38.346803,0.326447,4.316183,-2.243371,0.013554,0.020000,-0.030000,0.050000,0.100000,-0.200000,0.100000,0.018346,-0.028452,0.044939,0.068550,-0.208719,0.097036
11.615949,4.445981,-2.287630,0.000000,22.145630,-38.367069,0.328185,4.321910,-2.231289,0.013553,0.020000,-0.030000,0.050000,0.100000,-0.200000,0.100000,0.018346,-0.028452,0.044939,0.068550,-0.208719,0.097036
11.620997,4.451742,-2.276400,0.000000,22.164947,-38.385738,0.329790,4.327154,-2.220149,0.013553,0.020000,-0.030000,0.050000,0.100000,-0.200000,0.100000,0.018346,-0.028452,0.044939,0.068550,-0.208719,0.097036
11.626439,4.457918,-2.264280,0.000000,22.185734,-38.405869,0.331524,4.332773,-2.208127,0.013556,0.020000,-0.030000,0.050000,0.100000,-0.200000,0.100000,0.018346,-0.028452,0.044939,0.068550,-0.208719,0.097036
11.631856,4.464035,-2.252197,0.000000,22.206395,-38.425921,0.333254,4.338335,-2.196144,0.013559,0.020000,-0.030000,0.050000,0.100000,-0.200000,0.100000,0.018346,-0.028452,0.044939,0.068550,-0.208719,0.097036
11.637169,4.470002,-2.240330,0.000000,22.226624,-38.445600,0.334953,4.343757,-2.184375,0.013563,0.020000,-0.030000,0.050000,0.100000,-0.200000,0.100000,0.018346,-0.028452,0.044939,0.068550,-0.208719,0.097036
11.642610,4.476081,-2.228160,0.000000,22.247308,-38.465767,0.336697,4.349277,-2.172306,0.013567,0.020000,-0.030000,0.050000,0.100000,-0.200000,0.100000,0.018346,-0.028452,0.044939,0.068550,-0.208719,0.097036
11.647856,4.481910,-2.216413,0.000000,22.267213,-38.485217,0.338380,4.354566,-2.160657,0.013570,0.020000,-0.030000,0.050000,0.100000,-0.200000,0.100000,0.018346,-0.028452,0.044939,0.068550,-0.208719,0.097036
11.653034,4.487633,-2.204802,0.000000,22.286830,-38.504426,0.340042,4.359758,-2.149145,0.013572,0.020000,-0.030000,0.050000,0.100000,-0.200000,0.100000,0.018346,-0.028452,0.044939,0.068550,-0.208719,0.097036
11.657726,4.492793,-2.194267,0.000000,22.304582,-38.521844,0.341550,4.364437,-2.138699,0.013574,0.020000,-0.030000,0.050000,0.100000,-0.200000,0.100000,0.018346,-0.028452,0.044939,0.068550,-0.208719,0.097036
11.663167,4.498746,-2.182036,0.000000,22.325134,-38.542053,0.343301,4.369831,-2.126574,0.013575,0.020000,-0.030000,0.050000,0.100000,-0.200000,0.100000,0.018346,-0.028452,0.044939,0.068550,-0.208719,0.097036
11.668196,4.504219,-2.170718,0.000000,22.344098,-38.560744,0.344921,4.374785,-2.115355,0.013576,0.020000,-0.030000,0.050000,0.100000,-0.200000,0.100000,0.018346,-0.028452,0.044939,0.068550,-0.208719,0.097036
11.673212,4.509649,-2.159414,0.000000,22.362983,-38.579398,0.346539,4.379698,-2.104152,0.013575,0.020000,-0.030000,0.050000,0.100000,-0.200000,0.100000,0.018346,-0.028452,0.044939,0.068550,-0.208719,0.097036
11.678178,4.514997,-2.148210,0.000000,22.381651,-38.597879,0.348141,4.384533,-2.093048,0.013574,0.020000,-0.030000,0.050000,0.100000,-0.200000,0.100000,0.018346,-0.028452,0.044939,0.068550,-0.208719,0.097036
11.682835,4.519986,-2.137692,0.000000,22.399127,-38.615217,0.349646,4.389039,-2.082627,0.013573,0.020000,-0.030000,0.050000,0.100000,-0.200000,0.100000,0.018346,-0.028452,0.044939,0.068550,-0.208719,0.097036
11.688234,4.525740,-2.125483,0.000000,22.419359,-38.635333,0.351394,4.394233,-2.070530,0.013573,0.020000,-0.030000,0.050000,0.100000,-0.200000,0.100000,0.018346,-0.028452,0.044939,0.068550,-0.208719,0.097036
11.693337,4.531149,-2.113928,0.000000,22.438451,-38.654359,0.353049,4.399112,-2.059084,0.013573,0.020000,-0.030000,0.050000,0.100000,-0.200000,0.100000,0.018346,-0.028452,0.044939,0.068550,-0.208719,0.097036
11.698215,4.536292,-2.102869,0.000000,22.456674,-38.672557,0.354633,4.403749,-2.048131,0.013573,0.020000,-0.030000,0.050000,0.100000,-0.200000,0.100000,0.018346,-0.028452,0.044939,0.068550,-0.208719,0.097036
11.703557,4.541892,-2.090746,0.000000,22.476598,-38.692499,0.356370,4.408795,-2.036126,0.013573,0.020000,-0.030000,0.050000,0.100000,-0.200000,0.100000,0.018346,-0.028452,0.044939,0.068550,-0.208719,0.097036
11.708841,4.547400,-2.078738,0.000000,22.496274,-38.712241,0.358090,4.413753,-2.024238,0.013572,0.020000,-0.030000,0.050000,0.100000,-0.200000,0.100000,0.018346,-0.028452,0.044939,0.068550,-0.208719,0.097036
11.713376,4.552102,-2.068422,0.000000,22.513131,-38.729192,0.359566,4.417981,-2.014026,0.013569,0.020000,-0.030000,0.050000,0.100000,-0.200000,0.100000,0.018346,-0.028452,0.044939,0.068550,-0.208719,0.097036
11.718328,4.557210,-2.057144,0.000000,22.531514,-38.747715,0.361179,4.422574,-2.002860,0.013565,0.020000,-0.030000,0.050000,0.100000,-0.200000,0.100000,0.018346,-0.028452,0.044939,0.068550,-0.208719,0.097036
11.723478,4.562491,-2.045403,0.000000,22.550599,-38.766985,0.362858,4.427320,-1.991237,0.013561,0.020000,-0.030000,0.050000,0.100000,-0.200000,0.100000,0.018346,-0.028452,0.044939,0.068550,-0.208719,0.097036
11.728380,4.567491,-2.034214,0.000000,22.568740,-38.785341,0.364459,4.431812,-1.980162,0.013556,0.020000,-0.030000,0.050000,0.100000,-0.200000,0.100000,0.018346,-0.028452,0.044939,0.068550,-0.208719,0.097036
11.733177,4.572357,-2.023253,0.000000,22.586464,-38.803315,0.366026,4.436180,-1.969312,0.013550,0.020000,-0.030000,0.050000,0.100000,-0.200000,0.100000,0.018346,-0.028452,0.044939,0.068550,-0.208719,0.097036
11.737853,4.577074,-2.012559,0.000000,22.603710,-38.820845,0.367554,4.440409,-1.958728,0.013544,0.020000,-0.030000,0.050000,0.100000,-0.200000,0.100000,0.018346,-0.028452,0.044939,0.068550,-0.208719,0.097036
11.742552,4.581790,-2.001799,0.000000,22.621016,-38.838476,0.369093,4.444632,-1.948079,0.013538,0.020000,-0.030000,0.050000,0.100000,-0.200000,0.100000,0.018346,-0.028452,0.044939,0.068550,-0.208719,0.097036
11.747205,4.586435,-1.991134,0.000000,22.638126,-38.855943,0.370617,4.448788,-1.937525,0.013531,0.020000,-0.030000,0.050000,0.100000,-0.200000,0.100000,0.018346,-0.028452,0.044939,0.068550,-0.208719,0.097036
11.752168,4.591362,-1.979746,0.000000,22.656348,-38.874588,0.372242,4.513607,-1.911483,-0.007686,0.020000,-0.030000,0.050000,0.100000,-0.200000,0.100000,0.018339,-0.028531,0.046494,0.068172,-0.204638,0.097744
11.757576,4.596698,-1.967324,0.000000,22.676170,-38.894918,0.374016,4.518586,-1.899054,-0.007736,0.020000,-0.030000,0.050000,0.100000,-0.200000,0.100000,0.018339,-0.028531,0.046494,0.068172,-0.204638,0.097744
11.762151,4.601187,-1.956804,0.000000,22.692913,-38.912130,0.375519,4.522771,-1.888528,-0.007777,0.020000,-0.030000,0.050000,0.100000,-0.200000,0.100000,0.018339,-0.028531,0.046494,0.068172,-0.204638,0.097744
11.766719,4.605644,-1.946289,0.000000,22.709605,-38.929325,0.377022,4.526925,-1.878008,-0.007819,0.020000,-0.030000,0.050000,0.100000,-0.200000,0.100000,0.018339,-0.028531,0.046494,0.068172,-0.204638,0.097744
11.771284,4.610074,-1.935772,0.000000,22.726259,-38.946520,0.378525,4.531051,-1.867486,-0.007860,0.020000,-0.030000,0.050000,0.100000,-0.200000,0.100000,0.018339,-0.028531,0.046494,0.068172,-0.204638,0.097744
11.775824,4.614457,-1.925301,0.000000,22.742799,-38.963635,0.380022,4.535129,-1.857011,-0.007902,0.020000,-0.030000,0.050000,0.100000,-0.200000,0.100000,0.018339,-0.028531,0.046494,0.068172,-0.204638,0.097744
11.780410,4.618860,-1.914715,0.000000,22.759479,-38.980933,0.381534,4.539223,-1.846421,-0.007946,0.020000,-0.030000,0.050000,0.100000,-0.200000,0.100000,0.018339,-0.028531,0.046494,0.068172,-0.204638,0.097744
11.785830,4.624032,-1.902191,0.000000,22.779160,-39.001389,0.383322,4.544030,-1.833891,-0.007998,0.020000,-0.030000,0.050000,0.100000,-0.200000,0.100000,0.018339,-0.028531,0.046494,0.068172,-0.204638,0.097744
11.790492,4.628453,-1.891408,0.000000,22.796059,-39.018995,0.384864,4.548138,-1.823103,-0.008042,0.020000,-0.030000,0.050000,0.100000,-0.200000,0.100000,0.018339,-0.028531,0.046494,0.068172,-0.204638,0.097744
11.795509,4.633183,-1.879791,0.000000,22.814218,-39.037956,0.386526,4.552530,-1.811482,-0.008088,0.020000,-0.030000,0.050000,0.100000,-0.200000,0.100000,0.018339,-0.028531,0.046494,0.068172,-0.204638,0.097744
11.800425,4.637789,-1.868399,0.000000,22.831979,-39.056546,0.388157,4.556804,-1.800085,-0.008133,0.020000,-0.030000,0.050000,0.100000,-0.200000,0.100000,0.018339,-0.028531,0.046494,0.068172,-0.204638,0.097744
11.805732,4.642731,-1.856084,0.000000,22.851125,-39.076634,0.389920,4.561387,-1.787765,-0.008182,0.020000,-0.030000,0.050000,0.100000,-0.200000,0.100000,0.018339,-0.028531,0.046494,0.068172,-0.204638,0.097744
11.811078,4.647675,-1.843669,0.000000,22.870373,-39.096879,0.391699,4.565969,-1.775346,-0.008230,0.020000,-0.030000,0.050000,0.100000,-0.200000,0.100000,0.018339,-0.028531,0.046494,0.068172,-0.204638,0.097744
11.816218,4.652398,-1.831718,0.000000,22.888851,-39.116363,0.393414,4.570344,-1.763391,-0.008275,0.020000,-0.030000,0.050000,0.100000,-0.200000,0.100000,0.018339,-0.028531,0.046494,0.068172,-0.204638,0.097744
11.821451,4.657175,-1.819539,0.000000,22.907630,-39.136213,0.395164,4.574767,-1.751209,-0.008318,0.020000,-0.030000,0.050000,0.100000,-0.200000,0.100000,0.018339,-0.028531,0.046494,0.068172,-0.204638,0.097744
11.826257,4.661534,-1.808342,0.000000,22.924850,-39.154456,0.396774,4.578802,-1.740010,-0.008357,0.020000,-0.030000,0.050000,0.100000,-0.200000,0.100000,0.018339,-0.028531,0.046494,0.068172,-0.204638,0.097744
11.831063,4.665866,-1.797136,0.000000,22.942042,-39.172711,0.398386,4.582811,-1.728801,-0.008396,0.020000,-0.030000,0.050000,0.100000,-0.200000,0.100000,0.018339,-0.028531,0.046494,0.068172,-0.204638,0.097744
11.836166,4.670436,-1.785224,0.000000,22.960269,-39.192109,0.400099,4.587038,-1.716886,-0.008438,0.020000,-0.030000,0.050000,0.100000,-0.200000,0.100000,0.018339,-0.028531,0.046494,0.068172,-0.204638,0.097744
11.840701,4.674472,-1.774630,0.000000,22.976435,-39.209356,0.401624,4.590767,-1.706289,-0.008475,0.020000,-0.030000,0.050000,0.100000,-0.200000,0.100000,0.018339,-0.028531,0.046494,0.068172,-0.204638,0.097744
11.845661,4.678859,-1.763031,0.000000,22.994094,-39.228236,0.403294,4.594820,-1.694685,-0.008515,0.020000,-0.030000,0.050000,0.100000,-0.200000,0.100000,0.018339,-0.028531,0.046494,0.068172,-0.204638,0.097744
11.850866,4.683431,-1.750849,0.000000,23.012591,-39.248058,0.405050,4.599043,-1.682498,-0.008556,0.020000,-0.030000,0.050000,0.100000,-0.200000,0.100000,0.018339,-0.028531,0.046494,0.068172,-0.204638,0.097744
11.855665,4.687619,-1.739606,0.000000,23.029618,-39.266350,0.406672,4.602908,-1.671250,-0.008592,0.020000,-0.030000,0.050000,0.100000,-0.200000,0.100000,0.018339,-0.028531,0.046494,0.068172,-0.204638,0.097744
11.861009,4.692250,-1.727074,0.000000,23.048547,-39.286735,0.408480,4.607181,-1.658714,-0.008633,0.020000,-0.030000,0.050000,0.100000,-0.200000,0.100000,0.018339,-0.028531,0.046494,0.068172,-0.204638,0.097744
11.865697,4.696286,-1.716071,0.000000,23.065124,-39.304632,0.410070,4.610901,-1.647708,-0.008667,0.020000,-0.030000,0.050000,0.100000,-0.200000,0.100000,0.018339,-0.028531,0.046494,0.068172,-0.204638,0.097744
11.870886,4.700722,-1.703881,0.000000,23.083442,-39.324455,0.411832,4.614988,-1.635516,-0.008705,0.020000,-0.030000,0.050000,0.100000,-0.200000,0.100000,0.018339,-0.028531,0.046494,0.068172,-0.204638,0.097744
11.876321,4.705335,-1.691100,0.000000,23.102595,-39.345238,0.413678,4.619235,-1.622731,-0.008746,0.020000,-0.030000,0.050000,0.100000,-0.200000,0.100000,0.018339,-0.028531,0.046494,0.068172,-0.204638,0.097744
11.881453,4.709659,-1.679021,0.000000,23.120646,-39.364875,0.415422,4.623213,-1.610649,-0.008786,0.020000,-0.030000,0.050000,0.100000,-0.200000,0.100000,0.018339,-0.028531,0.046494,0.068172,-0.204638,0.097744
11.886824,4.714151,-1.666368,0.000000,23.139505,-39.385442,0.417248,4.627344,-1.597992,-0.008830,0.020000,-0.030000,0.050000,0.100000,-0.200000,0.100000,0.018339,-0.028531,0.046494,0.068172,-0.204638,0.097744
11.892235,4.718642,-1.653607,0.000000,23.158471,-39.406182,0.419088,4.631471,-1.585228,-0.008876,0.020000,-0.030000,0.050000,0.100000,-0.200000,0.100000,0.018339,-0.028531,0.046494,0.068172,-0.204638,0.097744
11.897391,4.722889,-1.641437,0.000000,23.176511,-39.425960,0.420843,4.635372,-1.573055,-0.008921,0.020000,-0.030000,0.050000,0.100000,-0.200000,0.100000,0.018339,-0.028531,0.046494,0.068172,-0.204638,0.097744
11.902389,4.726977,-1.629628,0.000000,23.193970,-39.445149,0.422545,4.639124,-1.561243,-0.008966,0.020000,-0.030000,0.050000,0.100000,-0.200000,0.100000,0.018339,-0.028531,0.046494,0.068172,-0.204638,0.097744
11.907646,4.731244,-1.617199,0.000000,23.212298,-39.465344,0.424336,4.643038,-1.548811,-0.009013,0.020000,-0.030000,0.050000,0.100000,-0.200000,0.100000,0.018339,-0.028531,0.046494,0.068172,-0.204638,0.097744
11.912405,4.735079,-1.605936,0.000000,23.228865,-39.483645,0.425960,4.646553,-1.537546,-0.009056,0.020000,-0.030000,0.050000,0.100000,-0.200000,0.100000,0.018339,-0.028531,0.046494,0.068172,-0.204638,0.097744
11.917901,4.739474,-1.592919,0.000000,23.247961,-39.504795,0.427837,4.650577,-1.524526,-0.009106,0.020000,-0.030000,0.050000,0.100000,-0.200000,0.100000,0.018339,-0.028531,0.046494,0.068172,-0.204638,0.097744
11.923116,4.743611,-1.580555,0.000000,23.266046,-39.524883,0.429621,4.654362,-1.512158,-0.009153,0.020000,-0.030000,0.050000,0.100000,-0.200000,0.100000,0.018339,-0.028531,0.046494,0.068172,-0.204638,0.097744
11.927666,4.747195,-1.569757,0.000000,23.281801,-39.542424,0.431180,4.657638,-1.501358,-0.009194,0.020000,-0.030000,0.050000,0.100000,-0.200000,0.100000,0.018339,-0.028531,0.046494,0.068172,-0.204638,0.097744
11.932915,4.751299,-1.557293,0.000000,23.299944,-39.562673,0.432979,4.661387,-1.488890,-0.009241,0.020000,-0.030000,0.050000,0.100000,-0.200000,0.100000,0.018339,-0.028531,0.046494,0.068172,-0.204638,0.097744
11.937989,4.755234,-1.545235,0.000000,23.317449,-39.582263,0.434722,4.664980,-1.476829,-0.009286,0.020000,-0.030000,0.050000,0.100000,-0.200000,0.100000,0.018339,-0.028531,0.046494,0.068172,-0.204638,0.097744
11.943076,4.759149,-1.533136,0.000000,23.334969,-39.601920,0.436470,4.668550,-1.464726,-0.009331,0.020000,-0.030000,0.050000,0.100000,-0.200000,0.100000,0.018339,-0.028531,0.046494,0.068172,-0.204638,0.097744
11.948434,4.763239,-1.520380,0.000000,23.353389,-39.622644,0.438314,4.672276,-1.451968,-0.009379,0.020000,-0.030000,0.050000,0.100000,-0.200000,0.100000,0.018339,-0.028531,0.046494,0.068172,-0.204638,0.097744
11.953635,4.767177,-1.507987,0.000000,23.371239,-39.642780,0.440105,4.683803,-1.459075,-0.019343,0.020000,-0.030000,0.050000,0.100000,-0.200000,0.100000,0.018321,-0.028495,0.046412,0.067012,-0.204939,0.097972
11.958453,4.770795,-1.496500,0.000000,23.387739,-39.661444,0.441764,4.687113,-1.447624,-0.019400,0.020000,-0.030000,0.050000,0.100000,-0.200000,0.100000,0.018321,-0.028495,0.046412,0.067012,-0.204939,0.097972
11.963532,4.774580,-1.484380,0.000000,23.405106,-39.681139,0.443516,4.690573,-1.435541,-0.019461,0.020000,-0.030000,0.050000,0.100000,-0.200000,0.100000,0.018321,-0.028495,0.046412,0.067012,-0.204939,0.097972
11.968614,4.778337,-1.472242,0.000000,23.422454,-39.700864,0.445271,4.694006,-1.423441,-0.019521,0.020000,-0.030000,0.050000,0.100000,-0.200000,0.100000,0.018321,-0.028495,0.046412,0.067012,-0.204939,0.097972
11.973404,4.781849,-1.460795,0.000000,23.438778,-39.719470,0.446927,4.697213,-1.412030,-0.019577,0.020000,-0.030000,0.050000,0.100000,-0.200000,0.100000,0.018321,-0.028495,0.046412,0.067012,-0.204939,0.097972
11.978469,4.785533,-1.448679,0.000000,23.456012,-39.739162,0.448680,4.700577,-1.399954,-0.019637,0.020000,-0.030000,0.050000,0.100000,-0.200000,0.100000,0.018321,-0.028495,0.046412,0.067012,-0.204939,0.097972
11.983230,4.788968,-1.437283,0.000000,23.472184,-39.757686,0.450330,4.703711,-1.388596,-0.019694,0.020000,-0.030000,0.050000,0.100000,-0.200000,0.100000,0.018321,-0.028495,0.046412,0.067012,-0.204939,0.097972
11.988576,4.792793,-1.424477,0.000000,23.490312,-39.778504,0.452183,4.707199,-1.375832,-0.019758,0.020000,-0.030000,0.050000,0.100000,-0.200000,0.100000,0.018321,-0.028495,0.046412,0.067012,-0.204939,0.097972
11.993481,4.796272,-1.412719,0.000000,23.506915,-39.797622,0.453886,4.710370,-1.364111,-0.019817,0.020000,-0.030000,0.050000,0.100000,-0.200000,0.100000,0.018321,-0.028495,0.046412,0.067012,-0.204939,0.097972
11.998154,4.799560,-1.401507,0.000000,23.522706,-39.815852,0.455510,4.713363,-1.352936,-0.019873,0.020000,-0.030000,0.050000,0.100000,-0.200000,0.100000,0.018321,-0.028495,0.046412,0.067012,-0.204939,0.097972
12.003482,4.803277,-1.388717,0.000000,23.540676,-39.836655,0.457363,4.716741,-1.340188,-0.019937,0.020000,-0.030000,0.050000,0.100000,-0.200000,0.100000,0.018321,-0.028495,0.046412,0.067012,-0.204939,0.097972
12.008680,4.806870,-1.376229,0.000000,23.558177,-39.856972,0.459173,4.720003,-1.327742,-0.019999,0.020000,-0.030000,0.050000,0.100000,-0.200000,0.100000,0.018321,-0.028495,0.046412,0.067012,-0.204939,0.097972
12.013686,4.810299,-1.364193,0.000000,23.575000,-39.876555,0.460918,4.723114,-1.315749,-0.020059,0.020000,-0.030000,0.050000,0.100000,-0.200000,0.100000,0.018321,-0.028495,0.046412,0.067012,-0.204939,0.097972
12.018546,4.813600,-1.352499,0.000000,23.591306,-39.895588,0.462614,4.726105,-1.304096,-0.020118,0.020000,-0.030000,0.050000,0.100000,-0.200000,0.100000,0.018321,-0.028495,0.046412,0.067012,-0.204939,0.097972
12.023573,4.816984,-1.340397,0.000000,23.608140,-39.915291,0.464370,4.729167,-1.292038,-0.020178,0.020000,-0.030000,0.050000,0.100000,-0.200000,0.100000,0.018321,-0.028495,0.046412,0.067012,-0.204939,0.097972
12.028107,4.820010,-1.329473,0.000000,23.623298,-39.933078,0.465956,4.731903,-1.281153,-0.020232,0.020000,-0.030000,0.050000,0.100000,-0.200000,0.100000,0.018321,-0.028495,0.046412,0.067012,-0.204939,0.097972
12.033553,4.823613,-1.316343,0.000000,23.641473,-39.954461,0.467862,4.735157,-1.268068,-0.020298,0.020000,-0.030000,0.050000,0.100000,-0.200000,0.100000,0.018321,-0.028495,0.046412,0.067012,-0.204939,0.097972
12.038848,4.827081,-1.303568,0.000000,23.659111,-39.975270,0.469715,4.738287,-1.255339,-0.020364,0.020000,-0.030000,0.050000,0.100000,-0.200000,0.100000,0.018321,-0.028495,0.046412,0.067012,-0.204939,0.097972
12.044292,4.830612,-1.290423,0.000000,23.677211,-39.996691,0.471623,4.741467,-1.242240,-0.020432,0.020000,-0.030000,0.050000,0.100000,-0.200000,0.100000,0.018321,-0.028495,0.046412,0.067012,-0.204939,0.097972
12.049238,4.833788,-1.278473,0.000000,23.693622,-40.016169,0.473358,4.744324,-1.230333,-0.020494,0.020000,-0.030000,0.050000,0.100000,-0.200000,0.100000,0.018321,-0.028495,0.046412,0.067012,-0.204939,0.097972
12.054201,4.836946,-1.266474,0.000000,23.710059,-40.035734,0.475100,4.747159,-1.218377,-0.020556,0.020000,-0.030000,0.050000,0.100000,-0.200000,0.100000,0.018321,-0.028495,0.046412,0.067012,-0.204939,0.097972
12.058952,4.839940,-1.254981,0.000000,23.725764,-40.054479,0.476769,4.749843,-1.206924,-0.020617,0.020000,-0.030000,0.050000,0.100000,-0.200000,0.100000,0.018321,-0.028495,0.046412,0.067012,-0.204939,0.097972
12.064152,4.843187,-1.242393,0.000000,23.742925,-40.075017,0.478598,4.752750,-1.194379,-0.020682,0.020000,-0.030000,0.050000,0.100000,-0.200000,0.100000,0.018321,-0.028495,0.046412,0.067012,-0.204939,0.097972
12.069216,4.846317,-1.230127,0.000000,23.759604,-40.095035,0.480381,4.755548,-1.182158,-0.020746,0.020000,-0.030000,0.050000,0.100000,-0.200000,0.100000,0.018321,-0.028495,0.046412,0.067012,-0.204939,0.097972
12.074471,4.849532,-1.217389,0.000000,23.776882,-40.115832,0.482234,4.758419,-1.169466,-0.020811,0.020000,-0.030000,0.050000,0.100000,-0.200000,0.100000,0.018321,-0.028495,0.046412,0.067012,-0.204939,0.097972
12.079548,4.852607,-1.205073,0.000000,23.793547,-40.135945,0.484027,4.761162,-1.157197,-0.020873,0.020000,-0.030000,0.050000,0.100000,-0.200000,0.100000,0.018321,-0.028495,0.046412,0.067012,-0.204939,0.097972
12.084284,4.855447,-1.193580,0.000000,23.809065,-40.154722,0.485703,4.763695,-1.145747,-0.020930,0.020000,-0.030000,0.050000,0.100000,-0.200000,0.100000,0.018321,-0.028495,0.046412,0.067012,-0.204939,0.097972
12.088814,4.858138,-1.182580,0.000000,23.823886,-40.172697,0.487307,4.766094,-1.134790,-0.020984,0.020000,-0.030000,0.050000,0.100000,-0.200000,0.100000,0.018321,-0.028495,0.046412,0.067012,-0.204939,0.097972
12.094146,4.861274,-1.169622,0.000000,23.841305,-40.193880,0.489197,4.768888,-1.121882,-0.021049,0.020000,-0.030000,0.050000,0.100000,-0.200000,0.100000,0.018321,-0.028495,0.046412,0.067012,-0.204939,0.097972
12.098836,4.864003,-1.158219,0.000000,23.856597,-40.212526,0.490860,4.771316,-1.110525,-0.021106,0.020000,-0.030000,0.050000,0.100000,-0.200000,0.100000,0.018321,-0.028495,0.046412,0.067012,-0.204939,0.097972
12.104015,4.866986,-1.145620,0.000000,23.873454,-40.233138,0.492700,4.773967,-1.097977,-0.021168,0.020000,-0.030000,0.050000,0.100000,-0.200000,0.100000,0.018321,-0.028495,0.046412,0.067012,-0.204939,0.097972
12.108684,4.869647,-1.134257,0.000000,23.888621,-40.251736,0.494360,4.776328,-1.086659,-0.021224,0.020000,-0.030000,0.050000,0.100000,-0.200000,0.100000,0.018321,-0.028495,0.046412,0.067012,-0.204939,0.097972
12.114071,4.872685,-1.121134,0.000000,23.906093,-40.273221,0.496278,4.779018,-1.073587,-0.021288,0.020000,-0.030000,0.050000,0.100000,-0.200000,0.100000,0.018321,-0.028495,0.046412,0.067012,-0.204939,0.097972
12.119302,4.875600,-1.108388,0.000000,23.923019,-40.294098,0.498141,4.781595,-1.060889,-0.021351,0.020000,-0.030000,0.050000,0.100000,-0.200000,0.100000,0.018321,-0.028495,0.046412,0.067012,-0.204939,0.097972
12.124786,4.878621,-1.095013,0.000000,23.940732,-40.316014,0.500096,4.784260,-1.047565,-0.021418,0.020000,-0.030000,0.050000,0.100000,-0.200000,0.100000,0.018321,-0.028495,0.046412,0.067012,-0.204939,0.097972
12.129927,4.881420,-1.082469,0.000000,23.957304,-40.336578,0.501931,4.786724,-1.035066,-0.021481,0.020000,-0.030000,0.050000,0.100000,-0.200000,0.100000,0.018321,-0.028495,0.046412,0.067012,-0.204939,0.097972
12.134604,4.883938,-1.071052,0.000000,23.972352,-40.355303,0.503601,4.788938,-1.023691,-0.021538,0.020000,-0.030000,0.050000,0.100000,-0.200000,0.100000,0.018321,-0.028495,0.046412,0.067012,-0.204939,0.097972
12.139417,4.886501,-1.059294,0.000000,23.987813,-40.374594,0.505322,4.791188,-1.011978,-0.021597,0.020000,-0.030000,0.050000,0.100000,-0.200000,0.100000,0.018321,-0.028495,0.046412,0.067012,-0.204939,0.097972
12.144738,4.889302,-1.046291,0.000000,24.004872,-40.395940,0.507227,4.793642,-0.999023,-0.021661,0.020000,-0.030000,0.050000,0.100000,-0.200000,0.100000,0.018321,-0.028495,0.046412,0.067012,-0.204939,0.097972
12.149412,4.891734,-1.034861,0.000000,24.019830,-40.414710,0.508902,4.795770,-0.987634,-0.021716,0.020000,-0.030000,0.050000,0.100000,-0.200000,0.100000,0.018321,-0.028495,0.046412,0.067012,-0.204939,0.097972
12.154666,4.894436,-1.022007,0.000000,24.036613,-40.435829,0.510788,4.841950,-0.965092,-0.026304,0.020000,-0.030000,0.050000,0.100000,-0.200000,0.100000,0.018322,-0.028529,0.047344,0.066453,-0.202288,0.098134
12.159686,4.896986,-1.009719,0.000000,24.052616,-40.456026,0.512594,4.844300,-0.952757,-0.026371,0.020000,-0.030000,0.050000,0.100000,-0.200000,0.100000,0.018322,-0.028529,0.047344,0.066453,-0.202288,0.098134
12.165149,4.899725,-0.996341,0.000000,24.069996,-40.478028,0.514561,4.846822,-0.939326,-0.026443,0.020000,-0.030000,0.050000,0.100000,-0.200000,0.100000,0.018322,-0.028529,0.047344,0.066453,-0.202288,0.098134
12.169678,4.901969,-0.985241,0.000000,24.084382,-40.496293,0.516195,4.848884,-0.928182,-0.026501,0.020000,-0.030000,0.050000,0.100000,-0.200000,0.100000,0.018322,-0.028529,0.047344,0.066453,-0.202288,0.098134
12.175103,4.904623,-0.971942,0.000000,24.101574,-40.518187,0.518155,4.851319,-0.914828,-0.026570,0.020000,-0.030000,0.050000,0.100000,-0.200000,0.100000,0.018322,-0.028529,0.047344,0.066453,-0.202288,0.098134
12.180440,4.907199,-0.958850,0.000000,24.118455,-40.539752,0.520086,4.853678,-0.901680,-0.026637,0.020000,-0.030000,0.050000,0.100000,-0.200000,0.100000,0.018322,-0.028529,0.047344,0.066453,-0.202288,0.098134
12.185155,4.909446,-0.947279,0.000000,24.133339,-40.558823,0.521794,4.855732,-0.890060,-0.026695,0.020000,-0.030000,0.050000,0.100000,-0.200000,0.100000,0.018322,-0.028529,0.047344,0.066453,-0.202288,0.098134
12.190650,4.912031,-0.933786,0.000000,24.150656,-40.581077,0.523788,4.858093,-0.876510,-0.026761,0.020000,-0.030000,0.050000,0.100000,-0.200000,0.100000,0.018322,-0.028529,0.047344,0.066453,-0.202288,0.098134
12.195395,4.914232,-0.922130,0.000000,24.165580,-40.600310,0.525510,4.860102,-0.864806,-0.026820,0.020000,-0.030000,0.050000,0.100000,-0.200000,0.100000,0.018322,-0.028529,0.047344,0.066453,-0.202288,0.098134
12.200033,4.916357,-0.910732,0.000000,24.180143,-40.619129,0.527195,4.862039,-0.853359,-0.026878,0.020000,-0.030000,0.050000,0.100000,-0.200000,0.100000,0.018322,-0.028529,0.047344,0.066453,-0.202288,0.098134
12.204959,4.918586,-0.898619,0.000000,24.195584,-40.639139,0.528985,4.864067,-0.841194,-0.026940,0.020000,-0.030000,0.050000,0.100000,-0.200000,0.100000,0.018322,-0.028529,0.047344,0.066453,-0.202288,0.098134
12.209837,4.920763,-0.886621,0.000000,24.210843,-40.658971,0.530759,4.866044,-0.829144,-0.027001,0.020000,-0.030000,0.050000,0.100000,-0.200000,0.100000,0.018322,-0.028529,0.047344,0.066453,-0.202288,0.098134
12.215100,4.923079,-0.873668,0.000000,24.227277,-40.680395,0.532674,4.868145,-0.816135,-0.027068,0.020000,-0.030000,0.050000,0.100000,-0.200000,0.100000,0.018322,-0.028529,0.047344,0.066453,-0.202288,0.098134
12.220317,4.925341,-0.860825,0.000000,24.243533,-40.701652,0.534574,4.870193,-0.803236,-0.027135,0.020000,-0.030000,0.050000,0.100000,-0.200000,0.100000,0.018322,-0.028529,0.047344,0.066453,-0.202288,0.098134
12.224876,4.927290,-0.849594,0.000000,24.257717,-40.720251,0.536234,4.871956,-0.791956,-0.027195,0.020000,-0.030000,0.050000,0.100000,-0.200000,0.100000,0.018322,-0.028529,0.047344,0.066453,-0.202288,0.098134
12.229925,4.929420,-0.837151,0.000000,24.273399,-40.740870,0.538073,4.873881,-0.779460,-0.027262,0.020000,-0.030000,0.050000,0.100000,-0.200000,0.100000,0.018322,-0.028529,0.047344,0.066453,-0.202288,0.098134
12.234874,4.931476,-0.824952,0.000000,24.288741,-40.761099,0.539875,4.875737,-0.767209,-0.027330,0.020000,-0.030000,0.050000,0.100000,-0.200000,0.100000,0.018322,-0.028529,0.047344,0.066453,-0.202288,0.098134
12.239797,4.933491,-0.812811,0.000000,24.303974,-40.781245,0.541670,4.877553,-0.755016,-0.027398,0.020000,-0.030000,0.050000,0.100000,-0.200000,0.100000,0.018322,-0.028529,0.047344,0.066453,-0.202288,0.098134
12.244549,4.935409,-0.801086,0.000000,24.318654,-40.800712,0.543403,4.879279,-0.743241,-0.027464,0.020000,-0.030000,0.050000,0.100000,-0.200000,0.100000,0.018322,-0.028529,0.047344,0.066453,-0.202288,0.098134
12.249979,4.937565,-0.787685,0.000000,24.335393,-40.822977,0.545384,4.881218,-0.729780,-0.027540,0.020000,-0.030000,0.050000,0.100000,-0.200000,0.100000,0.018322,-0.028529,0.047344,0.066453,-0.202288,0.098134
12.254812,4.939455,-0.775750,0.000000,24.350266,-40.842820,0.547149,4.882913,-0.717791,-0.027608,0.020000,-0.030000,0.050000,0.100000,-0.200000,0.100000,0.018322,-0.028529,0.047344,0.066453,-0.202288,0.098134
12.259864,4.941399,-0.763269,0.000000,24.365784,-40.863583,0.548997,4.884653,-0.705253,-0.027677,0.020000,-0.030000,0.050000,0.100000,-0.200000,0.100000,0.018322,-0.028529,0.047344,0.066453,-0.202288,0.098134
12.265121,4.943387,-0.750281,0.000000,24.381897,-40.885208,0.550922,4.886432,-0.692205,-0.027748,0.020000,-0.030000,0.050000,0.100000,-0.200000,0.100000,0.018322,-0.028529,0.047344,0.066453,-0.202288,0.098134
12.270436,4.945364,-0.737140,0.000000,24.398159,-40.907101,0.552872,4.888196,-0.679004,-0.027819,0.020000,-0.030000,0.050000,0.100000,-0.200000,0.100000,0.018322,-0.028529,0.047344,0.066453,-0.202288,0.098134
12.275881,4.947353,-0.723672,0.000000,24.414786,-40.929557,0.554873,4.889967,-0.665472,-0.027890,0.020000,-0.030000,0.050000,0.100000,-0.200000,0.100000,0.018322,-0.028529,0.047344,0.066453,-0.202288,0.098134
12.280758,4.949102,-0.711608,0.000000,24.429646,-40.949689,0.556666,4.891522,-0.653351,-0.027954,0.020000,-0.030000,0.050000,0.100000,-0.200000,0.100000,0.018322,-0.028529,0.047344,0.066453,-0.202288,0.098134
12.285374,4.950732,-0.700183,0.000000,24.443689,-40.968769,0.558363,4.892967,-0.641874,-0.028016,0.020000,-0.030000,0.050000,0.100000,-0.200000,0.100000,0.018322,-0.028529,0.047344,0.066453,-0.202288,0.098134
12.290164,4.952394,-0.688324,0.000000,24.458236,-40.988589,0.560126,4.894438,-0.629961,-0.028081,0.020000,-0.030000,0.050000,0.100000,-0.200000,0.100000,0.018322,-0.028529,0.047344,0.066453,-0.202288,0.098134
12.294878,4.954003,-0.676649,0.000000,24.472527,-41.008115,0.561862,4.895858,-0.618233,-0.028144,0.020000,-0.030000,0.050000,0.100000,-0.200000,0.100000,0.018322,-0.028529,0.047344,0.066453,-0.202288,0.098134
12.299426,4.955529,-0.665381,0.000000,24.486293,-41.026977,0.563539,4.897202,-0.606915,-0.028205,0.020000,-0.030000,0.050000,0.100000,-0.200000,0.100000,0.018322,-0.028529,0.047344,0.066453,-0.202288,0.098134
12.304229,4.957113,-0.653479,0.000000,24.500803,-41.046916,0.565310,4.898594,-0.594961,-0.028270,0.020000,-0.030000,0.050000,0.100000,-0.200000,0.100000,0.018322,-0.028529,0.047344,0.066453,-0.202288,0.098134
12.308977,4.958650,-0.641709,0.000000,24.515121,-41.066649,0.567062,4.899940,-0.583140,-0.028334,0.020000,-0.030000,0.050000,0.100000,-0.200000,0.100000,0.018322,-0.028529,0.047344,0.066453,-0.202288,0.098134
12.314383,4.960366,-0.628304,0.000000,24.531391,-41.089144,0.569057,4.901437,-0.569679,-0.028408,0.020000,-0.030000,0.050000,0.100000,-0.200000,0.100000,0.018322,-0.028529,0.047344,0.066453,-0.202288,0.098134
12.319480,4.961951,-0.615660,0.000000,24.546701,-41.110382,0.570940,4.902814,-0.556983,-0.028479,0.020000,-0.030000,0.050000,0.100000,-0.200000,0.100000,0.018322,-0.028529,0.047344,0.066453,-0.202288,0.098134
12.324811,4.963575,-0.602431,0.000000,24.562686,-41.132625,0.572910,4.904220,-0.543700,-0.028553,0.020000,-0.030000,0.050000,0.100000,-0.200000,0.100000,0.018322,-0.028529,0.047344,0.066453,-0.202288,0.098134
12.329493,4.964972,-0.590810,0.000000,24.576695,-41.152179,0.574642,4.905426,-0.532033,-0.028617,0.020000,-0.030000,0.050000,0.100000,-0.200000,0.100000,0.018322,-0.028529,0.047344,0.066453,-0.202288,0.098134
12.334551,4.966450,-0.578253,0.000000,24.591803,-41.173325,0.576516,4.906699,-0.519424,-0.028685,0.020000,-0.030000,0.050000,0.100000,-0.200000,0.100000,0.018322,-0.028529,0.047344,0.066453,-0.202288,0.098134
12.339141,4.967764,-0.566852,0.000000,24.605492,-41.192542,0.578221,4.907829,-0.507976,-0.028745,0.020000,-0.030000,0.050000,0.100000,-0.200000,0.100000,0.018322,-0.028529,0.047344,0.066453,-0.202288,0.098134
12.344499,4.969265,-0.553541,0.000000,24.621438,-41.214996,0.580213,4.909113,-0.494611,-0.028814,0.020000,-0.030000,0.050000,0.100000,-0.200000,0.100000,0.018322,-0.028529,0.047344,0.066453,-0.202288,0.098134
12.349065,4.970515,-0.542196,0.000000,24.635000,-41.234150,0.581913,4.910180,-0.483219,-0.028871,0.020000,-0.030000,0.050000,0.100000,-0.200000,0.100000,0.018322,-0.028529,0.047344,0.066453,-0.202288,0.098134
12.354268,4.971909,-0.529263,0.000000,24.650428,-41.256007,0.583854,4.911363,-0.470234,-0.028934,0.020000,-0.030000,0.050000,0.100000,-0.200000,0.100000,0.018322,-0.028529,0.047344,0.066453,-0.202288,0.098134
12.358854,4.973110,-0.517861,0.000000,24.664002,-41.275294,0.585566,4.919338,-0.432975,-0.007969,0.020000,-0.030000,0.050000,0.100000,-0.200000,0.100000,0.018344,-0.028580,0.047782,0.067493,-0.200966,0.097618
12.363862,4.974391,-0.505408,0.000000,24.678797,-41.296381,0.587436,4.920438,-0.420394,-0.008004,0.020000,-0.030000,0.050000,0.100000,-0.200000,0.100000,0.018344,-0.028580,0.047782,0.067493,-0.200966,0.097618
12.368977,4.975667,-0.492684,0.000000,24.693881,-41.317945,0.589347,4.921528,-0.407539,-0.008041,0.020000,-0.030000,0.050000,0.100000,-0.200000,0.100000,0.018344,-0.028580,0.047782,0.067493,-0.200966,0.097618
12.373831,4.976848,-0.480606,0.000000,24.708166,-41.338431,0.591162,4.922533,-0.395336,-0.008075,0.020000,-0.030000,0.050000,0.100000,-0.200000,0.100000,0.018344,-0.028580,0.047782,0.067493,-0.200966,0.097618
12.378577,4.977975,-0.468795,0.000000,24.722108,-41.358485,0.592938,4.923486,-0.383403,-0.008108,0.020000,-0.030000,0.050000,0.100000,-0.200000,0.100000,0.018344,-0.028580,0.047782,0.067493,-0.200966,0.097618
12.383858,4.979195,-0.455649,0.000000,24.737593,-41.380827,0.594916,4.924514,-0.370120,-0.008145,0.020000,-0.030000,0.050000,0.100000,-0.200000,0.100000,0.018344,-0.028580,0.047782,0.067493,-0.200966,0.097618
12.388868,4.980321,-0.443174,0.000000,24.752253,-41.402052,0.596793,4.925454,-0.357516,-0.008181,0.020000,-0.030000,0.050000,0.100000,-0.200000,0.100000,0.018344,-0.028580,0.047782,0.067493,-0.200966,0.097618
12.393702,4.981378,-0.431135,0.000000,24.766371,-41.422556,0.598603,4.926331,-0.345353,-0.008218,0.020000,-0.030000,0.050000,0.100000,-0.200000,0.100000,0.018344,-0.028580,0.047782,0.067493,-0.200966,0.097618
12.398672,4.982434,-0.418755,0.000000,24.780858,-41.443660,0.600467,4.927202,-0.332844,-0.008254,0.020000,-0.030000,0.050000,0.100000,-0.200000,0.100000,0.018344,-0.028580,0.047782,0.067493,-0.200966,0.097618
12.403600,4.983450,-0.406477,0.000000,24.795194,-41.464609,0.602317,4.928035,-0.320437,-0.008290,0.020000,-0.030000,0.050000,0.100000,-0.200000,0.100000,0.018344,-0.028580,0.047782,0.067493,-0.200966,0.097618
12.408378,4.984407,-0.394571,0.000000,24.809067,-41.484945,0.604112,4.928812,-0.308405,-0.008324,0.020000,-0.030000,0.050000,0.100000,-0.200000,0.100000,0.018344,-0.028580,0.047782,0.067493,-0.200966,0.097618
12.413450,4.985392,-0.381928,0.000000,24.823768,-41.506562,0.606019,4.929606,-0.295630,-0.008360,0.020000,-0.030000,0.050000,0.100000,-0.200000,0.100000,0.018344,-0.028580,0.047782,0.067493,-0.200966,0.097618
12.418396,4.986321,-0.369600,0.000000,24.838074,-41.527663,0.607879,4.930351,-0.283172,-0.008396,0.020000,-0.030000,0.050000,0.100000,-0.200000,0.100000,0.018344,-0.028580,0.047782,0.067493,-0.200966,0.097618
12.423494,4.987247,-0.356888,0.000000,24.852795,-41.549441,0.609799,4.931087,-0.270327,-0.008432,0.020000,-0.030000,0.050000,0.100000,-0.200000,0.100000,0.018344,-0.028580,0.047782,0.067493,-0.200966,0.097618
12.428730,4.988164,-0.343830,0.000000,24.867886,-41.571838,0.611773,4.931810,-0.257134,-0.008469,0.020000,-0.030000,0.050000,0.100000,-0.200000,0.100000,0.018344,-0.028580,0.047782,0.067493,-0.200966,0.097618
12.433881,4.989033,-0.330981,0.000000,24.882704,-41.593902,0.613716,4.932488,-0.244152,-0.008505,0.020000,-0.030000,0.050000,0.100000,-0.200000,0.100000,0.018344,-0.028580,0.047782,0.067493,-0.200966,0.097618
12.439233,4.989901,-0.317630,0.000000,24.898067,-41.616853,0.615736,4.933157,-0.230664,-0.008542,0.020000,-0.030000,0.050000,0.100000,-0.200000,0.100000,0.018344,-0.028580,0.047782,0.067493,-0.200966,0.097618
12.444596,4.990735,-0.304249,0.000000,24.913431,-41.639882,0.617763,4.933793,-0.217146,-0.008579,0.020000,-0.030000,0.050000,0.100000,-0.200000,0.100000,0.018344,-0.028580,0.047782,0.067493,-0.200966,0.097618
12.449798,4.991509,-0.291265,0.000000,24.928308,-41.662255,0.619730,4.934376,-0.204029,-0.008615,0.020000,-0.030000,0.050000,0.100000,-0.200000,0.100000,0.018344,-0.028580,0.047782,0.067493,-0.200966,0.097618
12.454733,4.992213,-0.278949,0.000000,24.942390,-41.683501,0.621597,4.934896,-0.191587,-0.008650,0.020000,-0.030000,0.050000,0.100000,-0.200000,0.100000,0.018344,-0.028580,0.047782,0.067493,-0.200966,0.097618
12.459796,4.992903,-0.266311,0.000000,24.956810,-41.705328,0.623512,4.935398,-0.178818,-0.008687,0.020000,-0.030000,0.050000,0.100000,-0.200000,0.100000,0.018344,-0.028580,0.047782,0.067493,-0.200966,0.097618
12.465208,4.993605,-0.252798,0.000000,24.972192,-41.728689,0.625559,4.935898,-0.165166,-0.008728,0.020000,-0.030000,0.050000,0.100000,-0.200000,0.100000,0.018344,-0.028580,0.047782,0.067493,-0.200966,0.097618
12.470681,4.994278,-0.239132,0.000000,24.987714,-41.752347,0.627632,4.936366,-0.151358,-0.008769,0.020000,-0.030000,0.050000,0.100000,-0.200000,0.100000,0.018344,-0.028580,0.047782,0.067493,-0.200966,0.097618
12.475956,4.994892,-0.225960,0.000000,25.002643,-41.775178,0.629634,4.936781,-0.138051,-0.008805,0.020000,-0.030000,0.050000,0.100000,-0.200000,0.100000,0.018344,-0.028580,0.047782,0.067493,-0.200966,0.097618
12.481181,4.995465,-0.212910,0.000000,25.017402,-41.797826,0.631618,4.937158,-0.124866,-0.008841,0.020000,-0.030000,0.050000,0.100000,-0.200000,0.100000,0.018344,-0.028580,0.047782,0.067493,-0.200966,0.097618
12.485695,4.995933,-0.201636,0.000000,25.030127,-41.817414,0.633332,4.937455,-0.113476,-0.008874,0.020000,-0.030000,0.050000,0.100000,-0.200000,0.100000,0.018344,-0.028580,0.047782,0.067493,-0.200966,0.097618
12.490364,4.996390,-0.189971,0.000000,25.043267,-41.837699,0.635105,4.937736,-0.101689,-0.008908,0.020000,-0.030000,0.050000,0.100000,-0.200000,0.100000,0.018344,-0.028580,0.047782,0.067493,-0.200966,0.097618
12.495406,4.996853,-0.177374,0.000000,25.057430,-41.859632,0.637021,4.938009,-0.088959,-0.008945,0.020000,-0.030000,0.050000,0.100000,-0.200000,0.100000,0.018344,-0.028580,0.047782,0.067493,-0.200966,0.097618
12.499937,4.997242,-0.166054,0.000000,25.070131,-41.879363,0.638744,4.938226,-0.077521,-0.008979,0.020000,-0.030000,0.050000,0.100000,-0.200000,0.100000,0.018344,-0.028580,0.047782,0.067493,-0.200966,0.097618
12.504622,4.997617,-0.154347,0.000000,25.083242,-41.899794,0.640526,4.938422,-0.065690,-0.009014,0.020000,-0.030000,0.050000,0.100000,-0.200000,0.100000,0.018344,-0.028580,0.047782,0.067493,-0.200966,0.097618
12.509832,4.998002,-0.141327,0.000000,25.097793,-41.922542,0.642511,4.938608,-0.052532,-0.009051,0.020000,-0.030000,0.050000,0.100000,-0.200000,0.100000,0.018344,-0.028580,0.047782,0.067493,-0.200966,0.097618
12.515263,4.998368,-0.127756,0.000000,25.112928,-41.946280,0.644581,4.938765,-0.038818,-0.009090,0.020000,-0.030000,0.050000,0.100000,-0.200000,0.100000,0.018344,-0.028580,0.047782,0.067493,-0.200966,0.097618
12.519882,4.998649,-0.116211,0.000000,25.125779,-41.966501,0.646342,4.938872,-0.027149,-0.009124,0.020000,-0.030000,0.050000,0.100000,-0.200000,0.100000,0.018344,-0.028580,0.047782,0.067493,-0.200966,0.097618
12.524427,4.998900,-0.104851,0.000000,25.138401,-41.986417,0.648076,4.938952,-0.015669,-0.009157,0.020000,-0.030000,0.050000,0.100000,-0.200000,0.100000,0.018344,-0.028580,0.047782,0.067493,-0.200966,0.097618
12.529857,4.999167,-0.091278,0.000000,25.153456,-42.010245,0.650147,4.939015,-0.001953,-0.009199,0.020000,-0.030000,0.050000,0.100000,-0.200000,0.100000,0.018344,-0.028580,0.047782,0.067493,-0.200966,0.097618
12.534887,4.999381,-0.078705,0.000000,25.167372,-42.032344,0.652065,4.939041,0.010753,-0.009239,0.020000,-0.030000,0.050000,0.100000,-0.200000,0.100000,0.018344,-0.028580,0.047782,0.067493,-0.200966,0.097618
12.539614,4.999553,-0.066890,0.000000,25.180425,-42.053137,0.653868,4.939037,0.022693,-0.009277,0.020000,-0.030000,0.050000,0.100000,-0.200000,0.100000,0.018344,-0.028580,0.047782,0.067493,-0.200966,0.097618
12.544172,4.999692,-0.055495,0.000000,25.192992,-42.073216,0.655609,4.939006,0.034209,-0.009314,0.020000,-0.030000,0.050000,0.100000,-0.200000,0.100000,0.018344,-0.028580,0.047782,0.067493,-0.200966,0.097618
12.549651,4.999825,-0.041798,0.000000,25.208066,-42.097381,0.657704,4.938935,0.048051,-0.009356,0.020000,-0.030000,0.050000,0.100000,-0.200000,0.100000,0.018344,-0.028580,0.047782,0.067493,-0.200966,0.097618
12.554307,4.999909,-0.030160,0.000000,25.220848,-42.117940,0.659485,4.938843,0.059812,-0.009391,0.020000,-0.030000,0.050000,0.100000,-0.200000,0.100000,0.018344,-0.028580,0.047782,0.067493,-0.200966,0.097618
12.559485,4.999970,-0.017215,0.000000,25.235036,-42.140837,0.661469,4.923126,0.050308,0.016099,0.020000,-0.030000,0.050000,0.100000,-0.200000,0.100000,0.018338,-0.028542,0.047224,0.067218,-0.202780,0.096862
12.564295,4.999997,-0.005188,0.000000,25.248190,-42.162138,0.663314,4.922927,0.062379,0.016101,0.020000,-0.030000,0.050000,0.100000,-0.200000,0.100000,0.018338,-0.028542,0.047224,0.067218,-0.202780,0.096862
12.569680,4.999993,0.008273,0.000000,25.262886,-42.186012,0.665380,4.922671,0.075889,0.016104,0.020000,-0.030000,0.050000,0.100000,-0.200000,0.100000,0.018338,-0.028542,0.047224,0.067218,-0.202780,0.096862
12.574957,4.999954,0.021466,0.000000,25.277260,-42.209442,0.667406,4.922385,0.089132,0.016105,0.020000,-0.030000,0.050000,0.100000,-0.200000,0.100000,0.018338,-0.028542,0.047224,0.067218,-0.202780,0.096862
12.580191,4.999881,0.034551,0.000000,25.291486,-42.232714,0.669416,4.922066,0.102266,0.016107,0.020000,-0.030000,0.050000,0.100000,-0.200000,0.100000,0.018338,-0.028542,0.047224,0.067218,-0.202780,0.096862
12.585273,4.999777,0.047255,0.000000,25.305267,-42.255338,0.671369,4.921722,0.115017,0.016109,0.020000,-0.030000,0.050000,0.100000,-0.200000,0.100000,0.018338,-0.028542,0.047224,0.067218,-0.202780,0.096862
12.589954,4.999652,0.058958,0.000000,25.317940,-42.276211,0.673171,4.921375,0.126763,0.016112,0.020000,-0.030000,0.050000,0.100000,-0.200000,0.100000,0.018338,-0.028542,0.047224,0.067218,-0.202780,0.096862
12.595019,4.999487,0.071619,0.000000,25.331625,-42.298822,0.675120,4.920969,0.139469,0.016115,0.020000,-0.030000,0.050000,0.100000,-0.200000,0.100000,0.018338,-0.028542,0.047224,0.067218,-0.202780,0.096862
12.599926,4.999296,0.083884,0.000000,25.344856,-42.320755,0.677009,4.920544,0.151778,0.016117,0.020000,-0.030000,0.050000,0.100000,-0.200000,0.100000,0.018338,-0.028542,0.047224,0.067218,-0.202780,0.096862
12.604776,4.999078,0.096007,0.000000,25.357911,-42.342467,0.678878,4.920093,0.163943,0.016120,0.020000,-0.030000,0.050000,0.100000,-0.200000,0.100000,0.018338,-0.028542,0.047224,0.067218,-0.202780,0.096862
12.610112,4.998804,0.109346,0.000000,25.372246,-42.366389,0.680935,4.919563,0.177325,0.016122,0.020000,-0.030000,0.050000,0.100000,-0.200000,0.100000,0.018338,-0.028542,0.047224,0.067218,-0.202780,0.096862
12.615470,4.998493,0.122736,0.000000,25.386609,-42.390441,0.683003,4.918996,0.190758,0.016127,0.020000,-0.030000,0.050000,0.100000,-0.200000,0.100000,0.018338,-0.028542,0.047224,0.067218,-0.202780,0.096862
12.619996,4.998203,0.134048,0.000000,25.398721,-42.410788,0.684753,4.918489,0.202106,0.016132,0.020000,-0.030000,0.050000,0.100000,-0.200000,0.100000,0.018338,-0.028542,0.047224,0.067218,-0.202780,0.096862
12.624751,4.997870,0.145930,0.000000,25.411424,-42.432189,0.686593,4.917929,0.214025,0.016138,0.020000,-0.030000,0.050000,0.100000,-0.200000,0.100000,0.018338,-0.028542,0.047224,0.067218,-0.202780,0.096862
12.629740,4.997490,0.158398,0.000000,25.424729,-42.454675,0.688524,4.917314,0.226531,0.016144,0.020000,-0.030000,0.050000,0.100000,-0.200000,0.100000,0.018338,-0.028542,0.047224,0.067218,-0.202780,0.096862
12.634991,4.997057,0.171517,0.000000,25.438703,-42.478372,0.690557,4.916632,0.239690,0.016150,0.020000,-0.030000,0.050000,0.100000,-0.200000,0.100000,0.018338,-0.028542,0.047224,0.067218,-0.202780,0.096862
12.640414,4.996574,0.185066,0.000000,25.453104,-42.502880,0.692657,4.915891,0.253279,0.016155,0.020000,-0.030000,0.050000,0.100000,-0.200000,0.100000,0.018338,-0.028542,0.047224,0.067218,-0.202780,0.096862
12.645363,4.996101,0.197431,0.000000,25.466223,-42.525281,0.694575,4.915183,0.265681,0.016161,0.020000,-0.030000,0.050000,0.100000,-0.200000,0.100000,0.018338,-0.028542,0.047224,0.067218,-0.202780,0.096862
12.650859,4.995539,0.211157,0.000000,25.480757,-42.550187,0.696705,4.914360,0.279448,0.016166,0.020000,-0.030000,0.050000,0.100000,-0.200000,0.100000,0.018338,-0.028542,0.047224,0.067218,-0.202780,0.096862
12.655750,4.995008,0.223373,0.000000,25.493667,-42.572386,0.698602,4.913595,0.291701,0.016170,0.020000,-0.030000,0.050000,0.100000,-0.200000,0.100000,0.018338,-0.028542,0.047224,0.067218,-0.202780,0.096862
12.660512,4.994462,0.235266,0.000000,25.506212,-42.594028,0.700450,4.912821,0.303631,0.016175,0.020000,-0.030000,0.050000,0.100000,-0.200000,0.100000,0.018338,-0.028542,0.047224,0.067218,-0.202780,0.096862
12.665244,4.993891,0.247083,0.000000,25.518656,-42.615562,0.702288,4.912025,0.315485,0.016180,0.020000,-0.030000,0.050000,0.100000,-0.200000,0.100000,0.018338,-0.028542,0.047224,0.067218,-0.202780,0.096862
12.670011,4.993288,0.258986,0.000000,25.531169,-42.637283,0.704140,4.911194,0.327424,0.016186,0.020000,-0.030000,0.050000,0.100000,-0.200000,0.100000,0.018338,-0.028542,0.047224,0.067218,-0.202780,0.096862
12.674663,4.992672,0.270599,0.000000,25.543359,-42.658507,0.705947,4.910356,0.339071,0.016189,0.020000,-0.030000,0.050000,0.100000,-0.200000,0.100000,0.018338,-0.028542,0.047224,0.067218,-0.202780,0.096862
12.679493,4.992004,0.282655,0.000000,25.555991,-42.680571,0.707823,4.909458,0.351160,0.016192,0.020000,-0.030000,0.050000,0.100000,-0.200000,0.100000,0.018338,-0.028542,0.047224,0.067218,-0.202780,0.096862
12.684847,4.991230,0.296019,0.000000,25.569967,-42.705069,0.709904,4.908426,0.364560,0.016196,0.020000,-0.030000,0.050000,0.100000,-0.200000,0.100000,0.018338,-0.028542,0.047224,0.067218,-0.202780,0.096862
12.690088,4.990437,0.309097,0.000000,25.583619,-42.729082,0.711943,4.907381,0.377673,0.016199,0.020000,-0.030000,0.050000,0.100000,-0.200000,0.100000,0.018338,-0.028542,0.047224,0.067218,-0.202780,0.096862
12.695180,4.989634,0.321800,0.000000,25.596855,-42.752446,0.713924,4.906332,0.390410,0.016203,0.020000,-0.030000,0.050000,0.100000,-0.200000,0.100000,0.018338,-0.028542,0.047224,0.067218,-0.202780,0.096862
12.700000,4.988844,0.333825,0.000000,25.609361,-42.774595,0.715800,4.905309,0.402466,0.016206,0.020000,-0.030000,0.050000,0.100000,-0.200000,0.100000,0.018338,-0.028542,0.047224,0.067218,-0.202780,0.096862
12.705338,4.987935,0.347138,0.000000,25.623182,-42.799157,0.717879,4.904141,0.415813,0.016210,0.020000,-0.030000,0.050000,0.100000,-0.200000,0.100000,0.018338,-0.028542,0.047224,0.067218,-0.202780,0.096862
12.710435,4.987034,0.359849,0.000000,25.636353,-42.822647,0.719866,4.902992,0.428554,0.016215,0.020000,-0.030000,0.050000,0.100000,-0.200000,0.100000,0.018338,-0.028542,0.047224,0.067218,-0.202780,0.096862
12.715417,4.986122,0.372270,0.000000,25.649202,-42.845639,0.721810,4.901837,0.441003,0.016220,0.020000,-0.030000,0.050000,0.100000,-0.200000,0.100000,0.018338,-0.028542,0.047224,0.067218,-0.202780,0.096862
12.720058,4.985245,0.383842,0.000000,25.661152,-42.867091,0.723621,4.900733,0.452602,0.016224,0.020000,-0.030000,0.050000,0.100000,-0.200000,0.100000,0.018338,-0.028542,0.047224,0.067218,-0.202780,0.096862
12.724723,4.984336,0.395467,0.000000,25.673137,-42.888675,0.725443,4.899596,0.464255,0.016229,0.020000,-0.030000,0.050000,0.100000,-0.200000,0.100000,0.018338,-0.028542,0.047224,0.067218,-0.202780,0.096862
12.729400,4.983398,0.407122,0.000000,25.685133,-42.910346,0.727271,4.898428,0.475937,0.016234,0.020000,-0.030000,0.050000,0.100000,-0.200000,0.100000,0.018338,-0.028542,0.047224,0.067218,-0.202780,0.096862
12.734123,4.982422,0.418891,0.000000,25.697225,-42.932260,0.729118,4.897221,0.487733,0.016241,0.020000,-0.030000,0.050000,0.100000,-0.200000,0.100000,0.018338,-0.028542,0.047224,0.067218,-0.202780,0.096862
12.738670,4.981457,0.430216,0.000000,25.708844,-42.953379,0.730897,4.896034,0.499085,0.016247,0.020000,-0.030000,0.050000,0.100000,-0.200000,0.100000,0.018338,-0.028542,0.047224,0.067218,-0.202780,0.096862
12.743577,4.980386,0.442438,0.000000,25.721364,-42.976205,0.732819,4.894725,0.511335,0.016253,0.020000,-0.030000,0.050000,0.100000,-0.200000,0.100000,0.018338,-0.028542,0.047224,0.067218,-0.202780,0.096862
12.748826,4.979208,0.455505,0.000000,25.734727,-43.000651,0.734874,4.893291,0.524431,0.016260,0.020000,-0.030000,0.050000,0.100000,-0.200000,0.100000,0.018338,-0.028542,0.047224,0.067218,-0.202780,0.096862
12.754270,4.977950,0.469057,0.000000,25.748562,-43.026050,0.737007,4.891769,0.538011,0.016267,0.020000,-0.030000,0.050000,0.100000,-0.200000,0.100000,0.018338,-0.028542,0.047224,0.067218,-0.202780,0.096862
12.758959,4.976836,0.480728,0.000000,25.760457,-43.047960,0.738847,4.890428,0.549703,0.016275,0.020000,-0.030000,0.050000,0.100000,-0.200000,0.100000,0.018338,-0.028542,0.047224,0.067218,-0.202780,0.096862
12.763472,4.975739,0.491957,0.000000,25.771887,-43.069075,0.740618,4.917780,0.582964,0.011282,0.020000,-0.030000,0.050000,0.100000,-0.200000,0.100000,0.018350,-0.028573,0.047904,0.067146,-0.200542,0.097048
12.768476,4.974493,0.504405,0.000000,25.784537,-43.092520,0.742585,4.916363,0.595531,0.011282,0.020000,-0.030000,0.050000,0.100000,-0.200000,0.100000,0.018350,-0.028573,0.047904,0.067146,-0.200542,0.097048
12.773548,4.973197,0.517017,0.000000,25.797332,-43.116314,0.744578,4.914895,0.608264,0.011283,0.020000,-0.030000,0.050000,0.100000,-0.200000,0.100000,0.018350,-0.028573,0.047904,0.067146,-0.200542,0.097048
12.778856,4.971808,0.530216,0.000000,25.810700,-43.141257,0.746665,4.913324,0.621589,0.011283,0.020000,-0.030000,0.050000,0.100000,-0.200000,0.100000,0.018350,-0.028573,0.047904,0.067146,-0.200542,0.097048
12.784239,4.970363,0.543595,0.000000,25.824227,-43.166587,0.748783,4.911697,0.635096,0.011282,0.020000,-0.030000,0.050000,0.100000,-0.200000,0.100000,0.018350,-0.028573,0.047904,0.067146,-0.200542,0.097048
12.789194,4.969001,0.555906,0.000000,25.836650,-43.189933,0.750732,4.910166,0.647525,0.011282,0.020000,-0.030000,0.050000,0.100000,-0.200000,0.100000,0.018350,-0.028573,0.047904,0.067146,-0.200542,0.097048
12.794435,4.967527,0.568926,0.000000,25.849768,-43.214669,0.752795,4.908512,0.660673,0.011282,0.020000,-0.030000,0.050000,0.100000,-0.200000,0.100000,0.018350,-0.028573,0.047904,0.067146,-0.200542,0.097048
12.799401,4.966099,0.581258,0.000000,25.862171,-43.238136,0.754750,4.906915,0.673124,0.011281,0.020000,-0.030000,0.050000,0.100000,-0.200000,0.100000,0.018350,-0.028573,0.047904,0.067146,-0.200542,0.097048
12.804559,4.964583,0.594065,0.000000,25.875031,-43.262551,0.756781,4.905223,0.686055,0.011279,0.020000,-0.030000,0.050000,0.100000,-0.200000,0.100000,0.018350,-0.028573,0.047904,0.067146,-0.200542,0.097048
12.809910,4.962976,0.607345,0.000000,25.888343,-43.287913,0.758889,4.903433,0.699463,0.011278,0.020000,-0.030000,0.050000,0.100000,-0.200000,0.100000,0.018350,-0.028573,0.047904,0.067146,-0.200542,0.097048
12.814928,4.961437,0.619795,0.000000,25.900802,-43.311731,0.760866,4.901722,0.712035,0.011276,0.020000,-0.030000,0.050000,0.100000,-0.200000,0.100000,0.018350,-0.028573,0.047904,0.067146,-0.200542,0.097048
12.820028,4.959840,0.632446,0.000000,25.913441,-43.335975,0.762878,4.899952,0.724811,0.011275,0.020000,-0.030000,0.050000,0.100000,-0.200000,0.100000,0.018350,-0.028573,0.047904,0.067146,-0.200542,0.097048
12.825010,4.958249,0.644798,0.000000,25.925762,-43.359688,0.764843,4.898193,0.737287,0.011274,0.020000,-0.030000,0.050000,0.100000,-0.200000,0.100000,0.018350,-0.028573,0.047904,0.067146,-0.200542,0.097048
12.830128,4.956583,0.657483,0.000000,25.938392,-43.384082,0.766861,4.896352,0.750098,0.011272,0.020000,-0.030000,0.050000,0.100000,-0.200000,0.100000,0.018350,-0.028573,0.047904,0.067146,-0.200542,0.097048
12.835070,4.954943,0.669729,0.000000,25.950567,-43.407676,0.768810,4.894543,0.762466,0.011268,0.020000,-0.030000,0.050000,0.100000,-0.200000,0.100000,0.018350,-0.028573,0.047904,0.067146,-0.200542,0.097048
12.840054,4.953259,0.682076,0.000000,25.962823,-43.431504,0.770776,4.892689,0.774935,0.011265,0.020000,-0.030000,0.050000,0.100000,-0.200000,0.100000,0.018350,-0.028573,0.047904,0.067146,-0.200542,0.097048
12.844900,4.951592,0.694074,0.000000,25.974714,-43.454702,0.772688,4.890855,0.787053,0.011261,0.020000,-0.030000,0.050000,0.100000,-0.200000,0.100000,0.018350,-0.028573,0.047904,0.067146,-0.200542,0.097048
12.849998,4.949807,0.706693,0.000000,25.987200,-43.479144,0.774701,4.888894,0.799798,0.011259,0.020000,-0.030000,0.050000,0.100000,-0.200000,0.100000,0.018350,-0.028573,0.047904,0.067146,-0.200542,0.097048
12.855343,4.947900,0.719919,0.000000,26.000264,-43.504807,0.776814,4.886804,0.813156,0.011257,0.020000,-0.030000,0.050000,0.100000,-0.200000,0.100000,0.018350,-0.028573,0.047904,0.067146,-0.200542,0.097048
12.859981,4.946217,0.731393,0.000000,26.011579,-43.527109,0.778648,4.884961,0.824747,0.011255,0.020000,-0.030000,0.050000,0.100000,-0.200000,0.100000,0.018350,-0.028573,0.047904,0.067146,-0.200542,0.097048
12.865010,4.944363,0.743827,0.000000,26.023823,-43.551319,0.780638,4.882935,0.837308,0.011255,0.020000,-0.030000,0.050000,0.100000,-0.200000,0.100000,0.018350,-0.028573,0.047904,0.067146,-0.200542,0.097048
12.869884,4.942535,0.755875,0.000000,26.035668,-43.574819,0.782570,4.880941,0.849481,0.011256,0.020000,-0.030000,0.050000,0.100000,-0.200000,0.100000,0.018350,-0.028573,0.047904,0.067146,-0.200542,0.097048
12.875170,4.940520,0.768935,0.000000,26.048488,-43.600341,0.784667,4.878744,0.862677,0.011259,0.020000,-0.030000,0.050000,0.100000,-0.200000,0.100000,0.018350,-0.028573,0.047904,0.067146,-0.200542,0.097048
12.879946,4.938670,0.780730,0.000000,26.060047,-43.623432,0.786561,4.876729,0.874594,0.011260,0.020000,-0.030000,0.050000,0.100000,-0.200000,0.100000,0.018350,-0.028573,0.047904,0.067146,-0.200542,0.097048
12.884955,4.936699,0.793097,0.000000,26.072151,-43.647688,0.788546,4.874587,0.887091,0.011259,0.020000,-0.030000,0.050000,0.100000,-0.200000,0.100000,0.018350,-0.028573,0.047904,0.067146,-0.200542,0.097048
12.890034,4.934669,0.805632,0.000000,26.084397,-43.672315,0.790556,4.872382,0.899757,0.011255,0.020000,-0.030000,0.050000,0.100000,-0.200000,0.100000,0.018350,-0.028573,0.047904,0.067146,-0.200542,0.097048
12.895309,4.932527,0.818644,0.000000,26.097090,-43.697935,0.792644,4.870056,0.912907,0.011250,0.020000,-0.030000,0.050000,0.100000,-0.200000,0.100000,0.018350,-0.028573,0.047904,0.067146,-0.200542,0.097048
12.900235,4.930496,0.830789,0.000000,26.108916,-43.721892,0.794594,4.867851,0.925178,0.011245,0.020000,-0.030000,0.050000,0.100000,-0.200000,0.100000,0.018350,-0.028573,0.047904,0.067146,-0.200542,0.097048
12.905081,4.928468,0.842735,0.000000,26.120532,-43.745499,0.796513,4.865652,0.937251,0.011241,0.020000,-0.030000,0.050000,0.100000,-0.200000,0.100000,0.018350,-0.028573,0.047904,0.067146,-0.200542,0.097048
12.909758,4.926484,0.854256,0.000000,26.131719,-43.768308,0.798365,4.863504,0.948895,0.011236,0.020000,-0.030000,0.050000,0.100000,-0.200000,0.100000,0.018350,-0.028573,0.047904,0.067146,-0.200542,0.097048
12.914874,4.924283,0.866855,0.000000,26.143933,-43.793295,0.800392,4.861121,0.961628,0.011230,0.020000,-0.030000,0.050000,0.100000,-0.200000,0.100000,0.018350,-0.028573,0.047904,0.067146,-0.200542,0.097048
12.920146,4.921981,0.879834,0.000000,26.156496,-43.819088,0.802483,4.858631,0.974746,0.011226,0.020000,-0.030000,0.050000,0.100000,-0.200000,0.100000,0.018350,-0.028573,0.047904,0.067146,-0.200542,0.097048
12.925218,4.919733,0.892313,0.000000,26.168556,-43.843937,0.804495,4.856203,0.987360,0.011222,0.020000,-0.030000,0.050000,0.100000,-0.200000,0.100000,0.018350,-0.028573,0.047904,0.067146,-0.200542,0.097048
12.930701,4.917269,0.905798,0.000000,26.181566,-43.870839,0.806671,4.853542,1.000993,0.011218,0.020000,-0.030000,0.050000,0.100000,-0.200000,0.100000,0.018350,-0.028573,0.047904,0.067146,-0.200542,0.097048
12.936099,4.914806,0.919066,0.000000,26.194347,-43.897365,0.808816,4.850887,1.014406,0.011215,0.020000,-0.030000,0.050000,0.100000,-0.200000,0.100000,0.018350,-0.028573,0.047904,0.067146,-0.200542,0.097048
12.941019,4.912530,0.931153,0.000000,26.205975,-43.921578,0.810770,4.848436,1.026624,0.011212,0.020000,-0.030000,0.050000,0.100000,-0.200000,0.100000,0.018350,-0.028573,0.047904,0.067146,-0.200542,0.097048
12.946193,4.910105,0.943859,0.000000,26.218184,-43.947083,0.812826,4.845829,1.039466,0.011208,0.020000,-0.030000,0.050000,0.100000,-0.200000,0.100000,0.018350,-0.028573,0.047904,0.067146,-0.200542,0.097048
12.951336,4.907662,0.956481,0.000000,26.230296,-43.972470,0.814868,4.843205,1.052223,0.011203,0.020000,-0.030000,0.050000,0.100000,-0.200000,0.100000,0.018350,-0.028573,0.047904,0.067146,-0.200542,0.097048
12.956530,4.905161,0.969223,0.000000,26.242505,-43.998149,0.816930,4.840523,1.065099,0.011197,0.020000,-0.030000,0.050000,0.100000,-0.200000,0.100000,0.018350,-0.028573,0.047904,0.067146,-0.200542,0.097048
12.961783,4.902598,0.982104,0.000000,26.254830,-44.024164,0.819017,4.837776,1.078117,0.011190,0.020000,-0.030000,0.050000,0.100000,-0.200000,0.100000,0.018350,-0.028573,0.047904,0.067146,-0.200542,0.097048
12.966795,4.900122,0.994387,0.000000,26.266567,-44.049021,0.821008,4.805266,1.062200,0.010461,0.020000,-0.030000,0.050000,0.100000,-0.200000,0.100000,0.018333,-0.028539,0.047172,0.067130,-0.203033,0.097004
12.971942,4.897547,1.006994,0.000000,26.278596,-44.074584,0.823053,4.802439,1.074817,0.010456,0.020000,-0.030000,0.050000,0.100000,-0.200000,0.100000,0.018333,-0.028539,0.047172,0.067130,-0.203033,0.097004
12.977093,4.894937,1.019605,0.000000,26.290614,-44.100210,0.825099,4.799578,1.087437,0.010449,0.020000,-0.030000,0.050000,0.100000,-0.200000,0.100000,0.018333,-0.028539,0.047172,0.067130,-0.203033,0.097004
12.982557,4.892133,1.032972,0.000000,26.303335,-44.127428,0.827268,4.796509,1.100815,0.010441,0.020000,-0.030000,0.050000,0.100000,-0.200000,0.100000,0.018333,-0.028539,0.047172,0.067130,-0.203033,0.097004
12.987517,4.889556,1.045103,0.000000,26.314863,-44.152179,0.829240,4.793693,1.112955,0.010434,0.020000,-0.030000,0.050000,0.100000,-0.200000,0.100000,0.018333,-0.028539,0.047172,0.067130,-0.203033,0.097004
12.992952,4.886698,1.058385,0.000000,26.327467,-44.179334,0.831400,4.790574,1.126248,0.010427,0.020000,-0.030000,0.050000,0.100000,-0.200000,0.100000,0.018333,-0.028539,0.047172,0.067130,-0.203033,0.097004
12.997468,4.884296,1.069417,0.000000,26.337923,-44.201933,0.833196,4.787955,1.137291,0.010421,0.020000,-0.030000,0.050000,0.100000,-0.200000,0.100000,0.018333,-0.028539,0.047172,0.067130,-0.203033,0.097004
13.002006,4.881857,1.080498,0.000000,26.348412,-44.224673,0.835002,4.785299,1.148383,0.010416,0.020000,-0.030000,0.050000,0.100000,-0.200000,0.100000,0.018333,-0.028539,0.047172,0.067130,-0.203033,0.097004
13.006861,4.879219,1.092345,0.000000,26.359613,-44.249032,0.836934,4.782430,1.160243,0.010410,0.020000,-0.030000,0.050000,0.100000,-0.200000,0.100000,0.018333,-0.028539,0.047172,0.067130,-0.203033,0.097004
13.011738,4.876542,1.104239,0.000000,26.370843,-44.273534,0.838874,4.779518,1.172148,0.010404,0.020000,-0.030000,0.050000,0.100000,-0.200000,0.100000,0.018333,-0.028539,0.047172,0.067130,-0.203033,0.097004
13.016649,4.873815,1.116210,0.000000,26.382132,-44.298248,0.840828,4.776556,1.184131,0.010396,0.020000,-0.030000,0.050000,0.100000,-0.200000,0.100000,0.018333,-0.028539,0.047172,0.067130,-0.203033,0.097004
13.021907,4.870864,1.129020,0.000000,26.394196,-44.324748,0.842920,4.773353,1.196952,0.010388,0.020000,-0.030000,0.050000,0.100000,-0.200000,0.100000,0.018333,-0.028539,0.047172,0.067130,-0.203033,0.097004
13.026905,4.868027,1.141189,0.000000,26.405642,-44.349977,0.844909,4.770277,1.209131,0.010380,0.020000,-0.030000,0.050000,0.100000,-0.200000,0.100000,0.018333,-0.028539,0.047172,0.067130,-0.203033,0.097004
13.032076,4.865060,1.153771,0.000000,26.417460,-44.376116,0.846969,4.767061,1.221722,0.010373,0.020000,-0.030000,0.050000,0.100000,-0.200000,0.100000,0.018333,-0.028539,0.047172,0.067130,-0.203033,0.097004
13.037036,4.862184,1.165833,0.000000,26.428775,-44.401229,0.848944,4.763946,1.233793,0.010365,0.020000,-0.030000,0.050000,0.100000,-0.200000,0.100000,0.018333,-0.028539,0.047172,0.067130,-0.203033,0.097004
13.041738,4.859430,1.177260,0.000000,26.439480,-44.425067,0.850816,4.760964,1.245230,0.010357,0.020000,-0.030000,0.050000,0.100000,-0.200000,0.100000,0.018333,-0.028539,0.047172,0.067130,-0.203033,0.097004
13.047107,4.856252,1.190300,0.000000,26.451680,-44.452330,0.852952,4.757525,1.258280,0.010347,0.020000,-0.030000,0.050000,0.100000,-0.200000,0.100000,0.018333,-0.028539,0.047172,0.067130,-0.203033,0.097004
13.052166,4.853226,1.202580,0.000000,26.463153,-44.478061,0.854964,4.754251,1.270567,0.010335,0.020000,-0.030000,0.050000,0.100000,-0.200000,0.100000,0.018333,-0.028539,0.047172,0.067130,-0.203033,0.097004
13.057307,4.850118,1.215053,0.000000,26.474792,-44.504254,0.857009,4.750890,1.283048,0.010323,0.020000,-0.030000,0.050000,0.100000,-0.200000,0.100000,0.018333,-0.028539,0.047172,0.067130,-0.203033,0.097004
13.062461,4.846971,1.227547,0.000000,26.486432,-44.530546,0.859057,4.747489,1.295551,0.010309,0.020000,-0.030000,0.050000,0.100000,-0.200000,0.100000,0.018333,-0.028539,0.047172,0.067130,-0.203033,0.097004
13.067548,4.843833,1.239872,0.000000,26.497902,-44.556539,0.861078,4.744100,1.307887,0.010294,0.020000,-0.030000,0.050000,0.100000,-0.200000,0.100000,0.018333,-0.028539,0.047172,0.067130,-0.203033,0.097004
13.072748,4.840593,1.252462,0.000000,26.509602,-44.583149,0.863144,4.740603,1.320486,0.010277,0.020000,-0.030000,0.050000,0.100000,-0.200000,0.100000,0.018333,-0.028539,0.047172,0.067130,-0.203033,0.097004
13.077699,4.837478,1.264441,0.000000,26.520721,-44.608523,0.865112,4.737243,1.332474,0.010263,0.020000,-0.030000,0.050000,0.100000,-0.200000,0.100000,0.018333,-0.028539,0.047172,0.067130,-0.203033,0.097004
13.082238,4.834596,1.275416,0.000000,26.530899,-44.631818,0.866919,4.734137,1.343457,0.010252,0.020000,-0.030000,0.050000,0.100000,-0.200000,0.100000,0.018333,-0.028539,0.047172,0.067130,-0.203033,0.097004
13.087301,4.831351,1.287650,0.000000,26.542231,-44.657840,0.868935,4.730644,1.355700,0.010240,0.020000,-0.030000,0.050000,0.100000,-0.200000,0.100000,0.018333,-0.028539,0.047172,0.067130,-0.203033,0.097004
13.092750,4.827825,1.300808,0.000000,26.554403,-44.685890,0.871106,4.726849,1.368866,0.010228,0.020000,-0.030000,0.050000,0.100000,-0.200000,0.100000,0.018333,-0.028539,0.047172,0.067130,-0.203033,0.097004
13.097256,4.824882,1.311683,0.000000,26.564451,-44.709124,0.872901,4.723683,1.379747,0.010217,0.020000,-0.030000,0.050000,0.100000,-0.200000,0.100000,0.018333,-0.028539,0.047172,0.067130,-0.203033,0.097004
13.102295,4.821562,1.323834,0.000000,26.575667,-44.735139,0.874908,4.720114,1.391905,0.010205,0.020000,-0.030000,0.050000,0.100000,-0.200000,0.100000,0.018333,-0.028539,0.047172,0.067130,-0.203033,0.097004
13.106814,4.818559,1.334725,0.000000,26.585708,-44.758504,0.876708,4.716887,1.402802,0.010193,0.020000,-0.030000,0.050000,0.100000,-0.200000,0.100000,0.018333,-0.028539,0.047172,0.067130,-0.203033,0.097004
13.111769,4.815237,1.346659,0.000000,26.596698,-44.784160,0.878681,4.713321,1.414744,0.010179,0.020000,-0.030000,0.050000,0.100000,-0.200000,0.100000,0.018333,-0.028539,0.047172,0.067130,-0.203033,0.097004
13.116980,4.811712,1.359201,0.000000,26.608237,-44.811184,0.880754,4.709538,1.427293,0.010162,0.020000,-0.030000,0.050000,0.100000,-0.200000,0.100000,0.018333,-0.028539,0.047172,0.067130,-0.203033,0.097004
13.122083,4.808229,1.371472,0.000000,26.619513,-44.837685,0.882781,4.705802,1.439571,0.010142,0.020000,-0.030000,0.050000,0.100000,-0.200000,0.100000,0.018333,-0.028539,0.047172,0.067130,-0.203033,0.097004
13.126951,4.804876,1.383173,0.000000,26.630252,-44.863009,0.884714,4.702208,1.451276,0.010122,0.020000,-0.030000,0.050000,0.100000,-0.200000,0.100000,0.018333,-0.028539,0.047172,0.067130,-0.203033,0.097004
13.132088,4.801308,1.395508,0.000000,26.641563,-44.889770,0.886753,4.698384,1.463615,0.010101,0.020000,-0.030000,0.050000,0.100000,-0.200000,0.100000,0.018333,-0.028539,0.047172,0.067130,-0.203033,0.097004
13.137169,4.797747,1.407703,0.000000,26.652732,-44.916285,0.888772,4.694570,1.475812,0.010081,0.020000,-0.030000,0.050000,0.100000,-0.200000,0.100000,0.018333,-0.028539,0.047172,0.067130,-0.203033,0.097004
13.142539,4.793950,1.420580,0.000000,26.664513,-44.944350,0.890908,4.690506,1.488692,0.010061,0.020000,-0.030000,0.050000,0.100000,-0.200000,0.100000,0.018333,-0.028539,0.047172,0.067130,-0.203033,0.097004
13.147591,4.790346,1.432684,0.000000,26.675575,-44.970793,0.892918,4.686652,1.500800,0.010043,0.020000,-0.030000,0.050000,0.100000,-0.200000,0.100000,0.018333,-0.028539,0.047172,0.067130,-0.203033,0.097004
13.152942,4.786496,1.445496,0.000000,26.687269,-44.998846,0.895046,4.682535,1.513616,0.010023,0.020000,-0.030000,0.050000,0.100000,-0.200000,0.100000,0.018333,-0.028539,0.047172,0.067130,-0.203033,0.097004
13.157445,4.783229,1.456270,0.000000,26.697092,-45.022490,0.896839,4.679043,1.524393,0.010008,0.020000,-0.030000,0.050000,0.100000,-0.200000,0.100000,0.018333,-0.028539,0.047172,0.067130,-0.203033,0.097004
13.162712,4.779378,1.468860,0.000000,26.708561,-45.050180,0.898937,4.674929,1.536986,0.009990,0.020000,-0.030000,0.050000,0.100000,-0.200000,0.100000,0.018333,-0.028539,0.047172,0.067130,-0.203033,0.097004
13.167657,4.775731,1.480672,0.000000,26.719310,-45.076221,0.900907,4.692993,1.539870,0.025645,0.020000,-0.030000,0.050000,0.100000,-0.200000,0.100000,0.018334,-0.028517,0.047270,0.066326,-0.202658,0.096588
13.172362,4.772235,1.491903,0.000000,26.729519,-45.101035,0.902782,4.689307,1.551100,0.025651,0.020000,-0.030000,0.050000,0.100000,-0.200000,0.100000,0.018334,-0.028517,0.047270,0.066326,-0.202658,0.096588
13.177512,4.768377,1.504187,0.000000,26.740673,-45.128240,0.904835,4.685240,1.563382,0.025658,0.020000,-0.030000,0.050000,0.100000,-0.200000,0.100000,0.018334,-0.028517,0.047270,0.066326,-0.202658,0.096588
13.182613,4.764525,1.516345,0.000000,26.751701,-45.155232,0.906867,4.681179,1.575536,0.025664,0.020000,-0.030000,0.050000,0.100000,-0.200000,0.100000,0.018334,-0.028517,0.047270,0.066326,-0.202658,0.096588
13.187805,4.760572,1.528709,0.000000,26.762904,-45.182746,0.908935,4.677013,1.587896,0.025669,0.020000,-0.030000,0.050000,0.100000,-0.200000,0.100000,0.018334,-0.028517,0.047270,0.066326,-0.202658,0.096588
13.192943,4.756630,1.540933,0.000000,26.773968,-45.210013,0.910982,4.672859,1.600117,0.025674,0.020000,-0.030000,0.050000,0.100000,-0.200000,0.100000,0.018334,-0.028517,0.047270,0.066326,-0.202658,0.096588
13.197476,4.753125,1.551711,0.000000,26.783714,-45.234110,0.912787,4.669166,1.610892,0.025677,0.020000,-0.030000,0.050000,0.100000,-0.200000,0.100000,0.018334,-0.028517,0.047270,0.066326,-0.202658,0.096588
13.202161,4.749477,1.562839,0.000000,26.793768,-45.259042,0.914652,4.665326,1.622018,0.025681,0.020000,-0.030000,0.050000,0.100000,-0.200000,0.100000,0.018334,-0.028517,0.047270,0.066326,-0.202658,0.096588
13.207433,4.745341,1.575353,0.000000,26.805064,-45.287142,0.916753,4.660975,1.634529,0.025685,0.020000,-0.030000,0.050000,0.100000,-0.200000,0.100000,0.018334,-0.028517,0.047270,0.066326,-0.202658,0.096588
13.212173,4.741594,1.586596,0.000000,26.815204,-45.312449,0.918641,4.657034,1.645770,0.025689,0.020000,-0.030000,0.050000,0.100000,-0.200000,0.100000,0.018334,-0.028517,0.047270,0.066326,-0.202658,0.096588
13.217398,4.737433,1.598977,0.000000,26.826360,-45.340382,0.920723,4.652660,1.658149,0.025694,0.020000,-0.030000,0.050000,0.100000,-0.200000,0.100000,0.018334,-0.028517,0.047270,0.066326,-0.202658,0.096588
13.222269,4.733524,1.610511,0.000000,26.836742,-45.366464,0.922664,4.648552,1.669681,0.025697,0.020000,-0.030000,0.050000,0.100000,-0.200000,0.100000,0.018334,-0.028517,0.047270,0.066326,-0.202658,0.096588
13.227419,4.729362,1.622694,0.000000,26.847697,-45.394081,0.924715,4.644177,1.681862,0.025701,0.020000,-0.030000,0.050000,0.100000,-0.200000,0.100000,0.018334,-0.028517,0.047270,0.066326,-0.202658,0.096588
13.232586,4.725154,1.634908,0.000000,26.858669,-45.421835,0.926772,4.639756,1.694074,0.025703,0.020000,-0.030000,0.050000,0.100000,-0.200000,0.100000,0.018334,-0.028517,0.047270,0.066326,-0.202658,0.096588
13.237561,4.721073,1.646655,0.000000,26.869214,-45.448593,0.928752,4.635471,1.705820,0.025703,0.020000,-0.030000,0.050000,0.100000,-0.200000,0.100000,0.018334,-0.028517,0.047270,0.066326,-0.202658,0.096588
13.242968,4.716603,1.659414,0.000000,26.880656,-45.477727,0.930904,4.630780,1.718577,0.025704,0.020000,-0.030000,0.050000,0.100000,-0.200000,0.100000,0.018334,-0.028517,0.047270,0.066326,-0.202658,0.096588
13.247943,4.712461,1.671142,0.000000,26.891163,-45.504574,0.932885,4.626432,1.730303,0.025706,0.020000,-0.030000,0.050000,0.100000,-0.200000,0.100000,0.018334,-0.028517,0.047270,0.066326,-0.202658,0.096588
13.253181,4.708068,1.683477,0.000000,26.902205,-45.532881,0.934971,4.621824,1.742636,0.025708,0.020000,-0.030000,0.050000,0.100000,-0.200000,0.100000,0.018334,-0.028517,0.047270,0.066326,-0.202658,0.096588
13.258365,4.703689,1.695674,0.000000,26.913114,-45.560943,0.937035,4.617230,1.754831,0.025709,0.020000,-0.030000,0.050000,0.100000,-0.200000,0.100000,0.018334,-0.028517,0.047270,0.066326,-0.202658,0.096588
13.263581,4.699250,1.707936,0.000000,26.924072,-45.589228,0.939113,4.612574,1.767089,0.025711,0.020000,-0.030000,0.050000,0.100000,-0.200000,0.100000,0.018334,-0.028517,0.047270,0.066326,-0.202658,0.096588
13.268554,4.694989,1.719615,0.000000,26.934500,-45.616235,0.941094,4.608106,1.778762,0.025714,0.020000,-0.030000,0.050000,0.100000,-0.200000,0.100000,0.018334,-0.028517,0.047270,0.066326,-0.202658,0.096588
13.273790,4.690471,1.731902,0.000000,26.945462,-45.644717,0.943181,4.603369,1.791043,0.025718,0.020000,-0.030000,0.050000,0.100000,-0.200000,0.100000,0.018334,-0.028517,0.047270,0.066326,-0.202658,0.096588
13.278881,4.686047,1.743836,0.000000,26.956099,-45.672453,0.945211,4.598732,1.802971,0.025721,0.020000,-0.030000,0.050000,0.100000,-0.200000,0.100000,0.018334,-0.028517,0.047270,0.066326,-0.202658,0.096588
13.283805,4.681740,1.755366,0.000000,26.966369,-45.699318,0.947174,4.594218,1.814496,0.025724,0.020000,-0.030000,0.050000,0.100000,-0.200000,0.100000,0.018334,-0.028517,0.047270,0.066326,-0.202658,0.096588
13.288857,4.677291,1.767188,0.000000,26.976890,-45.726929,0.949187,4.589556,1.826311,0.025727,0.020000,-0.030000,0.050000,0.100000,-0.200000,0.100000,0.018334,-0.028517,0.047270,0.066326,-0.202658,0.096588
13.293536,4.673143,1.778126,0.000000,26.986620,-45.752540,0.951052,4.585212,1.837240,0.025729,0.020000,-0.030000,0.050000,0.100000,-0.200000,0.100000,0.018334,-0.028517,0.047270,0.066326,-0.202658,0.096588
13.298737,4.668504,1.790271,0.000000,26.997415,-45.781046,0.953125,4.580356,1.849376,0.025733,0.020000,-0.030000,0.050000,0.100000,-0.200000,0.100000,0.018334,-0.028517,0.047270,0.066326,-0.202658,0.096588
13.303762,4.663991,1.801996,0.000000,27.007831,-45.808636,0.955129,4.575633,1.861090,0.025736,0.020000,-0.030000,0.050000,0.100000,-0.200000,0.100000,0.018334,-0.028517,0.047270,0.066326,-0.202658,0.096588
13.308631,4.659590,1.813344,0.000000,27.017906,-45.835405,0.957070,4.571030,1.872426,0.025738,0.020000,-0.030000,0.050000,0.100000,-0.200000,0.100000,0.018334,-0.028517,0.047270,0.066326,-0.202658,0.096588
13.313486,4.655175,1.824650,0.000000,27.027937,-45.862140,0.959006,4.566413,1.883721,0.025742,0.020000,-0.030000,0.050000,0.100000,-0.200000,0.100000,0.018334,-0.028517,0.047270,0.066326,-0.202658,0.096588
13.318662,4.650437,1.836692,0.000000,27.038612,-45.890683,0.961070,4.561461,1.895751,0.025745,0.020000,-0.030000,0.050000,0.100000,-0.200000,0.100000,0.018334,-0.028517,0.047270,0.066326,-0.202658,0.096588
13.323790,4.645712,1.848610,0.000000,27.049170,-45.919007,0.963114,4.556523,1.907659,0.025747,0.020000,-0.030000,0.050000,0.100000,-0.200000,0.100000,0.018334,-0.028517,0.047270,0.066326,-0.202658,0.096588
13.328393,4.641445,1.859297,0.000000,27.058632,-45.944467,0.964949,4.552066,1.918338,0.025749,0.020000,-0.030000,0.050000,0.100000,-0.200000,0.100000,0.018334,-0.028517,0.047270,0.066326,-0.202658,0.096588
13.333747,4.636451,1.871716,0.000000,27.069620,-45.974127,0.967082,4.546851,1.930747,0.025750,0.020000,-0.030000,0.050000,0.100000,-0.200000,0.100000,0.018334,-0.028517,0.047270,0.066326,-0.202658,0.096588
13.338962,4.631555,1.883798,0.000000,27.080303,-46.003062,0.969158,4.541739,1.942819,0.025750,0.020000,-0.030000,0.050000,0.100000,-0.200000,0.100000,0.018334,-0.028517,0.047270,0.066326,-0.202658,0.096588
13.343840,4.626947,1.895088,0.000000,27.090279,-46.030168,0.971100,4.536930,1.954097,0.025749,0.020000,-0.030000,0.050000,0.100000,-0.200000,0.100000,0.018334,-0.028517,0.047270,0.066326,-0.202658,0.096588
13.348455,4.622562,1.905761,0.000000,27.099706,-46.055855,0.972938,4.532354,1.964759,0.025749,0.020000,-0.030000,0.050000,0.100000,-0.200000,0.100000,0.018334,-0.028517,0.047270,0.066326,-0.202658,0.096588
13.352984,4.618234,1.916223,0.000000,27.108942,-46.081095,0.974741,4.527840,1.975210,0.025749,0.020000,-0.030000,0.050000,0.100000,-0.200000,0.100000,0.018334,-0.028517,0.047270,0.066326,-0.202658,0.096588
13.357918,4.613492,1.927612,0.000000,27.118990,-46.108637,0.976705,4.522895,1.986584,0.025748,0.020000,-0.030000,0.050000,0.100000,-0.200000,0.100000,0.018334,-0.028517,0.047270,0.066326,-0.202658,0.096588
13.362833,4.608742,1.938942,0.000000,27.128983,-46.136108,0.978661,4.517943,1.997900,0.025747,0.020000,-0.030000,0.050000,0.100000,-0.200000,0.100000,0.018334,-0.028517,0.047270,0.066326,-0.202658,0.096588
13.367947,4.603769,1.950721,0.000000,27.139363,-46.164737,0.980695,4.502538,1.966756,0.033641,0.020000,-0.030000,0.050000,0.100000,-0.200000,0.100000,0.018313,-0.028466,0.046601,0.065644,-0.205044,0.096308
13.373323,4.598509,1.963089,0.000000,27.150256,-46.194881,0.982833,4.497041,1.978963,0.033652,0.020000,-0.030000,0.050000,0.100000,-0.200000,0.100000,0.018313,-0.028466,0.046601,0.065644,-0.205044,0.096308
13.378283,4.593626,1.974487,0.000000,27.160291,-46.222736,0.984806,4.491940,1.990210,0.033664,0.020000,-0.030000,0.050000,0.100000,-0.200000,0.100000,0.018313,-0.028466,0.046601,0.065644,-0.205044,0.096308
13.383356,4.588603,1.986133,0.000000,27.170537,-46.251271,0.986824,4.486692,2.001701,0.033677,0.020000,-0.030000,0.050000,0.100000,-0.200000,0.100000,0.018313,-0.028466,0.046601,0.065644,-0.205044,0.096308
13.388797,4.583182,1.998609,0.000000,27.181509,-46.281927,0.988989,4.481030,2.014011,0.033689,0.020000,-0.030000,0.050000,0.100000,-0.200000,0.100000,0.018313,-0.028466,0.046601,0.065644,-0.205044,0.096308
13.394171,4.577796,2.010916,0.000000,27.192326,-46.312249,0.991126,4.475407,2.026152,0.033702,0.020000,-0.030000,0.050000,0.100000,-0.200000,0.100000,0.018313,-0.028466,0.046601,0.065644,-0.205044,0.096308
13.399001,4.572926,2.021966,0.000000,27.202034,-46.339550,0.993047,4.470325,2.037054,0.033713,0.020000,-0.030000,0.050000,0.100000,-0.200000,0.100000,0.018313,-0.028466,0.046601,0.065644,-0.205044,0.096308
13.403707,4.568156,2.032720,0.000000,27.211477,-46.366184,0.994917,4.465348,2.047663,0.033722,0.020000,-0.030000,0.050000,0.100000,-0.200000,0.100000,0.018313,-0.028466,0.046601,0.065644,-0.205044,0.096308
13.408414,4.563359,2.043466,0.000000,27.220909,-46.392864,0.996787,4.460343,2.058263,0.033731,0.020000,-0.030000,0.050000,0.100000,-0.200000,0.100000,0.018313,-0.028466,0.046601,0.065644,-0.205044,0.096308
13.413394,4.558257,2.054822,0.000000,27.230871,-46.421134,0.998765,4.455021,2.069464,0.033740,0.020000,-0.030000,0.050000,0.100000,-0.200000,0.100000,0.018313,-0.028466,0.046601,0.065644,-0.205044,0.096308
13.418738,4.552750,2.066995,0.000000,27.241547,-46.451525,1.000888,4.449276,2.081467,0.033751,0.020000,-0.030000,0.050000,0.100000,-0.200000,0.100000,0.018313,-0.028466,0.046601,0.065644,-0.205044,0.096308
13.423689,4.547619,2.078259,0.000000,27.251421,-46.479725,1.002855,4.443924,2.092572,0.033761,0.020000,-0.030000,0.050000,0.100000,-0.200000,0.100000,0.018313,-0.028466,0.046601,0.065644,-0.205044,0.096308
13.428244,4.542874,2.088611,0.000000,27.260492,-46.505706,1.004665,4.438976,2.102777,0.033770,0.020000,-0.030000,0.050000,0.100000,-0.200000,0.100000,0.018313,-0.028466,0.046601,0.065644,-0.205044,0.096308
13.432996,4.537899,2.099398,0.000000,27.269942,-46.532846,1.006553,4.433792,2.113412,0.033780,0.020000,-0.030000,0.050000,0.100000,-0.200000,0.100000,0.018313,-0.028466,0.046601,0.065644,-0.205044,0.096308
13.437582,4.533073,2.109798,0.000000,27.279050,-46.559077,1.008375,4.428764,2.123665,0.033789,0.020000,-0.030000,0.050000,0.100000,-0.200000,0.100000,0.018313,-0.028466,0.046601,0.065644,-0.205044,0.096308
13.442378,4.528000,2.120663,0.000000,27.288561,-46.586550,1.010279,4.423480,2.134376,0.033797,0.020000,-0.030000,0.050000,0.100000,-0.200000,0.100000,0.018313,-0.028466,0.046601,0.065644,-0.205044,0.096308
13.447856,4.522176,2.133056,0.000000,27.299407,-46.617974,1.012454,4.417414,2.146591,0.033807,0.020000,-0.030000,0.050000,0.100000,-0.200000,0.100000,0.018313,-0.028466,0.046601,0.065644,-0.205044,0.096308
13.453218,4.516441,2.145172,0.000000,27.310007,-46.648787,1.014582,4.411444,2.158531,0.033816,0.020000,-0.030000,0.050000,0.100000,-0.200000,0.100000,0.018313,-0.028466,0.046601,0.065644,-0.205044,0.096308
13.458164,4.511122,2.156335,0.000000,27.319770,-46.677255,1.016545,4.405908,2.169531,0.033825,0.020000,-0.030000,0.050000,0.100000,-0.200000,0.100000,0.018313,-0.028466,0.046601,0.065644,-0.205044,0.096308
13.463565,4.505282,2.168510,0.000000,27.330415,-46.708395,1.018689,4.399830,2.181527,0.033834,0.020000,-0.030000,0.050000,0.100000,-0.200000,0.100000,0.018313,-0.028466,0.046601,0.065644,-0.205044,0.096308
13.468749,4.499646,2.180180,0.000000,27.340616,-46.738330,1.020745,4.393966,2.193023,0.033843,0.020000,-0.030000,0.050000,0.100000,-0.200000,0.100000,0.018313,-0.028466,0.046601,0.065644,-0.205044,0.096308
13.474110,4.493786,2.192233,0.000000,27.351150,-46.769337,1.022871,4.387872,2.204896,0.033851,0.020000,-0.030000,0.050000,0.100000,-0.200000,0.100000,0.018313,-0.028466,0.046601,0.065644,-0.205044,0.096308
13.479563,4.487792,2.204478,0.000000,27.361849,-46.800930,1.025032,4.381640,2.216959,0.033857,0.020000,-0.030000,0.050000,0.100000,-0.200000,0.100000,0.018313,-0.028466,0.046601,0.065644,-0.205044,0.096308
13.484509,4.482327,2.215569,0.000000,27.371535,-46.829624,1.026991,4.375960,2.227884,0.033862,0.020000,-0.030000,0.050000,0.100000,-0.200000,0.100000,0.018313,-0.028466,0.046601,0.065644,-0.205044,0.096308
13.489739,4.476518,2.227283,0.000000,27.381763,-46.860017,1.029062,4.369923,2.239424,0.033868,0.020000,-0.030000,0.050000,0.100000,-0.200000,0.100000,0.018313,-0.028466,0.046601,0.065644,-0.205044,0.096308
13.494466,4.471241,2.237857,0.000000,27.390995,-46.887529,1.030935,4.364440,2.249841,0.033873,0.020000,-0.030000,0.050000,0.100000,-0.200000,0.100000,0.018313,-0.028466,0.046601,0.065644,-0.205044,0.096308
13.499755,4.465307,2.249674,0.000000,27.401307,-46.918358,1.033030,4.358276,2.261481,0.033879,0.020000,-0.030000,0.050000,0.100000,-0.200000,0.100000,0.018313,-0.028466,0.046601,0.065644,-0.205044,0.096308
13.505238,4.459123,2.261908,0.000000,27.411980,-46.950372,1.035203,4.351852,2.273531,0.033887,0.020000,-0.030000,0.050000,0.100000,-0.200000,0.100000,0.018313,-0.028466,0.046601,0.065644,-0.205044,0.096308
13.510737,4.452887,2.274159,0.000000,27.422666,-46.982532,1.037383,4.345375,2.285598,0.033896,0.020000,-0.030000,0.050000,0.100000,-0.200000,0.100000,0.018313,-0.028466,0.046601,0.065644,-0.205044,0.096308
13.515558,4.447392,2.284886,0.000000,27.432020,-47.010774,1.039293,4.339667,2.296162,0.033903,0.020000,-0.030000,0.050000,0.100000,-0.200000,0.100000,0.018313,-0.028466,0.046601,0.065644,-0.205044,0.096308
13.521057,4.441093,2.297105,0.000000,27.442673,-47.043036,1.041471,4.333125,2.308194,0.033910,0.020000,-0.030000,0.050000,0.100000,-0.200000,0.100000,0.018313,-0.028466,0.046601,0.065644,-0.205044,0.096308
13.526463,4.434868,2.309100,0.000000,27.453129,-47.074805,1.043612,4.326661,2.320007,0.033918,0.020000,-0.030000,0.050000,0.100000,-0.200000,0.100000,0.018313,-0.028466,0.046601,0.065644,-0.205044,0.096308
13.531818,4.428670,2.320966,0.000000,27.463469,-47.106327,1.045733,4.320225,2.331691,0.033926,0.020000,-0.030000,0.050000,0.100000,-0.200000,0.100000,0.018313,-0.028466,0.046601,0.065644,-0.205044,0.096308
13.537239,4.422362,2.332962,0.000000,27.473923,-47.138295,1.047881,4.313677,2.343502,0.033934,0.020000,-0.030000,0.050000,0.100000,-0.200000,0.100000,0.018313,-0.028466,0.046601,0.065644,-0.205044,0.096308
13.541983,4.416815,2.343446,0.000000,27.483058,-47.166315,1.049760,4.307919,2.353823,0.033941,0.020000,-0.030000,0.050000,0.100000,-0.200000,0.100000,0.018313,-0.028466,0.046601,0.065644,-0.205044,0.096308
13.547349,4.410512,2.355288,0.000000,27.493373,-47.198053,1.051884,4.301376,2.365481,0.033949,0.020000,-0.030000,0.050000,0.100000,-0.200000,0.100000,0.018313,-0.028466,0.046601,0.065644,-0.205044,0.096308
13.552156,4.404838,2.365882,0.000000,27.502601,-47.226531,1.053786,4.295487,2.375910,0.033955,0.020000,-0.030000,0.050000,0.100000,-0.200000,0.100000,0.018313,-0.028466,0.046601,0.065644,-0.205044,0.096308
13.556664,4.399495,2.375804,0.000000,27.511244,-47.253273,1.055570,4.289942,2.385675,0.033961,0.020000,-0.030000,0.050000,0.100000,-0.200000,0.100000,0.018313,-0.028466,0.046601,0.065644,-0.205044,0.096308
13.561544,4.393685,2.386531,0.000000,27.520588,-47.282265,1.057500,4.283915,2.396233,0.033968,0.020000,-0.030000,0.050000,0.100000,-0.200000,0.100000,0.018313,-0.028466,0.046601,0.065644,-0.205044,0.096308
13.566098,4.388239,2.396531,0.000000,27.529298,-47.309365,1.059302,4.278264,2.406074,0.033974,0.020000,-0.030000,0.050000,0.100000,-0.200000,0.100000,0.018313,-0.028466,0.046601,0.065644,-0.205044,0.096308
13.571529,4.381716,2.408436,0.000000,27.539667,-47.341724,1.061451,4.298966,2.415434,0.023115,0.020000,-0.030000,0.050000,0.100000,-0.200000,0.100000,0.018311,-0.028443,0.046793,0.064652,-0.204199,0.096564
13.576087,4.376216,2.418416,0.000000,27.548358,-47.368929,1.063255,4.293311,2.425273,0.023110,0.020000,-0.030000,0.050000,0.100000,-0.200000,0.100000,0.018311,-0.028443,0.046793,0.064652,-0.204199,0.096564
13.580981,4.370284,2.429118,0.000000,27.557679,-47.398182,1.065191,4.287214,2.435823,0.023104,0.020000,-0.030000,0.050000,0.100000,-0.200000,0.100000,0.018311,-0.028443,0.046793,0.064652,-0.204199,0.096564
13.586180,4.363955,2.440471,0.000000,27.567567,-47.429306,1.067247,4.280708,2.447014,0.023097,0.020000,-0.030000,0.050000,0.100000,-0.200000,0.100000,0.018311,-0.028443,0.046793,0.064652,-0.204199,0.096564
13.591086,4.357955,2.451169,0.000000,27.576883,-47.458718,1.069186,4.274542,2.457559,0.023091,0.020000,-0.030000,0.050000,0.100000,-0.200000,0.100000,0.018311,-0.028443,0.046793,0.064652,-0.204199,0.096564
13.596242,4.351622,2.462394,0.000000,27.586660,-47.489675,1.071225,4.268033,2.468624,0.023085,0.020000,-0.030000,0.050000,0.100000,-0.200000,0.100000,0.018311,-0.028443,0.046793,0.064652,-0.204199,0.096564
13.601183,4.345526,2.473136,0.000000,27.596017,-47.519389,1.073179,4.261768,2.479211,0.023079,0.020000,-0.030000,0.050000,0.100000,-0.200000,0.100000,0.018311,-0.028443,0.046793,0.064652,-0.204199,0.096564
13.606002,4.339554,2.483601,0.000000,27.605132,-47.548418,1.075085,4.255631,2.489523,0.023075,0.020000,-0.030000,0.050000,0.100000,-0.200000,0.100000,0.018311,-0.028443,0.046793,0.064652,-0.204199,0.096564
13.610785,4.333602,2.493972,0.000000,27.614168,-47.577272,1.076978,4.249513,2.499740,0.023072,0.020000,-0.030000,0.050000,0.100000,-0.200000,0.100000,0.018311,-0.028443,0.046793,0.064652,-0.204199,0.096564
13.615770,4.327372,2.504766,0.000000,27.623575,-47.607390,1.078952,4.243113,2.510372,0.023070,0.020000,-0.030000,0.050000,0.100000,-0.200000,0.100000,0.018311,-0.028443,0.046793,0.064652,-0.204199,0.096564
13.620861,4.320982,2.515773,0.000000,27.633170,-47.638195,1.080968,4.236549,2.521211,0.023069,0.020000,-0.030000,0.050000,0.100000,-0.200000,0.100000,0.018311,-0.028443,0.046793,0.064652,-0.204199,0.096564
13.625493,4.315144,2.525773,0.000000,27.641890,-47.666266,1.082803,4.230552,2.531059,0.023069,0.020000,-0.030000,0.050000,0.100000,-0.200000,0.100000,0.018311,-0.028443,0.046793,0.064652,-0.204199,0.096564
13.630349,4.308999,2.536242,0.000000,27.651019,-47.695736,1.084726,4.224240,2.541368,0.023069,0.020000,-0.030000,0.050000,0.100000,-0.200000,0.100000,0.018311,-0.028443,0.046793,0.064652,-0.204199,0.096564
13.634914,4.303199,2.546071,0.000000,27.659592,-47.723484,1.086534,4.218282,2.551043,0.023069,0.020000,-0.030000,0.050000,0.100000,-0.200000,0.100000,0.018311,-0.028443,0.046793,0.064652,-0.204199,0.096564
13.640310,4.296313,2.557673,0.000000,27.669715,-47.756336,1.088669,4.211210,2.562460,0.023068,0.020000,-0.030000,0.050000,0.100000,-0.200000,0.100000,0.018311,-0.028443,0.046793,0.064652,-0.204199,0.096564
13.645028,4.290268,2.567800,0.000000,27.678554,-47.785101,1.090535,4.205002,2.572425,0.023067,0.020000,-0.030000,0.050000,0.100000,-0.200000,0.100000,0.018311,-0.028443,0.046793,0.064652,-0.204199,0.096564
13.649832,4.284087,2.578099,0.000000,27.687546,-47.814440,1.092437,4.198655,2.582557,0.023067,0.020000,-0.030000,0.050000,0.100000,-0.200000,0.100000,0.018311,-0.028443,0.046793,0.064652,-0.204199,0.096564
13.654454,4.278119,2.587991,0.000000,27.696184,-47.842699,1.094268,4.192527,2.592288,0.023069,0.020000,-0.030000,0.050000,0.100000,-0.200000,0.100000,0.018311,-0.028443,0.046793,0.064652,-0.204199,0.096564
13.659302,4.271833,2.598354,0.000000,27.705237,-47.872389,1.096188,4.186074,2.602482,0.023072,0.020000,-0.030000,0.050000,0.100000,-0.200000,0.100000,0.018311,-0.028443,0.046793,0.064652,-0.204199,0.096564
13.663830,4.265939,2.608019,0.000000,27.713682,-47.900159,1.097981,4.180024,2.611989,0.023073,0.020000,-0.030000,0.050000,0.100000,-0.200000,0.100000,0.018311,-0.028443,0.046793,0.064652,-0.204199,0.096564
13.669132,4.259011,2.619318,0.000000,27.723560,-47.932721,1.100078,4.172914,2.623101,0.023074,0.020000,-0.030000,0.050000,0.100000,-0.200000,0.100000,0.018311,-0.028443,0.046793,0.064652,-0.204199,0.096564
13.674467,4.252008,2.630670,0.000000,27.733487,-47.965541,1.102189,4.165730,2.634264,0.023076,0.020000,-0.030000,0.050000,0.100000,-0.200000,0.100000,0.018311,-0.028443,0.046793,0.064652,-0.204199,0.096564
13.679590,4.245255,2.641554,0.000000,27.743010,-47.997111,1.104214,4.158802,2.644966,0.023076,0.020000,-0.030000,0.050000,0.100000,-0.200000,0.100000,0.018311,-0.028443,0.046793,0.064652,-0.204199,0.096564
13.684853,4.238290,2.652716,0.000000,27.752780,-48.029587,1.106293,4.151659,2.655939,0.023075,0.020000,-0.030000,0.050000,0.100000,-0.200000,0.100000,0.018311,-0.028443,0.046793,0.064652,-0.204199,0.096564
13.689822,4.231686,2.663237,0.000000,27.761994,-48.060297,1.108256,4.144888,2.666283,0.023075,0.020000,-0.030000,0.050000,0.100000,-0.200000,0.100000,0.018311,-0.028443,0.046793,0.064652,-0.204199,0.096564
13.695219,4.224483,2.674648,0.000000,27.771992,-48.093711,1.110388,4.137504,2.677500,0.023075,0.020000,-0.030000,0.050000,0.100000,-0.200000,0.100000,0.018311,-0.028443,0.046793,0.064652,-0.204199,0.096564
13.700666,4.217184,2.686143,0.000000,27.782068,-48.127484,1.112540,4.130020,2.688797,0.023075,0.020000,-0.030000,0.050000,0.100000,-0.200000,0.100000,0.018311,-0.028443,0.046793,0.064652,-0.204199,0.096564
13.705922,4.210109,2.697217,0.000000,27.791778,-48.160131,1.114616,4.122767,2.699681,0.023076,0.020000,-0.030000,0.050000,0.100000,-0.200000,0.100000,0.018311,-0.028443,0.046793,0.064652,-0.204199,0.096564
13.711347,4.202778,2.708627,0.000000,27.801787,-48.193880,1.116757,4.115251,2.710894,0.023076,0.020000,-0.030000,0.050000,0.100000,-0.200000,0.100000,0.018311,-0.028443,0.046793,0.064652,-0.204199,0.096564
13.716798,4.195380,2.720070,0.000000,27.811831,-48.227845,1.118908,4.107668,2.722140,0.023076,0.020000,-0.030000,0.050000,0.100000,-0.200000,0.100000,0.018311,-0.028443,0.046793,0.064652,-0.204199,0.096564
13.722106,4.188146,2.731196,0.000000,27.821602,-48.260975,1.121002,4.100255,2.733073,0.023075,0.020000,-0.030000,0.050000,0.100000,-0.200000,0.100000,0.018311,-0.028443,0.046793,0.064652,-0.204199,0.096564
13.727222,4.181147,2.741899,0.000000,27.831007,-48.292949,1.123019,4.093084,2.743590,0.023075,0.020000,-0.030000,0.050000,0.100000,-0.200000,0.100000,0.018311,-0.028443,0.046793,0.064652,-0.204199,0.096564
13.731789,4.174874,2.751441,0.000000,27.839396,-48.321544,1.124821,4.086657,2.752967,0.023075,0.020000,-0.030000,0.050000,0.100000,-0.200000,0.100000,0.018311,-0.028443,0.046793,0.064652,-0.204199,0.096564
13.736489,4.168398,2.761243,0.000000,27.848017,-48.351003,1.126674,4.080022,2.762596,0.023076,0.020000,-0.030000,0.050000,0.100000,-0.200000,0.100000,0.018311,-0.028443,0.046793,0.064652,-0.204199,0.096564
13.741445,4.161542,2.771565,0.000000,27.857101,-48.382122,1.128630,4.072999,2.772735,0.023078,0.020000,-0.030000,0.050000,0.100000,-0.200000,0.100000,0.018311,-0.028443,0.046793,0.064652,-0.204199,0.096564
13.746200,4.154941,2.781450,0.000000,27.865807,-48.412020,1.130505,4.066237,2.782443,0.023080,0.020000,-0.030000,0.050000,0.100000,-0.200000,0.100000,0.018311,-0.028443,0.046793,0.064652,-0.204199,0.096564
13.751613,4.147397,2.792687,0.000000,27.875710,-48.446114,1.132639,4.058510,2.793475,0.023081,0.020000,-0.030000,0.050000,0.100000,-0.200000,0.100000,0.018311,-0.028443,0.046793,0.064652,-0.204199,0.096564
13.756674,4.140317,2.803173,0.000000,27.884958,-48.478037,1.134633,4.051259,2.803770,0.023082,0.020000,-0.030000,0.050000,0.100000,-0.200000,0.100000,0.018311,-0.028443,0.046793,0.064652,-0.204199,0.096564
13.761804,4.133114,2.813783,0.000000,27.894322,-48.510443,1.136653,4.043883,2.814185,0.023082,0.020000,-0.030000,0.050000,0.100000,-0.200000,0.100000,0.018311,-0.028443,0.046793,0.064652,-0.204199,0.096564
13.766852,4.125999,2.824205,0.000000,27.903525,-48.542380,1.138641,4.036598,2.824418,0.023084,0.020000,-0.030000,0.050000,0.100000,-0.200000,0.100000,0.018311,-0.028443,0.046793,0.064652,-0.204199,0.096564
13.771811,4.118983,2.834427,0.000000,27.912554,-48.573803,1.140595,4.034418,2.871814,0.023712,0.020000,-0.030000,0.050000,0.100000,-0.200000,0.100000,0.018331,-0.028481,0.047312,0.065175,-0.202266,0.096616
13.776825,4.111864,2.844745,0.000000,27.921676,-48.605624,1.142572,4.027127,2.882057,0.023714,0.020000,-0.030000,0.050000,0.100000,-0.200000,0.100000,0.018331,-0.028481,0.047312,0.065175,-0.202266,0.096616
13.781751,4.104845,2.854863,0.000000,27.930629,-48.636929,1.144515,4.019942,2.892101,0.023719,0.020000,-0.030000,0.050000,0.100000,-0.200000,0.100000,0.018331,-0.028481,0.047312,0.065175,-0.202266,0.096616
13.786999,4.097341,2.865624,0.000000,27.940158,-48.670331,1.146586,4.012259,2.902783,0.023725,0.020000,-0.030000,0.050000,0.100000,-0.200000,0.100000,0.018331,-0.028481,0.047312,0.065175,-0.202266,0.096616
13.791873,4.090345,2.875601,0.000000,27.948998,-48.701401,1.148509,4.005099,2.912686,0.023731,0.020000,-0.030000,0.050000,0.100000,-0.200000,0.100000,0.018331,-0.028481,0.047312,0.065175,-0.202266,0.096616
13.796901,4.083102,2.885875,0.000000,27.958110,-48.733504,1.150492,3.997686,2.922885,0.023735,0.020000,-0.030000,0.050000,0.100000,-0.200000,0.100000,0.018331,-0.028481,0.047312,0.065175,-0.202266,0.096616
13.801951,4.075802,2.896176,0.000000,27.967253,-48.765793,1.152482,3.990215,2.933109,0.023740,0.020000,-0.030000,0.050000,0.100000,-0.200000,0.100000,0.018331,-0.028481,0.047312,0.065175,-0.202266,0.096616
13.807041,4.068419,2.906539,0.000000,27.976456,-48.798384,1.154486,3.982659,2.943396,0.023744,0.020000,-0.030000,0.050000,0.100000,-0.200000,0.100000,0.018331,-0.028481,0.047312,0.065175,-0.202266,0.096616
13.812028,4.061158,2.916675,0.000000,27.985464,-48.830370,1.156448,3.975227,2.953458,0.023746,0.020000,-0.030000,0.050000,0.100000,-0.200000,0.100000,0.018331,-0.028481,0.047312,0.065175,-0.202266,0.096616
13.816866,4.054091,2.926491,0.000000,27.994193,-48.861444,1.158349,3.967991,2.963202,0.023746,0.020000,-0.030000,0.050000,0.100000,-0.200000,0.100000,0.018331,-0.028481,0.047312,0.065175,-0.202266,0.096616
13.821979,4.046595,2.936846,0.000000,28.003409,-48.894338,1.160357,3.960316,2.973481,0.023747,0.020000,-0.030000,0.050000,0.100000,-0.200000,0.100000,0.018331,-0.028481,0.047312,0.065175,-0.202266,0.096616
13.826716,4.039628,2.946422,0.000000,28.011938,-48.924855,1.162219,3.953182,2.982986,0.023749,0.020000,-0.030000,0.050000,0.100000,-0.200000,0.100000,0.018331,-0.028481,0.047312,0.065175,-0.202266,0.096616
13.831416,4.032693,2.955907,0.000000,28.020394,-48.955176,1.164064,3.946083,2.992400,0.023750,0.020000,-0.030000,0.050000,0.100000,-0.200000,0.100000,0.018331,-0.028481,0.047312,0.065175,-0.202266,0.096616
13.836628,4.024977,2.966405,0.000000,28.029762,-48.988846,1.166109,3.938185,3.002820,0.023749,0.020000,-0.030000,0.050000,0.100000,-0.200000,0.100000,0.018331,-0.028481,0.047312,0.065175,-0.202266,0.096616
13.841315,4.018013,2.975831,0.000000,28.038180,-49.019177,1.167947,3.931057,3.012175,0.023749,0.020000,-0.030000,0.050000,0.100000,-0.200000,0.100000,0.018331,-0.028481,0.047312,0.065175,-0.202266,0.096616
13.846716,4.009963,2.986670,0.000000,28.047871,-49.054177,1.170063,3.922817,3.022932,0.023748,0.020000,-0.030000,0.050000,0.100000,-0.200000,0.100000,0.018331,-0.028481,0.047312,0.065175,-0.202266,0.096616
13.852137,4.001853,2.997528,0.000000,28.057588,-49.089362,1.172187,3.914516,3.033707,0.023747,0.020000,-0.030000,0.050000,0.100000,-0.200000,0.100000,0.018331,-0.028481,0.047312,0.065175,-0.202266,0.096616
13.857238,3.994195,3.007724,0.000000,28.066722,-49.122521,1.174186,3.906679,3.043825,0.023748,0.020000,-0.030000,0.050000,0.100000,-0.200000,0.100000,0.018331,-0.028481,0.047312,0.065175,-0.202266,0.096616
13.862156,3.986787,3.017537,0.000000,28.075521,-49.154542,1.176112,3.899096,3.053562,0.023748,0.020000,-0.030000,0.050000,0.100000,-0.200000,0.100000,0.018331,-0.028481,0.047312,0.065175,-0.202266,0.096616
13.866809,3.979756,3.026804,0.000000,28.083839,-49.184882,1.177934,3.891900,3.062758,0.023748,0.020000,-0.030000,0.050000,0.100000,-0.200000,0.100000,0.018331,-0.028481,0.047312,0.065175,-0.202266,0.096616
13.871612,3.972475,3.036354,0.000000,28.092418,-49.216244,1.179816,3.884450,3.072235,0.023749,0.020000,-0.030000,0.050000,0.100000,-0.200000,0.100000,0.018331,-0.028481,0.047312,0.065175,-0.202266,0.096616
13.876717,3.964713,3.046482,0.000000,28.101529,-49.249619,1.181816,3.876508,3.082285,0.023752,0.020000,-0.030000,0.050000,0.100000,-0.200000,0.100000,0.018331,-0.028481,0.047312,0.065175,-0.202266,0.096616
13.882078,3.956532,3.057100,0.000000,28.111091,-49.284732,1.183917,3.868139,3.092820,0.023756,0.020000,-0.030000,0.050000,0.100000,-0.200000,0.100000,0.018331,-0.028481,0.047312,0.065175,-0.202266,0.096616
13.886785,3.949326,3.066403,0.000000,28.119480,-49.315603,1.185760,3.860770,3.102050,0.023759,0.020000,-0.030000,0.050000,0.100000,-0.200000,0.100000,0.018331,-0.028481,0.047312,0.065175,-0.202266,0.096616
13.891806,3.941615,3.076308,0.000000,28.128420,-49.348582,1.187725,3.852883,3.111877,0.023760,0.020000,-0.030000,0.050000,0.100000,-0.200000,0.100000,0.018331,-0.028481,0.047312,0.065175,-0.202266,0.096616
13.896509,3.934371,3.085567,0.000000,28.136787,-49.379515,1.189563,3.845473,3.121063,0.023762,0.020000,-0.030000,0.050000,0.100000,-0.200000,0.100000,0.018331,-0.028481,0.047312,0.065175,-0.202266,0.096616
13.901352,3.926887,3.095086,0.000000,28.145396,-49.411420,1.191457,3.837817,3.130505,0.023763,0.020000,-0.030000,0.050000,0.100000,-0.200000,0.100000,0.018331,-0.028481,0.047312,0.065175,-0.202266,0.096616
13.906238,3.919314,3.104670,0.000000,28.154075,-49.443655,1.193365,3.830070,3.140012,0.023764,0.020000,-0.030000,0.050000,0.100000,-0.200000,0.100000,0.018331,-0.028481,0.047312,0.065175,-0.202266,0.096616
13.911704,3.910815,3.115370,0.000000,28.163777,-49.479769,1.195498,3.821375,3.150624,0.023763,0.020000,-0.030000,0.050000,0.100000,-0.200000,0.100000,0.018331,-0.028481,0.047312,0.065175,-0.202266,0.096616
13.916867,3.902759,3.125456,0.000000,28.172933,-49.513939,1.197511,3.813134,3.160629,0.023761,0.020000,-0.030000,0.050000,0.100000,-0.200000,0.100000,0.018331,-0.028481,0.047312,0.065175,-0.202266,0.096616
13.921756,3.895108,3.134985,0.000000,28.181593,-49.546334,1.199417,3.805308,3.170082,0.023761,0.020000,-0.030000,0.050000,0.100000,-0.200000,0.100000,0.018331,-0.028481,0.047312,0.065175,-0.202266,0.096616
13.926892,3.887044,3.144979,0.000000,28.190686,-49.580426,1.201419,3.797059,3.179997,0.023760,0.020000,-0.030000,0.050000,0.100000,-0.200000,0.100000,0.018331,-0.028481,0.047312,0.065175,-0.202266,0.096616
13.931502,3.879784,3.153930,0.000000,28.198840,-49.611068,1.203212,3.789633,3.188878,0.023757,0.020000,-0.030000,0.050000,0.100000,-0.200000,0.100000,0.018331,-0.028481,0.047312,0.065175,-0.202266,0.096616
13.936232,3.872315,3.163097,0.000000,28.207200,-49.642548,1.205052,3.781992,3.197972,0.023754,0.020000,-0.030000,0.050000,0.100000,-0.200000,0.100000,0.018331,-0.028481,0.047312,0.065175,-0.202266,0.096616
13.941286,3.864309,3.172872,0.000000,28.216127,-49.676238,1.207019,3.773801,3.207670,0.023752,0.020000,-0.030000,0.050000,0.100000,-0.200000,0.100000,0.018331,-0.028481,0.047312,0.065175,-0.202266,0.096616
13.946506,3.856015,3.182946,0.000000,28.225339,-49.711082,1.209048,3.765318,3.217662,0.023749,0.020000,-0.030000,0.050000,0.100000,-0.200000,0.100000,0.018331,-0.028481,0.047312,0.065175,-0.202266,0.096616
13.951481,3.848085,3.192530,0.000000,28.234117,-49.744349,1.210981,3.757207,3.227166,0.023746,0.020000,-0.030000,0.050000,0.100000,-0.200000,0.100000,0.018331,-0.028481,0.047312,0.065175,-0.202266,0.096616
13.956096,3.840707,3.201401,0.000000,28.242254,-49.775249,1.212772,3.749663,3.235963,0.023741,0.020000,-0.030000,0.050000,0.100000,-0.200000,0.100000,0.018331,-0.028481,0.047312,0.065175,-0.202266,0.096616
13.960804,3.833162,3.210431,0.000000,28.250549,-49.806809,1.214597,3.741948,3.244918,0.023736,0.020000,-0.030000,0.050000,0.100000,-0.200000,0.100000,0.018331,-0.028481,0.047312,0.065175,-0.202266,0.096616
13.965851,3.825047,3.220095,0.000000,28.259439,-49.840699,1.216552,3.733652,3.254499,0.023728,0.020000,-0.030000,0.050000,0.100000,-0.200000,0.100000,0.018331,-0.028481,0.047312,0.065175,-0.202266,0.096616
13.970592,3.817404,3.229152,0.000000,28.267784,-49.872575,1.218386,3.725839,3.263478,0.023721,0.020000,-0.030000,0.050000,0.100000,-0.200000,0.100000,0.018331,-0.028481,0.047312,0.065175,-0.202266,0.096616
13.975484,3.809493,3.238481,0.000000,28.276391,-49.905522,1.220279,3.760439,3.275599,0.022696,0.020000,-0.030000,0.050000,0.100000,-0.200000,0.100000,0.018337,-0.028447,0.047587,0.063833,-0.200929,0.096643
13.980383,3.801550,3.247801,0.000000,28.285003,-49.938554,1.222173,3.752397,3.284877,0.022688,0.020000,-0.030000,0.050000,0.100000,-0.200000,0.100000,0.018337,-0.028447,0.047587,0.063833,-0.200929,0.096643
13.984904,3.794198,3.256388,0.000000,28.292950,-49.969089,1.223920,3.744954,3.293423,0.022681,0.020000,-0.030000,0.050000,0.100000,-0.200000,0.100000,0.018337,-0.028447,0.047587,0.063833,-0.200929,0.096643
13.990033,3.785835,3.266107,0.000000,28.301960,-50.003774,1.225903,3.736490,3.303096,0.022673,0.020000,-0.030000,0.050000,0.100000,-0.200000,0.100000,0.018337,-0.028447,0.047587,0.063833,-0.200929,0.096643
13.995323,3.777182,3.276110,0.000000,28.311249,-50.039605,1.227947,3.727734,3.313050,0.022667,0.020000,-0.030000,0.050000,0.100000,-0.200000,0.100000,0.018337,-0.028447,0.047587,0.063833,-0.200929,0.096643
14.000109,3.769331,3.285139,0.000000,28.319649,-50.072069,1.229796,3.719790,3.322035,0.022660,0.020000,-0.030000,0.050000,0.100000,-0.200000,0.100000,0.018337,-0.028447,0.047587,0.063833,-0.200929,0.096643
14.005604,3.760293,3.295481,0.000000,28.329287,-50.109394,1.231916,3.710644,3.332324,0.022652,0.020000,-0.030000,0.050000,0.100000,-0.200000,0.100000,0.018337,-0.028447,0.047587,0.063833,-0.200929,0.096643
14.010519,3.752183,3.304713,0.000000,28.337905,-50.142836,1.233812,3.702439,3.341508,0.022644,0.020000,-0.030000,0.050000,0.100000,-0.200000,0.100000,0.018337,-0.028447,0.047587,0.063833,-0.200929,0.096643
14.015041,3.744701,3.313188,0.000000,28.345830,-50.173645,1.235554,3.694870,3.349939,0.022636,0.020000,-0.030000,0.050000,0.100000,-0.200000,0.100000,0.018337,-0.028447,0.047587,0.063833,-0.200929,0.096643
14.019593,3.737150,3.321703,0.000000,28.353803,-50.204703,1.237309,3.687229,3.358410,0.022629,0.020000,-0.030000,0.050000,0.100000,-0.200000,0.100000,0.018337,-0.028447,0.047587,0.063833,-0.200929,0.096643
14.024941,3.728254,3.331685,0.000000,28.363165,-50.241243,1.239368,3.678228,3.368340,0.022620,0.020000,-0.030000,0.050000,0.100000,-0.200000,0.100000,0.018337,-0.028447,0.047587,0.063833,-0.200929,0.096643
14.030234,3.719424,3.341539,0.000000,28.372422,-50.277459,1.241404,3.669293,3.378145,0.022610,0.020000,-0.030000,0.050000,0.100000,-0.200000,0.100000,0.018337,-0.028447,0.047587,0.063833,-0.200929,0.096643
14.035048,3.711370,3.350483,0.000000,28.380839,-50.310451,1.243254,3.661142,3.387044,0.022599,0.020000,-0.030000,0.050000,0.100000,-0.200000,0.100000,0.018337,-0.028447,0.047587,0.063833,-0.200929,0.096643
14.040319,3.702528,3.360251,0.000000,28.390048,-50.346620,1.245277,3.652196,3.396763,0.022587,0.020000,-0.030000,0.050000,0.100000,-0.200000,0.100000,0.018337,-0.028447,0.047587,0.063833,-0.200929,0.096643
14.045789,3.693323,3.370366,0.000000,28.399604,-50.384223,1.247376,3.642882,3.406824,0.022573,0.020000,-0.030000,0.050000,0.100000,-0.200000,0.100000,0.018337,-0.028447,0.047587,0.063833,-0.200929,0.096643
14.051261,3.684088,3.380458,0.000000,28.409156,-50.421896,1.249472,3.633537,3.416863,0.022558,0.020000,-0.030000,0.050000,0.100000,-0.200000,0.100000,0.018337,-0.028447,0.047587,0.063833,-0.200929,0.096643
14.056130,3.675847,3.389417,0.000000,28.417652,-50.455468,1.251336,3.625199,3.425776,0.022544,0.020000,-0.030000,0.050000,0.100000,-0.200000,0.100000,0.018337,-0.028447,0.047587,0.063833,-0.200929,0.096643
14.061487,3.666755,3.399251,0.000000,28.426996,-50.492462,1.253386,3.616000,3.435558,0.022529,0.020000,-0.030000,0.050000,0.100000,-0.200000,0.100000,0.018337,-0.028447,0.047587,0.063833,-0.200929,0.096643
14.066843,3.657639,3.409058,0.000000,28.436334,-50.529503,1.255435,3.606777,3.445312,0.022514,0.020000,-0.030000,0.050000,0.100000,-0.200000,0.100000,0.018337,-0.028447,0.047587,0.063833,-0.200929,0.096643
14.071995,3.648845,3.418469,0.000000,28.445311,-50.565189,1.257405,3.597880,3.454673,0.022500,0.020000,-0.030000,0.050000,0.100000,-0.200000,0.100000,0.018337,-0.028447,0.047587,0.063833,-0.200929,0.096643
14.076742,3.640722,3.427119,0.000000,28.453580,-50.598116,1.259219,3.589661,3.463277,0.022486,0.020000,-0.030000,0.050000,0.100000,-0.200000,0.100000,0.018337,-0.028447,0.047587,0.063833,-0.200929,0.096643
14.081948,3.631789,3.436584,0.000000,28.462645,-50.634277,1.261204,3.580625,3.472691,0.022469,0.020000,-0.030000,0.050000,0.100000,-0.200000,0.100000,0.018337,-0.028447,0.047587,0.063833,-0.200929,0.096643
14.086947,3.623187,3.445652,0.000000,28.471349,-50.669057,1.263109,3.571925,3.481711,0.022450,0.020000,-0.030000,0.050000,0.100000,-0.200000,0.100000,0.018337,-0.028447,0.047587,0.063833,-0.200929,0.096643
14.091577,3.615200,3.454030,0.000000,28.479407,-50.701310,1.264872,3.563848,3.490044,0.022432,0.020000,-0.030000,0.050000,0.100000,-0.200000,0.100000,0.018337,-0.028447,0.047587,0.063833,-0.200929,0.096643
14.096802,3.606164,3.463464,0.000000,28.488498,-50.737760,1.266860,3.554710,3.499426,0.022413,0.020000,-0.030000,0.050000,0.100000,-0.200000,0.100000,0.018337,-0.028447,0.047587,0.063833,-0.200929,0.096643
14.101855,3.597403,3.472563,0.000000,28.497285,-50.773059,1.268781,3.545851,3.508476,0.022393,0.020000,-0.030000,0.050000,0.100000,-0.200000,0.100000,0.018337,-0.028447,0.047587,0.063833,-0.200929,0.096643
14.107145,3.588205,3.482067,0.000000,28.506484,-50.810076,1.270789,3.536550,3.517927,0.022370,0.020000,-0.030000,0.050000,0.100000,-0.200000,0.100000,0.018337,-0.028447,0.047587,0.063833,-0.200929,0.096643
14.111933,3.579859,3.490646,0.000000,28.514806,-50.843625,1.272606,3.528110,3.526458,0.022349,0.020000,-0.030000,0.050000,0.100000,-0.200000,0.100000,0.018337,-0.028447,0.047587,0.063833,-0.200929,0.096643
14.117213,3.570630,3.500085,0.000000,28.523981,-50.880677,1.274606,3.518779,3.535844,0.022325,0.020000,-0.030000,0.050000,0.100000,-0.200000,0.100000,0.018337,-0.028447,0.047587,0.063833,-0.200929,0.096643
14.122327,3.561669,3.509204,0.000000,28.532864,-50.916617,1.276541,3.509717,3.544911,0.022299,0.020000,-0.030000,0.050000,0.100000,-0.200000,0.100000,0.018337,-0.028447,0.047587,0.063833,-0.200929,0.096643
14.127358,3.552831,3.518152,0.000000,28.541602,-50.952023,1.278441,3.500782,3.553806,0.022272,0.020000,-0.030000,0.050000,0.100000,-0.200000,0.100000,0.018337,-0.028447,0.047587,0.063833,-0.200929,0.096643
14.132724,3.543380,3.527671,0.000000,28.550918,-50.989843,1.280467,3.491226,3.563270,0.022242,0.020000,-0.030000,0.050000,0.100000,-0.200000,0.100000,0.018337,-0.028447,0.047587,0.063833,-0.200929,0.096643
14.137998,3.534064,3.537003,0.000000,28.560074,-51.027076,1.282455,3.481808,3.572547,0.022212,0.020000,-0.030000,0.050000,0.100000,-0.200000,0.100000,0.018337,-0.028447,0.047587,0.063833,-0.200929,0.096643
14.143189,3.524872,3.546163,0.000000,28.569083,-51.063775,1.284412,3.472516,3.581653,0.022183,0.020000,-0.030000,0.050000,0.100000,-0.200000,0.100000,0.018337,-0.028447,0.047587,0.063833,-0.200929,0.096643
14.147888,3.516530,3.554436,0.000000,28.577239,-51.097045,1.286183,3.464085,3.589877,0.022156,0.020000,-0.030000,0.050000,0.100000,-0.200000,0.100000,0.018337,-0.028447,0.047587,0.063833,-0.200929,0.096643
14.153239,3.507008,3.563832,0.000000,28.586524,-51.134983,1.288196,3.454462,3.599217,0.022125,0.020000,-0.030000,0.050000,0.100000,-0.200000,0.100000,0.018337,-0.028447,0.047587,0.063833,-0.200929,0.096643
14.158173,3.498205,3.572473,0.000000,28.595084,-51.170014,1.290050,3.445568,3.607806,0.022094,0.020000,-0.030000,0.050000,0.100000,-0.200000,0.100000,0.018337,-0.028447,0.047587,0.063833,-0.200929,0.096643
14.163531,3.488622,3.581831,0.000000,28.604378,-51.208110,1.292061,3.435886,3.617109,0.022058,0.020000,-0.030000,0.050000,0.100000,-0.200000,0.100000,0.018337,-0.028447,0.047587,0.063833,-0.200929,0.096643
14.168537,3.479646,3.590552,0.000000,28.613060,-51.243755,1.293937,3.426819,3.625779,0.022024,0.020000,-0.030000,0.050000,0.100000,-0.200000,0.100000,0.018337,-0.028447,0.047587,0.063833,-0.200929,0.096643
14.173825,3.470140,3.599740,0.000000,28.622232,-51.281463,1.295918,3.417219,3.634911,0.021988,0.020000,-0.030000,0.050000,0.100000,-0.200000,0.100000,0.018337,-0.028447,0.047587,0.063833,-0.200929,0.096643
14.178419,3.461863,3.607700,0.000000,28.630199,-51.314262,1.297638,3.410536,3.673594,0.031560,0.020000,-0.030000,0.050000,0.100000,-0.200000,0.100000,0.018356,-0.028474,0.047976,0.064215,-0.199416,0.096479
14.182923,3.453730,3.615487,0.000000,28.638011,-51.346462,1.299322,3.402316,3.681415,0.031538,0.020000,-0.030000,0.050000,0.100000,-0.200000,0.100000,0.018356,-0.028474,0.047976,0.064215,-0.199416,0.096479
14.188128,3.444309,3.624464,0.000000,28.647038,-51.383729,1.301268,3.392795,3.690431,0.031512,0.020000,-0.030000,0.050000,0.100000,-0.200000,0.100000,0.018356,-0.028474,0.047976,0.064215,-0.199416,0.096479
14.193428,3.434692,3.633579,0.000000,28.656230,-51.421732,1.303247,3.383076,3.699584,0.031485,0.020000,-0.030000,0.050000,0.100000,-0.200000,0.100000,0.018356,-0.028474,0.047976,0.064215,-0.199416,0.096479
14.198760,3.424992,3.642722,0.000000,28.665477,-51.460023,1.305235,3.373274,3.708764,0.031456,0.020000,-0.030000,0.050000,0.100000,-0.200000,0.100000,0.018356,-0.028474,0.047976,0.064215,-0.199416,0.096479
14.204068,3.415313,3.651799,0.000000,28.674680,-51.498200,1.307213,3.363491,3.717877,0.031427,0.020000,-0.030000,0.050000,0.100000,-0.200000,0.100000,0.018356,-0.028474,0.047976,0.064215,-0.199416,0.096479
14.208613,3.407005,3.659552,0.000000,28.682559,-51.530936,1.308906,3.355094,3.725662,0.031403,0.020000,-0.030000,0.050000,0.100000,-0.200000,0.100000,0.018356,-0.028474,0.047976,0.064215,-0.199416,0.096479
14.213892,3.397333,3.668532,0.000000,28.691709,-51.569009,1.310872,3.345319,3.734681,0.031375,0.020000,-0.030000,0.050000,0.100000,-0.200000,0.100000,0.018356,-0.028474,0.047976,0.064215,-0.199416,0.096479
14.218961,3.388026,3.677129,0.000000,28.700492,-51.605616,1.312760,3.335911,3.743316,0.031350,0.020000,-0.030000,0.050000,0.100000,-0.200000,0.100000,0.018356,-0.028474,0.047976,0.064215,-0.199416,0.096479
14.223467,3.379731,3.684755,0.000000,28.708302,-51.638212,1.314438,3.327528,3.750975,0.031327,0.020000,-0.030000,0.050000,0.100000,-0.200000,0.100000,0.018356,-0.028474,0.047976,0.064215,-0.199416,0.096479
14.228770,3.369949,3.693703,0.000000,28.717493,-51.676618,1.316410,3.317643,3.759963,0.031300,0.020000,-0.030000,0.050000,0.100000,-0.200000,0.100000,0.018356,-0.028474,0.047976,0.064215,-0.199416,0.096479
14.234130,3.360039,3.702721,0.000000,28.726782,-51.715490,1.318402,3.307630,3.769021,0.031272,0.020000,-0.030000,0.050000,0.100000,-0.200000,0.100000,0.018356,-0.028474,0.047976,0.064215,-0.199416,0.096479
14.239434,3.350206,3.711619,0.000000,28.735975,-51.754021,1.320373,3.297696,3.777960,0.031245,0.020000,-0.030000,0.050000,0.100000,-0.200000,0.100000,0.018356,-0.028474,0.047976,0.064215,-0.199416,0.096479
14.244320,3.341129,3.719792,0.000000,28.744443,-51.789561,1.322186,3.288526,3.786171,0.031219,0.020000,-0.030000,0.050000,0.100000,-0.200000,0.100000,0.018356,-0.028474,0.047976,0.064215,-0.199416,0.096479
14.249321,3.331818,3.728135,0.000000,28.753111,-51.825987,1.324040,3.279120,3.794553,0.031190,0.020000,-0.030000,0.050000,0.100000,-0.200000,0.100000,0.018356,-0.028474,0.047976,0.064215,-0.199416,0.096479
14.254689,3.321800,3.737064,0.000000,28.762414,-51.865141,1.326028,3.269001,3.803524,0.031160,0.020000,-0.030000,0.050000,0.100000,-0.200000,0.100000,0.018356,-0.028474,0.047976,0.064215,-0.199416,0.096479
14.259279,3.313214,3.744678,0.000000,28.770369,-51.898672,1.327726,3.260327,3.811176,0.031133,0.020000,-0.030000,0.050000,0.100000,-0.200000,0.100000,0.018356,-0.028474,0.047976,0.064215,-0.199416,0.096479
14.263825,3.304694,3.752199,0.000000,28.778247,-51.931920,1.329406,3.251720,3.818735,0.031105,0.020000,-0.030000,0.050000,0.100000,-0.200000,0.100000,0.018356,-0.028474,0.047976,0.064215,-0.199416,0.096479
14.269252,3.294501,3.761152,0.000000,28.787651,-51.971667,1.331409,3.241422,3.827734,0.031071,0.020000,-0.030000,0.050000,0.100000,-0.200000,0.100000,0.018356,-0.028474,0.047976,0.064215,-0.199416,0.096479
14.274724,3.284198,3.770152,0.000000,28.797132,-52.011806,1.333430,3.231012,3.836780,0.031039,0.020000,-0.030000,0.050000,0.100000,-0.200000,0.100000,0.018356,-0.028474,0.047976,0.064215,-0.199416,0.096479
14.279373,3.275425,3.777776,0.000000,28.805187,-52.045957,1.335146,3.222147,3.844444,0.031013,0.020000,-0.030000,0.050000,0.100000,-0.200000,0.100000,0.018356,-0.028474,0.047976,0.064215,-0.199416,0.096479
14.284316,3.266078,3.785860,0.000000,28.813752,-52.082320,1.336970,3.212700,3.852572,0.030983,0.020000,-0.030000,0.050000,0.100000,-0.200000,0.100000,0.018356,-0.028474,0.047976,0.064215,-0.199416,0.096479
14.289734,3.255810,3.794694,0.000000,28.823140,-52.122233,1.338967,3.202322,3.861452,0.030952,0.020000,-0.030000,0.050000,0.100000,-0.200000,0.100000,0.018356,-0.028474,0.047976,0.064215,-0.199416,0.096479
14.294770,3.246245,3.802880,0.000000,28.831867,-52.159385,1.340824,3.192655,3.869680,0.030924,0.020000,-0.030000,0.050000,0.100000,-0.200000,0.100000,0.018356,-0.028474,0.047976,0.064215,-0.199416,0.096479
14.300071,3.236155,3.811470,0.000000,28.841054,-52.198550,1.342778,3.182455,3.878313,0.030897,0.020000,-0.030000,0.050000,0.100000,-0.200000,0.100000,0.018356,-0.028474,0.047976,0.064215,-0.199416,0.096479
14.304923,3.226899,3.819309,0.000000,28.849464,-52.234451,1.344568,3.173098,3.886192,0.030873,0.020000,-0.030000,0.050000,0.100000,-0.200000,0.100000,0.018356,-0.028474,0.047976,0.064215,-0.199416,0.096479
14.309615,3.217930,3.826869,0.000000,28.857599,-52.269214,1.346298,3.164032,3.893790,0.030851,0.020000,-0.030000,0.050000,0.100000,-0.200000,0.100000,0.018356,-0.028474,0.047976,0.064215,-0.199416,0.096479
14.314943,3.207724,3.835428,0.000000,28.866838,-52.308743,1.348262,3.153717,3.902393,0.030826,0.020000,-0.030000,0.050000,0.100000,-0.200000,0.100000,0.018356,-0.028474,0.047976,0.064215,-0.199416,0.096479
14.319527,3.198924,3.842771,0.000000,28.874788,-52.342803,1.349950,3.144822,3.909773,0.030803,0.020000,-0.030000,0.050000,0.100000,-0.200000,0.100000,0.018356,-0.028474,0.047976,0.064215,-0.199416,0.096479
14.324536,3.189289,3.850771,0.000000,28.883477,-52.380069,1.351793,3.135082,3.917814,0.030779,0.020000,-0.030000,0.050000,0.100000,-0.200000,0.100000,0.018356,-0.028474,0.047976,0.064215,-0.199416,0.096479
14.329958,3.178838,3.859403,0.000000,28.892881,-52.420463,1.353786,3.124518,3.926492,0.030752,0.020000,-0.030000,0.050000,0.100000,-0.200000,0.100000,0.018356,-0.028474,0.047976,0.064215,-0.199416,0.096479
14.334915,3.169263,3.867270,0.000000,28.901481,-52.457445,1.355607,3.114838,3.934401,0.030727,0.020000,-0.030000,0.050000,0.100000,-0.200000,0.100000,0.018356,-0.028474,0.047976,0.064215,-0.199416,0.096479
14.339548,3.160296,3.874600,0.000000,28.909520,-52.492055,1.357309,3.105773,3.941771,0.030705,0.020000,-0.030000,0.050000,0.100000,-0.200000,0.100000,0.018356,-0.028474,0.047976,0.064215,-0.199416,0.096479
14.344591,3.150516,3.882557,0.000000,28.918273,-52.529785,1.359162,3.095885,3.949770,0.030682,0.020000,-0.030000,0.050000,0.100000,-0.200000,0.100000,0.018356,-0.028474,0.047976,0.064215,-0.199416,0.096479
14.349196,3.141568,3.889801,0.000000,28.926266,-52.564279,1.360852,3.086838,3.957052,0.030661,0.020000,-0.030000,0.050000,0.100000,-0.200000,0.100000,0.018356,-0.028474,0.047976,0.064215,-0.199416,0.096479
14.354619,3.131009,3.898305,0.000000,28.935683,-52.604959,1.362842,3.076164,3.965602,0.030637,0.020000,-0.030000,0.050000,0.100000,-0.200000,0.100000,0.018356,-0.028474,0.047976,0.064215,-0.199416,0.096479
14.359620,3.121252,3.906122,0.000000,28.944370,-52.642526,1.364677,3.066300,3.973461,0.030616,0.020000,-0.030000,0.050000,0.100000,-0.200000,0.100000,0.018356,-0.028474,0.047976,0.064215,-0.199416,0.096479
14.364919,3.110891,3.914378,0.000000,28.953579,-52.682388,1.366621,3.055829,3.981764,0.030594,0.020000,-0.030000,0.050000,0.100000,-0.200000,0.100000,0.018356,-0.028474,0.047976,0.064215,-0.199416,0.096479
14.370133,3.100677,3.922474,0.000000,28.962642,-52.721662,1.368532,3.045506,3.989902,0.030572,0.020000,-0.030000,0.050000,0.100000,-0.200000,0.100000,0.018356,-0.028474,0.047976,0.064215,-0.199416,0.096479
14.375140,3.090846,3.930225,0.000000,28.971352,-52.759441,1.370366,3.035570,3.997693,0.030551,0.020000,-0.030000,0.050000,0.100000,-0.200000,0.100000,0.018356,-0.028474,0.047976,0.064215,-0.199416,0.096479
14.380394,3.080511,3.938331,0.000000,28.980494,-52.799134,1.372289,3.018781,4.008759,0.015192,0.020000,-0.030000,0.050000,0.100000,-0.200000,0.100000,0.018353,-0.028482,0.047998,0.064348,-0.199367,0.096820
14.385617,3.070217,3.946362,0.000000,28.989585,-52.838649,1.374197,3.008362,4.016834,0.015148,0.020000,-0.030000,0.050000,0.100000,-0.200000,0.100000,0.018353,-0.028482,0.047998,0.064348,-0.199367,0.096820
14.390231,3.061103,3.953435,0.000000,28.997619,-52.873609,1.375882,2.999137,4.023946,0.015108,0.020000,-0.030000,0.050000,0.100000,-0.200000,0.100000,0.018353,-0.028482,0.047998,0.064348,-0.199367,0.096820
14.394836,3.051992,3.960473,0.000000,29.005640,-52.908541,1.377563,2.989917,4.031025,0.015068,0.020000,-0.030000,0.050000,0.100000,-0.200000,0.100000,0.018353,-0.028482,0.047998,0.064348,-0.199367,0.096820
14.399561,3.042628,3.967671,0.000000,29.013872,-52.944424,1.379286,2.980440,4.038266,0.015027,0.020000,-0.030000,0.050000,0.100000,-0.200000,0.100000,0.018353,-0.028482,0.047998,0.064348,-0.199367,0.096820
14.404647,3.032528,3.975396,0.000000,29.022738,-52.983108,1.381141,2.970219,4.046035,0.014984,0.020000,-0.030000,0.050000,0.100000,-0.200000,0.100000,0.018353,-0.028482,0.047998,0.064348,-0.199367,0.096820
14.410025,3.021827,3.983536,0.000000,29.032116,-53.024066,1.383099,2.959390,4.054222,0.014937,0.020000,-0.030000,0.050000,0.100000,-0.200000,0.100000,0.018353,-0.028482,0.047998,0.064348,-0.199367,0.096820
14.414738,3.012431,3.990646,0.000000,29.040337,-53.060013,1.384815,2.949881,4.061374,0.014897,0.020000,-0.030000,0.050000,0.100000,-0.200000,0.100000,0.018353,-0.028482,0.047998,0.064348,-0.199367,0.096820
14.419908,3.002106,3.998420,0.000000,29.049360,-53.099495,1.386696,2.939432,4.069193,0.014853,0.020000,-0.030000,0.050000,0.100000,-0.200000,0.100000,0.018353,-0.028482,0.047998,0.064348,-0.199367,0.096820
14.424616,2.992685,4.005476,0.000000,29.057579,-53.135499,1.388407,2.929898,4.076289,0.014812,0.020000,-0.030000,0.050000,0.100000,-0.200000,0.100000,0.018353,-0.028482,0.047998,0.064348,-0.199367,0.096820
14.429654,2.982587,4.013001,0.000000,29.066379,-53.174078,1.390236,2.919676,4.083857,0.014768,0.020000,-0.030000,0.050000,0.100000,-0.200000,0.100000,0.018353,-0.028482,0.047998,0.064348,-0.199367,0.096820
14.434557,2.972738,4.020302,0.000000,29.074948,-53.211684,1.392014,2.909707,4.091197,0.014724,0.020000,-0.030000,0.050000,0.100000,-0.200000,0.100000,0.018353,-0.028482,0.047998,0.064348,-0.199367,0.096820
14.439301,2.963195,4.027341,0.000000,29.083241,-53.248108,1.393734,2.900046,4.098273,0.014682,0.020000,-0.030000,0.050000,0.100000,-0.200000,0.100000,0.018353,-0.028482,0.047998,0.064348,-0.199367,0.096820
14.444297,2.953126,4.034730,0.000000,29.091979,-53.286520,1.395543,2.889853,4.105703,0.014638,0.020000,-0.030000,0.050000,0.100000,-0.200000,0.100000,0.018353,-0.028482,0.047998,0.064348,-0.199367,0.096820
14.449716,2.942181,4.042718,0.000000,29.101463,-53.328249,1.397504,2.878774,4.113733,0.014589,0.020000,-0.030000,0.050000,0.100000,-0.200000,0.100000,0.018353,-0.028482,0.047998,0.064348,-0.199367,0.096820
14.454569,2.932365,4.049844,0.000000,29.109958,-53.365663,1.399258,2.868836,4.120898,0.014546,0.020000,-0.030000,0.050000,0.100000,-0.200000,0.100000,0.018353,-0.028482,0.047998,0.064348,-0.199367,0.096820
14.459858,2.921643,4.057586,0.000000,29.119224,-53.406504,1.401169,2.857984,4.128681,0.014498,0.020000,-0.030000,0.050000,0.100000,-0.200000,0.100000,0.018353,-0.028482,0.047998,0.064348,-0.199367,0.096820
14.464978,2.911247,4.065051,0.000000,29.128196,-53.446087,1.403019,2.847459,4.136188,0.014453,0.020000,-0.030000,0.050000,0.100000,-0.200000,0.100000,0.018353,-0.028482,0.047998,0.064348,-0.199367,0.096820
14.470120,2.900786,4.072522,0.000000,29.137212,-53.485900,1.404874,2.836868,4.143701,0.014407,0.020000,-0.030000,0.050000,0.100000,-0.200000,0.100000,0.018353,-0.028482,0.047998,0.064348,-0.199367,0.096820
14.475144,2.890547,4.079796,0.000000,29.146026,-53.524850,1.406685,2.826503,4.151016,0.014362,0.020000,-0.030000,0.050000,0.100000,-0.200000,0.100000,0.018353,-0.028482,0.047998,0.064348,-0.199367,0.096820
14.480620,2.879366,4.087695,0.000000,29.155640,-53.567365,1.408658,2.815186,4.158959,0.014313,0.020000,-0.030000,0.050000,0.100000,-0.200000,0.100000,0.018353,-0.028482,0.047998,0.064348,-0.199367,0.096820
14.485200,2.869998,4.094278,0.000000,29.163686,-53.602970,1.410307,2.805704,4.165578,0.014272,0.020000,-0.030000,0.050000,0.100000,-0.200000,0.100000,0.018353,-0.028482,0.047998,0.064348,-0.199367,0.096820
14.490665,2.858799,4.102105,0.000000,29.173293,-53.645517,1.412273,2.794369,4.173448,0.014223,0.020000,-0.030000,0.050000,0.100000,-0.200000,0.100000,0.018353,-0.028482,0.047998,0.064348,-0.199367,0.096820
14.495473,2.848928,4.108967,0.000000,29.181751,-53.683003,1.414001,2.784377,4.180347,0.014180,0.020000,-0.030000,0.050000,0.100000,-0.200000,0.100000,0.018353,-0.028482,0.047998,0.064348,-0.199367,0.096820
14.500373,2.838854,4.115934,0.000000,29.190373,-53.721246,1.415760,2.774180,4.187351,0.014134,0.020000,-0.030000,0.050000,0.100000,-0.200000,0.100000,0.018353,-0.028482,0.047998,0.064348,-0.199367,0.096820
14.505084,2.829151,4.122609,0.000000,29.198668,-53.758066,1.417450,2.764358,4.194063,0.014092,0.020000,-0.030000,0.050000,0.100000,-0.200000,0.100000,0.018353,-0.028482,0.047998,0.064348,-0.199367,0.096820
14.510211,2.818573,4.129848,0.000000,29.207702,-53.798194,1.419289,2.753650,4.201343,0.014045,0.020000,-0.030000,0.050000,0.100000,-0.200000,0.100000,0.018353,-0.028482,0.047998,0.064348,-0.199367,0.096820
14.515125,2.808417,4.136761,0.000000,29.216365,-53.836701,1.421050,2.743370,4.208296,0.014001,0.020000,-0.030000,0.050000,0.100000,-0.200000,0.100000,0.018353,-0.028482,0.047998,0.064348,-0.199367,0.096820
14.519674,2.799000,4.143139,0.000000,29.224390,-53.872399,1.422680,2.733837,4.214710,0.013960,0.020000,-0.030000,0.050000,0.100000,-0.200000,0.100000,0.018353,-0.028482,0.047998,0.064348,-0.199367,0.096820
14.524802,2.788369,4.150301,0.000000,29.233441,-53.912681,1.424514,2.723076,4.221912,0.013913,0.020000,-0.030000,0.050000,0.100000,-0.200000,0.100000,0.018353,-0.028482,0.047998,0.064348,-0.199367,0.096820
14.530023,2.777525,4.157566,0.000000,29.242665,-53.953759,1.426381,2.712098,4.229217,0.013866,0.020000,-0.030000,0.050000,0.100000,-0.200000,0.100000,0.018353,-0.028482,0.047998,0.064348,-0.199367,0.096820
14.534691,2.767813,4.164038,0.000000,29.250917,-53.990537,1.428049,2.702266,4.235724,0.013824,0.020000,-0.030000,0.050000,0.100000,-0.200000,0.100000,0.018353,-0.028482,0.047998,0.064348,-0.199367,0.096820
14.539865,2.757033,4.171183,0.000000,29.260068,-54.031344,1.429896,2.691354,4.242910,0.013777,0.020000,-0.030000,0.050000,0.100000,-0.200000,0.100000,0.018353,-0.028482,0.047998,0.064348,-0.199367,0.096820
14.544972,2.746372,4.178210,0.000000,29.269110,-54.071686,1.431716,2.680563,4.249975,0.013729,0.020000,-0.030000,0.050000,0.100000,-0.200000,0.100000,0.018353,-0.028482,0.047998,0.064348,-0.199367,0.096820
14.549592,2.736712,4.184544,0.000000,29.277296,-54.108231,1.433361,2.670785,4.256343,0.013685,0.020000,-0.030000,0.050000,0.100000,-0.200000,0.100000,0.018353,-0.028482,0.047998,0.064348,-0.199367,0.096820
14.554253,2.726952,4.190910,0.000000,29.285560,-54.145140,1.435019,2.660906,4.262744,0.013641,0.020000,-0.030000,0.050000,0.100000,-0.200000,0.100000,0.018353,-0.028482,0.047998,0.064348,-0.199367,0.096820
14.559650,2.715634,4.198253,0.000000,29.295136,-54.187933,1.436939,2.649449,4.270125,0.013591,0.020000,-0.030000,0.050000,0.100000,-0.200000,0.100000,0.018353,-0.028482,0.047998,0.064348,-0.199367,0.096820
14.564446,2.705559,4.204754,0.000000,29.303653,-54.226015,1.438643,2.639250,4.276658,0.013546,0.020000,-0.030000,0.050000,0.100000,-0.200000,0.100000,0.018353,-0.028482,0.047998,0.064348,-0.199367,0.096820
14.569736,2.694428,4.211895,0.000000,29.313056,-54.268074,1.440522,2.627985,4.283836,0.013497,0.020000,-0.030000,0.050000,0.100000,-0.200000,0.100000,0.018353,-0.028482,0.047998,0.064348,-0.199367,0.096820
14.574877,2.683592,4.218807,0.000000,29.322202,-54.309005,1.442345,2.617019,4.290782,0.013449,0.020000,-0.030000,0.050000,0.100000,-0.200000,0.100000,0.018353,-0.028482,0.047998,0.064348,-0.199367,0.096820
14.579771,2.673261,4.225361,0.000000,29.330917,-54.348019,1.444081,2.606565,4.297368,0.013403,0.020000,-0.030000,0.050000,0.100000,-0.200000,0.100000,0.018353,-0.028482,0.047998,0.064348,-0.199367,0.096820
14.584589,2.663075,4.231788,0.000000,29.339503,-54.386475,1.445789,2.600433,4.314903,-0.005796,0.020000,-0.030000,0.050000,0.100000,-0.200000,0.100000,0.018353,-0.028484,0.048150,0.064163,-0.198681,0.097247
14.589475,2.652728,4.238282,0.000000,29.348218,-54.425528,1.447521,2.589964,4.321463,-0.005864,0.020000,-0.030000,0.050000,0.100000,-0.200000,0.100000,0.018353,-0.028484,0.048150,0.064163,-0.198681,0.097247
14.594503,2.642064,4.244938,0.000000,29.357195,-54.465766,1.449302,2.579174,4.328187,-0.005933,0.020000,-0.030000,0.050000,0.100000,-0.200000,0.100000,0.018353,-0.028484,0.048150,0.064163,-0.198681,0.097247
14.599385,2.631694,4.251375,0.000000,29.365917,-54.504885,1.451030,2.568682,4.334691,-0.006002,0.020000,-0.030000,0.050000,0.100000,-0.200000,0.100000,0.018353,-0.028484,0.048150,0.064163,-0.198681,0.097247
14.604704,2.620380,4.258358,0.000000,29.375425,-54.547554,1.452910,2.557233,4.341749,-0.006076,0.020000,-0.030000,0.050000,0.100000,-0.200000,0.100000,0.018353,-0.028484,0.048150,0.064163,-0.198681,0.097247
14.610167,2.608737,4.265500,0.000000,29.385200,-54.591450,1.454841,2.545451,4.348970,-0.006153,0.020000,-0.030000,0.050000,0.100000,-0.200000,0.100000,0.018353,-0.028484,0.048150,0.064163,-0.198681,0.097247
14.615650,2.597034,4.272636,0.000000,29.395016,-54.635563,1.456775,2.533607,4.356188,-0.006231,0.020000,-0.030000,0.050000,0.100000,-0.200000,0.100000,0.018353,-0.028484,0.048150,0.064163,-0.198681,0.097247
14.621138,2.585300,4.279746,0.000000,29.404849,-54.679782,1.458710,2.521729,4.363381,-0.006309,0.020000,-0.030000,0.050000,0.100000,-0.200000,0.100000,0.018353,-0.028484,0.048150,0.064163,-0.198681,0.097247
14.625830,2.575254,4.285798,0.000000,29.413261,-54.717629,1.460362,2.511560,4.369504,-0.006375,0.020000,-0.030000,0.050000,0.100000,-0.200000,0.100000,0.018353,-0.028484,0.048150,0.064163,-0.198681,0.097247
14.630375,2.565507,4.291640,0.000000,29.421417,-54.754342,1.461962,2.501694,4.375416,-0.006440,0.020000,-0.030000,0.050000,0.100000,-0.200000,0.100000,0.018353,-0.028484,0.048150,0.064163,-0.198681,0.097247
14.635219,2.555106,4.297841,0.000000,29.430115,-54.793514,1.463666,2.491164,4.381693,-0.006509,0.020000,-0.030000,0.050000,0.100000,-0.200000,0.100000,0.018353,-0.028484,0.048150,0.064163,-0.198681,0.097247
14.639907,2.545024,4.303819,0.000000,29.438540,-54.831475,1.465313,2.480957,4.387746,-0.006576,0.020000,-0.030000,0.050000,0.100000,-0.200000,0.100000,0.018353,-0.028484,0.048150,0.064163,-0.198681,0.097247
14.644461,2.535217,4.309603,0.000000,29.446731,-54.868393,1.466911,2.471028,4.393603,-0.006642,0.020000,-0.030000,0.050000,0.100000,-0.200000,0.100000,0.018353,-0.028484,0.048150,0.064163,-0.198681,0.097247
14.649749,2.523814,4.316290,0.000000,29.456249,-54.911313,1.468764,2.459482,4.400374,-0.006719,0.020000,-0.030000,0.050000,0.100000,-0.200000,0.100000,0.018353,-0.028484,0.048150,0.064163,-0.198681,0.097247
14.655061,2.512341,4.322978,0.000000,29.465822,-54.954488,1.470624,2.447867,4.407147,-0.006797,0.020000,-0.030000,0.050000,0.100000,-0.200000,0.100000,0.018353,-0.028484,0.048150,0.064163,-0.198681,0.097247
14.660249,2.501119,4.329481,0.000000,29.475182,-54.996712,1.472440,2.436506,4.413731,-0.006873,0.020000,-0.030000,0.050000,0.100000,-0.200000,0.100000,0.018353,-0.028484,0.048150,0.064163,-0.198681,0.097247
14.665388,2.489986,4.335893,0.000000,29.484463,-55.038591,1.474237,2.425237,4.420225,-0.006948,0.020000,-0.030000,0.050000,0.100000,-0.200000,0.100000,0.018353,-0.028484,0.048150,0.064163,-0.198681,0.097247
14.670842,2.478152,4.342668,0.000000,29.494326,-55.083101,1.476141,2.413259,4.427086,-0.007028,0.020000,-0.030000,0.050000,0.100000,-0.200000,0.100000,0.018353,-0.028484,0.048150,0.064163,-0.198681,0.097247
14.676267,2.466363,4.349374,0.000000,29.504146,-55.127434,1.478034,2.401326,4.433877,-0.007109,0.020000,-0.030000,0.050000,0.100000,-0.200000,0.100000,0.018353,-0.028484,0.048150,0.064163,-0.198681,0.097247
14.681227,2.455570,4.355477,0.000000,29.513135,-55.168020,1.479761,2.390401,4.440056,-0.007183,0.020000,-0.030000,0.050000,0.100000,-0.200000,0.100000,0.018353,-0.028484,0.048150,0.064163,-0.198681,0.097247
14.686688,2.443668,4.362165,0.000000,29.523042,-55.212763,1.481661,2.378356,4.446829,-0.007266,0.020000,-0.030000,0.050000,0.100000,-0.200000,0.100000,0.018353,-0.028484,0.048150,0.064163,-0.198681,0.097247
14.691704,2.432721,4.368280,0.000000,29.532153,-55.253916,1.483404,2.367276,4.453021,-0.007341,0.020000,-0.030000,0.050000,0.100000,-0.200000,0.100000,0.018353,-0.028484,0.048150,0.064163,-0.198681,0.097247
14.697083,2.420962,4.374808,0.000000,29.541933,-55.298110,1.485274,2.355375,4.459633,-0.007422,0.020000,-0.030000,0.050000,0.100000,-0.200000,0.100000,0.018353,-0.028484,0.048150,0.064163,-0.198681,0.097247
14.702253,2.409645,4.381051,0.000000,29.551343,-55.340641,1.487069,2.343920,4.465958,-0.007498,0.020000,-0.030000,0.050000,0.100000,-0.200000,0.100000,0.018353,-0.028484,0.048150,0.064163,-0.198681,0.097247
14.707525,2.398090,4.387387,0.000000,29.560949,-55.384064,1.488899,2.332224,4.472375,-0.007576,0.020000,-0.030000,0.050000,0.100000,-0.200000,0.100000,0.018353,-0.028484,0.048150,0.064163,-0.198681,0.097247
14.712457,2.387262,4.393288,0.000000,29.569947,-55.424751,1.490612,2.321263,4.478353,-0.007646,0.020000,-0.030000,0.050000,0.100000,-0.200000,0.100000,0.018353,-0.028484,0.048150,0.064163,-0.198681,0.097247
14.717390,2.376419,4.399163,0.000000,29.578954,-55.465485,1.492325,2.310290,4.484304,-0.007715,0.020000,-0.030000,0.050000,0.100000,-0.200000,0.100000,0.018353,-0.028484,0.048150,0.064163,-0.198681,0.097247
14.722373,2.365451,4.405070,0.000000,29.588066,-55.506689,1.494056,2.299190,4.490290,-0.007783,0.020000,-0.030000,0.050000,0.100000,-0.200000,0.100000,0.018353,-0.028484,0.048150,0.064163,-0.198681,0.097247
14.727514,2.354119,4.411136,0.000000,29.597478,-55.549253,1.495840,2.287725,4.496436,-0.007853,0.020000,-0.030000,0.050000,0.100000,-0.200000,0.100000,0.018353,-0.028484,0.048150,0.064163,-0.198681,0.097247
14.732378,2.343386,4.416848,0.000000,29.606392,-55.589568,1.497526,2.276864,4.502222,-0.007919,0.020000,-0.030000,0.050000,0.100000,-0.200000,0.100000,0.018353,-0.028484,0.048150,0.064163,-0.198681,0.097247
14.737176,2.332783,4.422457,0.000000,29.615198,-55.629391,1.499188,2.266135,4.507904,-0.007985,0.020000,-0.030000,0.050000,0.100000,-0.200000,0.100000,0.018353,-0.028484,0.048150,0.064163,-0.198681,0.097247
14.742460,2.321090,4.428605,0.000000,29.624907,-55.673308,1.501016,2.254303,4.514130,-0.008058,0.020000,-0.030000,0.050000,0.100000,-0.200000,0.100000,0.018353,-0.028484,0.048150,0.064163,-0.198681,0.097247
14.747220,2.310543,4.434116,0.000000,29.633663,-55.712917,1.502661,2.243631,4.519712,-0.008124,0.020000,-0.030000,0.050000,0.100000,-0.200000,0.100000,0.018353,-0.028484,0.048150,0.064163,-0.198681,0.097247
14.752695,2.298398,4.440424,0.000000,29.643746,-55.758528,1.504552,2.231342,4.526101,-0.008198,0.020000,-0.030000,0.050000,0.100000,-0.200000,0.100000,0.018353,-0.028484,0.048150,0.064163,-0.198681,0.097247
14.757280,2.288212,4.445682,0.000000,29.652200,-55.796775,1.506135,2.221037,4.531428,-0.008260,0.020000,-0.030000,0.050000,0.100000,-0.200000,0.100000,0.018353,-0.028484,0.048150,0.064163,-0.198681,0.097247
14.762481,2.276642,4.451618,0.000000,29.661802,-55.840217,1.507931,2.209331,4.537443,-0.008330,0.020000,-0.030000,0.050000,0.100000,-0.200000,0.100000,0.018353,-0.028484,0.048150,0.064163,-0.198681,0.097247
14.767026,2.266520,4.456780,0.000000,29.670202,-55.878224,1.509498,2.199090,4.542675,-0.008391,0.020000,-0.030000,0.050000,0.100000,-0.200000,0.100000,0.018353,-0.028484,0.048150,0.064163,-0.198681,0.097247
14.771718,2.256059,4.462085,0.000000,29.678884,-55.917502,1.511115,2.188507,4.548051,-0.008454,0.020000,-0.030000,0.050000,0.100000,-0.200000,0.100000,0.018353,-0.028484,0.048150,0.064163,-0.198681,0.097247
14.776829,2.244649,4.467835,0.000000,29.688352,-55.960339,1.512874,2.176965,4.553879,-0.008524,0.020000,-0.030000,0.050000,0.100000,-0.200000,0.100000,0.018353,-0.028484,0.048150,0.064163,-0.198681,0.097247
14.781363,2.234513,4.472913,0.000000,29.696763,-55.998394,1.514432,2.166712,4.559026,-0.008586,0.020000,-0.030000,0.050000,0.100000,-0.200000,0.100000,0.018353,-0.028484,0.048150,0.064163,-0.198681,0.097247
14.786652,2.222678,4.478806,0.000000,29.706582,-56.042828,1.516248,2.194639,4.570880,-0.013970,0.020000,-0.030000,0.050000,0.100000,-0.200000,0.100000,0.018356,-0.028443,0.048282,0.062891,-0.197724,0.097360
14.791603,2.211583,4.484295,0.000000,29.715787,-56.084483,1.517945,2.183481,4.576479,-0.014044,0.020000,-0.030000,0.050000,0.100000,-0.200000,0.100000,0.018356,-0.028443,0.048282,0.062891,-0.197724,0.097360
14.796493,2.200613,4.489688,0.000000,29.724889,-56.125670,1.519620,2.172449,4.581982,-0.014117,0.020000,-0.030000,0.050000,0.100000,-0.200000,0.100000,0.018356,-0.028443,0.048282,0.062891,-0.197724,0.097360
14.801695,2.188928,4.495397,0.000000,29.734588,-56.169542,1.521401,2.160701,4.587806,-0.014195,0.020000,-0.030000,0.050000,0.100000,-0.200000,0.100000,0.018356,-0.028443,0.048282,0.062891,-0.197724,0.097360
14.806348,2.178464,4.500477,0.000000,29.743273,-56.208827,1.522991,2.150181,4.592990,-0.014265,0.020000,-0.030000,0.050000,0.100000,-0.200000,0.100000,0.018356,-0.028443,0.048282,0.062891,-0.197724,0.097360
14.811760,2.166278,4.506356,0.000000,29.753388,-56.254578,1.524839,2.137929,4.598988,-0.014348,0.020000,-0.030000,0.050000,0.100000,-0.200000,0.100000,0.018356,-0.028443,0.048282,0.062891,-0.197724,0.097360
14.817079,2.154285,4.512101,0.000000,29.763343,-56.299607,1.526653,2.125871,4.604851,-0.014429,0.020000,-0.030000,0.050000,0.100000,-0.200000,0.100000,0.018356,-0.028443,0.048282,0.062891,-0.197724,0.097360
14.821932,2.143330,4.517315,0.000000,29.772437,-56.340742,1.528306,2.114854,4.610173,-0.014503,0.020000,-0.030000,0.050000,0.100000,-0.200000,0.100000,0.018356,-0.028443,0.048282,0.062891,-0.197724,0.097360
14.827146,2.131547,4.522887,0.000000,29.782219,-56.384991,1.530080,2.103002,4.615860,-0.014583,0.020000,-0.030000,0.050000,0.100000,-0.200000,0.100000,0.018356,-0.028443,0.048282,0.062891,-0.197724,0.097360
14.831943,2.120690,4.527988,0.000000,29.791229,-56.425760,1.531712,2.092081,4.621069,-0.014655,0.020000,-0.030000,0.050000,0.100000,-0.200000,0.100000,0.018356,-0.028443,0.048282,0.062891,-0.197724,0.097360
14.836655,2.110017,4.532971,0.000000,29.800088,-56.465842,1.533315,2.081344,4.626161,-0.014726,0.020000,-0.030000,0.050000,0.100000,-0.200000,0.100000,0.018356,-0.028443,0.048282,0.062891,-0.197724,0.097360
14.841237,2.099627,4.537793,0.000000,29.808712,-56.504861,1.534873,2.070892,4.631090,-0.014793,0.020000,-0.030000,0.050000,0.100000,-0.200000,0.100000,0.018356,-0.028443,0.048282,0.062891,-0.197724,0.097360
14.846535,2.087598,4.543340,0.000000,29.818697,-56.550037,1.536676,2.058791,4.636763,-0.014868,0.020000,-0.030000,0.050000,0.100000,-0.200000,0.100000,0.018356,-0.028443,0.048282,0.062891,-0.197724,0.097360
14.851731,2.075790,4.548747,0.000000,29.828498,-56.594388,1.538443,2.046910,4.642296,-0.014941,0.020000,-0.030000,0.050000,0.100000,-0.200000,0.100000,0.018356,-0.028443,0.048282,0.062891,-0.197724,0.097360
14.856407,2.065149,4.553588,0.000000,29.837332,-56.634357,1.540031,2.036204,4.647250,-0.015008,0.020000,-0.030000,0.050000,0.100000,-0.200000,0.100000,0.018356,-0.028443,0.048282,0.062891,-0.197724,0.097360
14.861559,2.053411,4.558893,0.000000,29.847080,-56.678447,1.541778,2.024396,4.652680,-0.015083,0.020000,-0.030000,0.050000,0.100000,-0.200000,0.100000,0.018356,-0.028443,0.048282,0.062891,-0.197724,0.097360
14.866647,2.041807,4.564102,0.000000,29.856719,-56.722041,1.543501,2.012721,4.658011,-0.015156,0.020000,-0.030000,0.050000,0.100000,-0.200000,0.100000,0.018356,-0.028443,0.048282,0.062891,-0.197724,0.097360
14.871257,2.031280,4.568796,0.000000,29.865467,-56.761592,1.545062,2.002130,4.662817,-0.015223,0.020000,-0.030000,0.050000,0.100000,-0.200000,0.100000,0.018356,-0.028443,0.048282,0.062891,-0.197724,0.097360
14.876716,2.018802,4.574324,0.000000,29.875840,-56.808479,1.546907,1.989575,4.668475,-0.015302,0.020000,-0.030000,0.050000,0.100000,-0.200000,0.100000,0.018356,-0.028443,0.048282,0.062891,-0.197724,0.097360
14.881642,2.007530,4.579282,0.000000,29.885213,-56.850839,1.548572,1.978235,4.673553,-0.015373,0.020000,-0.030000,0.050000,0.100000,-0.200000,0.100000,0.018356,-0.028443,0.048282,0.062891,-0.197724,0.097360
14.887069,1.995097,4.584712,0.000000,29.895555,-56.897566,1.550406,1.965727,4.679113,-0.015449,0.020000,-0.030000,0.050000,0.100000,-0.200000,0.100000,0.018356,-0.028443,0.048282,0.062891,-0.197724,0.097360
14.891814,1.984214,4.589433,0.000000,29.904611,-56.938476,1.552007,1.954776,4.683947,-0.015516,0.020000,-0.030000,0.050000,0.100000,-0.200000,0.100000,0.018356,-0.028443,0.048282,0.062891,-0.197724,0.097360
14.896941,1.972443,4.594504,0.000000,29.914409,-56.982726,1.553735,1.942933,4.689143,-0.015590,0.020000,-0.030000,0.050000,0.100000,-0.200000,0.100000,0.018356,-0.028443,0.048282,0.062891,-0.197724,0.097360
14.901481,1.962008,4.598970,0.000000,29.923097,-57.021955,1.555263,1.932435,4.693719,-0.015655,0.020000,-0.030000,0.050000,0.100000,-0.200000,0.100000,0.018356,-0.028443,0.048282,0.062891,-0.197724,0.097360
14.906363,1.950775,4.603746,0.000000,29.932455,-57.064194,1.556905,1.921134,4.698614,-0.015726,0.020000,-0.030000,0.050000,0.100000,-0.200000,0.100000,0.018356,-0.028443,0.048282,0.062891,-0.197724,0.097360
14.911389,1.939200,4.608634,0.000000,29.942103,-57.107723,1.558593,1.909490,4.703623,-0.015799,0.020000,-0.030000,0.050000,0.100000,-0.200000,0.100000,0.018356,-0.028443,0.048282,0.062891,-0.197724,0.097360
14.915984,1.928607,4.613076,0.000000,29.950936,-57.147562,1.560133,1.898835,4.708177,-0.015867,0.020000,-0.030000,0.050000,0.100000,-0.200000,0.100000,0.018356,-0.028443,0.048282,0.062891,-0.197724,0.097360
14.920799,1.917496,4.617706,0.000000,29.960204,-57.189358,1.561745,1.887658,4.712923,-0.015940,0.020000,-0.030000,0.050000,0.100000,-0.200000,0.100000,0.018356,-0.028443,0.048282,0.062891,-0.197724,0.097360
14.925528,1.906572,4.622227,0.000000,29.969320,-57.230457,1.563326,1.876667,4.717560,-0.016011,0.020000,-0.030000,0.050000,0.100000,-0.200000,0.100000,0.018356,-0.028443,0.048282,0.062891,-0.197724,0.097360
14.930545,1.894971,4.626995,0.000000,29.979003,-57.274105,1.565003,1.864997,4.722453,-0.016086,0.020000,-0.030000,0.050000,0.100000,-0.200000,0.100000,0.018356,-0.028443,0.048282,0.062891,-0.197724,0.097360
14.935130,1.884358,4.631328,0.000000,29.987866,-57.314044,1.566535,1.854321,4.726900,-0.016155,0.020000,-0.030000,0.050000,0.100000,-0.200000,0.100000,0.018356,-0.028443,0.048282,0.062891,-0.197724,0.097360
14.940443,1.872048,4.636317,0.000000,29.998154,-57.360376,1.568306,1.841938,4.732019,-0.016235,0.020000,-0.030000,0.050000,0.100000,-0.200000,0.100000,0.018356,-0.028443,0.048282,0.062891,-0.197724,0.097360
14.945513,1.860290,4.641047,0.000000,30.007987,-57.404644,1.569995,1.830109,4.736871,-0.016312,0.020000,-0.030000,0.050000,0.100000,-0.200000,0.100000,0.018356,-0.028443,0.048282,0.062891,-0.197724,0.097360
14.950353,1.849053,4.645536,0.000000,30.017391,-57.446958,1.571605,1.818804,4.741474,-0.016386,0.020000,-0.030000,0.050000,0.100000,-0.200000,0.100000,0.018356,-0.028443,0.048282,0.062891,-0.197724,0.097360
14.955179,1.837838,4.649984,0.000000,30.026780,-57.489193,1.573209,1.807523,4.746037,-0.016458,0.020000,-0.030000,0.050000,0.100000,-0.200000,0.100000,0.018356,-0.028443,0.048282,0.062891,-0.197724,0.097360
14.960348,1.825814,4.654718,0.000000,30.036854,-57.534486,1.574927,1.795428,4.750895,-0.016535,0.020000,-0.030000,0.050000,0.100000,-0.200000,0.100000,0.018356,-0.028443,0.048282,0.062891,-0.197724,0.097360
14.965626,1.813523,4.659521,0.000000,30.047157,-57.580798,1.576682,1.783063,4.755823,-0.016612,0.020000,-0.030000,0.050000,0.100000,-0.200000,0.100000,0.018356,-0.028443,0.048282,0.062891,-0.197724,0.097360
14.970235,1.802782,4.663687,0.000000,30.056166,-57.621275,1.578212,1.772257,4.760098,-0.016678,0.020000,-0.030000,0.050000,0.100000,-0.200000,0.100000,0.018356,-0.028443,0.048282,0.062891,-0.197724,0.097360
14.975335,1.790883,4.668269,0.000000,30.066152,-57.666128,1.579903,1.760284,4.764801,-0.016752,0.020000,-0.030000,0.050000,0.100000,-0.200000,0.100000,0.018356,-0.028443,0.048282,0.062891,-0.197724,0.097360
14.980139,1.779665,4.672558,0.000000,30.075572,-57.708424,1.581497,1.748996,4.769202,-0.016821,0.020000,-0.030000,0.050000,0.100000,-0.200000,0.100000,0.018356,-0.028443,0.048282,0.062891,-0.197724,0.097360
14.985407,1.767351,4.677229,0.000000,30.085918,-57.754856,1.583242,1.736608,4.773999,-0.016896,0.020000,-0.030000,0.050000,0.100000,-0.200000,0.100000,0.018356,-0.028443,0.048282,0.062891,-0.197724,0.097360
14.990459,1.755531,4.681678,0.000000,30.095857,-57.799443,1.584913,1.754880,4.768472,-0.026674,0.020000,-0.030000,0.050000,0.100000,-0.200000,0.100000,0.018348,-0.028402,0.048193,0.061881,-0.197803,0.097536
14.995722,1.743205,4.686282,0.000000,30.106227,-57.845944,1.586654,1.742543,4.773185,-0.026760,0.020000,-0.030000,0.050000,0.100000,-0.200000,0.100000,0.018348,-0.028402,0.048193,0.061881,-0.197803,0.097536
