#timestamp [ns],w_RS_S [rad s^-1],a_RS_S [m s^-2]
0,0.021752347,-0.028335347,0.548515393,-1.269187,-0.317156,10.007119
4924519,0.020878616,-0.032411364,0.549419940,-1.082762,-0.121993,9.958536
9542311,0.021238090,-0.033223799,0.548683431,-1.099353,-0.167559,9.870584
14356459,0.018019703,-0.029145499,0.550062769,-1.201991,-0.203326,9.988288
18974524,0.020118464,-0.033872912,0.547497880,-1.182847,-0.210054,9.874649
24054420,0.021342189,-0.030665816,0.551679527,-1.175358,-0.197430,9.850280
29223072,0.014651328,-0.027199741,0.550544003,-1.148485,-0.152646,9.803455
34272512,0.020419983,-0.030192101,0.548325737,-1.126062,-0.156520,9.918933
39257475,0.019835399,-0.035790602,0.547418582,-1.155660,-0.242551,9.951710
44657008,0.020993942,-0.031048291,0.552157476,-1.105893,-0.170243,9.858882
49209584,0.024755112,-0.032801194,0.553814845,-1.120613,-0.247670,9.960930
54558520,0.019770045,-0.027932463,0.547651684,-1.111245,-0.105515,9.894397
59205123,0.022177847,-0.027760584,0.549640387,-1.204840,-0.187003,9.920189
64034788,0.021305919,-0.029790479,0.550546673,-1.144348,-0.235328,10.041018
68814207,0.018838678,-0.030563896,0.550719348,-1.160008,-0.187395,9.935497
73938273,0.020493251,-0.031388412,0.551152126,-1.111590,-0.199969,9.936375
79227408,0.020931730,-0.030380502,0.552552752,-1.130675,-0.140895,9.917772
83873583,0.021225202,-0.031080788,0.551490209,-1.006633,-0.245791,9.893048
89245326,0.020299542,-0.030885824,0.547109569,-1.221736,-0.114889,9.840398
94328674,0.019212169,-0.030828746,0.547776910,-1.281185,-0.107896,9.925695
99302167,0.018496596,-0.032974666,0.550463441,-1.248398,-0.214044,9.874096
104363897,0.021263337,-0.031939714,0.547670833,-1.190937,-0.255534,9.904554
109740432,0.019958423,-0.027980150,0.550769078,-1.245923,-0.193267,9.854575
115024368,0.020526762,-0.030873530,0.552923150,-1.147561,-0.212518,9.969835
120356813,0.016528728,-0.031222673,0.548492370,-1.109958,-0.250579,9.840595
125480740,0.022127113,-0.029917227,0.550379103,-1.071084,-0.204527,9.820737
130892154,0.019931664,-0.026592148,0.549350594,-1.047237,-0.238552,10.016083
136026593,0.021150093,-0.028981879,0.548958863,-1.219480,-0.202185,9.810294
140765029,0.022221748,-0.028540876,0.548965880,-1.159214,-0.174237,9.982274
145515478,0.019386628,-0.029189291,0.552238260,-1.105574,-0.264734,9.886467
150522164,0.021720008,-0.028553224,0.548905680,-1.188689,-0.117305,9.903415
155277758,0.023283859,-0.029192146,0.549643631,-1.172503,-0.165774,9.904718
160739545,0.019549220,-0.026720718,0.548098757,-1.286108,-0.261031,9.820470
165244495,0.022758029,-0.027383054,0.548158307,-1.223320,-0.199808,9.900292
170623586,0.018735738,-0.029792807,0.549001003,-1.086140,-0.216659,9.924989
175262893,0.017726256,-0.029595355,0.548933261,-1.159743,-0.194621,9.998267
180123601,0.022180715,-0.031499603,0.549183418,-1.090230,-0.200366,9.852809
185282900,0.019613406,-0.027036927,0.549578306,-1.155683,-0.211074,9.841289
190466597,0.018919222,-0.028338028,0.549903121,-1.162916,-0.146963,9.896070
195638599,0.019227947,-0.033126203,0.547578980,-1.068938,-0.111036,9.928038
200597569,0.021235179,-0.030295834,0.553329764,-1.226929,-0.297709,9.920463
205917786,0.021762017,-0.029804183,0.549074379,-1.014102,-0.256749,9.959058
210761746,0.021630209,-0.029967120,0.550863333,-1.154502,-0.205638,9.855030
216260539,0.018681615,-0.030410083,0.553952448,-1.156672,-0.199923,9.828790
220950388,0.022701665,-0.029623494,0.551642534,-1.166653,-0.161380,9.872401
226203056,0.019577177,-0.025598430,0.546001200,-1.171607,-0.161545,9.864307
231003892,0.018296478,-0.028006951,0.552943920,-1.138931,-0.177821,9.950402
235696299,0.017606833,-0.029701129,0.547019325,-1.150053,-0.257013,9.869346
240534503,0.019188767,-0.029639513,0.548391905,-1.144236,-0.199215,9.846171
245988446,0.020799302,-0.024581149,0.551313665,-1.202212,-0.361312,9.918913
251343909,0.020004576,-0.027619793,0.549056502,-1.153067,-0.195670,9.850702
255883455,0.020153118,-0.030498788,0.552141994,-1.204409,-0.167733,9.796154
260966346,0.020454654,-0.027986321,0.546996998,-1.158905,-0.224556,9.911573
266426960,0.019409487,-0.035532445,0.548444451,-1.190887,-0.197134,9.841706
271347517,0.020560149,-0.030091937,0.550649272,-1.154678,-0.196211,9.915708
276142450,0.019372419,-0.029389323,0.548657723,-1.140172,-0.184245,9.917192
280694290,0.016283717,-0.029310186,0.551577115,-1.158989,-0.115570,9.947485
285858720,0.018042860,-0.028556520,0.548725941,-1.080500,-0.100344,9.854928
291180294,0.018858892,-0.034839649,0.552458125,-1.209653,-0.177107,9.935261
296446962,0.024940936,-0.025872769,0.549943800,-1.162278,-0.122186,9.906245
301663598,0.019513547,-0.029762758,0.549443533,-1.133107,-0.284202,9.924245
306550112,0.016991824,-0.027861436,0.551195554,-1.132816,-0.228050,9.878395
311411971,0.021232443,-0.029934671,0.553070460,-1.273064,-0.125689,9.934816
316176862,0.023658480,-0.030590195,0.550251619,-1.198131,-0.200564,9.895242
320798027,0.019680147,-0.031487454,0.550489224,-1.147554,-0.127702,9.885851
325694097,0.019754010,-0.028771496,0.551842401,-1.255420,-0.182982,9.930479
330487774,0.021528743,-0.030405720,0.549471337,-1.175448,-0.185749,9.923151
335583921,0.020394851,-0.028217921,0.549889915,-1.179310,-0.110999,9.877468
340269066,0.020880678,-0.031292477,0.553777515,-1.214770,-0.160243,9.878006
345178855,0.018875410,-0.030236501,0.548670237,-1.106469,-0.202697,9.897603
349882522,0.025224516,-0.028878612,0.551989425,-1.117499,-0.337556,9.949805
354471553,0.018658762,-0.028576319,0.546851533,-1.134745,-0.179850,9.914216
359098204,0.020676674,-0.027720700,0.549403093,-1.166323,-0.183404,9.916060
364002688,0.020551364,-0.029266947,0.547308700,-1.100462,-0.213140,9.932506
369065032,0.021448151,-0.029122292,0.548076103,-1.166710,-0.257177,9.874588
374011821,0.022540974,-0.031954973,0.550289651,-1.184045,-0.291352,9.983096
378942420,0.015915614,-0.027755312,0.551653064,-1.143198,-0.145435,9.867870
384393288,0.022488623,-0.030019799,0.550443114,-1.159590,-0.187136,9.932664
389823871,0.017234116,-0.029189045,0.549853819,-1.130210,-0.148593,9.902848
394829878,0.022942412,-0.028046231,0.549689979,-1.138515,-0.173906,9.873132
399689658,0.019019446,-0.028455790,0.554245569,-1.187855,-0.203112,9.903891
404549909,0.018630100,-0.030149811,0.552091541,-1.203096,-0.207691,9.892636
409051700,0.023076657,-0.031792827,0.551831574,-1.135672,-0.154299,9.804350
413658063,0.020462157,-0.031758873,0.547462204,-1.109576,-0.199271,9.990372
418796273,0.020210684,-0.030241274,0.546335016,-1.181625,-0.243884,9.908138
423544770,0.020866785,-0.031867553,0.553164889,-1.114758,-0.149122,9.940798
428652853,0.018531790,-0.029413813,0.549048436,-1.055538,-0.207544,9.998930
433898040,0.019871886,-0.029620816,0.550471067,-1.215235,-0.212833,9.903089
438664028,0.017998814,-0.031364264,0.547954965,-1.147258,-0.174839,9.917150
443907906,0.019983688,-0.027817606,0.550202939,-1.165004,-0.221750,9.899891
449247618,0.021061384,-0.030408468,0.549247695,-1.213200,-0.104296,10.006930
453854296,0.019568941,-0.026111474,0.548221282,-1.165605,-0.164209,9.876446
459171858,0.020978589,-0.026854873,0.550794822,-1.120977,-0.097807,9.920918
464306030,0.019159712,-0.027443301,0.550199441,-1.187465,-0.135045,9.893231
469521793,0.018782653,-0.030541440,0.549164585,-1.262562,-0.190718,9.889549
474559673,0.022267648,-0.028139767,0.553762613,-1.143163,-0.189425,9.850433
479856445,0.016325173,-0.028569193,0.553078195,-1.132548,-0.242272,9.841277
484437328,0.019549894,-0.030960802,0.547659870,-1.097350,-0.115387,9.946939
489200523,0.019087838,-0.027922925,0.546691508,-1.148419,-0.222840,9.876367
493855850,0.019386980,-0.029251814,0.550376627,-1.113295,-0.153359,9.940410
498657358,0.020931745,-0.027847576,0.548453659,-1.119739,-0.172203,9.908505
503259164,0.020444678,-0.027248026,0.549858003,-1.128599,-0.162887,9.842158
507793096,0.020690773,-0.031711346,0.548136019,-1.228575,-0.203824,9.890122
512867074,0.018662544,-0.030596746,0.550152170,-1.124660,-0.227684,9.885763
517995351,0.016226872,-0.030321530,0.549999263,-1.212957,-0.241062,9.950116
522678413,0.020324352,-0.032743837,0.550440539,-1.120656,-0.167333,9.956082
527752973,0.019547682,-0.031482963,0.548786438,-1.086798,-0.235403,9.915452
532375368,0.019782277,-0.030730642,0.552699160,-1.207935,-0.225365,9.923034
537616839,0.019306183,-0.028891811,0.550647151,-1.133171,-0.221600,9.853102
542342825,0.019672479,-0.029207384,0.548750775,-1.224630,-0.148805,9.952556
547110250,0.019937636,-0.028975915,0.548786927,-1.147482,-0.276755,9.867662
552269514,0.022568465,-0.028949540,0.551020124,-1.127836,-0.220360,10.054548
557721283,0.019999694,-0.027330141,0.550561140,-1.108203,-0.194188,9.983206
562829650,0.019311146,-0.029775562,0.550385029,-1.192039,-0.235794,9.886501
567594144,0.022183146,-0.027780234,0.551519588,-1.209601,-0.163827,9.995532
572562105,0.018911487,-0.030833278,0.552558281,-1.224084,-0.153204,9.889556
577993598,0.022956657,-0.032308084,0.550908822,-1.178717,-0.152496,9.840029
583019135,0.020352715,-0.032279165,0.551007702,-1.113232,-0.267324,9.829348
588494131,0.020479739,-0.031217127,0.547340320,-1.139831,-0.221669,9.886350
593043831,0.023099405,-0.026789920,0.548911253,-1.120958,-0.236831,9.894031
598140139,0.020409267,-0.031737249,0.551183592,-1.060081,-0.169341,9.878793
603462749,0.018718213,-0.031057387,0.548903880,-1.190812,-0.182581,9.961600
608081596,0.018845459,-0.030777834,0.545569715,-1.102670,-0.209733,9.963332
613226102,0.022038010,-0.024230274,0.551258643,-1.138873,-0.181778,9.882833
617968373,0.020603323,-0.029264210,0.551011143,-1.115746,-0.212205,9.966720
622722423,0.019889703,-0.024042924,0.550761326,-1.192099,-0.179997,9.882742
627282202,0.017478481,-0.031138441,0.551152606,-1.193651,-0.241841,9.925580
632727124,0.018727980,-0.027088444,0.549866999,-1.165172,-0.150443,9.885538
637535722,0.021986382,-0.031112820,0.551601306,-1.156794,-0.214629,9.853854
642851708,0.020943111,-0.029542920,0.549039497,-1.102217,-0.213071,9.897860
647436772,0.020638001,-0.029995851,0.550075338,-1.171938,-0.183338,9.910589
652728437,0.022124344,-0.029817950,0.547003690,-1.132497,-0.256409,9.929183
657420751,0.018880288,-0.032617722,0.547317505,-1.056241,-0.202659,9.838844
662708098,0.016842646,-0.032896355,0.555450562,-1.145373,-0.254767,9.924934
667634048,0.020071740,-0.028768641,0.553217824,-1.112238,-0.094290,9.947172
672592329,0.020556001,-0.033825006,0.551981652,-1.150651,-0.233920,9.902786
677485447,0.021361053,-0.029472843,0.553369642,-1.199366,-0.181328,9.938513
682771821,0.018998584,-0.029678115,0.550122286,-1.157840,-0.265233,9.939357
687595739,0.022343724,-0.028815902,0.552106596,-1.106029,-0.186216,10.025834
692316291,0.020494922,-0.029379600,0.552080465,-1.139473,-0.246053,9.942553
697293830,0.021203290,-0.026746423,0.548448925,-1.082376,-0.269149,9.897248
702633393,0.021461671,-0.030989384,0.550680196,-1.140261,-0.211566,9.822703
707419626,0.020985669,-0.027162224,0.550110346,-1.176451,-0.178102,9.899204
712898257,0.022016493,-0.028131746,0.553494643,-1.127779,-0.145122,9.831381
717536332,0.020474403,-0.029457888,0.553840841,-1.199813,-0.178052,9.897012
722847916,0.020613581,-0.030505867,0.549525662,-1.105266,-0.159644,9.883045
727363361,0.019141830,-0.030106748,0.551799728,-1.113390,-0.258249,9.747362
732309128,0.021670390,-0.029334339,0.549536270,-1.180338,-0.164951,9.935002
737303932,0.017732563,-0.027789653,0.550084672,-1.076299,-0.165927,10.018784
742502899,0.023593570,-0.031794334,0.549332328,-1.077233,-0.160855,9.807731
747503654,0.022299343,-0.028248168,0.551316572,-1.237800,-0.180401,9.938567
752392399,0.021406764,-0.031797880,0.550117059,-1.145553,-0.267964,9.913262
757805170,0.020736352,-0.034810268,0.550537625,-1.223565,-0.231510,9.961029
762738211,0.022318624,-0.026101502,0.551312064,-1.132608,-0.181444,9.828245
767503983,0.019741549,-0.028032351,0.549992875,-1.202266,-0.203707,9.863770
772124364,0.021963190,-0.030266422,0.547585496,-1.080472,-0.227253,9.894009
776867764,0.015774418,-0.030911007,0.548757744,-1.172072,-0.259421,9.861455
781678269,0.020598180,-0.031717073,0.552063011,-1.103336,-0.279346,9.897064
787165780,0.020432806,-0.026494825,0.549023813,-1.239842,-0.205865,9.926351
792625084,0.020878911,-0.031770408,0.548680335,-1.137669,-0.204046,9.912345
797600323,0.019641618,-0.029411414,0.551051517,-1.181351,-0.142560,9.864023
802884009,0.019184995,-0.032659679,0.549578898,-1.210587,-0.240565,9.927378
808233575,0.017787857,-0.031225080,0.546502780,-1.105687,-0.209130,9.925350
813692338,0.016809512,-0.029136247,0.545467127,-1.098157,-0.234793,9.907124
818709604,0.018663464,-0.032374720,0.552740004,-1.193652,-0.275763,9.847355
823783659,0.020986899,-0.032232494,0.551939811,-1.221810,-0.184761,9.984985
829109688,0.021776817,-0.030348266,0.551255494,-1.171406,-0.223910,9.852139
833797796,0.017476062,-0.031214481,0.549853484,-1.256771,-0.212058,9.953002
838602253,0.018995477,-0.029409105,0.547768890,-1.199137,-0.143792,9.865356
843223754,0.020229581,-0.026578234,0.546275799,-1.173657,-0.169683,9.929089
848046576,0.019006291,-0.030392605,0.553536512,-1.180273,-0.247580,10.003143
853129238,0.019466522,-0.029991763,0.554534396,-1.161093,-0.190711,9.848284
858589267,0.022252625,-0.032589640,0.550290705,-1.095722,-0.184021,9.948880
863447663,0.023606604,-0.032911772,0.545932612,-1.206648,-0.116556,9.891622
868192599,0.019237932,-0.026688436,0.549017090,-1.176388,-0.213444,9.930856
873135908,0.020404644,-0.032310076,0.548846190,-1.146203,-0.215852,9.827705
877766853,0.019887369,-0.030784184,0.550066615,-1.138373,-0.181271,9.854288
882537262,0.018921136,-0.031668335,0.547644850,-1.100995,-0.212260,9.945132
887599253,0.017146880,-0.027146842,0.550450964,-1.171138,-0.265307,9.913418
892982009,0.020737298,-0.026848377,0.549092053,-1.211671,-0.214314,9.957644
897834122,0.020802049,-0.026452439,0.549633697,-1.027336,-0.169433,9.853435
902373356,0.018026504,-0.028024852,0.549558792,-1.225878,-0.225385,10.004068
907649829,0.023048497,-0.030876949,0.550172006,-1.123022,-0.124129,9.942542
912844506,0.019958169,-0.030238519,0.554142754,-1.090696,-0.203070,9.888841
917797287,0.018457944,-0.032597072,0.550537049,-1.114509,-0.185592,9.831529
923266701,0.018174104,-0.026897525,0.547563336,-1.183240,-0.226647,9.913404
928008413,0.017833209,-0.030433489,0.552325936,-1.241106,-0.170407,9.913620
932677624,0.018533861,-0.029747794,0.550914984,-1.200377,-0.117486,9.935993
937879248,0.021922142,-0.032942755,0.551401478,-1.035513,-0.199982,9.887185
943359465,0.021660369,-0.032191380,0.546486624,-1.014575,-0.232562,9.899490
948110877,0.022156885,-0.029180619,0.549660655,-1.209320,-0.174071,9.930364
953441271,0.019284638,-0.028324037,0.547954138,-1.187181,-0.197974,9.794726
958569482,0.019652553,-0.029160245,0.547626067,-1.179462,-0.154384,9.932330
963512670,0.020418671,-0.034713374,0.549384278,-1.057399,-0.193574,9.896440
968674295,0.017971445,-0.032727443,0.550829303,-1.138500,-0.273122,9.879035
973369711,0.018016630,-0.027549622,0.550580462,-1.138932,-0.181671,9.857118
978478860,0.017189767,-0.030617314,0.549431307,-1.095132,-0.149838,9.868365
983064066,0.018736349,-0.031803763,0.547930579,-1.098763,-0.128714,9.951744
988426240,0.022740967,-0.030021812,0.547745075,-1.227326,-0.304050,9.955086
993334266,0.015755755,-0.031029425,0.550071065,-1.046107,-0.167638,9.886260
998005521,0.019472992,-0.029067801,0.551331688,-1.208994,-0.320042,9.882869
1003212948,0.021998798,-0.028645081,0.551862307,-1.137040,-0.220819,9.894474
1008538578,0.017139585,-0.028520906,0.551555061,-1.109301,-0.182089,10.003144
1013713796,0.021156769,-0.028664460,0.551574745,-1.043116,-0.186812,9.896479
1018900959,0.021713776,-0.031001839,0.550616572,-1.133845,-0.157318,9.951012
1024201414,0.022133334,-0.030542794,0.547296630,-1.095982,-0.152311,9.954108
1029030686,0.022751595,-0.028019818,0.547581059,-1.204555,-0.241725,9.769415
1033864465,0.014604195,-0.029682359,0.548130387,-1.161778,-0.204459,9.857727
1039321426,0.020244837,-0.029718089,0.550158937,-1.181701,-0.214035,9.933597
1044760070,0.019416931,-0.030096606,0.548464990,-1.218760,-0.137647,9.877275
1050248491,0.018374980,-0.029679702,0.551910002,-1.041833,-0.259262,9.892822
1054917410,0.018518913,-0.030448305,0.552016195,-1.085411,-0.154514,9.828827
1060404872,0.020439070,-0.028237312,0.545381278,-1.153732,-0.118505,9.899250
1065609267,0.017182678,-0.032862465,0.549354112,-1.159112,-0.211034,9.951091
1070984783,0.021916582,-0.033557522,0.549341892,-1.145290,-0.200317,9.871490
1076163747,0.022756807,-0.027452440,0.549020162,-1.198483,-0.280248,10.040733
1081227886,0.020297479,-0.030319634,0.552482186,-1.089832,-0.169248,9.881584
1086266547,0.018062225,-0.031471424,0.549833423,-1.169757,-0.194025,9.920844
1091743932,0.019555489,-0.027878859,0.554019403,-1.184141,-0.223234,9.910992
1097000520,0.024322391,-0.026274220,0.547791550,-1.064213,-0.158062,9.902848
1102421977,0.023752056,-0.029934023,0.549622365,-1.176541,-0.232310,9.971700
1107029781,0.021443746,-0.031526747,0.551005276,-1.195154,-0.180682,9.917831
1111781710,0.017007104,-0.029008321,0.549073245,-1.072296,-0.279242,9.972779
1117150974,0.020031427,-0.030253792,0.547040313,-1.137331,-0.235722,9.854717
1122533832,0.022630082,-0.029467829,0.550447424,-1.122975,-0.123069,10.013360
1127043258,0.020502242,-0.028719137,0.548453208,-1.208495,-0.204326,9.934857
1131576173,0.020890641,-0.028323847,0.550269345,-1.098673,-0.060319,9.964820
1136196637,0.021576605,-0.028876263,0.551039976,-1.188956,-0.263334,9.961631
1141046078,0.023433129,-0.030116264,0.551422974,-1.075998,-0.325152,9.847252
1145908688,0.017714310,-0.031776079,0.549197165,-1.143369,-0.232835,9.843895
1151381624,0.017928291,-0.028337319,0.550114703,-1.105364,-0.263419,9.914052
1156080045,0.022290539,-0.028828836,0.548315510,-1.195529,-0.221943,9.921999
1161326252,0.018876432,-0.027954161,0.547660472,-1.177881,-0.232316,9.866992
1166503454,0.017924161,-0.029630488,0.549814502,-1.171566,-0.240007,9.920946
1171145544,0.019235738,-0.032240218,0.550091665,-1.109077,-0.239543,9.934201
1176513325,0.016319007,-0.029499149,0.552325799,-1.083659,-0.176439,9.855424
1181101325,0.022723446,-0.031620253,0.550725582,-1.128142,-0.229426,9.914436
1185972099,0.017844473,-0.028274264,0.551980895,-1.168436,-0.236051,9.952493
1190563428,0.021202314,-0.033169669,0.548992719,-1.082307,-0.242872,9.898454
1195471352,0.020694586,-0.032171180,0.551862742,-1.060573,-0.228659,9.888403
1200042132,0.018913484,-0.032267179,0.550040295,-1.263023,-0.260344,9.884560
1205015734,0.019104149,-0.032378009,0.549404341,-1.181598,-0.254007,9.916551
1210285612,0.020756517,-0.028137430,0.553635430,-1.184594,-0.250600,9.868950
1214840391,0.018504106,-0.027925636,0.550882054,-1.199619,-0.142711,9.908835
1219602734,0.019903797,-0.031036330,0.547967510,-1.190932,-0.191423,9.908762
1224304741,0.015268078,-0.032735145,0.547931495,-1.127472,-0.121592,9.961390
1229119008,0.018113999,-0.030953010,0.550919547,-1.169258,-0.227772,9.967596
1234063889,0.020953620,-0.031656891,0.553193529,-1.244358,-0.118217,9.926835
1239062106,0.019192816,-0.029242245,0.550723464,-1.144463,-0.111510,9.943211
1243976797,0.019912909,-0.030348485,0.553620773,-1.108865,-0.208099,9.835714
1248795526,0.021220787,-0.030387023,0.550679701,-1.116800,-0.132987,9.865927
1253518891,0.021831441,-0.030337604,0.548877307,-1.100704,-0.109138,9.914089
1258545227,0.018185184,-0.031515402,0.550636354,-1.110494,-0.249071,9.980352
1263316401,0.020536663,-0.026935888,0.545739213,-1.157194,-0.209371,9.848950
1268266025,0.019839432,-0.029128626,0.552819796,-1.105538,-0.187104,9.860588
1272799752,0.021891857,-0.028738903,0.548738713,-1.186362,-0.154030,9.901484
1278142048,0.018967531,-0.026758889,0.550752921,-1.207693,-0.301347,9.817279
1283148831,0.020913810,-0.029223445,0.550258012,-1.176219,-0.176041,9.892964
1288439880,0.019206985,-0.029999093,0.549655713,-1.253288,-0.214942,9.930778
1293518397,0.017183906,-0.030340264,0.550125873,-1.099684,-0.292992,9.926957
1298360469,0.018740904,-0.029189638,0.549402929,-1.092966,-0.208547,9.935593
1303204788,0.021267262,-0.031697879,0.550440986,-1.183907,-0.189196,9.910202
1308341177,0.017461419,-0.029735968,0.549113315,-1.111997,-0.206161,9.935349
1313669606,0.020595547,-0.029239972,0.548880471,-1.120662,-0.176018,9.985370
1318701277,0.020497842,-0.029881860,0.551750506,-1.122579,-0.194761,9.959856
1323886604,0.018712400,-0.029621983,0.551631062,-1.175724,-0.263534,9.894043
1328981470,0.020318821,-0.036559990,0.554406234,-1.178113,-0.248368,9.926730
1333835184,0.019148862,-0.027329691,0.549024058,-1.183894,-0.176240,9.952188
1339158120,0.019504911,-0.030381500,0.552662882,-1.110946,-0.268209,9.894976
1344646671,0.021770097,-0.033758996,0.553605112,-1.166137,-0.200166,9.968188
1349699348,0.018915252,-0.027481697,0.549524291,-1.230779,-0.138515,9.872239
1354831272,0.017229230,-0.028524173,0.548452762,-1.139721,-0.212186,9.858831
1360082346,0.019872821,-0.028519076,0.551954153,-1.137955,-0.283836,9.960216
1364974565,0.019038212,-0.029750882,0.546979080,-1.084823,-0.184272,9.877683
1370437587,0.019398521,-0.028315984,0.550965271,-1.169501,-0.298670,9.923410
1375675932,0.018572330,-0.031426985,0.552711371,-1.144654,-0.128151,9.871187
1380614228,0.019729731,-0.032053510,0.549942449,-1.075093,-0.167129,9.918499
1385428985,0.020172551,-0.032291447,0.550029563,-1.202242,-0.220398,9.856093
1390188711,0.021392782,-0.031128021,0.552680640,-1.146612,-0.310026,9.893580
1395101445,0.021000258,-0.031887465,0.549656273,-1.143392,-0.136537,9.888968
1399994015,0.019229193,-0.027460636,0.547772228,-1.113510,-0.253081,9.810318
1404996151,0.019440952,-0.031722692,0.549685734,-1.143048,-0.182726,9.911154
1409996721,0.020745167,-0.029335070,0.551345354,-1.178651,-0.231894,9.983255
1415100074,0.019820705,-0.029425117,0.548049408,-1.146369,-0.222335,9.970572
1419925216,0.015364038,-0.030623314,0.545517260,-1.130858,-0.140622,9.926760
1425054665,0.018568185,-0.029573645,0.550346735,-1.139329,-0.145269,9.944859
1430059335,0.022417298,-0.030306342,0.548323225,-1.199083,-0.141927,9.911551
1435520675,0.022969366,-0.034551073,0.546154809,-1.161287,-0.234196,9.835312
1440303257,0.019681767,-0.032131020,0.548967916,-1.158827,-0.216236,9.909827
1445751562,0.019859697,-0.028501633,0.553545218,-1.154742,-0.204158,9.947136
1450883790,0.019910158,-0.027737388,0.552316997,-1.181675,-0.116314,9.926614
1455855052,0.020234026,-0.031340588,0.550867090,-1.247051,-0.185275,9.992286
1461263923,0.021557822,-0.030365490,0.548821612,-1.132468,-0.100049,9.834527
1466142830,0.022963573,-0.031351871,0.553842531,-1.099485,-0.253266,9.885437
1471282298,0.020147168,-0.030658453,0.546424943,-1.118508,-0.253796,9.897308
1476221927,0.019258612,-0.034753833,0.548739426,-1.147367,-0.216546,9.948541
1481630954,0.021869304,-0.026625753,0.547321539,-1.134561,-0.202517,10.016175
1487107104,0.021288151,-0.029705143,0.550143969,-1.109610,-0.158610,9.956608
1491625326,0.021185628,-0.030116092,0.551285309,-1.244990,-0.175615,9.930914
1496127589,0.018934847,-0.031254608,0.548379123,-1.120451,-0.315821,9.847332
1500635221,0.021517084,-0.029539008,0.551798714,-1.137652,-0.149986,9.899540
1505487749,0.019459636,-0.029338890,0.547118574,-1.143974,-0.276712,9.911226
1509994693,0.023439710,-0.031394959,0.547801511,-1.201355,-0.159744,9.921371
1515407563,0.019752131,-0.032222578,0.548965848,-1.139119,-0.216032,9.909307
1520208099,0.018691130,-0.034065553,0.549777073,-1.148550,-0.170175,9.904292
1524957846,0.022638939,-0.027412727,0.549614647,-1.144359,-0.193318,9.954417
1530283288,0.017873399,-0.032754006,0.550280238,-1.183089,-0.148537,9.967404
1535473084,0.020435156,-0.030819506,0.550882759,-1.167491,-0.196786,9.885182
1540663722,0.020030133,-0.030149448,0.548063917,-1.155287,-0.208375,9.881480
1545761580,0.019433094,-0.025718196,0.546249402,-1.075057,-0.141677,9.903645
1551031015,0.023005522,-0.032597884,0.548377667,-1.117049,-0.210263,9.939735
1556359777,0.022113520,-0.030633219,0.553195672,-1.074663,-0.251846,9.882680
1561040385,0.023229044,-0.030277154,0.548325068,-1.070492,-0.112832,10.008282
1565904018,0.021040311,-0.030014279,0.547194902,-1.148876,-0.207426,9.916447
1570628000,0.020700681,-0.031834027,0.548144722,-1.124898,-0.176604,9.993669
1575566344,0.015978166,-0.028627909,0.545897504,-1.138712,-0.152850,9.835441
1580535512,0.019318531,-0.029207494,0.548581086,-1.124366,-0.178677,9.893184
1585275249,0.022481229,-0.026948244,0.552894499,-1.157285,-0.309039,9.930969
1590438183,0.022084126,-0.030354754,0.553695346,-1.195968,-0.333838,9.872289
1595172271,0.018135980,-0.028864832,0.551245889,-1.125795,-0.142080,9.923361
1600270228,0.020792287,-0.026592321,0.551629775,-1.150611,-0.151797,9.880921
1604782838,0.020068999,-0.032426802,0.549349213,-1.154628,-0.155979,9.999441
1609739417,0.023345976,-0.032511871,0.548569412,-1.246492,-0.155087,9.746758
1614497264,0.017674660,-0.028930310,0.552453731,-1.141568,-0.298710,9.949388
1619054191,0.021688088,-0.031977303,0.552043326,-1.120988,-0.201761,9.895541
1623605782,0.020669922,-0.031402219,0.553083488,-1.173088,-0.167193,9.891329
1628618585,0.020162897,-0.031567078,0.551071617,-1.145120,-0.109213,9.932101
1633810684,0.020278686,-0.032802822,0.551580664,-1.177486,-0.228815,9.943379
1638786031,0.019552053,-0.029208690,0.550129511,-1.227378,-0.196100,9.974912
1644186122,0.019684218,-0.031481580,0.551013654,-1.131062,-0.120667,9.826993
1649106908,0.016071798,-0.030610042,0.549187911,-1.120952,-0.139937,9.933490
1653976615,0.020058200,-0.030752046,0.549466636,-1.145668,-0.211461,9.945893
1659077741,0.020807940,-0.029343231,0.544342282,-1.155627,-0.084758,9.878776
1663581676,0.019674430,-0.028353804,0.554232913,-1.131938,-0.249887,9.885685
1668499063,0.019870179,-0.025837130,0.553201345,-1.165980,-0.178812,9.888331
1673490855,0.023296360,-0.027958151,0.548635357,-1.164213,-0.174952,9.937564
1678577071,0.019045949,-0.029661274,0.552850896,-1.191565,-0.164969,9.950488
1683711031,0.019819177,-0.032565169,0.551575738,-1.142719,-0.250170,9.877716
1689112856,0.018664886,-0.030122905,0.550570381,-1.133242,-0.160521,9.897574
1693928311,0.021519171,-0.028313050,0.545107572,-1.061640,-0.224851,9.975787
1698935109,0.018513700,-0.031606173,0.551120395,-1.237447,-0.200985,9.917887
1703753349,0.019429389,-0.031000063,0.552280194,-1.163577,-0.302086,9.901513
1708290727,0.020328936,-0.033955295,0.549395301,-1.149504,-0.233322,9.822911
1712884768,0.020517228,-0.029645346,0.553138310,-1.090771,-0.171981,9.953489
1718149730,0.018626985,-0.029815603,0.550355190,-1.154819,-0.180267,9.968920
1723253781,0.016922343,-0.030164134,0.551401469,-1.138574,-0.217022,9.907295
1728222996,0.020163895,-0.030485373,0.549876252,-1.121965,-0.171271,9.885813
1732733412,0.018847538,-0.029120541,0.551734573,-1.153167,-0.250028,9.857941
1737343654,0.022901994,-0.031754575,0.550034327,-1.076552,-0.167047,9.911211
1742656669,0.018152883,-0.028514969,0.546107694,-1.118320,-0.159446,9.930796
1747295757,0.019974213,-0.031016280,0.553377439,-1.202747,-0.184908,9.933964
1752009883,0.020012087,-0.031997918,0.551558008,-1.072252,-0.206481,9.822618
1756911727,0.021272208,-0.032063223,0.549072878,-1.152346,-0.146362,9.951496
1761999215,0.018784273,-0.032084637,0.549489208,-1.207493,-0.131232,9.940133
1767413542,0.015640571,-0.030525591,0.552175294,-1.125652,-0.221380,9.907176
1772715266,0.022587005,-0.030225192,0.549306192,-1.144300,-0.236876,9.925264
1777762134,0.018845940,-0.026202535,0.549983442,-1.136234,-0.220570,9.935126
1782623846,0.020210368,-0.035479554,0.550749504,-1.165144,-0.217365,9.843062
1787927252,0.017900603,-0.030534802,0.547375675,-1.098492,-0.286345,9.909579
1792664305,0.016714726,-0.032977943,0.550266721,-1.159441,-0.208966,9.904166
1798002658,0.020746574,-0.030634607,0.554009724,-1.164799,-0.295664,9.957339
1802838705,0.020044729,-0.028097400,0.548033034,-1.109402,-0.124935,9.873576
1807843266,0.016347484,-0.027473439,0.552258801,-1.130304,-0.168530,9.994435
1813044606,0.019574384,-0.032569198,0.548947902,-1.110588,-0.224240,10.002991
1818273067,0.018027579,-0.030664688,0.549227429,-1.178315,-0.162742,9.844664
1823624642,0.018843820,-0.030946669,0.549358419,-1.122208,-0.116900,9.942886
1828447855,0.017576411,-0.027749971,0.547159620,-1.162274,-0.230186,9.856689
1833733818,0.017747445,-0.031792776,0.549171963,-1.189703,-0.183234,9.952675
1838426966,0.021625724,-0.029459933,0.549585121,-1.157344,-0.179520,9.958164
1843016557,0.019277614,-0.030044453,0.549168155,-1.073981,-0.230844,9.920527
1847572503,0.024046480,-0.031136324,0.552195689,-1.221513,-0.156272,9.980790
1852506960,0.019942940,-0.026627831,0.549944603,-1.110205,-0.257522,9.946400
1857537172,0.021715292,-0.029348021,0.547994696,-1.170234,-0.258535,9.920836
1862952008,0.021345224,-0.032774509,0.551719946,-1.142559,-0.142420,9.881192
1868121325,0.019712799,-0.027409108,0.550544296,-1.169955,-0.208300,9.915895
1873409457,0.021253088,-0.030719420,0.549885028,-1.122995,-0.227638,9.981086
1877992428,0.020033204,-0.029729268,0.551761120,-1.196352,-0.184153,9.938344
1882769064,0.022879116,-0.030378062,0.549593244,-1.111957,-0.210467,9.860375
1887546964,0.022469232,-0.029315350,0.547650777,-1.148253,-0.158994,9.974264
1892519737,0.019976940,-0.031683911,0.554826373,-1.153346,-0.265760,9.910394
1897834667,0.014832207,-0.027370175,0.550928270,-1.210745,-0.205311,9.976697
1902519971,0.021577768,-0.028386823,0.548784505,-1.063965,-0.186348,9.980998
1907241127,0.019327219,-0.029935730,0.548121143,-1.176261,-0.107742,9.896376
1912485853,0.016671743,-0.028786752,0.550426213,-1.191093,-0.166789,9.812057
1917479014,0.017812754,-0.029837920,0.551078648,-1.166571,-0.185768,9.823864
1922945830,0.017358849,-0.027004482,0.552535272,-1.204479,-0.149218,9.881816
1928395229,0.018160724,-0.030524600,0.547740057,-1.073886,-0.117260,10.026887
1933448389,0.016447502,-0.027854992,0.549280004,-1.130510,-0.210099,10.079509
1938374936,0.019806674,-0.027877627,0.552168231,-1.126853,-0.156900,9.955827
1942976592,0.019917905,-0.031004273,0.552938091,-1.171802,-0.143774,9.917483
1948222841,0.021935265,-0.031495494,0.550616390,-1.154055,-0.175561,9.872050
1953081841,0.019970776,-0.027842981,0.546687907,-1.132152,-0.252337,9.864089
1958125429,0.025409406,-0.029781819,0.550075833,-1.148334,-0.307986,9.874761
1963390540,0.018329251,-0.031149317,0.552079673,-1.128885,-0.099584,9.973009
1968539370,0.019057681,-0.027867372,0.551892404,-1.184659,-0.205904,9.942781
1973084786,0.022356883,-0.028968263,0.551809476,-1.179779,-0.205030,9.869287
1977752880,0.018363741,-0.028473050,0.550905198,-1.219581,-0.123412,9.953257
1982587849,0.018444359,-0.032814434,0.548432990,-1.062869,-0.144841,9.926533
1987590149,0.020824884,-0.031789826,0.549660571,-1.142706,-0.161415,9.952059
1992775862,0.018502790,-0.029579515,0.550514503,-1.195674,-0.304827,9.886746
1997971336,0.019333767,-0.026825132,0.552569436,-1.166353,-0.217607,9.976952
2003188180,0.016958501,-0.028215542,0.546951439,-1.124129,-0.136406,9.932961
2008276407,0.019691916,-0.030599404,0.546417320,-1.181484,-0.270001,9.918844
2013053824,0.017655685,-0.031355266,0.546401616,-1.139917,-0.191879,9.910374
2018479430,0.018359027,-0.032567835,0.550693081,-1.157146,-0.283980,9.885132
2023338891,0.019843480,-0.029639624,0.549213591,-1.179202,-0.206105,9.834241
2027871254,0.019449874,-0.028250198,0.550171113,-1.092751,-0.202735,9.869183
2032641113,0.019433639,-0.029452892,0.549011023,-1.175750,-0.195352,9.891443
2038063187,0.019446852,-0.029123454,0.550925033,-1.175332,-0.115544,9.858737
2043158461,0.023278330,-0.031992095,0.545843156,-1.168390,-0.231160,10.000605
2048332803,0.019460584,-0.027795426,0.550091142,-1.196111,-0.126687,9.863851
2053434758,0.021668254,-0.031322419,0.548271757,-1.133088,-0.199500,9.911123
2058522001,0.022713719,-0.029499585,0.550530401,-1.089550,-0.288122,9.849166
2063799926,0.018881394,-0.029154500,0.549733486,-1.185080,-0.195012,9.924506
2068302068,0.023661843,-0.032574810,0.549431021,-1.191848,-0.195346,9.852073
2073173881,0.020275124,-0.030640369,0.547780508,-1.161351,-0.093205,9.963111
2078330380,0.018947765,-0.028322247,0.547444183,-1.159522,-0.164545,9.886851
2083276713,0.020291020,-0.031324137,0.549142332,-1.111276,-0.115607,9.890323
2088273733,0.020793093,-0.032291766,0.549906410,-1.119268,-0.176620,9.887280
2093324382,0.016012030,-0.028697035,0.548670450,-1.190858,-0.231758,9.828870
2098654533,0.020041823,-0.032695615,0.550216957,-1.113781,-0.151513,9.928205
2103882624,0.021839030,-0.028251195,0.552273642,-1.172416,-0.211500,9.946424
2108585661,0.019510134,-0.032795902,0.554191179,-1.114780,-0.225320,9.980061
2113991044,0.021053055,-0.029272765,0.552853132,-1.153623,-0.127804,9.891316
2119103382,0.020676155,-0.031648418,0.548665149,-1.063202,-0.202576,9.910423
2124298413,0.020441409,-0.026649920,0.547178254,-1.092054,-0.201148,9.893979
2129008148,0.019675279,-0.031520238,0.551287571,-1.170290,-0.186576,9.894514
2133861442,0.021069090,-0.032113131,0.548272336,-1.139474,-0.135702,9.909173
2139192155,0.018248737,-0.028635136,0.549629120,-1.143847,-0.182453,9.880185
2144644953,0.022943304,-0.032658828,0.550702468,-1.170403,-0.160101,9.929302
2149619998,0.017930284,-0.028784759,0.555175646,-1.062777,-0.232914,9.921250
2154901073,0.019555620,-0.033083990,0.548711169,-1.094434,-0.216938,9.818049
2160134141,0.022269638,-0.028998843,0.552882984,-1.078959,-0.200138,9.834684
2165005687,0.019764799,-0.029308348,0.547040304,-1.184373,-0.164796,9.996132
2170262604,0.022418421,-0.031046326,0.554336387,-1.203874,-0.192502,9.879904
2174940769,0.022082251,-0.031422514,0.547908521,-1.148384,-0.164318,9.833590
2180321396,0.020417983,-0.031304597,0.548852166,-1.181290,-0.205588,9.854357
2185478145,0.021813227,-0.031160730,0.548947412,-1.198631,-0.180032,9.836194
2190786265,0.019508621,-0.025731018,0.549118744,-1.119800,-0.268151,9.957668
2195809040,0.023037545,-0.032544873,0.553372959,-1.195680,-0.223704,9.903263
2200418569,0.015224271,-0.029698010,0.550206094,-1.103939,-0.251066,9.924239
2205156623,0.018140210,-0.034889283,0.549726576,-1.162745,-0.095555,9.876514
2210372481,0.016015665,-0.034009045,0.553353065,-1.074427,-0.162540,9.947414
2215693615,0.019968791,-0.028199503,0.549757440,-1.048614,-0.254725,9.931891
2220257625,0.018541785,-0.030281280,0.550916900,-1.162703,-0.215695,9.859748
2224843179,0.018668795,-0.027422721,0.547675633,-1.178483,-0.148031,9.989908
2230235732,0.020262808,-0.028703726,0.550565004,-1.152115,-0.230353,9.983504
2234911186,0.017551027,-0.033522352,0.551353237,-1.113938,-0.235997,9.951718
2239602289,0.019558215,-0.031845854,0.549897754,-1.187931,-0.252805,9.996849
2245067155,0.021417674,-0.028686682,0.549845716,-1.112055,-0.178084,9.928921
2250042462,0.017933526,-0.029262416,0.549436697,-1.097448,-0.187428,9.969015
2254697240,0.020268871,-0.030547701,0.549628278,-1.214104,-0.336568,9.979345
2260058767,0.022800556,-0.029923130,0.553277358,-1.176858,-0.252006,9.890847
2265528854,0.022805550,-0.029304716,0.551137858,-1.134897,-0.240542,9.928195
2270568645,0.017376272,-0.030942196,0.550385422,-1.189147,-0.192288,9.885476
2275996488,0.022256020,-0.030802423,0.549540125,-1.108101,-0.233377,9.913763
2280814194,0.016929268,-0.029985500,0.551361586,-1.083265,-0.230058,9.926107
2285759819,0.019078595,-0.026314892,0.553319120,-1.087432,-0.251510,9.896908
2291109586,0.018791606,-0.031145025,0.548115679,-1.196748,-0.258865,9.911223
2295945242,0.024943429,-0.034256368,0.549614437,-1.143177,-0.245245,9.799910
2300706896,0.021790255,-0.031570104,0.548034944,-1.162386,-0.227219,9.825678
2306077898,0.020017535,-0.026411384,0.549699982,-1.140611,-0.199631,9.872026
2310873866,0.018901219,-0.032862869,0.549295545,-1.169462,-0.193852,9.851017
2316100679,0.019639713,-0.031615522,0.549373749,-1.133554,-0.146202,9.939734
2320631567,0.020579080,-0.032487661,0.549033349,-1.194466,-0.264068,9.912785
2326083321,0.016673233,-0.031567092,0.550600939,-1.141874,-0.181866,9.829248
2331519695,0.022056818,-0.032596122,0.550711051,-1.108431,-0.233142,9.873102
2336141493,0.018670843,-0.028310888,0.550260567,-1.143463,-0.114166,9.922267
2340739081,0.020211473,-0.029053467,0.549835662,-1.123505,-0.230903,9.935338
2345805955,0.019966763,-0.028541430,0.550844353,-1.177405,-0.167932,9.913624
2350612291,0.019143971,-0.031408790,0.550687464,-1.211661,-0.186696,9.912061
2355203607,0.021555834,-0.031728311,0.549124869,-1.087979,-0.196338,9.902323
2360487992,0.019297224,-0.033047567,0.549370370,-1.141318,-0.215154,9.892571
2365468618,0.022452034,-0.030672122,0.551384148,-1.154473,-0.306572,9.930105
2370401060,0.019727645,-0.028522319,0.549319547,-1.216873,-0.165658,9.893835
2375416022,0.017023224,-0.027901263,0.550795503,-1.090766,-0.112622,9.942856
2380329368,0.020267219,-0.029514090,0.551330722,-1.148615,-0.252219,9.937908
2385560306,0.024357293,-0.032459796,0.547647041,-1.127311,-0.231738,10.005894
2390579156,0.018036248,-0.030322238,0.547480702,-1.062926,-0.249443,9.909987
2395394566,0.017757442,-0.030377376,0.553349653,-1.204286,-0.173125,9.926066
2400336198,0.017818908,-0.025402951,0.549328663,-1.089278,-0.210099,9.800189
2405490533,0.023327250,-0.027656278,0.548898157,-1.225265,-0.166561,9.947039
2410443835,0.019058418,-0.031079870,0.548560031,-1.130435,-0.205416,9.873875
2415043995,0.020358867,-0.028835379,0.551726484,-1.156815,-0.191408,9.897400
2420267087,0.020193142,-0.029156531,0.549754155,-1.141780,-0.174862,9.867953
2425536956,0.020788633,-0.031325821,0.548506212,-1.132928,-0.285893,9.899068
2430702579,0.019039985,-0.030276009,0.550489572,-1.195671,-0.187173,9.867841
2435298511,0.019627901,-0.029024771,0.551174244,-1.127334,-0.201174,9.902763
2440682586,0.019851511,-0.030508665,0.549933512,-1.134511,-0.270991,9.933983
2445612850,0.020916405,-0.030433701,0.554738834,-1.130981,-0.269616,9.954056
2450362929,0.018025475,-0.033041189,0.549767685,-1.086398,-0.231670,9.880774
2454997038,0.019233649,-0.026158127,0.550957291,-1.146875,-0.171800,9.837607
2460162316,0.017456024,-0.027400219,0.549113219,-1.169088,-0.138637,9.935819
2465457090,0.016902269,-0.029233954,0.550326703,-1.094074,-0.259031,9.901809
2470923421,0.020295253,-0.027947455,0.552407551,-1.150144,-0.159161,9.921666
2476206981,0.019338379,-0.031473299,0.551458577,-1.163878,-0.232576,9.899817
2481252102,0.014586313,-0.027145971,0.548426533,-1.139222,-0.187079,9.904110
2486358030,0.025114122,-0.032123792,0.549798042,-1.032200,-0.121833,10.009699
2491597798,0.022139651,-0.030473883,0.551410995,-1.087253,-0.347758,10.029656
2496202179,0.020333845,-0.028474607,0.548296933,-1.113521,-0.181428,9.981723
2501122125,0.020220613,-0.031497228,0.551634642,-1.207718,-0.198380,9.842224
2505935297,0.016441772,-0.025441891,0.551743025,-1.155359,-0.211846,9.920834
2510990141,0.020325720,-0.032106162,0.550417914,-1.142223,-0.130776,9.908848
2516138244,0.018595517,-0.028112671,0.548963028,-1.201426,-0.233508,9.819588
2521059571,0.017597555,-0.032210565,0.548196472,-1.139932,-0.225445,9.845352
2526151382,0.020192331,-0.025943561,0.549841215,-1.177678,-0.106905,9.911677
2530906205,0.020490607,-0.031869284,0.551018643,-1.133003,-0.286578,9.908126
2535865436,0.023649068,-0.028564148,0.549341650,-1.102507,-0.213885,9.818831
2540786375,0.023003160,-0.028855950,0.548112375,-1.173882,-0.175142,9.892768
2545617019,0.020644738,-0.032349138,0.546451698,-1.181421,-0.128469,9.815166
2550288151,0.017735313,-0.030910355,0.547162193,-1.133821,-0.207260,9.963794
2554953565,0.022457504,-0.031735973,0.550165152,-1.216514,-0.189691,9.889864
2560374841,0.023294848,-0.030940931,0.549625132,-1.074823,-0.222688,9.848625
2565081711,0.018080427,-0.031686843,0.548303849,-1.091294,-0.180397,9.880307
2569908515,0.019146162,-0.031815414,0.550328576,-1.118216,-0.165149,9.973966
2574666598,0.020988247,-0.031870003,0.553346161,-1.170410,-0.076713,9.957530
2579283875,0.018855476,-0.030282931,0.551352949,-1.117430,-0.219530,9.898805
2583870618,0.020337308,-0.031163442,0.546628112,-1.149732,-0.265258,9.864277
2588550243,0.020795684,-0.029806602,0.547717333,-1.157833,-0.223199,9.971259
2593068706,0.021884168,-0.029598867,0.548886135,-1.160600,-0.240990,9.881495
2597723998,0.019230591,-0.027951671,0.551885033,-1.215500,-0.244832,9.938430
2602553795,0.020488810,-0.029922153,0.550522439,-1.110956,-0.132390,9.898707
2607461285,0.021793661,-0.029528500,0.550990548,-1.103737,-0.212895,9.871075
2612114948,0.018823457,-0.030689569,0.546996172,-1.121627,-0.225105,9.953406
2617375032,0.018591029,-0.027585657,0.549547270,-1.112426,-0.186909,9.878074
2622429013,0.018122097,-0.028173954,0.550652571,-1.196492,-0.183547,9.948853
2626980717,0.020495411,-0.029188199,0.550286895,-1.244907,-0.200365,9.842720
2631758576,0.020115419,-0.030586189,0.548425060,-1.172016,-0.210021,9.851711
2637063451,0.022186494,-0.024982671,0.548362406,-1.133066,-0.216565,9.888251
2642557590,0.021786096,-0.026368664,0.549074278,-1.227541,-0.105103,9.882290
2647502029,0.017549774,-0.027123776,0.549912654,-1.122476,-0.257765,9.820077
2652988100,0.021163054,-0.029388614,0.549187930,-1.267997,-0.235730,9.865991
2657787960,0.019414524,-0.031613726,0.549444671,-1.273937,-0.180776,9.929899
2663141534,0.018728373,-0.030493605,0.551553042,-1.045296,-0.242121,9.948612
2668485383,0.022472766,-0.031015855,0.553642706,-1.126486,-0.313308,9.949202
2673921993,0.017023828,-0.030097672,0.549987041,-1.022254,-0.275773,9.846899
2679355815,0.020473164,-0.028577418,0.545108379,-1.150488,-0.261631,9.888062
2684508316,0.023803633,-0.031514358,0.551800576,-1.037069,-0.232319,9.943297
2689934709,0.019649957,-0.027723534,0.549234002,-1.174572,-0.168641,9.966779
2694459316,0.018012139,-0.026540342,0.551017715,-1.205939,-0.134964,9.884995
2699091174,0.021168693,-0.029196813,0.553735228,-1.180531,-0.129445,9.915230
2704179141,0.020099879,-0.031554567,0.550714114,-1.086104,-0.230170,9.941925
2709081438,0.019242803,-0.029459061,0.547016844,-1.095213,-0.202507,9.879284
2713709745,0.020102687,-0.032412112,0.548657045,-1.124378,-0.258981,9.933363
2718766525,0.020508643,-0.030139311,0.548777118,-1.151534,-0.216376,9.940915
2723469880,0.022901215,-0.031615494,0.549921162,-1.106576,-0.155224,10.021878
2728401524,0.014696894,-0.029434658,0.549045560,-1.158961,-0.247210,9.925229
2732905545,0.018567520,-0.031001591,0.548439326,-1.132032,-0.180740,9.842224
2737826682,0.022563901,-0.029285008,0.549517383,-1.053544,-0.214151,9.891564
2742593782,0.019204248,-0.033016040,0.552644433,-1.141367,-0.168005,9.960496
2747819587,0.020318472,-0.029008528,0.554903257,-1.136019,-0.194450,9.930208
2752644529,0.027038365,-0.029648749,0.548838321,-1.148757,-0.181057,9.910425
2757370795,0.018368122,-0.029717625,0.551789170,-1.153577,-0.241734,9.891163
2762284230,0.019549502,-0.030355204,0.549907804,-1.194200,-0.152822,9.869414
2766907549,0.018983064,-0.031181561,0.549377880,-1.172655,-0.279055,9.901892
2771556111,0.019273636,-0.029648768,0.546742331,-1.188344,-0.255136,9.890758
2776693627,0.020456029,-0.027165851,0.550104549,-1.072457,-0.247363,10.010010
2781687778,0.019642393,-0.029229693,0.549565515,-1.187779,-0.242256,9.984517
2787025054,0.018443427,-0.029281529,0.549117567,-1.112145,-0.182756,9.855519
2791642369,0.017774438,-0.031229733,0.548592411,-1.034920,-0.180336,9.929832
2796911720,0.017865710,-0.027714336,0.550627007,-1.086111,-0.273310,9.914556
2801793444,0.021239190,-0.027585021,0.547963770,-1.196904,-0.199570,9.823722
2806462839,0.022032664,-0.032667934,0.549453905,-1.128676,-0.250341,10.021856
2811528811,0.021765816,-0.029913003,0.547978613,-1.080697,-0.260316,9.939628
2817016448,0.018594933,-0.031054699,0.550566873,-1.142244,-0.249349,9.926803
2821737594,0.018347520,-0.030701622,0.551601145,-1.149277,-0.239685,9.965151
2826684651,0.022830939,-0.032406250,0.552421611,-1.095589,-0.288109,9.837366
2831714764,0.021837527,-0.035264042,0.549903794,-1.180534,-0.238549,9.943762
2836347437,0.017584991,-0.032036584,0.549509568,-1.098826,-0.238993,9.894473
2840883413,0.019425104,-0.028099202,0.548923448,-1.159857,-0.214032,9.973084
2845606062,0.016778681,-0.029705875,0.551002051,-1.247676,-0.208119,9.935212
2850995933,0.021126622,-0.028097567,0.549880836,-1.247255,-0.137015,9.886854
2856359079,0.016139778,-0.028081252,0.552880545,-1.190159,-0.168077,9.897261
2860909424,0.020534997,-0.027798385,0.547990827,-1.211189,-0.219733,9.889831
2866243025,0.020626851,-0.029683409,0.547385053,-1.153217,-0.185606,9.967134
2871631773,0.021997805,-0.032490068,0.550543306,-1.070531,-0.314275,9.910367
2876555322,0.020131252,-0.029856328,0.554227127,-1.236814,-0.207296,9.949864
2881571158,0.021814201,-0.031969272,0.551446649,-1.118749,-0.099781,9.856599
2887039608,0.020331944,-0.028937163,0.548547623,-1.153779,-0.178036,9.832324
2892163754,0.021105518,-0.024005755,0.549708208,-1.129540,-0.172858,9.868336
2896669643,0.018489783,-0.031433925,0.550714104,-1.109485,-0.200579,9.877687
2901526528,0.019525859,-0.033103288,0.549242579,-1.207072,-0.205171,9.829590
2906347847,0.019435897,-0.035579906,0.547526826,-1.180772,-0.211584,9.827623
2911380379,0.020327622,-0.031450471,0.551719090,-1.128989,-0.124720,9.957354
2916736675,0.019086086,-0.031046536,0.547468850,-1.164601,-0.158762,9.906406
2921268131,0.018304392,-0.030747782,0.549190457,-1.161216,-0.142881,9.969911
2926121813,0.017430963,-0.032296505,0.550060777,-1.041619,-0.234611,9.863791
2930657612,0.021289770,-0.028061898,0.553372910,-1.121811,-0.162905,9.893548
2935964816,0.015701914,-0.030704798,0.552616910,-1.108205,-0.309858,9.898658
2941340960,0.016229751,-0.031818876,0.546199521,-1.218664,-0.161410,9.942306
2946709856,0.022035138,-0.027921899,0.550777259,-1.158695,-0.222652,9.870818
2951919656,0.019601415,-0.030578670,0.551880618,-1.182914,-0.215660,9.908710
2957191533,0.022642521,-0.028361112,0.551355844,-1.180414,-0.230824,9.933302
2962387032,0.018512541,-0.031031164,0.549423259,-1.194398,-0.146043,9.980090
2967882778,0.019500302,-0.027643168,0.551071298,-1.186609,-0.204220,9.880966
2973139826,0.019966288,-0.031721277,0.553214312,-1.193353,-0.159913,9.837668
2978326183,0.017762273,-0.029444652,0.549032089,-1.135339,-0.202042,9.955700
2983185445,0.015442680,-0.029953718,0.549533964,-1.132183,-0.182076,10.020249
2988331583,0.017548996,-0.031965073,0.550842234,-1.075309,-0.221207,9.951073
2992907418,0.019393361,-0.027586123,0.547610739,-1.259459,-0.178625,9.946346
2998233470,0.021296695,-0.031560168,0.550430840,-1.173490,-0.248938,9.957333
3003514944,0.023141612,-0.025596101,0.552642507,-1.160106,-0.157877,9.871717
3008454867,0.022402115,-0.033162526,0.551534637,-1.247945,-0.230519,10.019155
3013092380,0.020952028,-0.028871382,0.547109607,-1.184387,-0.253980,9.899044
3018545470,0.022450492,-0.031302847,0.551566905,-1.179091,-0.206020,9.883392
3023578896,0.018458377,-0.030692952,0.546975870,-1.160632,-0.241696,9.994362
3028225595,0.021495706,-0.030981613,0.550088400,-1.115733,-0.240688,9.909571
3033535931,0.018403831,-0.031105063,0.552146686,-1.083004,-0.245098,9.926544
3038900158,0.018051556,-0.030033867,0.552442152,-1.193249,-0.185452,9.934370
3044238335,0.023737662,-0.029690169,0.548561091,-1.207343,-0.293686,9.967930
3049608704,0.021499377,-0.032772467,0.551557269,-1.203031,-0.224829,9.798019
3054631713,0.020367715,-0.031254291,0.550148412,-1.103229,-0.228964,9.954917
3059604685,0.019457052,-0.031897959,0.552250492,-1.171896,-0.215599,9.993733
3064945646,0.017777103,-0.029329731,0.549520716,-1.237450,-0.058744,9.855880
3070058415,0.019856904,-0.027727706,0.549415842,-1.123279,-0.229672,9.837353
3074633547,0.020402705,-0.029223376,0.548725508,-1.110748,-0.231930,9.963423
3079958765,0.018811609,-0.027257880,0.550478748,-1.117842,-0.176476,9.878143
3084853953,0.019236750,-0.028441774,0.555233580,-1.099317,-0.175078,9.913913
3089487965,0.019339426,-0.032196283,0.552064175,-1.206434,-0.252838,9.942923
3094680261,0.020053818,-0.031337507,0.553608017,-1.109467,-0.189099,9.923356
3099660210,0.020428195,-0.032943892,0.548483924,-1.098134,-0.259895,9.823953
3104866404,0.018504569,-0.027629079,0.549868706,-1.096802,-0.118286,9.960943
3110217627,0.022217036,-0.033221230,0.548703292,-1.171045,-0.269777,9.806361
3115365494,0.015801027,-0.030101913,0.551659249,-1.129592,-0.226304,9.939953
3120282399,0.016887983,-0.030972191,0.550143372,-1.208788,-0.269101,9.881964
3124950790,0.020629951,-0.028220393,0.549768958,-1.134754,-0.195415,9.919750
3129612195,0.021508007,-0.032556250,0.545626068,-1.155236,-0.141936,9.923866
3135029550,0.019134528,-0.028908399,0.550562962,-1.218040,-0.191699,9.934611
3139616993,0.018849419,-0.029860918,0.548585492,-1.184877,-0.231036,9.947561
3144748815,0.019516116,-0.032951213,0.549987681,-1.264175,-0.269531,9.932331
3149480416,0.019382827,-0.030092629,0.546943275,-1.009520,-0.163523,9.852755
3154651130,0.022657118,-0.028252544,0.550946545,-1.168525,-0.179770,9.969807
3159399441,0.019484487,-0.027982322,0.551322845,-1.163010,-0.218799,9.842337
3164407264,0.019756648,-0.029340011,0.549360617,-1.201998,-0.155003,9.972594
3169112962,0.022179600,-0.028515763,0.551579143,-1.127297,-0.125100,9.843053
3174563695,0.019072160,-0.025803078,0.552567966,-1.149942,-0.206407,9.887807
3179381693,0.022011139,-0.029719604,0.549240469,-1.098948,-0.204758,9.945520
3184122440,0.022430257,-0.034739213,0.553072686,-1.150453,-0.213549,9.965268
3189239558,0.022723778,-0.026844160,0.547303644,-1.193890,-0.209334,10.002125
3194462316,0.021367556,-0.033448436,0.550230817,-1.108894,-0.207147,9.870222
3199418182,0.018106994,-0.030193393,0.551287097,-1.088904,-0.185599,9.968886
3204782143,0.020417427,-0.027178058,0.546668472,-1.153295,-0.225464,9.979100
3209612410,0.023150541,-0.028689984,0.550978675,-1.131708,-0.214275,9.937463
3214158968,0.020109148,-0.029978077,0.554102792,-1.121602,-0.221114,9.825387
3218870935,0.019284308,-0.031241817,0.553570780,-1.185149,-0.251260,9.873360
3223648653,0.020520365,-0.036464387,0.549798705,-1.238330,-0.245584,9.847801
3228836938,0.018998800,-0.030593632,0.549765357,-1.196350,-0.216463,9.909672
3233708122,0.021503228,-0.032636985,0.549588742,-1.141532,-0.153499,9.881713
3238558384,0.019661368,-0.029181121,0.550655899,-1.079487,-0.248140,9.818029
3243190201,0.018434565,-0.031311561,0.552952532,-1.149237,-0.206928,9.883025
3247836568,0.019702263,-0.027921865,0.547184592,-1.143936,-0.154782,9.909787
3253148992,0.020649514,-0.026729564,0.551904857,-1.108055,-0.194974,9.987819
3257808431,0.017090067,-0.028929312,0.548674982,-1.167353,-0.097708,9.869787
3263072213,0.019342246,-0.027914158,0.550944663,-1.111136,-0.202777,9.902841
3268256044,0.023473438,-0.030644604,0.553227631,-1.164981,-0.233362,9.898418
3273271721,0.018552749,-0.034998027,0.548645477,-1.137710,-0.201404,9.886259
3278617315,0.015945185,-0.029701586,0.551358209,-1.160942,-0.226174,9.815653
3283521994,0.019499493,-0.031355963,0.551004161,-1.153780,-0.181224,9.879656
3288748273,0.019946245,-0.029728006,0.551591345,-1.132844,-0.303915,9.960032
3293667206,0.021207867,-0.034519043,0.551004943,-1.127903,-0.181292,9.928659
3298586065,0.021535771,-0.027934104,0.548567429,-1.333046,-0.107254,9.934513
3303385780,0.017761429,-0.025937909,0.548539328,-1.258179,-0.129727,9.962334
3307960481,0.022115993,-0.028918830,0.548606015,-1.152858,-0.202071,9.846535
3312839099,0.021806163,-0.027376985,0.547291287,-1.135644,-0.228721,9.922836
3317956152,0.022032364,-0.032234380,0.551545301,-1.128455,-0.184862,9.936563
3323397050,0.021564416,-0.029001815,0.550309085,-1.065543,-0.244667,9.928653
3328464910,0.019990340,-0.028777044,0.548343181,-1.214647,-0.108993,9.946864
3333864404,0.022021280,-0.028282011,0.549774701,-1.147510,-0.220226,9.939578
3339001105,0.017421307,-0.027801198,0.549857499,-1.135806,-0.252202,9.931972
3343986549,0.021300176,-0.030657954,0.551489285,-1.092354,-0.108188,9.955938
3348921614,0.016289063,-0.029302424,0.551694677,-1.181950,-0.251845,9.975576
3353773375,0.018835832,-0.030117225,0.550430286,-1.183869,-0.167315,9.926325
3358286320,0.017717391,-0.029454114,0.547315166,-1.147939,-0.171727,9.934720
3362978864,0.022432320,-0.030411935,0.549294152,-1.130959,-0.231097,9.932981
3368152776,0.020967800,-0.028752281,0.550478611,-1.145551,-0.234947,9.887585
3372718775,0.020020389,-0.027622457,0.550113321,-1.120189,-0.239879,9.918605
3377748386,0.018511285,-0.029385353,0.551536194,-1.184696,-0.214346,9.897338
3382844058,0.020149156,-0.027654854,0.550744701,-1.131752,-0.156875,9.908694
3387940001,0.023051301,-0.031470171,0.546196734,-1.156306,-0.218931,9.925550
3392876694,0.017703265,-0.029487483,0.549705506,-1.141087,-0.261641,9.892893
3398371673,0.019299015,-0.029176997,0.553370907,-1.159808,-0.268651,9.894444
3402931798,0.019611732,-0.031357323,0.551101474,-1.049528,-0.253732,9.825071
3407435386,0.025010292,-0.029106703,0.548165165,-1.120025,-0.156076,9.947703
3412051813,0.019470361,-0.029790545,0.550017373,-1.217773,-0.167285,9.859441
3417269770,0.017698297,-0.031152188,0.551438657,-1.219617,-0.168167,9.891802
3422162291,0.021044342,-0.030417086,0.548649234,-1.250982,-0.155410,9.901423
3427121349,0.020116343,-0.031739740,0.546276859,-1.224231,-0.242960,9.882816
3431704971,0.018175194,-0.028629528,0.551700165,-1.200344,-0.126875,9.849030
3436702613,0.020352263,-0.031196923,0.549381028,-1.153859,-0.269058,9.976482
3442185301,0.020635013,-0.033534610,0.548547987,-1.127786,-0.097161,9.961029
3447117116,0.019596141,-0.029486961,0.548363050,-1.227299,-0.181333,9.959881
3452518953,0.020132518,-0.033416678,0.549543948,-1.164821,-0.218315,9.907913
3457384986,0.021130915,-0.030333761,0.553474364,-1.210953,-0.212043,9.900781
3462740018,0.017612199,-0.028694262,0.549579491,-1.123093,-0.215147,9.978759
3467766898,0.022877257,-0.030082977,0.550747018,-1.134964,-0.220722,9.960288
3473098211,0.018536886,-0.029286922,0.547654020,-1.155239,-0.219907,9.884751
3478271883,0.022250553,-0.029878472,0.548348940,-1.201172,-0.324912,9.927724
3483663154,0.022113051,-0.030313545,0.548674615,-1.086774,-0.204589,9.822677
3488677657,0.017162951,-0.027517560,0.551911438,-1.140347,-0.226443,9.863178
3493917397,0.018643019,-0.029429477,0.548523559,-1.150790,-0.070459,9.875522
3499247893,0.019273500,-0.030247216,0.550785931,-1.212365,-0.238746,9.948400
3503808521,0.020074021,-0.031350569,0.550285267,-1.169123,-0.188545,9.959753
3508950713,0.018385738,-0.026328126,0.547444904,-1.238756,-0.205897,9.885119
3514193034,0.018922279,-0.027105456,0.548088358,-1.191439,-0.177951,9.900587
3519100357,0.020698666,-0.027970296,0.548344503,-1.124509,-0.143731,9.909376
3523637686,0.019527827,-0.027902286,0.549088889,-1.194749,-0.234781,10.003675
3528717403,0.021072038,-0.032406803,0.554169348,-1.127047,-0.137237,9.844113
3534094975,0.020017464,-0.031638560,0.548708492,-1.197349,-0.209401,9.881127
3539558948,0.017334349,-0.029329191,0.550708204,-1.240529,-0.269948,9.936814
3544545364,0.017783612,-0.029682764,0.548878307,-1.091712,-0.193320,9.844200
3549246586,0.022373895,-0.033446681,0.552031369,-1.227190,-0.244330,9.928134
3554468041,0.019876809,-0.032718073,0.554526798,-1.190445,-0.136935,9.917844
3559085574,0.018306804,-0.029364871,0.552648843,-1.161313,-0.247687,9.936117
3564290806,0.019977016,-0.032251549,0.552065357,-1.180544,-0.141262,9.906726
3569530684,0.021670181,-0.032398430,0.547504920,-1.064298,-0.154349,9.856684
3574495249,0.014157383,-0.027218347,0.552793850,-1.116216,-0.167973,9.937897
3579318950,0.024480985,-0.032616733,0.548514631,-1.135561,-0.166220,9.923588
3584255369,0.021345314,-0.030091539,0.551495119,-1.060549,-0.245975,9.905885
3589189285,0.017189204,-0.027020150,0.552593434,-1.072667,-0.179477,9.881504
3593973148,0.018912938,-0.030340381,0.550616554,-1.175169,-0.222373,9.857971
3599234870,0.022994730,-0.034467069,0.552443206,-1.083740,-0.235397,9.827439
3604341976,0.020850117,-0.027032076,0.549307330,-1.134708,-0.222741,9.932156
3609788026,0.021493716,-0.032381745,0.552840648,-1.229585,-0.145537,9.970111
3615011351,0.022003110,-0.030003478,0.552118673,-1.200772,-0.264418,9.854702
3620334108,0.019982197,-0.032474368,0.550304802,-1.106099,-0.178180,9.853945
3625030487,0.019415649,-0.026816765,0.549934576,-1.147001,-0.172416,9.904071
3629614150,0.019197781,-0.028580407,0.551584958,-1.100380,-0.190805,9.924242
3634745417,0.020592659,-0.031840415,0.550781366,-1.118698,-0.198067,9.963709
3639298480,0.017578671,-0.027402314,0.552315110,-1.166263,-0.140332,9.963213
3644558140,0.018516507,-0.031874841,0.550038552,-1.116361,-0.202697,9.993193
3649730719,0.023254805,-0.025461307,0.549847317,-1.194643,-0.252881,9.904596
3655012995,0.020719334,-0.027852958,0.547824189,-1.100786,-0.248987,9.848828
3660353436,0.016468354,-0.029897306,0.548584209,-1.141067,-0.238836,9.946347
3665097923,0.020601959,-0.027329932,0.552930315,-1.098762,-0.195062,9.841962
3670185115,0.018860857,-0.029808437,0.551399409,-1.173845,-0.311739,9.871247
3675482799,0.019104957,-0.032130261,0.552978921,-1.131206,-0.236542,9.940792
3680812400,0.020522544,-0.027294901,0.549742706,-1.223810,-0.176461,9.898491
3685905419,0.018027125,-0.030574793,0.549423613,-1.128039,-0.068536,9.945542
3690810229,0.023445412,-0.032107884,0.554813493,-1.092095,-0.201549,9.851688
3696018820,0.018055545,-0.029810580,0.549963333,-1.095090,-0.265599,9.844923
3701078366,0.021164051,-0.029052550,0.550733868,-1.202183,-0.246975,9.899533
3705638447,0.022591155,-0.029948365,0.548770873,-1.189195,-0.188665,9.883618
3711045301,0.020577571,-0.032688732,0.548962022,-1.119913,-0.213395,9.945161
3715959110,0.021682994,-0.030660274,0.547753561,-1.130876,-0.236878,9.918781
3720992934,0.020370253,-0.032644078,0.553332411,-1.235290,-0.259506,9.894816
3725664186,0.018737615,-0.025576906,0.550712460,-1.202452,-0.151029,9.814390
3730788434,0.017976740,-0.028069158,0.548590118,-1.222474,-0.229141,9.865921
3735328900,0.019266103,-0.033625659,0.549913759,-1.181881,-0.242156,9.974996
3740521586,0.019948140,-0.031639582,0.549282087,-1.130527,-0.206824,9.895807
3745974375,0.018845416,-0.028018992,0.550769830,-1.189222,-0.151264,9.881855
3750778274,0.018550371,-0.026986512,0.549378449,-1.159809,-0.133586,9.899446
3755713095,0.022256448,-0.029528525,0.548007267,-1.117237,-0.200262,9.879643
3760820179,0.019212380,-0.025853988,0.548823986,-1.087188,-0.093417,9.932430
3765641941,0.017808475,-0.032112919,0.551883306,-1.180942,-0.226287,9.996313
3770949167,0.019895598,-0.029632150,0.545350969,-1.169135,-0.244810,9.879448
3775801029,0.017669157,-0.031709343,0.549315276,-1.275005,-0.175206,9.886228
3780835220,0.022959316,-0.029159410,0.548006384,-1.119283,-0.200147,9.920433
3786055474,0.019141165,-0.031424425,0.549392219,-1.163425,-0.122934,9.966437
3790700486,0.016555887,-0.033138059,0.549422010,-1.165237,-0.104175,9.955302
3795916624,0.022001035,-0.030710494,0.548770089,-1.077172,-0.221175,9.862275
3800871745,0.019414295,-0.026217824,0.551173732,-1.157861,-0.296375,9.864610
3806157956,0.023272327,-0.030744237,0.550122904,-1.155984,-0.265636,9.947158
3811598790,0.020427589,-0.035033176,0.548516321,-1.135884,-0.203083,9.971947
3816492626,0.019388340,-0.033565310,0.549428890,-1.245517,-0.167416,9.848094
3821870226,0.017043665,-0.030138491,0.548676179,-1.200973,-0.167939,9.902104
3826943375,0.018691187,-0.032559904,0.552984393,-1.185791,-0.217094,9.991990
3832160412,0.023439962,-0.027722432,0.549076567,-1.216877,-0.235168,9.950459
3837409252,0.019886685,-0.032075172,0.552419032,-1.157312,-0.156979,9.958204
3842151605,0.019958172,-0.030329145,0.550320994,-1.079660,-0.197918,9.837645
3847392707,0.023360071,-0.032272748,0.550217910,-1.176920,-0.168702,9.880059
3852129165,0.021159898,-0.030456286,0.549606135,-1.159721,-0.235642,9.912739
3857308947,0.023408324,-0.030797179,0.550779458,-1.123629,-0.283797,9.917854
3862541123,0.015696292,-0.030665164,0.546741487,-1.062490,-0.218048,9.981591
3867411231,0.021406644,-0.028112113,0.550514863,-1.147460,-0.116985,9.865529
3872280459,0.020309429,-0.031731777,0.550636371,-1.121457,-0.234076,9.927531
3876919866,0.018828951,-0.031448755,0.551691044,-1.183608,-0.132205,9.922596
3881577023,0.020372462,-0.025304863,0.550819957,-1.210590,-0.208504,9.904264
3886977867,0.021059972,-0.033504986,0.549546404,-1.066809,-0.253300,9.905009
3892110786,0.020841034,-0.030916861,0.546353993,-1.088293,-0.238597,9.911413
3897334646,0.019502699,-0.029621312,0.547834979,-1.210890,-0.146708,9.821404
3901982378,0.018167011,-0.028543227,0.550269083,-1.077478,-0.216033,9.880748
3906916906,0.016201867,-0.029548087,0.549058489,-1.161670,-0.326157,9.917928
3911650320,0.019071879,-0.027829185,0.551402700,-1.142030,-0.116797,9.981360
3916744817,0.018584005,-0.029759622,0.545173444,-1.207467,-0.149697,9.881805
3921812304,0.022699436,-0.031032534,0.548897519,-1.178328,-0.285386,9.839983
3926967858,0.026966302,-0.029146829,0.550744154,-1.117534,-0.126220,10.000706
3931524778,0.021983945,-0.028616585,0.552778624,-1.153433,-0.168709,9.841786
3936795267,0.021833288,-0.032449253,0.549422412,-1.151844,-0.192361,9.893048
3941296733,0.021949705,-0.029434659,0.552941303,-1.193198,-0.190739,9.900110
3945903803,0.019692433,-0.033279274,0.550653860,-1.167357,-0.030495,9.963591
3950961113,0.014685496,-0.031898053,0.551848572,-1.145393,-0.181531,9.841904
3955874916,0.020682238,-0.033285245,0.552202057,-1.076167,-0.150790,9.802458
3960974530,0.019447479,-0.028090848,0.549565316,-1.193186,-0.216823,9.876809
3966190650,0.020315905,-0.034054303,0.549245315,-1.203966,-0.134658,9.856033
3971091145,0.020860312,-0.032271459,0.551145251,-1.075545,-0.123281,9.850593
3975705788,0.018571684,-0.031759460,0.549419622,-1.247989,-0.201698,9.921438
3980239543,0.020245794,-0.026985253,0.545869283,-1.177452,-0.165422,9.975208
3984954954,0.019220743,-0.028461345,0.549513150,-1.170677,-0.139092,9.934461
3990071255,0.015227373,-0.028731653,0.547297792,-1.154445,-0.240311,9.858361
3995030957,0.019246075,-0.031042887,0.547587919,-1.186690,-0.200917,9.968590
4000345480,0.019272800,-0.033206250,0.547620895,-1.231923,-0.157763,9.898661
4005040787,0.023240249,-0.031112263,0.547740707,-1.101809,-0.320798,9.904607
4009986494,0.022219766,-0.029828970,0.552350595,-1.171281,-0.229220,9.891183
4014510079,0.022746543,-0.028571117,0.547503634,-1.090291,-0.219789,9.990015
4019581257,0.019854158,-0.029226629,0.551691158,-1.216542,-0.186414,9.987042
4024748335,0.016946330,-0.029355025,0.550204551,-1.143033,-0.212103,9.884718
4029599609,0.020606335,-0.029819043,0.548724622,-1.169935,-0.193980,9.859602
4034790136,0.019857855,-0.027161410,0.550876919,-1.181451,-0.214750,9.846573
4039417830,0.018127099,-0.031550248,0.550260736,-1.144832,-0.196607,9.819864
4044751767,0.020179250,-0.032045670,0.550241859,-1.169340,-0.257224,9.877989
4049336987,0.020218289,-0.029684196,0.549558390,-1.118084,-0.081408,9.920921
4054574042,0.016314386,-0.030503377,0.547899876,-1.120489,-0.214165,9.925294
4059876061,0.020200584,-0.028040039,0.548338041,-1.196854,-0.227390,9.923877
4065341271,0.018265291,-0.030757292,0.551742536,-1.178412,-0.123214,9.878349
4070235589,0.015152021,-0.030157898,0.550086446,-1.187530,-0.238067,9.960695
4075250828,0.022393484,-0.031054002,0.551067915,-1.081824,-0.180129,9.823777
4079988008,0.018912119,-0.032043464,0.550866664,-1.166395,-0.280085,9.972759
4084873365,0.022653779,-0.031563492,0.550419894,-1.245499,-0.162861,9.938242
4089975111,0.018527143,-0.031155273,0.552439137,-1.213602,-0.178904,9.919429
4094840810,0.018960431,-0.031990323,0.548392467,-1.209398,-0.301965,9.948846
4099865229,0.018340758,-0.031138932,0.552611116,-1.062326,-0.217901,9.854150
4104708068,0.020871047,-0.030197255,0.547929681,-1.160415,-0.143906,9.927853
4109469901,0.021549825,-0.031619070,0.548962388,-1.046959,-0.226491,9.972175
4114754186,0.019057533,-0.032690854,0.550437858,-1.161017,-0.135931,9.845336
4120065436,0.020976125,-0.029435102,0.549432785,-1.169167,-0.294548,9.869234
4125513223,0.020707499,-0.030220211,0.550879263,-1.121454,-0.254917,9.834928
4130800769,0.020103855,-0.031419990,0.548029849,-1.152768,-0.275060,9.918939
4135685819,0.021775823,-0.033243953,0.551211793,-1.074159,-0.113658,10.007447
4140471727,0.018840391,-0.033150451,0.547397558,-1.224836,-0.019913,9.826679
4145160312,0.019768006,-0.029654872,0.551147433,-1.209714,-0.217186,9.967357
4149715958,0.019325401,-0.030197995,0.548375379,-1.222463,-0.066238,9.929114
4154613510,0.021744965,-0.029796705,0.549493089,-1.191077,-0.309903,9.919336
4159848082,0.021217406,-0.032669189,0.550504360,-1.248209,-0.157746,9.898656
4165080759,0.018160736,-0.029037182,0.550540778,-1.190038,-0.197854,9.980315
4170301750,0.018178933,-0.029064629,0.550235098,-1.120655,-0.186317,9.983132
4175716179,0.019671129,-0.031167775,0.548726310,-1.108352,-0.205757,9.834663
4180898987,0.019866569,-0.027843060,0.549950407,-1.089964,-0.193923,9.940425
4185605979,0.016002168,-0.029777777,0.552272017,-1.111465,-0.203357,9.917020
4191005894,0.017699089,-0.033676538,0.548608145,-1.159750,-0.185012,9.878347
4196388734,0.017125482,-0.030046230,0.551603179,-1.196438,-0.187497,9.915126
4201274725,0.022151817,-0.028684689,0.550940491,-1.084405,-0.301952,9.956589
4206049771,0.021786188,-0.030966826,0.553013919,-1.183149,-0.154225,9.838100
4210633998,0.021267153,-0.028585802,0.551664359,-1.051388,-0.175259,9.968081
4216029072,0.018203080,-0.031246710,0.548961717,-1.162447,-0.232345,9.811685
4220712526,0.018648692,-0.030718492,0.545411535,-1.170028,-0.195193,9.954973
4226167173,0.020546860,-0.030363492,0.548554567,-1.145899,-0.164749,9.945093
4231162107,0.017388686,-0.031230971,0.551823669,-1.156631,-0.216790,9.945669
4236408228,0.021847584,-0.031129675,0.549128261,-1.232329,-0.198987,9.940200
4241116004,0.019991900,-0.030825716,0.546873330,-1.078031,-0.318850,9.977663
4245837871,0.020187311,-0.028161217,0.550549007,-1.186496,-0.212153,9.959697
4250518053,0.020029484,-0.028523450,0.547546215,-1.098481,-0.151641,9.950143
4255318011,0.021384715,-0.030317015,0.549212888,-1.130678,-0.143290,9.926066
4260121628,0.021850074,-0.029637763,0.548067663,-1.141661,-0.208079,9.944134
4265298697,0.023176716,-0.031448099,0.554947969,-1.109001,-0.164242,9.881812
4269999413,0.019503541,-0.027389737,0.551730509,-1.069304,-0.201376,9.990893
4274778601,0.019882328,-0.031484568,0.551881831,-1.169685,-0.121523,9.991268
4279595789,0.016851105,-0.028722777,0.549500812,-1.042851,-0.197164,9.994623
4284736641,0.025216883,-0.029317770,0.549210739,-1.103199,-0.176950,9.960652
4289306232,0.021346980,-0.031330111,0.551198841,-1.145712,-0.180635,9.978657
4294142426,0.019926801,-0.030335755,0.549557546,-1.130450,-0.177871,9.893265
4299359531,0.020132675,-0.027634700,0.547672173,-1.127148,-0.282247,9.917708
4304523185,0.022581887,-0.032443896,0.549466212,-1.163724,-0.181399,9.860073
4309184655,0.022915402,-0.033259396,0.547104596,-1.153633,-0.188101,9.833241
4313882125,0.020868332,-0.026439163,0.551905409,-1.132383,-0.086975,9.890433
4318727351,0.018344377,-0.028249440,0.549019343,-1.128373,-0.285529,9.828868
4323729181,0.022419095,-0.029012442,0.546134648,-1.179276,-0.134501,9.945113
4328528960,0.017706310,-0.030860889,0.547823093,-1.164519,-0.154958,9.979269
4334005524,0.020642555,-0.032490187,0.552672125,-1.204634,-0.173841,9.906486
4338929513,0.018898633,-0.033540132,0.549854743,-1.170952,-0.215800,9.930219
4344204375,0.018710439,-0.033738357,0.550258380,-1.184851,-0.111564,9.938721
4348957907,0.019166707,-0.028862053,0.549896978,-1.090013,-0.140529,9.897456
4353948967,0.024069238,-0.029586117,0.549540142,-1.247280,-0.271424,9.916172
4358580601,0.018139348,-0.031719197,0.552724094,-1.176533,-0.227863,9.929033
4363994654,0.017832937,-0.032345315,0.549673441,-1.126548,-0.206909,9.881819
4368891039,0.018431376,-0.029385426,0.548969395,-1.176912,-0.135056,9.901767
4373913564,0.021592444,-0.028479804,0.549140086,-1.137471,-0.222332,9.972834
4378616124,0.021785025,-0.032687334,0.547315414,-1.220614,-0.145153,9.960037
4383769371,0.020424901,-0.027645353,0.545783661,-1.164364,-0.194310,9.855533
4388397076,0.018054791,-0.028649253,0.552214344,-1.214987,-0.174174,9.967645
4393371160,0.023887958,-0.033571273,0.552525027,-1.068646,-0.145241,9.963039
4398562536,0.022618993,-0.028971841,0.549467851,-1.210698,-0.199803,9.906180
4403270634,0.019118422,-0.029776332,0.552109336,-1.136469,-0.194932,9.912898
4408036956,0.021281670,-0.025889795,0.547000739,-1.271722,-0.218244,9.847171
4412964261,0.022845029,-0.027602550,0.548274885,-1.229698,-0.289559,9.867205
4418205341,0.018666208,-0.026603821,0.548845821,-1.082024,-0.128047,9.945123
4423549697,0.020500999,-0.029918569,0.551867675,-1.205025,-0.190392,9.904803
4428273725,0.024882557,-0.030771276,0.550961545,-1.066679,-0.165344,9.990640
4433713410,0.017129735,-0.029585216,0.549396710,-1.235154,-0.213998,9.918679
4438720681,0.019248971,-0.029518551,0.549050260,-1.189855,-0.178929,9.935012
4443588096,0.018319958,-0.029931757,0.549904126,-1.158169,-0.076509,9.826947
4448863303,0.022565736,-0.031557401,0.549661828,-1.141962,-0.223691,9.870856
4453592524,0.018469446,-0.029057501,0.549776358,-1.109943,-0.213714,9.892376
4458238063,0.021732674,-0.032849071,0.551104893,-1.086273,-0.238587,9.887158
4463499562,0.016708138,-0.030394858,0.554816241,-1.136223,-0.238110,9.899549
4468681822,0.019167315,-0.031071443,0.549598131,-1.146174,-0.200027,9.921210
4473299276,0.022763312,-0.031129914,0.550774756,-1.172387,-0.171423,10.049784
4478134021,0.022136453,-0.028492264,0.548335382,-1.079740,-0.140160,9.920902
4482731822,0.021286123,-0.026452665,0.553070614,-1.159032,-0.192753,9.921341
4487410372,0.024469216,-0.028755769,0.548011351,-1.236500,-0.118289,9.851931
4492757434,0.015924149,-0.034338909,0.548148722,-1.157377,-0.235338,9.874319
4498227675,0.022330928,-0.029118611,0.551090403,-1.119153,-0.183450,9.968181
4502753351,0.020773071,-0.033213652,0.549354693,-1.166916,-0.173032,9.942704
4508169922,0.021485411,-0.029045596,0.552792541,-1.216459,-0.236365,9.893799
4513248442,0.018023248,-0.026742142,0.549440145,-1.163103,-0.254228,9.914234
4518746215,0.018301002,-0.032234147,0.547277965,-1.097852,-0.205712,9.920943
4524198977,0.016033156,-0.035761968,0.552482542,-1.247105,-0.220114,9.855730
4529046699,0.016547781,-0.033411512,0.551649306,-1.188467,-0.208660,9.894473
4533771012,0.020047116,-0.027859348,0.554115314,-1.219196,-0.183250,9.968941
4538307282,0.020114119,-0.028102918,0.549250718,-1.153877,-0.198820,9.896333
4543380680,0.019235670,-0.029379954,0.548121557,-1.143266,-0.121550,9.853532
4548528017,0.021427493,-0.030371955,0.549616058,-1.126166,-0.214786,9.907337
4553415359,0.020416375,-0.030909772,0.544474922,-1.046307,-0.270733,9.949012
4558849718,0.018446641,-0.028143334,0.552924426,-1.239502,-0.195542,9.936816
4563872880,0.019317837,-0.027491055,0.547935068,-1.147910,-0.202207,9.996138
4569345124,0.019659155,-0.033076471,0.550803368,-1.155821,-0.163728,9.917322
4574513534,0.023734476,-0.031140396,0.549585139,-1.266949,-0.309562,9.885043
4579279457,0.016709950,-0.028090071,0.546329719,-1.195333,-0.268157,9.929039
4584100010,0.022105237,-0.031372312,0.544841458,-1.095451,-0.245541,9.903271
4589231919,0.024482474,-0.031790586,0.550281254,-1.164705,-0.266855,9.850766
4594211275,0.020191073,-0.028679894,0.549796260,-1.156082,-0.236593,9.965787
4599316800,0.020200133,-0.028915801,0.551303250,-1.127946,-0.203446,9.915456
4604161725,0.018506196,-0.029856988,0.548278193,-1.169302,-0.216022,9.811270
4608884157,0.020089146,-0.030469932,0.546784035,-1.074816,-0.160470,9.968402
4613877723,0.019090493,-0.031674773,0.549456853,-1.110407,-0.187719,10.037326
4618913240,0.021173312,-0.026460954,0.548311541,-1.175497,-0.197471,9.898589
4623572511,0.015614255,-0.029132472,0.551977773,-1.187653,-0.296164,9.983986
4628283900,0.020656631,-0.030108005,0.551584789,-1.154227,-0.117161,9.848873
4633721105,0.019366517,-0.028702811,0.548307734,-1.050617,-0.154239,9.875767
4638348572,0.021941691,-0.031394715,0.548433398,-1.120807,-0.122998,9.914231
4643843988,0.020823659,-0.027929928,0.551698992,-1.175674,-0.190658,9.897997
4649133288,0.019791276,-0.032841251,0.548271002,-1.168943,-0.213877,9.972475
4653957411,0.022407263,-0.028086701,0.552423436,-1.134184,-0.251353,9.874491
4658991716,0.017631705,-0.033535588,0.550734497,-1.101240,-0.217839,9.909898
4663945575,0.018838772,-0.030220496,0.548347470,-1.190679,-0.243347,9.863679
4668736244,0.021394648,-0.032132204,0.548534996,-1.186666,-0.298647,9.870808
4674163001,0.018953331,-0.029202953,0.553036288,-1.207223,-0.241352,9.913380
4678726703,0.020303746,-0.026558218,0.549397457,-1.139118,-0.145064,9.908962
4683586329,0.024162633,-0.029200887,0.548995535,-1.158106,-0.135619,9.913723
4688967425,0.022565705,-0.028967077,0.551499581,-1.183591,-0.192230,9.877659
4693784517,0.021247624,-0.032345163,0.548663123,-1.153823,-0.131928,9.973274
4698434892,0.022406439,-0.027007244,0.547798913,-1.116325,-0.124473,9.944078
4703118543,0.021524301,-0.030647178,0.550711347,-1.190395,-0.177484,9.827240
4708353263,0.025084430,-0.031136629,0.551051916,-1.121161,-0.140571,9.989406
4713450003,0.022342693,-0.030261782,0.546081228,-1.113088,-0.170141,9.945519
4718031023,0.019316046,-0.029289417,0.548404540,-1.173146,-0.258788,9.848189
4723383033,0.019973669,-0.030375282,0.550779396,-1.144576,-0.166147,9.899348
4727938293,0.018838043,-0.029123950,0.550332667,-1.189630,-0.138861,9.879680
4733425199,0.020473440,-0.030949786,0.546452950,-1.138081,-0.176940,9.824328
4738410350,0.022160944,-0.026968053,0.551126209,-1.208993,-0.305764,9.962013
4742974683,0.021755493,-0.029857996,0.548862922,-1.236369,-0.171610,9.972713
4748182280,0.019532754,-0.032698452,0.549725521,-1.115855,-0.149969,9.951967
4753552694,0.022393337,-0.033573824,0.551529892,-1.135112,-0.237015,9.818153
4758990485,0.018226928,-0.028365090,0.550013737,-1.127935,-0.211702,9.969665
4764340623,0.023353800,-0.026478110,0.547379330,-1.195988,-0.197135,9.904783
4769649580,0.023327106,-0.031593023,0.552527870,-1.096291,-0.200194,9.929912
4774979618,0.021339965,-0.026286419,0.550311469,-1.162360,-0.134642,9.923610
4779920608,0.019711398,-0.030048631,0.547368243,-1.222437,-0.167692,9.921101
4785198255,0.020443924,-0.029462525,0.551792334,-1.140512,-0.219417,9.923995
4790021677,0.018627938,-0.035524384,0.549359089,-1.168214,-0.195002,9.931135
4795278180,0.018404207,-0.028172260,0.549058525,-1.200591,-0.189170,9.946784
4799833347,0.020879625,-0.029339623,0.548593919,-1.205013,-0.183314,9.929271
4804871108,0.020951263,-0.030587450,0.545630508,-1.248564,-0.214698,9.943681
4810302276,0.018953453,-0.032163890,0.547839235,-1.160894,-0.258053,9.857991
4815552695,0.021234002,-0.033028292,0.548795995,-1.173944,-0.231596,9.968376
4820678602,0.021097179,-0.029437132,0.550058490,-1.099697,-0.280146,9.964402
4825289893,0.021024145,-0.028813968,0.553800156,-1.120761,-0.164167,9.941993
4830559245,0.021581119,-0.030181415,0.547552603,-1.199060,-0.129358,9.956355
4835561851,0.016681603,-0.029962187,0.549105109,-1.158762,-0.270807,9.984588
4840720086,0.022660271,-0.028276162,0.549973850,-1.057953,-0.058063,9.943068
4845233054,0.023723457,-0.031173825,0.551452275,-1.221604,-0.255937,9.943078
4850722075,0.016900194,-0.028179396,0.551630462,-1.168191,-0.238869,9.939049
4855768451,0.021920787,-0.029906447,0.547718359,-1.085795,-0.205814,9.966912
4860283580,0.020551503,-0.027985289,0.548779405,-1.186513,-0.191230,9.837073
4865381870,0.019187233,-0.030500144,0.553042110,-1.285431,-0.251038,9.930674
4870092218,0.018297889,-0.027973935,0.549906427,-1.268156,-0.161548,9.841829
4874751235,0.019769738,-0.027217515,0.550600847,-1.106833,-0.230355,9.943317
4879701026,0.020638457,-0.028741502,0.547415733,-1.192701,-0.240478,9.959869
4884613128,0.019590456,-0.032097942,0.549571724,-1.121224,-0.195751,9.896459
4889466562,0.019138320,-0.030842882,0.550735258,-1.084231,-0.178728,9.851392
4894936993,0.019049364,-0.026521330,0.548691794,-1.129605,-0.165148,9.942217
4899912430,0.018393312,-0.029435572,0.551754364,-1.203130,-0.143046,9.877607
4905104748,0.017186193,-0.029942014,0.550096837,-1.234722,-0.247343,9.872371
4909842777,0.021258983,-0.030955782,0.549986264,-1.125489,-0.153810,9.933596
4914545270,0.022713990,-0.032419953,0.551191700,-1.099628,-0.234024,9.894654
4919097069,0.022306191,-0.028282113,0.550157166,-1.207252,-0.160288,9.928029
4924136434,0.018048663,-0.034146703,0.551142680,-1.068523,-0.214298,9.978125
4928809394,0.019698887,-0.028151964,0.551986742,-1.136546,-0.125949,9.925220
4934201401,0.020164666,-0.029746466,0.549116814,-1.109772,-0.240154,9.911968
4939154249,0.018567955,-0.028036643,0.549837415,-1.113734,-0.197517,9.938935
4943909507,0.020051570,-0.030894706,0.548826591,-1.230828,-0.159737,9.929012
4949140839,0.022691689,-0.026878975,0.548757933,-1.165837,-0.233995,9.889224
4953835714,0.018326198,-0.027404860,0.552192342,-1.194942,-0.199673,9.945579
4958932604,0.019809092,-0.029961857,0.548381334,-1.104213,-0.282689,9.914564
4963472376,0.019057138,-0.026748335,0.550729040,-1.177616,-0.168243,9.922283
4968817762,0.022299509,-0.027839296,0.552752866,-1.078164,-0.151940,9.825872
4974168655,0.019174212,-0.027829614,0.550270578,-1.046178,-0.234656,9.996392
4979373843,0.020687781,-0.034639615,0.548280680,-1.174378,-0.232566,9.873148
4984827401,0.018565675,-0.031513941,0.547194458,-1.106477,-0.159508,9.838622
4989351585,0.021086605,-0.031122264,0.550005286,-1.126903,-0.263071,9.922524
4994673787,0.020600748,-0.030265110,0.549473970,-1.206492,-0.226697,9.975430
4999690619,0.019763501,-0.030880523,0.549743600,-1.186523,-0.174656,9.849551
5004933479,0.021237614,-0.031851195,0.550994624,-1.118759,-0.222573,9.864126
5009438486,0.020608603,-0.029627021,0.547040191,-1.175329,-0.241572,9.950593
5014315642,0.020833975,-0.028600819,0.552364533,-1.239717,-0.141670,9.934386
5019228477,0.022929115,-0.032910230,0.549900595,-1.093555,-0.244898,9.929557
5024659033,0.021999840,-0.032780363,0.550248619,-1.125292,-0.170535,9.934332
5029460340,0.020712253,-0.030868620,0.550562523,-1.206756,-0.240703,9.894105
5034112897,0.023406725,-0.027960634,0.546829546,-1.092219,-0.179671,9.942646
5039358886,0.019546387,-0.030765386,0.549717746,-1.166418,-0.227767,9.903693
5044478571,0.020068447,-0.028965803,0.548400986,-1.104722,-0.166747,9.894372
5049527084,0.021537383,-0.027048574,0.549063623,-1.154423,-0.265391,9.827136
5054312599,0.020866540,-0.026350593,0.549583375,-1.125554,-0.225602,9.915060
5059152162,0.022067167,-0.028912548,0.549096040,-1.165801,-0.132323,9.908039
5063856677,0.017519921,-0.030314947,0.547597373,-1.115316,-0.261816,9.895775
5068566473,0.020146963,-0.032345630,0.550393453,-1.109663,-0.193306,9.912435
5073102525,0.022033072,-0.029655832,0.546344101,-1.117650,-0.268779,9.963927
5077823385,0.020577291,-0.033756942,0.552616609,-1.198666,-0.064459,9.864366
5083272481,0.022705933,-0.030947805,0.547375176,-1.163774,-0.287289,9.884268
5087833375,0.020483978,-0.031203368,0.549655704,-1.073955,-0.177795,9.925215
5093026257,0.017942129,-0.028142785,0.548857069,-1.112350,-0.214292,9.879368
5098209689,0.016176474,-0.026281917,0.548392414,-1.065865,-0.276212,9.933856
5103703307,0.021157232,-0.027368251,0.550810950,-1.098131,-0.105869,9.949989
5108667994,0.019611499,-0.030907691,0.549830594,-1.153872,-0.156176,9.910731
5113638307,0.016332129,-0.027309297,0.551595059,-1.135307,-0.235361,9.849675
5119059540,0.020186635,-0.031961776,0.548374024,-1.090286,-0.189880,9.950039
5124074602,0.020282847,-0.026705156,0.549557966,-1.138217,-0.135465,9.954375
5129130615,0.021007290,-0.033584348,0.548644477,-1.063510,-0.112084,9.886701
5134223672,0.018393201,-0.033300249,0.546919860,-1.092125,-0.203107,9.896557
5138985906,0.021324507,-0.030294301,0.552969717,-1.074478,-0.360680,9.899021
5143899958,0.018252036,-0.033506377,0.551776076,-1.151486,-0.187720,9.873056
5148981224,0.017325077,-0.025604944,0.548726166,-1.157945,-0.230414,9.817440
5153761504,0.023573284,-0.030710025,0.549369005,-1.096903,-0.181070,9.878977
5158481517,0.021392485,-0.027620099,0.552513045,-1.187289,-0.220541,9.917388
5163364700,0.025529250,-0.028383778,0.546822028,-1.148226,-0.249623,9.937386
5168792706,0.020990696,-0.031192367,0.551199121,-1.178644,-0.228494,9.951643
5174057053,0.013902989,-0.035275419,0.553669784,-1.224783,-0.132625,9.859565
5178782812,0.018940156,-0.030511456,0.546089490,-1.086246,-0.250840,9.947545
5183804300,0.017472797,-0.028869045,0.555474400,-1.159936,-0.246884,9.977917
5188716668,0.021407584,-0.029212164,0.548219874,-1.138516,-0.154793,9.920571
5193306024,0.021654855,-0.031981027,0.553833102,-1.193807,-0.266078,9.894685
5198513883,0.021250967,-0.028978373,0.551297866,-1.186808,-0.306900,9.889599
5203087793,0.019797943,-0.028038238,0.549135714,-1.182076,-0.285416,10.001754
5208394114,0.012581884,-0.029547181,0.550267321,-1.079711,-0.230631,9.917053
5213280437,0.020489102,-0.027120021,0.549008743,-1.162572,-0.248830,9.959465
5218693298,0.020601474,-0.032498514,0.550480097,-1.175308,-0.197668,9.842797
5223644649,0.023165466,-0.030359853,0.549279322,-1.188491,-0.166153,9.947600
5228524552,0.019395370,-0.029224173,0.548216766,-1.172659,-0.200774,9.894605
5233893373,0.018263153,-0.029022056,0.546821230,-1.137676,-0.170012,9.839438
5239108416,0.021332388,-0.031277073,0.548248940,-1.158656,-0.196779,9.940439
5244295201,0.017061770,-0.029084983,0.553252644,-1.030805,-0.127674,9.860302
5249719633,0.018867617,-0.029685058,0.550458476,-1.198297,-0.216242,9.969711
5254330836,0.018412775,-0.028300513,0.550234013,-1.097075,-0.165913,9.899454
5259700244,0.021703920,-0.030272720,0.550341138,-1.228528,-0.204571,9.881513
5264962150,0.018899777,-0.030126820,0.550897920,-1.213694,-0.241649,9.876370
5269968889,0.020538849,-0.027930109,0.553316652,-1.152619,-0.217881,9.988981
5274868305,0.021249535,-0.027757726,0.546685589,-1.106584,-0.191652,9.955001
5279403231,0.025463962,-0.032149467,0.549118632,-1.082776,-0.158137,9.913668
5284248699,0.017650080,-0.028206185,0.553933948,-1.138901,-0.226672,9.977488
5288751209,0.020876729,-0.029769887,0.547660610,-1.235516,-0.218148,9.908820
5293379795,0.019707966,-0.029042625,0.550669879,-1.113835,-0.134962,9.859456
5298498190,0.018527009,-0.029260572,0.551806477,-1.176116,-0.266621,9.786259
5303781586,0.020432522,-0.033557651,0.551941324,-1.077096,-0.183808,9.812661
5308992484,0.021132173,-0.029683733,0.547746163,-1.146511,-0.244775,9.928252
5314269123,0.017563620,-0.026885776,0.548677052,-1.057783,-0.170974,9.886721
5318797719,0.021369391,-0.031620831,0.549862201,-1.157523,-0.249185,9.808082
5324264104,0.019269970,-0.031083834,0.549213040,-1.224499,-0.217426,9.935856
5329406774,0.016067415,-0.034656317,0.551935779,-1.100549,-0.125463,9.955873
5334576270,0.021297560,-0.030265559,0.550345544,-1.079088,-0.183465,9.827159
5339525581,0.018064983,-0.031320897,0.551498981,-1.165375,-0.074638,9.888855
5344868294,0.021947824,-0.030445789,0.547241410,-1.164687,-0.129512,9.971621
5349787366,0.021080301,-0.030077581,0.549271366,-1.144059,-0.163830,9.892847
5354422242,0.017128558,-0.027410712,0.546256994,-1.110584,-0.211858,9.876397
5359521039,0.018517477,-0.031469866,0.549828578,-1.113835,-0.145932,9.925700
5364944818,0.021685210,-0.029328246,0.547362324,-1.197468,-0.188041,9.900651
5369871306,0.018638763,-0.031154614,0.550715282,-1.117771,-0.220603,9.885368
5375192160,0.021724691,-0.031071369,0.549546325,-1.090571,-0.200411,9.816609
5380409799,0.022013588,-0.030635875,0.552648862,-1.143465,-0.238491,9.894945
5385611466,0.021686527,-0.028920981,0.548905900,-1.101459,-0.158472,9.868688
5390224866,0.021300611,-0.027198322,0.552533335,-1.226257,-0.246771,9.904074
5395521882,0.018639028,-0.028972187,0.545300128,-1.187533,-0.212961,9.814950
5400221972,0.020239776,-0.029388560,0.548751040,-1.138341,-0.153517,9.843135
5405501272,0.020317894,-0.029425349,0.549599496,-1.198198,-0.222856,9.881549
5410812883,0.022384890,-0.031502277,0.550247955,-1.165548,-0.311658,9.857449
5415817512,0.020899867,-0.030326158,0.545670831,-1.247814,-0.288669,10.009701
5420526876,0.017975888,-0.028778624,0.549203715,-1.251016,-0.231303,9.895031
5425842764,0.020304123,-0.034124738,0.548335261,-1.227965,-0.148837,9.976020
5430726248,0.019754625,-0.028399410,0.549856632,-1.132662,-0.174169,9.928064
5435866334,0.020176883,-0.028306977,0.550018649,-1.167024,-0.250802,9.887476
5440879708,0.018213080,-0.030297891,0.548814185,-1.094215,-0.207365,9.983209
5446138882,0.021933413,-0.028562203,0.555035850,-1.208574,-0.172761,10.004882
5451002398,0.020139059,-0.034205698,0.550579758,-1.148392,-0.187338,9.848546
5456064914,0.019705136,-0.034832623,0.550758268,-1.086920,-0.210385,9.789664
5461264818,0.020071582,-0.025129569,0.550722333,-1.094729,-0.200286,9.842685
5465882735,0.021794483,-0.027069066,0.551861292,-1.135588,-0.268809,9.892351
5471201644,0.020022216,-0.026335125,0.549637906,-1.133219,-0.143654,9.978611
5475924717,0.021007571,-0.032098564,0.551405864,-1.183387,-0.227968,9.934908
5480854743,0.020473808,-0.029339427,0.552365113,-1.279580,-0.292857,9.926381
5485374667,0.020292151,-0.030078626,0.551341697,-1.071880,-0.123958,9.856368
5490471794,0.023846248,-0.030038440,0.550289420,-1.123181,-0.278979,9.990153
5495443010,0.019983515,-0.030049424,0.549671675,-1.226883,-0.179411,9.878254
5500067849,0.021151976,-0.032248360,0.549922943,-1.100778,-0.208583,9.886907
5505121765,0.019572255,-0.028281199,0.551985012,-1.176227,-0.156201,9.909638
5509821170,0.022090457,-0.026170720,0.547094284,-1.184529,-0.181591,9.911490
5515117129,0.019345525,-0.029046169,0.547889404,-1.271007,-0.298011,9.978330
5520505059,0.022878736,-0.031328546,0.548574646,-1.138110,-0.206822,9.928108
5525793739,0.019322649,-0.028342372,0.547872170,-1.174516,-0.241792,9.846067
5530733952,0.018391639,-0.031687634,0.552923230,-1.120178,-0.038213,9.946466
5535552387,0.020863022,-0.028114913,0.547735045,-1.207675,-0.183806,9.797331
5540169926,0.023387908,-0.029835432,0.547946571,-1.271042,-0.197621,9.902355
5545230531,0.017138770,-0.031660580,0.549992927,-1.184583,-0.154805,9.837883
5549789892,0.021837062,-0.029322016,0.551152662,-1.151344,-0.223420,9.922398
5554852449,0.021046272,-0.028394475,0.550240638,-1.218355,-0.135729,9.934173
5559741106,0.018959087,-0.033732216,0.550075319,-1.049515,-0.240707,9.973792
5564468168,0.016891234,-0.029126061,0.551873950,-1.160879,-0.136045,9.797348
5569102600,0.024407595,-0.031020887,0.550983987,-1.258444,-0.182387,9.813234
5573953404,0.022471708,-0.031173098,0.547518360,-1.203417,-0.170034,9.914957
5579038347,0.018582102,-0.032886900,0.550709229,-1.170700,-0.265492,9.927675
5583721959,0.022383244,-0.028211008,0.547615228,-1.167887,-0.251654,9.968022
5588661629,0.020590925,-0.029474356,0.548313428,-1.123065,-0.261996,9.935254
5593745368,0.021820631,-0.028979896,0.549317389,-1.237732,-0.184994,9.863316
5598776020,0.022607581,-0.029111416,0.550020003,-1.160701,-0.266003,9.927198
5604250939,0.023184427,-0.028761664,0.548737438,-1.106919,-0.198364,9.867393
5609643610,0.020333816,-0.031099826,0.552726207,-1.171226,-0.290915,9.889180
5614268852,0.019300354,-0.028334111,0.547190564,-1.111218,-0.195727,9.941693
5619511778,0.021496898,-0.030165955,0.549518987,-1.144420,-0.073721,9.942961
5624866141,0.019881526,-0.029318013,0.550604977,-1.161017,-0.182963,9.971681
5629913117,0.019700149,-0.027256102,0.550357022,-1.186997,-0.081249,9.934893
5634899596,0.017578347,-0.029347392,0.549382419,-1.095940,-0.205283,9.879905
5639746268,0.021315553,-0.031123127,0.552292808,-1.113429,-0.264526,9.931928
5644559247,0.017528600,-0.030171166,0.551488230,-1.192249,-0.255843,9.883058
5649391513,0.017814221,-0.031070000,0.549723611,-1.152730,-0.243357,9.848929
5654127838,0.020341092,-0.031301048,0.548976701,-1.158508,-0.245185,9.867509
5659159659,0.024182145,-0.028144463,0.549581066,-1.167540,-0.133449,9.864698
5664364527,0.021165518,-0.027926503,0.548899536,-1.127224,-0.197419,9.951653
5669232314,0.018464408,-0.030921712,0.548165995,-1.226469,-0.245190,9.903223
5673946927,0.022147462,-0.028961772,0.550332435,-1.162612,-0.176322,9.920709
5678795052,0.019916853,-0.029524521,0.549084100,-1.147187,-0.254658,9.843037
5683342192,0.021550407,-0.032439396,0.548496066,-1.145676,-0.221644,9.896632
5687964223,0.021213918,-0.028766195,0.550401044,-1.104986,-0.216566,9.979426
5692580560,0.018032517,-0.028413919,0.548187378,-1.142947,-0.189882,9.896995
5697878684,0.016575592,-0.030282517,0.551447138,-1.130155,-0.228902,9.918463
5703167498,0.020008036,-0.030658396,0.550120647,-1.133415,-0.118590,9.813666
5708149911,0.023674686,-0.031894151,0.547203245,-1.169214,-0.148186,9.950987
5712718039,0.021203079,-0.027231668,0.550789018,-1.184021,-0.303875,9.905883
5717219792,0.020300587,-0.027959359,0.548834947,-1.306011,-0.068455,9.914235
5722044996,0.019424284,-0.033223256,0.552747203,-1.131872,-0.245934,9.825379
5726825805,0.020086959,-0.030860500,0.552539189,-1.106515,-0.124831,10.000017
5731485070,0.025155906,-0.029058286,0.548183417,-1.198994,-0.275639,9.902757
5736119445,0.018930555,-0.036083794,0.549038483,-1.106185,-0.270634,9.988433
5741205725,0.019428448,-0.030729779,0.546767965,-1.142031,-0.197701,9.871592
5745801170,0.021894515,-0.029495451,0.547469730,-1.195260,-0.194436,9.884669
5750356280,0.020288618,-0.030963669,0.551020446,-1.182438,-0.203443,9.880920
5755406438,0.016116816,-0.028640447,0.549695064,-1.102207,-0.207093,9.929180
5760657155,0.019144603,-0.032013759,0.550072524,-1.163170,-0.257121,9.907775
5765438467,0.017423572,-0.034205764,0.547903946,-1.184061,-0.200277,9.974703
5770393327,0.019075140,-0.030503183,0.548406036,-0.965043,-0.191217,9.964793
5775667003,0.018782691,-0.032090756,0.551222330,-1.268205,-0.209782,9.947610
5781045243,0.019694141,-0.030103961,0.551896285,-1.179236,-0.151968,9.915090
5786204748,0.017889530,-0.032420898,0.549092250,-1.113258,-0.179446,9.837091
5791094828,0.023413390,-0.030202653,0.549203151,-1.131221,-0.251435,9.872411
5796234570,0.019674430,-0.031016229,0.552060018,-1.219260,-0.099143,9.933823
5801294908,0.016660253,-0.030276425,0.549561877,-1.166350,-0.205055,9.906480
5806570022,0.019203622,-0.029606305,0.548990924,-1.150753,-0.247099,9.936491
5811447393,0.020217575,-0.030899246,0.549201811,-1.192226,-0.147494,9.921831
5816118354,0.022118794,-0.029220987,0.548960171,-1.208238,-0.121477,9.926847
5821183282,0.020794401,-0.029514858,0.550596391,-1.144787,-0.166254,9.835387
5825792364,0.022448873,-0.031617799,0.550718488,-1.165498,-0.253907,9.854081
5830706249,0.017647610,-0.029077478,0.550108597,-1.109720,-0.151174,9.941618
5835848400,0.022374121,-0.031288552,0.553923373,-1.113377,-0.198060,9.927973
5840508006,0.017167930,-0.028898948,0.550450173,-1.162873,-0.186786,9.918531
5845392375,0.020692669,-0.029116326,0.551742482,-1.077607,-0.159329,9.871793
5850702268,0.022998129,-0.026405642,0.547645525,-1.121385,-0.197381,9.937916
5855865907,0.017416007,-0.031366496,0.547301977,-1.281072,-0.227076,9.958606
5860449151,0.022977163,-0.032391926,0.549889961,-1.095045,-0.172842,9.918179
5865313213,0.020566750,-0.028715445,0.548440224,-1.102474,-0.255586,9.968610
5870571956,0.023434881,-0.035727003,0.548683615,-1.150984,-0.168561,9.923227
5875556517,0.019384988,-0.033505939,0.552674669,-1.181428,-0.176809,9.964540
5880902166,0.018001902,-0.034542883,0.549220675,-1.065462,-0.274265,9.876048
5885459418,0.024363172,-0.030305311,0.551391067,-1.076216,-0.214725,9.949210
5890517967,0.019974690,-0.029637628,0.550653153,-1.122284,-0.219015,9.870769
5895633061,0.017759463,-0.031900437,0.549406271,-1.191631,-0.226404,10.024671
5900182437,0.019886213,-0.030786737,0.552174454,-1.179991,-0.199404,9.899221
5905485234,0.018922811,-0.029567937,0.553035473,-1.123263,-0.213459,9.853117
5910912527,0.021424263,-0.033322013,0.550743547,-1.126210,-0.218316,9.807584
5915424286,0.020886790,-0.031279816,0.551306088,-1.156415,-0.264765,9.955869
5920717318,0.018920920,-0.030541025,0.551238113,-1.146027,-0.194142,9.921986
5926156700,0.021643011,-0.029744308,0.548708091,-1.123677,-0.212397,9.936948
5931494059,0.022206461,-0.029817272,0.547344377,-1.198640,-0.184635,9.854974
5936746725,0.021333027,-0.033514372,0.549764990,-1.144950,-0.154472,9.958757
5941797394,0.014682111,-0.028431507,0.547202749,-1.096180,-0.145168,9.907751
5946452664,0.019961048,-0.028832557,0.550870500,-1.154417,-0.185615,9.901985
5951173532,0.020210517,-0.031446653,0.547757353,-1.152314,-0.161838,9.894260
5956207518,0.018547156,-0.032407419,0.547208737,-1.121835,-0.286515,9.915203
5961668560,0.021438589,-0.029981792,0.550290972,-1.180702,-0.214733,9.941217
5966272534,0.020460481,-0.028362409,0.543373578,-1.144857,-0.248786,9.876294
5971504900,0.024194403,-0.028920778,0.552302675,-1.176016,-0.212977,9.965928
5976489646,0.017434356,-0.028299400,0.552317211,-1.107110,-0.233902,9.935615
5981406502,0.018276736,-0.027068545,0.549282860,-1.123292,-0.197632,9.872417
5986349505,0.017824921,-0.032394424,0.549222050,-1.137253,-0.295199,9.986792
5990857701,0.022830911,-0.029852479,0.548431189,-1.063709,-0.227455,9.975660
5996247001,0.018911943,-0.029251035,0.548327091,-1.137551,-0.266911,9.846419
6000787159,0.017600176,-0.029683221,0.548150247,-1.029612,-0.188093,9.819283
6005585841,0.020075544,-0.026233172,0.552373392,-1.199774,-0.185341,9.904993
6010403330,0.018939412,-0.031394129,0.547401222,-1.146704,-0.233408,9.920611
6015733968,0.020510904,-0.027219842,0.552515209,-1.105693,-0.174501,9.908405
6020762942,0.015436535,-0.029585293,0.547646438,-1.186213,-0.132245,9.863001
6025874728,0.022462014,-0.031345529,0.551663210,-1.205910,-0.150154,9.961289
6031293695,0.020987848,-0.031795760,0.548168235,-1.139730,-0.136623,9.920421
6035820258,0.021072940,-0.032405729,0.549925601,-1.179328,-0.225009,9.806687
6040451000,0.018860885,-0.028548394,0.549914115,-1.218669,-0.171624,9.871430
6044962535,0.020469001,-0.028937890,0.550226474,-1.101185,-0.211579,9.898919
6049538518,0.019138780,-0.032654679,0.549829116,-1.094214,-0.160778,9.822637
6054631881,0.020249585,-0.029961546,0.550512002,-1.202140,-0.189528,9.876409
6059193207,0.020465801,-0.027503794,0.549601383,-1.224433,-0.271723,9.880317
6064651279,0.019079345,-0.031909876,0.549347546,-1.138117,-0.190083,9.924715
6069648946,0.013710026,-0.029531179,0.549539397,-1.145433,-0.165148,9.973013
6074175545,0.020614762,-0.029446911,0.548169212,-1.234717,-0.218794,10.047884
6079180911,0.019594569,-0.028713862,0.550058160,-1.097769,-0.268397,9.802473
6084151059,0.016478853,-0.029559574,0.549584338,-1.234562,-0.195590,9.977419
6088662638,0.022305086,-0.027892850,0.550004121,-1.112228,-0.261695,9.974807
6093473998,0.022593678,-0.027665156,0.544543755,-1.059483,-0.226565,9.898247
6098701607,0.021107777,-0.028545015,0.551344903,-1.164090,-0.132032,9.902012
6104127363,0.023478250,-0.029441235,0.545721687,-1.170837,-0.142983,9.817846
6108783906,0.019520220,-0.027782700,0.549157654,-1.146582,-0.157060,9.885031
6114112793,0.019883409,-0.027909323,0.551510799,-1.092953,-0.279977,9.927175
6119554560,0.017773356,-0.029574812,0.549849629,-1.147602,-0.225934,9.946426
6124794357,0.020188681,-0.031293951,0.546968309,-1.155763,-0.184004,9.889761
6129615145,0.019384232,-0.028214860,0.552986782,-1.134644,-0.204791,9.901572
6134524870,0.017830035,-0.029502089,0.549567445,-1.106461,-0.175174,9.885190
6139898774,0.021318825,-0.029440380,0.550328833,-1.196755,-0.155170,9.888243
6145219680,0.021496871,-0.029279386,0.553267570,-1.229990,-0.193343,9.965167
6150592263,0.018990268,-0.029204945,0.550470957,-1.111182,-0.240779,9.879788
6155779219,0.017823310,-0.029038981,0.549006746,-1.171094,-0.273273,9.818432
6160629659,0.018164923,-0.026268236,0.549954549,-1.162297,-0.232321,9.893216
6165776110,0.018385838,-0.031437800,0.549789151,-1.149628,-0.154374,9.843461
6171104570,0.021128196,-0.029195092,0.545362347,-1.134808,-0.194624,9.915678
6175994966,0.020524525,-0.028105850,0.551936209,-1.211171,-0.255335,9.832611
6180848366,0.020658915,-0.027729931,0.549589156,-1.134044,-0.252103,9.850181
6186140361,0.018897646,-0.031189388,0.552436834,-1.165806,-0.150964,9.901285
6190695287,0.020672338,-0.031980688,0.553190213,-1.175114,-0.177195,9.912726
6195531066,0.017766237,-0.026757326,0.551417318,-1.218981,-0.154329,9.864418
6200957216,0.017596786,-0.031957890,0.551541042,-1.078452,-0.126597,9.894537
6205953550,0.018694692,-0.028462109,0.550113748,-1.187538,-0.199168,9.931223
6211395433,0.019799427,-0.030668450,0.547430125,-1.137313,-0.211215,9.926348
6216099013,0.020785392,-0.029891000,0.549281000,-1.132159,-0.170227,9.933019
6221216126,0.016574638,-0.031473644,0.551930545,-1.174643,-0.226035,9.833436
6226077317,0.020440203,-0.029315937,0.548220456,-1.229103,-0.223987,9.836394
6230823482,0.018334063,-0.029544791,0.551878454,-1.190162,-0.177915,9.822574
6235828664,0.018448028,-0.027010430,0.551242450,-1.204923,-0.095144,9.897769
6240688678,0.019894043,-0.029555204,0.551959461,-1.198169,-0.309137,9.915053
6245618784,0.018007177,-0.034778325,0.550807554,-1.262918,-0.235812,9.970749
6251111954,0.020183780,-0.030276947,0.549344661,-1.103770,-0.166564,9.888107
6255623585,0.020103745,-0.027406687,0.548335292,-1.068997,-0.205494,9.874019
6261097098,0.019863342,-0.026640282,0.552288795,-1.172753,-0.174382,9.898040
6265847360,0.021245982,-0.031111262,0.550539173,-1.095309,-0.197618,9.885788
6271035070,0.021032792,-0.028894336,0.549968740,-1.172879,-0.235260,9.953862
6275717429,0.023304482,-0.029101247,0.547216511,-1.167739,-0.090738,10.009737
6280940070,0.018086855,-0.032141206,0.550904175,-1.143506,-0.161434,9.879656
6285463726,0.014870393,-0.028974195,0.551185532,-1.172297,-0.260101,9.845425
6290037056,0.019688096,-0.028701476,0.553987953,-1.108537,-0.270740,9.884501
6295258152,0.022102816,-0.029304193,0.551694010,-1.179967,-0.142431,9.977921
6299827973,0.018583193,-0.030691024,0.552596180,-1.122726,-0.116720,9.917412
6305256913,0.018331654,-0.029640131,0.550329824,-1.151711,-0.146394,9.919749
6309967016,0.016391900,-0.031471010,0.545919504,-1.076295,-0.220687,9.958076
6314528409,0.021076614,-0.029768319,0.550729929,-1.070517,-0.249504,9.986705
6319922496,0.022184508,-0.028723250,0.552003549,-1.089004,-0.212358,9.930281
6324737192,0.020265797,-0.029790755,0.547600736,-1.230263,-0.258510,9.959434
6329516759,0.019652802,-0.029345283,0.549288075,-1.114711,-0.192316,9.993843
6334959228,0.017502114,-0.030373111,0.551605499,-1.083886,-0.207031,9.911147
6339570209,0.020845662,-0.031528005,0.551973246,-1.222503,-0.168619,9.869648
6344598563,0.021875991,-0.034817744,0.551730209,-1.199201,-0.247129,9.936839
6349484201,0.019875059,-0.029259617,0.548457884,-1.141829,-0.174415,9.934145
6354331117,0.022080393,-0.033217349,0.547231346,-1.110911,-0.125781,9.874242
6359617027,0.020838999,-0.029754366,0.547527134,-1.186122,-0.241827,9.880360
6364545967,0.019057472,-0.033310323,0.550300703,-1.137486,-0.167193,9.896485
6369724099,0.020087792,-0.030543090,0.551603252,-1.156875,-0.157343,9.919442
6375102862,0.017726370,-0.031362959,0.547464112,-1.144982,-0.193055,9.800524
6380049607,0.018818424,-0.031713715,0.551540959,-1.153138,-0.222425,9.952276
6384766014,0.019042170,-0.033096105,0.548737785,-1.114901,-0.227876,9.921409
6389727770,0.019417818,-0.031902975,0.547151582,-1.136595,-0.230502,9.920680
6394404636,0.022879326,-0.032002806,0.550145722,-1.120341,-0.152573,9.912028
6399117622,0.019869946,-0.030688235,0.549437026,-1.168692,-0.303987,9.961310
6403712104,0.018463649,-0.031849915,0.546990873,-1.096594,-0.201182,9.860121
6408487889,0.018863397,-0.026738891,0.548753145,-1.172700,-0.216197,9.880790
6413793283,0.020510234,-0.029811800,0.551690918,-1.116070,-0.215853,9.874741
6418817151,0.020863620,-0.028484096,0.552892147,-1.126391,-0.149944,9.854176
6423645251,0.020384584,-0.028148951,0.548881303,-1.095023,-0.219630,9.896262
6428862602,0.020543711,-0.032258615,0.554428030,-1.194123,-0.138989,9.992967
6433911062,0.021101723,-0.028904735,0.551425780,-1.123079,-0.200545,9.915695
6438573070,0.018257664,-0.029644598,0.549555796,-1.198737,-0.187999,9.887325
6443466651,0.019700792,-0.028595740,0.550949752,-1.140222,-0.208920,9.965186
6448748289,0.020462526,-0.033254947,0.549261886,-1.284760,-0.225907,9.995562
6453293198,0.022146580,-0.033565981,0.548890318,-1.249716,-0.178000,9.929906
6458757697,0.023285785,-0.028618052,0.549152303,-1.181037,-0.212461,9.934242
6463814232,0.021554747,-0.028007098,0.549142686,-1.098787,-0.222789,9.975059
6469289279,0.019185009,-0.032638827,0.549942418,-1.179405,-0.239106,9.971309
6473828573,0.019876481,-0.027130686,0.552557214,-1.171318,-0.213898,9.929655
6479095389,0.018846893,-0.031426018,0.550611167,-1.234921,-0.195182,9.926444
6484330780,0.022908599,-0.029750157,0.545246640,-1.131104,-0.233651,9.973996
6489098318,0.021926019,-0.030812457,0.548376941,-1.232681,-0.192971,9.941797
6494259028,0.019710361,-0.030600072,0.548364183,-1.169692,-0.241265,9.944651
6498956410,0.019881489,-0.030253642,0.549297210,-1.225359,-0.249482,9.987356
6504388535,0.022489840,-0.028509446,0.547386914,-1.078613,-0.236483,9.813477
6509568794,0.018901864,-0.026575071,0.547975684,-1.149921,-0.318799,9.914124
6514344235,0.022047102,-0.030323751,0.549911940,-1.082884,-0.214491,9.976209
6519108222,0.021454427,-0.029346513,0.553005536,-1.105214,-0.223892,9.948949
6523767701,0.017434239,-0.033251943,0.547696009,-1.106080,-0.168136,9.927700
6528576014,0.020885746,-0.031409735,0.551164437,-1.127195,-0.163849,9.974313
6533555335,0.019927010,-0.030704422,0.547343509,-1.215099,-0.187384,9.896714
6538379265,0.021530838,-0.025515456,0.553593848,-1.263532,-0.197866,9.911751
6543018351,0.020330209,-0.028432014,0.549220370,-1.110880,-0.244515,9.823362
6548490435,0.025011682,-0.029012410,0.548885672,-1.101756,-0.177239,9.882915
6553986720,0.023788028,-0.029306182,0.550942292,-1.110567,-0.167957,9.904572
6559393506,0.019479422,-0.032714439,0.553512478,-1.085662,-0.301413,9.875577
6564603239,0.023205499,-0.030947931,0.550671958,-1.185120,-0.162902,9.859834
6569729608,0.019471562,-0.033557386,0.550140633,-1.193436,-0.107030,9.916511
6574865529,0.017862318,-0.029495695,0.549605703,-1.109028,-0.285510,9.886006
6579955584,0.021843337,-0.032076884,0.552188153,-1.019200,-0.182896,9.907665
6585070194,0.016221617,-0.030999180,0.553681839,-1.098550,-0.216038,9.941667
6589806487,0.022338155,-0.028706391,0.549406293,-1.123607,-0.232723,9.907947
6595105727,0.020645617,-0.026237147,0.548512210,-1.176258,-0.188152,9.958999
6600549421,0.019879263,-0.029896439,0.552312727,-1.164304,-0.304811,9.857078
6605336443,0.018885109,-0.026746173,0.551017882,-1.143476,-0.301808,9.880348
6610704395,0.020833255,-0.029746391,0.550893559,-1.249086,-0.215891,9.914928
6615568867,0.018537260,-0.025044306,0.547718240,-1.246188,-0.236776,9.884826
6620610275,0.019244494,-0.024990027,0.548221107,-1.145416,-0.202554,9.851819
6625244518,0.021090996,-0.032753730,0.550520295,-1.131928,-0.168486,9.906649
6630441040,0.019166689,-0.030190654,0.547857507,-1.184624,-0.250851,9.804342
6635341779,0.019183228,-0.031575826,0.552724646,-1.031043,-0.162535,9.800469
6640276010,0.015216438,-0.032038609,0.554209822,-1.101415,-0.244661,9.883628
6644923134,0.021682353,-0.032828515,0.549015912,-1.201765,-0.236501,9.951826
6650399289,0.020102495,-0.030371688,0.551776494,-1.065645,-0.215417,9.984632
6655097251,0.021123771,-0.030261814,0.550986978,-1.111177,-0.234748,10.028101
6660090508,0.020976801,-0.031911357,0.548242715,-1.057620,-0.168255,9.869877
6665429236,0.019434495,-0.028959939,0.547874864,-1.187786,-0.140708,9.927312
6670281919,0.019805983,-0.029201658,0.547967676,-1.125198,-0.162291,9.928829
6675317299,0.018922668,-0.030374809,0.551750688,-1.176496,-0.163760,9.879344
6680587412,0.016238457,-0.033274809,0.549005034,-1.127588,-0.189973,9.927853
6685477718,0.018542527,-0.031633224,0.550863348,-1.109611,-0.263209,9.908578
6690651157,0.020905555,-0.027170462,0.549441077,-1.050068,-0.259837,9.977218
6695958187,0.018493684,-0.031393893,0.551366105,-1.160511,-0.213288,9.932935
6700867183,0.022429625,-0.028914903,0.550252355,-1.049084,-0.224911,9.868302
6705798322,0.019829409,-0.031043404,0.546703280,-1.236999,-0.213053,9.897781
6710582765,0.020035006,-0.027323900,0.546920584,-1.160151,-0.204102,10.049875
6715483373,0.021234696,-0.030911056,0.549587596,-1.232737,-0.232793,10.001482
6720003163,0.021098390,-0.030615684,0.551929136,-1.077513,-0.181094,9.867885
6724753568,0.018159185,-0.028051199,0.549306158,-1.171384,-0.269994,9.876320
6729599617,0.018508848,-0.031066122,0.547482928,-1.161003,-0.202608,9.871102
6734368563,0.018601314,-0.029469465,0.550585676,-1.226620,-0.145159,9.958404
6739102400,0.019150833,-0.028306126,0.548440973,-1.204503,-0.171123,9.866041
6744301134,0.021293394,-0.027848623,0.550471314,-1.162716,-0.191550,9.894552
6749694871,0.020947395,-0.033426623,0.548489235,-1.245139,-0.219752,9.877130
6755103844,0.022283876,-0.032848368,0.546204920,-1.180955,-0.169838,9.935689
6760163695,0.021619243,-0.033612690,0.552070439,-1.243121,-0.242108,9.949054
6765633965,0.019955537,-0.028962891,0.547185440,-1.075268,-0.300023,9.980339
6770850421,0.020775275,-0.029862066,0.550027399,-1.217813,-0.148683,9.940699
6775998796,0.019035904,-0.026320713,0.549567501,-1.149873,-0.194832,9.840081
6781109610,0.019996661,-0.031399469,0.552107846,-1.248261,-0.189660,9.924765
6785722548,0.021598443,-0.027689338,0.548702705,-1.138357,-0.207861,9.952167
6791119740,0.017460698,-0.030965980,0.548212005,-1.182697,-0.196694,9.915815
6796433584,0.021632868,-0.026762579,0.548764456,-1.104510,-0.187092,9.867522
6800982219,0.018139332,-0.027067761,0.547396916,-1.219102,-0.207446,9.907577
6805888951,0.023075058,-0.029551383,0.551134105,-1.108331,-0.130862,9.895209
6810851168,0.021512640,-0.026335226,0.551743242,-1.136135,-0.197102,9.970015
6816053854,0.023196364,-0.028118513,0.550921529,-1.163063,-0.181256,9.988993
6820643885,0.016992653,-0.034253629,0.549205268,-1.242575,-0.201999,9.896726
6825314882,0.021240622,-0.031580008,0.553453217,-1.219478,-0.176867,9.956072
6830040434,0.018158079,-0.030753003,0.548202603,-1.136598,-0.164915,9.861998
6835137174,0.019621307,-0.031126788,0.550308480,-1.215455,-0.167707,9.976407
6839974762,0.018439869,-0.031883396,0.545986355,-1.206890,-0.257696,9.915545
6844527825,0.022123118,-0.030042520,0.551197944,-1.128085,-0.130573,9.823645
6849555531,0.018130504,-0.030692495,0.549571770,-1.101608,-0.272080,9.900075
6854658798,0.022558184,-0.028066201,0.550303186,-1.109488,-0.204855,9.920453
6859900033,0.018180684,-0.034109030,0.549799850,-1.146513,-0.294522,9.904709
6864890130,0.018036414,-0.031725622,0.547934844,-1.103049,-0.242896,9.850765
6869744361,0.019958753,-0.030680289,0.549316453,-1.087429,-0.270316,9.916812
6874294995,0.020141910,-0.027924494,0.549876457,-1.168363,-0.167496,9.906084
6879349130,0.016591485,-0.028030326,0.550237070,-1.232341,-0.221052,9.975863
6883999633,0.018738731,-0.030479785,0.550878440,-1.137354,-0.287858,9.953405
6889356212,0.018026451,-0.027459825,0.545833138,-1.167563,-0.158671,9.909524
6894028653,0.020576295,-0.031733295,0.550324458,-1.098996,-0.277663,9.888966
6899292876,0.017314535,-0.030652130,0.551201069,-1.141758,-0.225829,9.912009
6904788610,0.019972834,-0.029972828,0.549398443,-1.109717,-0.232900,9.910436
6910270639,0.018229762,-0.026132515,0.551702613,-1.145559,-0.212179,9.988711
6915452422,0.017536373,-0.028612432,0.550975263,-1.133258,-0.178908,9.883778
6920805064,0.021698739,-0.028540358,0.547198052,-1.114501,-0.264877,9.868411
6926266312,0.020485374,-0.028766177,0.553771432,-1.155999,-0.250546,9.948328
6931242749,0.020858168,-0.028516206,0.550988181,-1.045109,-0.135725,9.818427
6936049025,0.020544224,-0.027301172,0.551930962,-1.182830,-0.240738,9.916440
6941306818,0.019284148,-0.029542805,0.549952334,-1.261737,-0.215056,9.938591
6946721588,0.020009017,-0.029959568,0.552595903,-1.158992,-0.140962,9.794829
6951654099,0.020716755,-0.030027091,0.552251510,-1.134538,-0.215017,9.904424
6956711969,0.016951621,-0.027175385,0.548498750,-1.135003,-0.221624,9.918886
6961661648,0.019558344,-0.028512739,0.552637485,-1.175051,-0.226080,9.923251
6966548373,0.016273817,-0.030884055,0.551704040,-1.087377,-0.218588,9.941062
6971904654,0.019449276,-0.031817073,0.551748817,-1.103143,-0.145149,9.966324
6976686616,0.019416112,-0.027996734,0.548415283,-1.133574,-0.266292,9.886212
6982000473,0.020789866,-0.029852288,0.548741809,-1.219102,-0.269055,9.979355
6986980247,0.020431520,-0.031036176,0.553729030,-1.138679,-0.175394,9.944574
6991736152,0.016302578,-0.030533505,0.550804303,-1.115520,-0.263452,9.956877
6997223060,0.016739875,-0.031359435,0.554064579,-1.176452,-0.124933,9.985589
7002479152,0.017680273,-0.034428796,0.550611617,-1.092449,-0.302340,9.928400
7007514354,0.017976731,-0.028236415,0.550289296,-1.235283,-0.187703,9.939392
7012104268,0.021452752,-0.035612482,0.551302223,-1.198206,-0.129302,9.934283
7017314002,0.020258351,-0.026487911,0.549785881,-1.149614,-0.191175,10.011163
7022654858,0.022891603,-0.031971706,0.552576892,-1.162223,-0.223059,9.978853
7027732435,0.019924484,-0.033745047,0.551220670,-1.168872,-0.059488,9.940860
7033211581,0.019226566,-0.030716955,0.548925720,-1.201462,-0.234234,9.957718
7038151342,0.020167802,-0.031434064,0.550923319,-1.159794,-0.238081,9.939974
7043230139,0.020742367,-0.028782951,0.549281238,-1.065685,-0.292157,9.888537
7047770165,0.021703680,-0.033319984,0.550516409,-1.104448,-0.233564,9.949880
7052845440,0.018799296,-0.027871125,0.549709711,-1.122371,-0.237672,9.922320
7058255622,0.018575151,-0.031935231,0.550847890,-1.150663,-0.194290,9.934235
7063156417,0.019124669,-0.026280730,0.551643414,-1.220497,-0.290682,9.945262
7067980870,0.018687764,-0.030453406,0.552628308,-1.164411,-0.154113,9.959336
7073131147,0.023659834,-0.026488616,0.546866933,-0.978737,-0.133069,9.953260
7077654489,0.022853427,-0.032084700,0.555130018,-1.157610,-0.247660,9.912027
7083110043,0.018886044,-0.031240757,0.554241285,-1.130760,-0.212699,9.917295
7087994742,0.020277869,-0.027382987,0.548396076,-1.092757,-0.220153,10.021851
7092581784,0.019163664,-0.031744714,0.550047421,-1.186853,-0.192009,9.977455
7097526022,0.021755066,-0.026364499,0.547352036,-1.113960,-0.158088,9.921320
7102315302,0.015802732,-0.027188379,0.555124060,-1.184357,-0.239501,9.929287
7106938948,0.021270144,-0.031041613,0.551656755,-1.165521,-0.122680,9.936370
7112297687,0.021599885,-0.026945594,0.551979195,-1.176637,-0.144711,9.958791
7117702499,0.018604874,-0.032734706,0.550695553,-1.219706,-0.159494,9.882557
7122871207,0.017371584,-0.027329427,0.549742355,-1.092386,-0.257158,9.900001
7128054148,0.019314758,-0.027255937,0.548830029,-1.084299,-0.145716,9.953944
7133538254,0.021140713,-0.031032341,0.551622147,-1.043254,-0.256677,9.880049
7138202251,0.022024165,-0.029634699,0.551460833,-1.162291,-0.158877,9.883709
7142758964,0.019155841,-0.028481599,0.549540648,-1.076147,-0.145026,9.889322
7147581037,0.022434393,-0.027017837,0.549903285,-1.154200,-0.246058,9.927253
7152690569,0.017904013,-0.027296853,0.552121613,-1.186598,-0.128699,9.866033
7158114214,0.021577206,-0.029644341,0.549647998,-1.049847,-0.217811,9.891488
7163367110,0.023034769,-0.032767077,0.550366770,-1.137398,-0.164147,9.950976
7168098728,0.016725964,-0.027438948,0.550916896,-1.193847,-0.127413,9.923916
7173385058,0.020569388,-0.033141330,0.551123437,-1.068684,-0.169820,9.866097
7178315300,0.017886913,-0.029186112,0.548717038,-1.121424,-0.137536,9.996786
7182817576,0.020491430,-0.029155402,0.549567106,-1.136421,-0.184736,9.913175
7188001823,0.019339361,-0.028850447,0.549229649,-1.219360,-0.235014,9.946320
7192516858,0.021053508,-0.029845503,0.549921965,-1.159642,-0.230084,9.953010
7197150959,0.020834498,-0.028122065,0.548310993,-1.140011,-0.140888,9.857244
7201867160,0.017182167,-0.031761046,0.549305550,-1.146383,-0.185028,10.014248
7206785459,0.023332542,-0.028348878,0.548447400,-1.103850,-0.191719,9.971996
7211958804,0.021954716,-0.029693368,0.548808390,-1.179707,-0.292952,9.796055
7217392911,0.021747820,-0.032008209,0.552095921,-1.224424,-0.155123,9.888198
7222877961,0.021786335,-0.030634249,0.547924717,-1.154946,-0.214714,9.820129
7228254108,0.022931851,-0.033508629,0.547052377,-1.233327,-0.118546,9.889725
7232924537,0.020631162,-0.029563586,0.552506296,-1.151795,-0.152384,9.994008
7237561713,0.019125862,-0.028856718,0.548564715,-1.141792,-0.171668,9.947930
7243016792,0.019370176,-0.028596328,0.551298137,-1.195399,-0.222882,9.910876
7247722809,0.020753424,-0.029998928,0.547142097,-1.055198,-0.202450,9.953229
7252627096,0.017094566,-0.030721664,0.545167700,-1.158316,-0.133230,9.948168
7257719717,0.024147536,-0.030809637,0.552865973,-1.187340,-0.166366,9.880855
7262228121,0.017453172,-0.030423179,0.547512024,-1.226679,-0.277543,9.864256
7266955295,0.020993772,-0.029100354,0.551530219,-1.097537,-0.257810,9.923009
7272204738,0.015508985,-0.031831154,0.548758687,-1.170416,-0.351595,9.866914
7277535713,0.021139200,-0.030752440,0.548595493,-1.128733,-0.153185,9.943540
7282331468,0.022016599,-0.029757764,0.551510431,-1.168816,-0.220541,9.946573
7287152801,0.021715214,-0.028019690,0.551608438,-1.148298,-0.232206,9.913145
7292557869,0.019144561,-0.026304575,0.547364679,-1.094083,-0.281135,9.813541
7298051516,0.021063297,-0.028961788,0.545382393,-1.178981,-0.215648,9.949933
7303002021,0.021428234,-0.028381166,0.550904274,-1.094717,-0.153088,9.957668
7308031699,0.024678387,-0.031899531,0.546826978,-1.002987,-0.217988,9.884113
7312576275,0.019513313,-0.027874779,0.549560346,-1.175654,-0.183270,9.986119
7317886453,0.019789131,-0.027757334,0.545582416,-1.176042,-0.194364,9.985514
7322417804,0.021458673,-0.025958588,0.546619716,-1.210127,-0.211298,10.004579
7327897619,0.020442266,-0.028245742,0.550749918,-1.118513,-0.299644,9.861441
7332742251,0.018872885,-0.033126083,0.552144273,-1.165986,-0.133718,9.908920
7338134655,0.021725539,-0.030799501,0.552464445,-1.125878,-0.199486,9.857025
7343221986,0.020081043,-0.029748885,0.548165207,-1.164242,-0.163451,9.929925
7347792213,0.022549836,-0.030128972,0.548990361,-1.084461,-0.139879,9.801091
7353188933,0.017288499,-0.033022259,0.550869907,-1.141554,-0.260933,9.906182
7358282468,0.018285491,-0.030939306,0.543880226,-1.212344,-0.185969,9.925490
7363266266,0.022018853,-0.031921876,0.549126863,-1.118111,-0.210099,9.946707
7368131168,0.021392978,-0.033213142,0.549893232,-1.126803,-0.125030,9.825341
7372834244,0.018178549,-0.030598039,0.547748690,-1.160906,-0.168214,10.008476
7378159112,0.019497960,-0.030452539,0.548909225,-1.184479,-0.183257,10.015034
7383453387,0.020102639,-0.031050481,0.553636303,-1.197170,-0.195428,9.893054
7388563703,0.017355305,-0.029691696,0.548908944,-1.191343,-0.236883,9.878178
7393376845,0.021618752,-0.030490641,0.552660933,-1.094782,-0.159701,9.951374
7398120205,0.020560469,-0.028991613,0.550916881,-1.220661,-0.165580,9.945878
7402654920,0.021492285,-0.031134706,0.551512963,-1.240449,-0.132254,9.937504
7407772060,0.020194507,-0.027305015,0.550495858,-1.164842,-0.272341,9.959057
7413183289,0.019901226,-0.034183378,0.553578193,-1.075553,-0.257621,9.901408
7418243084,0.021882757,-0.033492775,0.551160614,-1.231782,-0.163338,9.799903
7423350711,0.018073047,-0.030413115,0.547162840,-1.070446,-0.151756,9.911249
7428582094,0.020784222,-0.029566849,0.550324676,-1.180602,-0.101029,9.932198
7433530084,0.019258811,-0.030067530,0.548106539,-1.134545,-0.234453,9.983105
7438771564,0.019890458,-0.032383013,0.551955980,-1.155619,-0.151921,9.900141
7444269860,0.020329578,-0.031619839,0.553212542,-1.199865,-0.218886,9.875377
7449671124,0.020822763,-0.030391186,0.550631931,-1.081722,-0.152894,9.812693
7454324173,0.024438855,-0.031190290,0.549028133,-1.129448,-0.253757,9.839992
7459567078,0.019354390,-0.030483926,0.547484871,-1.274579,-0.176036,9.869944
7465012454,0.022396723,-0.030161398,0.549691961,-1.222639,-0.176153,9.882830
7469606189,0.019622917,-0.031752302,0.550137213,-1.200731,-0.225479,9.885680
7475022219,0.022265845,-0.027888622,0.550618085,-1.126680,-0.299066,9.885693
7479536643,0.023514491,-0.031378919,0.548784181,-1.133880,-0.219093,9.937264
7484717421,0.017100021,-0.029516507,0.552815711,-1.178091,-0.250932,9.883942
7489601818,0.019118149,-0.032763810,0.550385570,-1.176523,-0.185464,9.896238
7494128416,0.019452640,-0.028123872,0.548995573,-1.186233,-0.170963,9.858094
7499154695,0.018572664,-0.028768199,0.548998413,-1.124111,-0.160115,9.919245
7503909764,0.020064089,-0.033004541,0.549997296,-1.150645,-0.139352,9.869036
7509372757,0.020877145,-0.028375532,0.551269388,-1.104255,-0.192422,9.965206
7514676717,0.022313252,-0.025823096,0.552547973,-1.175100,-0.152836,9.873369
7519445657,0.022740620,-0.028121735,0.547621047,-1.192036,-0.237525,9.881226
7524931430,0.019631661,-0.029631544,0.552727095,-1.143988,-0.224561,9.899082
7529613473,0.020589495,-0.029437874,0.552489007,-1.097693,-0.136725,9.909895
7534509617,0.016118421,-0.029480319,0.551136169,-1.224364,-0.223216,9.914139
7539672945,0.023034172,-0.027726594,0.551391579,-1.253747,-0.075822,9.883876
7544433876,0.017301659,-0.031953106,0.547048181,-1.119567,-0.196576,9.959055
7549830127,0.018515103,-0.027566451,0.553486296,-1.199418,-0.223085,9.849293
7554825974,0.019510533,-0.029926503,0.551454710,-1.098421,-0.202601,9.935403
7560055202,0.016836335,-0.030316648,0.552077683,-1.191685,-0.202117,9.934085
7565028099,0.021962935,-0.026429573,0.551786716,-1.101656,-0.214038,9.933090
7569965958,0.020707615,-0.032182817,0.550212247,-1.066354,-0.232649,9.996538
7574931421,0.021845462,-0.030944963,0.548755899,-1.207732,-0.205020,9.964532
7579807944,0.023643469,-0.034231416,0.548633097,-1.109628,-0.200635,9.916211
7585258611,0.020212611,-0.032285051,0.553148928,-1.191428,-0.168750,9.980779
7590320948,0.020037568,-0.029682887,0.551371357,-1.125289,-0.223000,9.841278
7595059601,0.021737207,-0.034161968,0.549216542,-1.156694,-0.158406,9.923103
7600519239,0.018292785,-0.029334900,0.549026212,-1.123432,-0.222326,9.826167
7605068136,0.020246928,-0.028405721,0.551136822,-1.183526,-0.199084,9.861662
7610069864,0.018343633,-0.030998121,0.550846349,-1.194016,-0.286720,9.892384
7614865626,0.021820928,-0.027495123,0.553399806,-1.137117,-0.326364,9.959170
7620086838,0.018515877,-0.032287272,0.550064882,-1.080242,-0.195527,9.860499
7625268265,0.020518774,-0.031491943,0.548764286,-1.192539,-0.209033,9.941123
7630535154,0.021172232,-0.030738559,0.549943470,-1.218291,-0.254693,9.904797
7635568752,0.020360518,-0.032285734,0.552853970,-1.167557,-0.259836,9.870746
7640787500,0.020587026,-0.028951464,0.549937811,-1.150562,-0.186548,9.965800
7646170511,0.021467115,-0.030864861,0.551366524,-1.209656,-0.197440,9.977656
7650718755,0.020942796,-0.031481605,0.552264159,-1.102649,-0.284270,9.917596
7655924786,0.023222957,-0.030315435,0.546159947,-1.118681,-0.300828,9.938182
7660825855,0.024105365,-0.031882691,0.549699323,-1.221542,-0.094740,9.884201
7665650070,0.020592315,-0.029810242,0.552633525,-1.056919,-0.143427,9.888361
7670925906,0.019002212,-0.031654275,0.546960698,-1.112892,-0.236215,9.901374
7675662138,0.016821907,-0.029478367,0.551263152,-1.049011,-0.264780,9.947025
7681008079,0.019112790,-0.028075100,0.552072993,-1.154604,-0.155881,9.921224
7685569260,0.018645027,-0.030517035,0.552655168,-1.076437,-0.194756,9.882106
7690148295,0.020466577,-0.028807976,0.547364766,-1.152398,-0.271541,9.941417
7695049021,0.019027565,-0.030148641,0.547942708,-1.168997,-0.162713,9.896152
7700201794,0.016668002,-0.028314351,0.546019554,-1.101358,-0.180166,9.976522
7704916153,0.020709225,-0.029561989,0.553603915,-1.202972,-0.301816,9.891076
7709860852,0.017895332,-0.030483084,0.548988265,-1.193665,-0.144498,9.896392
7714426365,0.020596648,-0.028363577,0.548972095,-1.161306,-0.255321,9.955570
7719260765,0.022046763,-0.031806967,0.550037464,-1.083403,-0.184298,9.877229
7724458303,0.017750378,-0.029337839,0.548915914,-1.127351,-0.194919,9.865682
7729942300,0.021300738,-0.030192850,0.553138285,-1.125655,-0.233400,9.954185
7735106893,0.021352814,-0.028463186,0.546805459,-1.205551,-0.164979,9.965490
7740040653,0.018003055,-0.035618132,0.549375207,-1.111728,-0.190388,9.922755
7744657444,0.021115526,-0.028828306,0.548472953,-1.167639,-0.159036,9.874895
7749197778,0.021382509,-0.032379015,0.551840048,-1.162583,-0.191888,9.951426
7754390224,0.022934533,-0.032378343,0.549519278,-1.174755,-0.249396,9.940699
7758952230,0.020999371,-0.036716408,0.549374968,-1.154963,-0.150124,9.954834
7763845991,0.024239064,-0.025924165,0.553395677,-1.191168,-0.218248,9.849521
7769257267,0.021530422,-0.031118221,0.546016019,-1.105593,-0.233387,9.988604
7774318507,0.020543128,-0.030691736,0.546217704,-1.237265,-0.216956,9.897740
7779169533,0.020669659,-0.029444144,0.547670742,-1.048068,-0.131242,9.910919
7784649850,0.019193485,-0.027926602,0.548906413,-1.164746,-0.093779,9.998721
7789175858,0.016932252,-0.028984781,0.550448009,-1.100069,-0.146594,9.831645
7794026192,0.019374440,-0.029000127,0.548048625,-1.112820,-0.125030,9.884195
7798708518,0.020593708,-0.031736749,0.548897063,-1.150345,-0.206137,9.872189
7804164737,0.018447919,-0.031974202,0.548560397,-1.167192,-0.292334,9.975863
7808963223,0.022895298,-0.033153366,0.547534328,-1.030029,-0.186185,9.899360
7813567651,0.020421015,-0.030132522,0.549174198,-1.039807,-0.140663,9.930358
7818548133,0.017334055,-0.028824623,0.551449464,-1.127014,-0.166149,9.927185
7824028513,0.020128799,-0.026433014,0.549527522,-1.064289,-0.149177,9.874627
7829123718,0.021368218,-0.028128886,0.547475487,-1.153946,-0.136640,9.919577
7834034041,0.015803354,-0.028957740,0.549827611,-1.191361,-0.174913,9.890722
7838572106,0.021960156,-0.027417714,0.547783622,-1.130750,-0.257647,9.924533
7843091530,0.020225490,-0.029482380,0.551895026,-1.172299,-0.280103,9.970198
7848358390,0.022061257,-0.031450486,0.544848623,-1.193706,-0.166324,9.848305
7853371449,0.020544179,-0.029251587,0.549327383,-1.258379,-0.177587,9.829390
7857875424,0.017055640,-0.033206059,0.549068072,-1.179484,-0.182046,9.935779
7863289906,0.022900927,-0.031755362,0.550795726,-1.121327,-0.267743,9.886338
7868455347,0.021834061,-0.031577837,0.547135030,-1.210759,-0.216264,9.832464
7873183789,0.020393463,-0.031616903,0.547691088,-1.158849,-0.237965,9.844357
7878593044,0.019424335,-0.034099711,0.550692308,-1.174772,-0.244743,9.926823
7884073283,0.022002789,-0.031233686,0.549247568,-1.242899,-0.117124,9.914576
7889539251,0.019870109,-0.027737013,0.549177051,-1.117825,-0.142829,9.950800
7894478326,0.017744729,-0.030994053,0.550078564,-1.171468,-0.168984,9.952199
7899167704,0.024544611,-0.032362010,0.548306916,-1.158044,-0.197457,9.828806
7903672108,0.019308576,-0.031633560,0.550343105,-1.132461,-0.259016,9.759234
7908593207,0.019929144,-0.028332388,0.546971391,-1.108034,-0.186617,9.877959
7913791199,0.019221809,-0.028907312,0.551148026,-1.182523,-0.169041,9.830920
7919043949,0.017904412,-0.028044275,0.545912347,-1.118896,-0.222006,9.916501
7924229792,0.019983004,-0.028479999,0.551041904,-1.216153,-0.237172,9.910925
7929144335,0.019769493,-0.029383416,0.548899169,-1.159917,-0.259899,9.908979
7934251473,0.022818958,-0.030496337,0.548234716,-1.084824,-0.210698,9.921392
7939339463,0.019541744,-0.025283102,0.548122315,-1.186271,-0.230688,9.944840
7944135835,0.018772055,-0.031687338,0.547125314,-1.107109,-0.116959,9.918265
7949379684,0.022621147,-0.028670604,0.548192389,-1.090923,-0.316800,9.898618
7954414276,0.022626222,-0.031494923,0.549244186,-1.101329,-0.207830,9.888651
7959021336,0.017107709,-0.030943101,0.548837826,-1.122631,-0.256905,9.941721
7964037572,0.020860849,-0.028655071,0.546532392,-1.145225,-0.282247,9.845712
7968615235,0.019157915,-0.030530664,0.547117977,-1.179185,-0.194047,9.917858
7973149057,0.024776665,-0.033338059,0.551237461,-1.168126,-0.193330,9.862761
7978073781,0.016351167,-0.028213726,0.550046158,-1.202208,-0.246371,9.881465
7983367951,0.019766305,-0.031802096,0.548274223,-1.257628,-0.207871,9.959094
7987985129,0.019676689,-0.030830321,0.547024091,-1.191900,-0.218488,9.964737
7992862220,0.019808537,-0.030255334,0.553870524,-1.080726,-0.249818,10.039301
7998318563,0.021072488,-0.027908278,0.550108158,-1.174478,-0.153044,9.916274
8003455335,0.016947392,-0.029064516,0.547147936,-1.191667,-0.187539,9.863416
8008617542,0.019080659,-0.026643275,0.549916347,-1.200444,-0.233124,9.797815
8013528048,0.020878574,-0.028982171,0.549894757,-1.106360,-0.208192,9.884554
8018277833,0.021292066,-0.030877760,0.549028641,-1.137319,-0.159980,9.973013
8023185899,0.018137290,-0.030817469,0.549234835,-1.137025,-0.241522,9.964656
8027884670,0.018026242,-0.034219998,0.550766041,-1.136693,-0.261064,10.022046
8032808461,0.023879266,-0.030812685,0.553168260,-1.137223,-0.215528,9.941590
8038185535,0.020354522,-0.030062764,0.549636311,-1.249809,-0.202370,9.803522
8042857521,0.021767212,-0.030158780,0.548494589,-1.195425,-0.234753,9.971354
8048092721,0.018926198,-0.030115279,0.547662906,-1.045661,-0.206049,9.877488
8053361335,0.020970981,-0.033684215,0.554327910,-1.093439,-0.190497,9.809754
8058587025,0.024394200,-0.029714702,0.552410529,-1.189668,-0.155969,9.832133
8063604307,0.021260601,-0.030267063,0.549049246,-1.141239,-0.216604,9.904951
8068825351,0.023859153,-0.033115020,0.549616122,-1.124084,-0.288741,9.958747
8073930632,0.019804248,-0.032291186,0.549003855,-1.104026,-0.143835,9.905699
8079079039,0.020179234,-0.026619709,0.549556410,-1.229667,-0.270454,9.924097
8084475926,0.021156895,-0.031875443,0.552356777,-1.117300,-0.185630,9.937294
8089693249,0.019186586,-0.031896644,0.550722031,-1.151430,-0.112293,9.913891
8094999697,0.021673952,-0.026935829,0.549873427,-1.089178,-0.172392,9.892832
8100367628,0.025639964,-0.027683024,0.552133645,-1.215676,-0.206429,9.820797
8105860276,0.018482305,-0.027059950,0.546799943,-1.200054,-0.201874,9.926664
8111111918,0.022431627,-0.030130057,0.546611643,-1.176897,-0.210770,9.983707
8116001283,0.022049237,-0.026558079,0.549422664,-1.112964,-0.245605,9.865644
8120502607,0.019492260,-0.029274874,0.551843915,-1.174211,-0.189048,9.979870
8125217765,0.019748312,-0.029824165,0.550692923,-1.065271,-0.204789,9.860457
8129920414,0.015091613,-0.029242583,0.551240378,-1.099721,-0.182509,9.896977
8134587591,0.018349197,-0.032989119,0.551038785,-1.098051,-0.108376,9.906883
8139498412,0.021952175,-0.033125084,0.550248030,-1.129744,-0.146507,9.858674
8144714330,0.018868442,-0.030127755,0.548607503,-1.166174,-0.156861,9.853952
8150086651,0.017341648,-0.029731253,0.548298442,-1.129940,-0.148498,9.929551
8154801948,0.020595546,-0.030232292,0.549889127,-1.202672,-0.185204,9.919586
8159694716,0.019824386,-0.030423451,0.548677695,-1.143331,-0.164211,9.904018
8164524905,0.022107633,-0.031657269,0.551113612,-1.248641,-0.236109,9.871946
8169909115,0.020179263,-0.029145790,0.550102721,-1.208987,-0.185581,9.907729
8174420098,0.017915392,-0.032513573,0.552090083,-1.008299,-0.165559,9.850205
8179768900,0.020184790,-0.030996531,0.547968338,-1.246450,-0.345619,9.976661
8184829556,0.017697137,-0.029166708,0.547478155,-1.136583,-0.211727,10.002192
8189851499,0.022333878,-0.030218432,0.548552040,-1.121848,-0.200990,9.945056
8194898630,0.018508340,-0.030677863,0.547721467,-1.177253,-0.242457,9.896342
8199428981,0.020923574,-0.030980416,0.551346522,-1.201062,-0.284337,9.874654
8204356674,0.019304070,-0.027628134,0.552070543,-1.109707,-0.229178,9.914756
8209505150,0.019648236,-0.029686206,0.549547938,-1.241329,-0.282676,9.911542
8214978628,0.018540791,-0.033235969,0.549467797,-1.146724,-0.207617,9.964672
8219603431,0.018685690,-0.031026351,0.547605680,-1.096980,-0.143987,9.876691
8224628503,0.016224932,-0.026941985,0.552561493,-1.209262,-0.113787,9.879953
8229755817,0.016062584,-0.028695147,0.552318812,-1.168459,-0.221482,9.860004
8234581538,0.021172144,-0.030619013,0.552117803,-1.141302,-0.179838,9.882623
8239096967,0.018224442,-0.030497892,0.549624885,-1.109741,-0.132270,9.909576
8244432887,0.020002883,-0.028819857,0.549873307,-1.148384,-0.296253,9.909300
8249846048,0.018363992,-0.029477386,0.551007395,-1.181478,-0.132660,9.904500
8254546922,0.021193416,-0.032087734,0.548795383,-1.192756,-0.235455,9.945396
8259940013,0.019660814,-0.029824957,0.549083813,-1.116655,-0.237268,9.860881
8264576356,0.016552269,-0.030084246,0.550965013,-1.179984,-0.135684,9.909119
8269954765,0.020819467,-0.033421421,0.548126384,-1.077906,-0.193553,9.906568
8275363738,0.021161745,-0.031560379,0.554106214,-1.136306,-0.244719,9.903679
8279890504,0.020120043,-0.032007199,0.552443981,-1.141127,-0.173860,9.950792
8285039872,0.022242799,-0.029653480,0.550704074,-1.197113,-0.191732,9.879888
8289593327,0.019786692,-0.026504744,0.550295157,-1.117006,-0.176302,9.900234
8294920902,0.018142155,-0.030400859,0.553691903,-1.133830,-0.195245,9.889974
8299808707,0.021119679,-0.030392159,0.546977860,-1.128315,-0.154159,9.835123
8305228890,0.018850812,-0.033526750,0.553259577,-1.287626,-0.276866,9.861085
8309740983,0.019789013,-0.032451393,0.549518196,-1.058118,-0.230472,9.933465
8314919039,0.021078296,-0.028809231,0.548366501,-1.153729,-0.243939,9.982197
8319943724,0.017077590,-0.030351949,0.549577689,-1.195644,-0.222936,9.922483
8325278159,0.021610807,-0.030488955,0.549499560,-1.185005,-0.202078,9.994753
8330043773,0.018232423,-0.029938419,0.550063174,-1.118736,-0.261181,9.940544
8335188458,0.019102365,-0.031032062,0.548248790,-1.169900,-0.223420,9.916784
8340405386,0.017706981,-0.028077231,0.549887401,-1.173593,-0.248821,9.862905
8345438301,0.020872699,-0.030352001,0.553532936,-1.049624,-0.266410,9.918125
8350764118,0.019761548,-0.030083659,0.548122185,-1.243223,-0.175557,9.804010
8355331530,0.019006900,-0.030703245,0.550916954,-1.150803,-0.224309,9.879667
8360184368,0.021390986,-0.033452982,0.552397433,-1.199441,-0.159222,10.045720
8364756957,0.016973325,-0.030061713,0.552235621,-1.094631,-0.170184,9.937889
8369516210,0.019693078,-0.031954513,0.545455275,-1.113944,-0.197916,9.876538
8374571555,0.019916592,-0.032392937,0.552640038,-1.156850,-0.197134,9.902061
8379945060,0.018776716,-0.026189372,0.549436239,-1.148514,-0.232139,10.015956
8385342451,0.015072771,-0.029953439,0.550504282,-1.098556,-0.217713,9.967113
8390033350,0.019863228,-0.030417003,0.552813997,-1.133899,-0.173881,10.018352
8395009456,0.022268625,-0.029296805,0.548844509,-1.072896,-0.193747,9.815789
8399648909,0.021875363,-0.028778899,0.547035085,-1.195625,-0.215415,9.913379
8404412893,0.019119954,-0.029660527,0.550433369,-1.022729,-0.103892,9.916474
8409353956,0.020380105,-0.029335582,0.547922904,-1.156933,-0.242460,9.905094
8414210684,0.018616974,-0.029217645,0.548964701,-1.105938,-0.184866,9.860332
8418934362,0.018045036,-0.028062454,0.550822633,-1.120905,-0.163882,10.015329
8423954411,0.015951067,-0.031078468,0.551247143,-1.162001,-0.248745,9.850504
8428910119,0.019007712,-0.030334220,0.549235051,-1.151294,-0.137251,9.897579
8434064746,0.017194660,-0.030922656,0.548066570,-1.158546,-0.207830,9.805065
8439000349,0.022075447,-0.030796311,0.549123184,-1.224593,-0.181812,9.860593
8444145878,0.022531893,-0.026748002,0.548878092,-1.056683,-0.314020,9.858207
8448973095,0.019728473,-0.028665821,0.551225910,-1.074491,-0.277432,9.912146
8454121285,0.018195731,-0.029454901,0.549510371,-1.096135,-0.227644,9.916309
8459130494,0.019450267,-0.023663447,0.547819391,-1.178436,-0.170299,9.880933
8464609165,0.020104518,-0.029161502,0.549693163,-1.137491,-0.201441,9.907184
8469774939,0.024364561,-0.031876287,0.547326196,-1.185991,-0.156870,9.937273
8475108461,0.021456079,-0.029842778,0.548298533,-1.140992,-0.233967,9.899323
8479794957,0.020966134,-0.026206007,0.551192775,-1.093406,-0.219990,9.974622
8484913447,0.021272177,-0.030946374,0.553148554,-1.228523,-0.194440,9.971902
8489414923,0.021109935,-0.030662184,0.549461786,-1.163507,-0.204986,9.962882
8494266469,0.022837877,-0.029979123,0.550207193,-1.099662,-0.157613,9.983483
8499151592,0.018533276,-0.024756037,0.552604066,-1.090136,-0.185110,9.882187
8503715363,0.023332751,-0.028339182,0.547586799,-1.138516,-0.228974,9.849833
8508489449,0.021589128,-0.031801743,0.553958851,-1.231539,-0.177176,9.994903
8513047811,0.018228852,-0.029010926,0.549925601,-1.147723,-0.240171,9.951744
8517799634,0.022199218,-0.029136406,0.550510981,-1.137535,-0.244194,9.937414
8522370778,0.017471038,-0.030437106,0.549404380,-1.172180,-0.195130,9.919049
8527441580,0.019987124,-0.029780561,0.551567616,-1.139231,-0.077356,9.892831
8532026880,0.018602733,-0.031075004,0.548468216,-1.146374,-0.214614,9.991431
8537118560,0.025586421,-0.027932304,0.554584992,-1.179203,-0.170264,9.861893
8541850340,0.020644018,-0.029174449,0.548740299,-1.136457,-0.220731,9.831463
8547246048,0.019817862,-0.030974928,0.548854150,-1.102553,-0.296617,9.823325
8551858707,0.020973408,-0.030218671,0.548938390,-1.107311,-0.231551,9.893276
8556569393,0.021382689,-0.030108140,0.551332944,-1.123371,-0.234616,9.951589
8561970806,0.017728861,-0.030566987,0.550042146,-1.148395,-0.201714,9.911317
8566838140,0.019539134,-0.027286503,0.551040514,-1.172331,-0.067128,9.894000
8571473145,0.021289823,-0.030433699,0.547941130,-1.153937,-0.161195,9.974203
8576211868,0.020116512,-0.030236348,0.546870266,-1.193113,-0.180816,9.773168
8581217549,0.021124239,-0.030239180,0.546780193,-1.207665,-0.260899,9.872081
8586617214,0.020880400,-0.028305342,0.550361692,-1.141418,-0.130148,9.833298
8591204952,0.020644527,-0.033570869,0.546678135,-1.097730,-0.152978,9.850826
8595712180,0.020111097,-0.030382861,0.548097541,-1.145582,-0.179578,9.990720
8601083287,0.021490370,-0.028394493,0.548324584,-1.166104,-0.166073,9.952176
8605660894,0.017316251,-0.033098490,0.550104898,-1.192330,-0.260350,9.918509
8610497225,0.017652624,-0.027463245,0.553503511,-1.103355,-0.207488,9.876155
8615263356,0.019198911,-0.029178195,0.551583916,-1.101256,-0.173484,9.924180
8619947943,0.020728844,-0.033877269,0.549202825,-1.148946,-0.259385,9.889862
8625287369,0.022081403,-0.027571256,0.550968421,-1.091819,-0.168652,9.896042
8630186999,0.019492662,-0.032731393,0.550018890,-1.126907,-0.162103,9.943492
8634803001,0.019817415,-0.029775632,0.548058485,-1.231292,-0.151409,9.872923
8639969783,0.023362595,-0.027782403,0.550266632,-1.105944,-0.116255,9.991774
8645054450,0.018584568,-0.032867192,0.550887795,-1.056007,-0.226440,9.996907
8650517196,0.018167559,-0.031126012,0.552872858,-1.151560,-0.193769,9.917410
8655324922,0.020510940,-0.030095293,0.548539613,-1.169298,-0.136986,9.929993
8660074836,0.019624042,-0.030334609,0.551004973,-1.178647,-0.254929,9.773662
8665050940,0.020861629,-0.031985746,0.550467091,-1.057353,-0.183153,9.878656
8669654023,0.019410348,-0.032778674,0.554224350,-1.129721,-0.119203,9.876202
8675051318,0.021482569,-0.029780348,0.548725677,-1.188111,-0.192205,9.933060
8679812825,0.021740172,-0.028993323,0.550628218,-1.170183,-0.274752,9.815693
8684949637,0.013115447,-0.026104690,0.551343951,-1.061599,-0.314584,9.871997
8690419301,0.021940444,-0.032485590,0.549822725,-1.121044,-0.177697,9.820265
8695857112,0.020371078,-0.028160359,0.548413900,-1.160693,-0.283245,9.792928
8700954576,0.018543345,-0.029283302,0.550280374,-1.207994,-0.156799,9.903339
8705784434,0.021312116,-0.032352472,0.546882855,-1.122947,-0.217946,9.947995
8710937586,0.015635930,-0.027565903,0.551916430,-1.095990,-0.227764,9.932990
8716090765,0.016180546,-0.030801842,0.551470752,-1.137204,-0.292035,9.873263
8720591778,0.021600413,-0.027369932,0.550610874,-1.151458,-0.240542,9.842532
8725436906,0.019218398,-0.031439732,0.547838211,-1.184673,-0.209792,9.915608
8730221086,0.019741317,-0.030581166,0.549376292,-1.204312,-0.101344,9.881790
8735062046,0.021381577,-0.028699018,0.548584129,-1.135033,-0.137320,9.834905
8740008888,0.019804242,-0.030667480,0.550784188,-1.187330,-0.277455,9.940300
8745097506,0.018183373,-0.028477102,0.550607063,-1.133681,-0.208164,9.856080
8749976440,0.017693949,-0.028687006,0.552037940,-1.093813,-0.187690,9.871103
8755389503,0.020205172,-0.032046949,0.547797860,-1.107556,-0.133793,9.925875
8760197704,0.017936259,-0.029851104,0.545260484,-1.143439,-0.163917,9.843932
8765684862,0.019561448,-0.030082000,0.553687847,-1.157650,-0.159294,9.917094
8770799626,0.019782096,-0.028570360,0.548650045,-1.126320,-0.194302,9.860098
8776257178,0.015524603,-0.028262300,0.547485435,-1.152942,-0.158770,9.879737
8780900447,0.018684740,-0.030547704,0.548963910,-1.163384,-0.185141,9.866526
8785736883,0.020555322,-0.026598612,0.552064792,-1.157353,-0.198351,9.881645
8790787767,0.020526841,-0.027969093,0.547659852,-1.092453,-0.169978,9.899893
8795647876,0.021262828,-0.028605463,0.549832876,-1.123780,-0.144455,9.828929
8801081071,0.017040800,-0.028664316,0.548189222,-1.058328,-0.238355,9.848556
8805941392,0.018902344,-0.026235558,0.553714495,-1.235360,-0.265434,9.904461
8811285013,0.023490938,-0.030586692,0.547260878,-1.060121,-0.239454,9.863266
8816052396,0.020446345,-0.030949336,0.550825252,-1.033922,-0.150374,9.946096
8820656070,0.021639504,-0.028425659,0.552055014,-1.070648,-0.195005,9.880012
8825269827,0.023619520,-0.030077084,0.551768532,-1.172411,-0.085767,9.855938
8830153387,0.018735055,-0.032785784,0.550318575,-1.127542,-0.204188,9.907355
8835306520,0.017911882,-0.032080156,0.550528376,-1.033856,-0.196125,9.899434
8840146270,0.017912248,-0.032248073,0.544686483,-1.213467,-0.206657,9.859968
8845324193,0.019943164,-0.028691299,0.549331957,-1.110492,-0.255293,9.790383
8850189776,0.019219427,-0.030220625,0.549933467,-1.089640,-0.144940,9.859997
8855290872,0.019296331,-0.029218196,0.550022726,-1.237280,-0.253210,9.837754
8859926055,0.018642374,-0.026708303,0.552424231,-1.162634,-0.193468,9.901953
8865344333,0.020739773,-0.030939391,0.548257330,-1.177365,-0.220600,9.911399
8870438455,0.021555551,-0.029916871,0.549522786,-1.159808,-0.129081,9.850060
8875306286,0.021317006,-0.028394590,0.551005109,-1.128833,-0.172942,9.882262
8879978413,0.019331492,-0.027582699,0.553447170,-1.077445,-0.214220,9.878766
8884484839,0.018019413,-0.031917437,0.549401922,-1.216976,-0.116400,9.911860
8889895273,0.017387409,-0.029567230,0.550717606,-1.146729,-0.252746,9.893590
8894485151,0.018608456,-0.032370699,0.548286327,-1.102953,-0.277041,9.971098
8899464345,0.018824906,-0.034575256,0.550219634,-1.106463,-0.256619,9.920162
8904628431,0.020998474,-0.029798334,0.549383596,-1.139802,-0.198475,9.859715
8909804549,0.019029754,-0.033516676,0.552000872,-1.205793,-0.259785,9.923710
8914859998,0.020520435,-0.030326212,0.552075260,-1.113914,-0.172665,9.891307
8919935263,0.020435753,-0.029508016,0.549478533,-1.080653,-0.236830,9.934568
8924887725,0.021143105,-0.032238270,0.553335159,-1.100265,-0.202359,9.884889
8930199597,0.020578737,-0.026672827,0.551331545,-1.078694,-0.246238,9.950820
8935210819,0.022587087,-0.034473328,0.547900035,-1.146191,-0.249945,9.954160
8940225629,0.017933445,-0.033051783,0.549530670,-1.083671,-0.268472,10.015574
8945075976,0.021702803,-0.031468940,0.550831819,-1.082083,-0.224559,9.878182
8950301514,0.023504568,-0.030193981,0.548965001,-1.150534,-0.258477,9.976649
8955433412,0.018516962,-0.031598263,0.549424526,-1.146531,-0.174560,9.906280
8960805468,0.017369307,-0.027804215,0.551473961,-1.134858,-0.198112,9.963134
8965926445,0.019664220,-0.029994893,0.549025310,-1.069207,-0.220248,9.923020
8971225675,0.022444223,-0.030058305,0.550304531,-1.196277,-0.231835,9.925824
8976322147,0.020871949,-0.032059289,0.548781974,-1.140250,-0.091231,9.955716
8981737230,0.020279739,-0.028098266,0.546109160,-1.209465,-0.200601,9.938407
8986729069,0.023370483,-0.030177983,0.552142447,-1.126596,-0.171941,9.947364
8991945122,0.022252938,-0.030061130,0.548969253,-1.211044,-0.025924,9.908103
8996920098,0.023094388,-0.031713059,0.546608207,-1.156341,-0.181311,9.935632
9002308742,0.022742108,-0.029753749,0.551970342,-1.200842,-0.144329,9.873850
9006953459,0.018759145,-0.028312239,0.547148012,-1.118104,-0.256468,9.951967
9011726674,0.021767285,-0.031183402,0.547522488,-1.155585,-0.240783,9.836200
9017114445,0.021098067,-0.031976735,0.552662005,-1.172931,-0.210305,10.031365
9022129716,0.020212133,-0.030468673,0.551352592,-1.185372,-0.160515,9.874354
9027281267,0.022064871,-0.030828744,0.549078401,-1.202994,-0.147203,9.882682
9032345833,0.023753589,-0.030906019,0.549715620,-1.220581,-0.235529,9.962750
9037766775,0.019703946,-0.030152551,0.549607109,-1.143114,-0.172533,9.845722
9042811366,0.020598363,-0.028170944,0.549204133,-1.119096,-0.313970,9.952985
9047330456,0.020714148,-0.026797377,0.549338330,-1.107292,-0.217445,9.968892
9052078496,0.021475500,-0.028844173,0.549121042,-1.219151,-0.174601,9.947650
9056803090,0.022777185,-0.031442127,0.549808482,-1.125980,-0.243050,9.918575
9061859040,0.019146480,-0.031730837,0.547946407,-1.203166,-0.230457,9.955915
9066615432,0.021295851,-0.031168540,0.550595912,-1.143766,-0.307374,9.782519
9071486329,0.023702837,-0.028158205,0.547538026,-1.114231,-0.198961,9.912527
9076844580,0.021276858,-0.028652333,0.549466550,-1.170983,-0.124155,9.772983
9081646089,0.021143347,-0.029836223,0.549630754,-1.179971,-0.297711,10.009429
9086295827,0.019687733,-0.031298028,0.552443502,-1.112774,-0.124764,9.977311
9091628323,0.018823365,-0.029988843,0.550204156,-1.114686,-0.149692,9.810052
9097024584,0.019890854,-0.025465681,0.547808819,-1.184976,-0.194845,9.983996
9102446855,0.016889220,-0.031078471,0.545907113,-1.127820,-0.293326,9.865685
9107913021,0.019047565,-0.031335804,0.546663891,-1.113463,-0.181382,9.950585
9112996306,0.019127284,-0.032650730,0.550345976,-1.198415,-0.163902,9.946632
9117799825,0.016380045,-0.027561408,0.546636291,-1.169427,-0.254986,9.966892
9123018517,0.017550497,-0.030745022,0.554019293,-1.180792,-0.215091,9.827000
9128131812,0.019966783,-0.030298081,0.552152361,-1.186173,-0.170040,9.925863
9133175887,0.020676557,-0.029252445,0.548327982,-1.182666,-0.118080,9.935075
9138581237,0.018680909,-0.029766014,0.546152127,-1.143158,-0.204903,9.898310
9143391064,0.016731114,-0.031563152,0.551296808,-1.120368,-0.223928,9.980249
9148198306,0.024955392,-0.027547066,0.550277298,-1.197665,-0.248429,9.890466
9152773034,0.024818857,-0.032835333,0.551863218,-1.150223,-0.229269,9.897458
9158126692,0.022392947,-0.030572483,0.550775799,-1.173555,-0.200826,9.938827
9163377816,0.023387479,-0.029546156,0.551595894,-1.147961,-0.156254,9.836906
9168109170,0.019416874,-0.029204915,0.552360376,-1.146840,-0.116950,9.887194
9172699991,0.020331671,-0.031591973,0.547680567,-1.134844,-0.242193,9.875432
9178027012,0.023256171,-0.031222482,0.552802627,-1.123622,-0.238342,10.015026
9183293018,0.023312590,-0.030410360,0.552286648,-1.218985,-0.201597,9.864707
9188640464,0.017907686,-0.031261830,0.549815691,-1.205719,-0.202405,9.934673
9193686139,0.022083586,-0.028440964,0.548146679,-1.154619,-0.173363,9.917115
9198828290,0.022056831,-0.030664644,0.549694910,-1.165706,-0.245086,9.964885
9204163679,0.018592446,-0.031085201,0.552868965,-1.077489,-0.235449,9.837209
9209296492,0.027677994,-0.029729175,0.548157840,-1.021451,-0.255191,9.908483
9214469000,0.018320763,-0.027186115,0.550215249,-1.209085,-0.193123,9.900707
9219952142,0.021756840,-0.029516897,0.548237272,-1.070879,-0.146477,9.941053
9225002171,0.018349901,-0.026952606,0.552174676,-1.213991,-0.249064,9.975435
9229890650,0.023992519,-0.031608449,0.552381009,-1.117036,-0.208846,9.941035
9235359531,0.020741913,-0.027276713,0.547563423,-1.196738,-0.091724,9.925540
9240643744,0.018476719,-0.032745185,0.551960515,-1.155911,-0.228260,9.944974
9245855936,0.021671613,-0.028184231,0.552070830,-1.100765,-0.240628,9.958297
9251318294,0.017281850,-0.026799145,0.544946928,-1.083208,-0.200796,9.868725
9256206883,0.019233191,-0.030452729,0.546569455,-1.191292,-0.185839,9.951866
9260850929,0.017847192,-0.028483087,0.551131882,-1.168323,-0.263429,10.002124
9266327624,0.020716700,-0.030426459,0.551290572,-1.119204,-0.190985,9.882683
9271186954,0.019173778,-0.034268920,0.552961343,-1.284414,-0.234731,9.976927
9276658880,0.022257789,-0.030335909,0.549713606,-1.202448,-0.174892,9.984392
9282131861,0.013087171,-0.033503143,0.553933706,-1.146982,-0.300016,9.897228
9287291750,0.020510818,-0.027672393,0.546458042,-1.096653,-0.200248,9.953984
9291792233,0.018676140,-0.030041616,0.553725711,-1.170006,-0.190545,9.861719
9297231539,0.022934766,-0.028214627,0.553150227,-1.139230,-0.169290,9.874251
9301939515,0.016591312,-0.029217889,0.550875018,-1.080006,-0.176421,9.929283
9306794190,0.018661205,-0.028592890,0.547243801,-1.214543,-0.128508,9.915067
9311750159,0.017988618,-0.025147578,0.546100847,-1.192297,-0.258241,9.874373
9316994335,0.020385405,-0.030896575,0.549150152,-1.087233,-0.227902,9.933238
9321574549,0.017765923,-0.029860240,0.551763594,-1.163004,-0.224272,9.889198
9326311108,0.020863368,-0.032415626,0.551508245,-1.095215,-0.137783,9.915811
9331051494,0.018603342,-0.028773507,0.543911564,-1.169119,-0.214495,9.894128
9335772612,0.021979495,-0.030782115,0.550026227,-1.100799,-0.224736,9.927636
9341080967,0.021122116,-0.030516601,0.555679520,-1.120266,-0.146554,9.944056
9346379429,0.023091323,-0.029605243,0.547534567,-1.157197,-0.268543,9.933054
9351467354,0.018234385,-0.033435369,0.551470290,-1.189620,-0.233779,9.921120
9356602650,0.022366481,-0.026901908,0.550467555,-1.233073,-0.255573,9.949035
9361347643,0.019621700,-0.032429774,0.551431342,-1.257819,-0.290214,9.913364
9366223265,0.021742893,-0.033340608,0.545836950,-1.140531,-0.270150,9.835290
9370831853,0.018223670,-0.029606936,0.553161209,-1.127426,-0.179990,9.833610
9375948905,0.019811726,-0.028706954,0.551193966,-1.148226,-0.274295,9.897758
9381017155,0.018959311,-0.031491188,0.545507988,-1.209992,-0.227554,9.789771
9386316854,0.019638935,-0.030409191,0.550759113,-1.205684,-0.211414,9.918694
9391798140,0.025425881,-0.029071720,0.547004766,-1.157857,-0.132172,9.931303
9397228067,0.018930388,-0.026013117,0.548141990,-1.224639,-0.242557,9.840555
9402165348,0.020461742,-0.028859021,0.549796480,-1.278002,-0.217828,9.895518
9407639483,0.021361984,-0.031210685,0.549197284,-1.119262,-0.254950,9.861093
9412143569,0.019671151,-0.029445406,0.553108993,-1.194818,-0.182472,9.843686
9416940354,0.022405419,-0.029705375,0.549535307,-1.154596,-0.192126,9.879493
9421515773,0.021030816,-0.030083769,0.551753867,-1.104208,-0.210088,9.826963
9426498339,0.018637930,-0.028608098,0.553605786,-1.090676,-0.198793,9.931553
9431974865,0.019231887,-0.028132827,0.550129731,-1.159806,-0.315742,9.906627
9436817832,0.020084772,-0.031711348,0.550134495,-1.050473,-0.227325,9.982392
9441830895,0.017653564,-0.025788112,0.549823410,-1.135644,-0.236836,9.945287
9446419799,0.018631871,-0.028380125,0.549502033,-1.178108,-0.237747,9.833937
9451022216,0.020451292,-0.030001981,0.548086734,-1.146686,-0.220666,9.886701
9456172476,0.021784501,-0.030058185,0.549662611,-1.231253,-0.209287,9.894940
9461161701,0.022868313,-0.027938607,0.547753395,-1.111288,-0.240900,9.992519
9466501548,0.018103116,-0.029939615,0.546276681,-1.122642,-0.182622,9.930456
9471692656,0.019702026,-0.030725233,0.550359180,-1.206218,-0.223930,9.937412
9476772145,0.021203238,-0.032052364,0.552393583,-1.172893,-0.219810,9.885888
9481683641,0.021639699,-0.029411338,0.550609011,-1.132130,-0.201875,9.866312
9487027021,0.018508419,-0.031576995,0.551106562,-1.143989,-0.175862,9.888410
9492205834,0.021821399,-0.029372725,0.547323998,-1.104119,-0.116180,9.894581
9496744143,0.021641583,-0.033109071,0.550638540,-1.146621,-0.183600,9.918378
9502013705,0.023896250,-0.029670289,0.553754018,-1.166949,-0.197495,9.975342
9506842523,0.021663969,-0.030967262,0.546839902,-1.158361,-0.207551,9.869804
9512125093,0.016435327,-0.033462625,0.550778591,-1.125421,-0.268205,9.956255
9517560125,0.019114221,-0.030451879,0.548167350,-1.141028,-0.274813,9.918855
9522511084,0.020549097,-0.027029133,0.547681545,-1.136159,-0.151971,9.923989
9527576647,0.021876110,-0.032004376,0.548592500,-1.154554,-0.139337,10.047850
9532240773,0.017871122,-0.027501776,0.552522581,-1.183110,-0.155184,9.949922
9536762014,0.019274690,-0.030244958,0.549953751,-1.220268,-0.234101,9.788450
9541862200,0.019709949,-0.030151193,0.548692716,-1.134389,-0.142020,9.950716
9546476404,0.022554110,-0.031703321,0.548886972,-1.129608,-0.236430,9.917949
9551044312,0.021021575,-0.028992641,0.547497853,-1.177242,-0.191824,9.890945
9556069362,0.017755105,-0.029319283,0.555066294,-1.121839,-0.185646,9.890227
9561053812,0.017945389,-0.029833263,0.547756921,-1.079954,-0.198726,9.793802
9566068510,0.020776980,-0.030227558,0.553968054,-1.151687,-0.239794,9.969815
9571395305,0.021587462,-0.030119709,0.552235631,-1.170740,-0.202523,9.924809
9576186045,0.022037146,-0.029349057,0.553647779,-1.050433,-0.296988,9.888491
9581613056,0.016882189,-0.029607803,0.545105512,-1.031240,-0.186900,9.968772
9586872667,0.016669838,-0.028588762,0.549766940,-1.243888,-0.172802,9.902001
9591479811,0.018853502,-0.028890821,0.552355630,-1.195650,-0.201297,9.948912
9596898434,0.020566208,-0.026068887,0.548752484,-1.221730,-0.196481,9.967466
9602143247,0.024007285,-0.030616918,0.546887273,-1.178813,-0.185605,9.987662
9607261367,0.020241668,-0.033020240,0.552345800,-1.168808,-0.096889,9.843422
9612168685,0.019560344,-0.032068968,0.546490623,-1.173428,-0.149411,9.953122
9617029079,0.019319073,-0.029515710,0.547775842,-1.159556,-0.301397,9.844030
9621908419,0.019364566,-0.033691247,0.552990757,-1.199933,-0.165716,9.935288
9626548269,0.021194398,-0.028334044,0.548375225,-1.182366,-0.232377,9.901770
9631212379,0.018959369,-0.027002418,0.548825974,-1.174994,-0.193470,9.862539
9636323525,0.023094765,-0.032164876,0.549208237,-1.198390,-0.167736,9.932894
9640955559,0.021690211,-0.029287028,0.548553313,-1.126732,-0.272549,9.930446
9645827964,0.021885052,-0.030708329,0.548651863,-1.183015,-0.158409,9.915731
9651021671,0.021119755,-0.030363222,0.550377151,-1.167049,-0.205035,9.956507
9655839907,0.022257726,-0.026889801,0.550196770,-1.119829,-0.243475,9.961504
9660600940,0.017015646,-0.030781168,0.548679878,-1.185795,-0.255189,9.958162
9665880263,0.020296193,-0.032385695,0.547451765,-0.959534,-0.203949,9.864813
9670596392,0.020531654,-0.024985006,0.551390689,-1.163262,-0.173175,9.885930
9675650248,0.022114914,-0.032352664,0.546891653,-1.125545,-0.280157,9.914511
9680285853,0.021659984,-0.029229719,0.551221898,-1.180571,-0.092982,9.952437
9685624445,0.021712354,-0.030955892,0.550178972,-1.143247,-0.179054,9.910949
9690785417,0.019003385,-0.026941929,0.549839811,-1.116976,-0.231476,9.835433
9696168191,0.021055875,-0.029088783,0.551582493,-1.175075,-0.242597,9.907647
9701450176,0.018574233,-0.025121759,0.549713450,-1.177626,-0.266525,9.912442
9706274952,0.021475067,-0.026760629,0.551033658,-1.232269,-0.182353,9.887796
9711369053,0.018841382,-0.025699211,0.551077873,-1.097487,-0.119765,9.987876
9716665677,0.022839161,-0.034105336,0.549880435,-1.177319,-0.158023,9.911852
9721842322,0.017968384,-0.030139174,0.552018339,-1.052014,-0.183116,9.997279
9726983605,0.018538796,-0.030400271,0.546734971,-1.062785,-0.228698,9.925545
9732045480,0.015318405,-0.029158048,0.550498716,-1.151083,-0.253771,9.855854
9737511707,0.018692632,-0.030170355,0.545730756,-1.143681,-0.203360,9.854000
9742378534,0.019277921,-0.027471094,0.549266026,-1.149005,-0.270077,9.922409
9747708969,0.015384105,-0.030240186,0.546706804,-1.107393,-0.260263,9.931585
9752955157,0.021464687,-0.028560079,0.552194145,-1.143852,-0.185251,9.908555
9758417054,0.019816332,-0.028057031,0.546086060,-1.077721,-0.205978,9.824124
9763166924,0.019848664,-0.030782570,0.548028070,-1.189378,-0.173769,9.913083
9768324578,0.021445581,-0.027531549,0.547967405,-1.158254,-0.120772,9.871327
9773471685,0.018906873,-0.029582682,0.550797705,-1.133728,-0.232111,9.853491
9778813688,0.021991857,-0.027192984,0.549752937,-1.165475,-0.212394,9.923809
9783940342,0.020444922,-0.028232910,0.551747254,-1.196952,-0.228441,9.990120
9789084837,0.018196692,-0.030751411,0.546656749,-1.190027,-0.225898,9.857259
9793931836,0.018548070,-0.033942423,0.548239672,-1.101988,-0.224035,9.881055
9799169105,0.021269120,-0.029025511,0.547608789,-1.125624,-0.284828,9.857537
9803872989,0.021688573,-0.027853344,0.550451733,-1.152100,-0.301042,9.908009
9808645579,0.019463093,-0.026501493,0.551510506,-1.196130,-0.142977,9.879837
9813753708,0.023841557,-0.029098931,0.547203318,-1.214529,-0.187474,9.814410
9818873804,0.019815027,-0.030106242,0.552497789,-1.124348,-0.231006,9.893808
9823468675,0.022939168,-0.031081229,0.552500185,-1.212813,-0.223644,9.984542
9828010611,0.017561038,-0.031153177,0.548648770,-1.138994,-0.264645,9.926035
9832905553,0.019561457,-0.030818499,0.549740715,-1.150726,-0.201596,9.904728
9837799261,0.021586132,-0.031497843,0.549273050,-1.206889,-0.276257,9.954673
9842875419,0.020901867,-0.029001798,0.550884168,-1.228098,-0.122373,9.938405
9848210095,0.017830037,-0.030452383,0.549751522,-1.132228,-0.240024,9.929939
9853437189,0.023716509,-0.030190510,0.548858769,-1.165518,-0.263221,9.973941
9858584875,0.020776769,-0.031109147,0.550751960,-1.204345,-0.132000,9.950665
9863833716,0.020693829,-0.031541714,0.549371426,-1.071833,-0.171297,9.848477
9868769086,0.023230076,-0.030627734,0.551325594,-1.149127,-0.223946,10.001178
9873587606,0.019963640,-0.029561366,0.553347424,-1.215070,-0.202048,9.868762
9878608435,0.018346176,-0.029978761,0.550044098,-1.151569,-0.239065,9.823525
9883650597,0.020965483,-0.028653651,0.552496784,-1.122717,-0.153404,9.983001
9888211501,0.021258122,-0.031983428,0.548275883,-1.159878,-0.253569,10.031254
9893684337,0.019959269,-0.029733623,0.551725063,-1.195878,-0.154488,9.900092
9898338070,0.017468070,-0.029314794,0.546751712,-1.122144,-0.166521,9.925211
9903491988,0.021255011,-0.029537053,0.553332962,-1.179180,-0.199196,9.899474
9908132905,0.019842613,-0.029286618,0.551958847,-1.038301,-0.243284,9.886290
9913304674,0.019710063,-0.031168426,0.547546361,-1.166234,-0.181708,9.933366
9918161634,0.023332198,-0.033132010,0.547249238,-1.191895,-0.163332,9.939214
9923181667,0.021998889,-0.031526443,0.550743036,-1.096008,-0.160916,9.924976
9927729394,0.018407687,-0.028340562,0.549412662,-1.185848,-0.133000,9.979113
9932708268,0.018182809,-0.031050990,0.546871830,-1.171534,-0.117332,9.851336
9937603216,0.022022819,-0.028602838,0.550431033,-1.148211,-0.249289,9.885149
9942569204,0.022173827,-0.030156056,0.551563266,-1.040638,-0.224070,9.897829
9947615944,0.019909100,-0.030664241,0.547203297,-1.110596,-0.270391,9.970367
9953032495,0.019745054,-0.027117306,0.548036764,-1.197587,-0.228584,9.813750
9957988098,0.025264658,-0.028239102,0.550295489,-1.164646,-0.243641,9.877522
9963364772,0.022517499,-0.028063103,0.549661616,-1.076706,-0.271235,9.910642
9968544630,0.022204621,-0.029965329,0.552704073,-1.246616,-0.210888,9.883647
9973888161,0.020834937,-0.029811631,0.551517790,-1.123566,-0.252263,9.883671
9978881838,0.019114658,-0.029375997,0.550229729,-1.111717,-0.152428,10.007664
9983734148,0.020648125,-0.027767104,0.550285286,-1.225824,-0.210911,9.889777
9988957273,0.022975578,-0.030605680,0.545221436,-1.210368,-0.142979,9.889240
9993516073,0.021400655,-0.031613483,0.550421798,-1.209552,-0.273145,9.817696
9998662465,0.020496917,-0.030722653,0.548315221,-1.084331,-0.126783,9.937247
10003815677,0.019778160,-0.032182920,0.547233837,-1.170089,-0.169382,9.787160
10008997379,0.016731021,-0.028407018,0.550474059,-1.155526,-0.246794,9.885006
10014020637,0.019845098,-0.033762704,0.548237129,-1.199291,-0.141385,9.957172
10018953776,0.021407852,-0.028507642,0.550222338,-1.110315,-0.111708,9.897464
10023516223,0.021621903,-0.030325320,0.549591588,-1.105950,-0.196014,9.887962
10028531000,0.022689940,-0.028222164,0.550102719,-0.984569,-0.215081,9.966494
10033909248,0.022639480,-0.032797537,0.550943975,-1.126706,-0.180487,9.905174
10038589226,0.021431322,-0.034797064,0.551362216,-1.087497,-0.202899,9.831131
10043815689,0.022879662,-0.031262178,0.554562279,-1.205539,-0.190564,9.866348
10049082636,0.020406515,-0.029548045,0.550276467,-1.147310,-0.187694,9.916198
10054529014,0.021427019,-0.030183326,0.552039331,-1.070018,-0.328312,9.869409
10059087488,0.020084338,-0.031605492,0.553758464,-1.155598,-0.209617,9.857711
10063944119,0.017335409,-0.028408231,0.550933656,-1.132135,-0.233128,9.943308
10069385257,0.020271340,-0.029116176,0.547753834,-1.092411,-0.233713,9.931833
10074189176,0.018874565,-0.027060248,0.546174352,-1.206416,-0.191860,9.853728
10079588886,0.021672653,-0.030733692,0.552602944,-1.187855,-0.145282,9.903442
10084955896,0.016517218,-0.027626555,0.552486793,-1.080305,-0.202685,9.957138
10089907602,0.017979990,-0.031767009,0.547522205,-1.137617,-0.205615,9.863711
10095277995,0.017677809,-0.028631519,0.550455461,-1.164578,-0.159780,9.929253
10100014449,0.018236918,-0.032735093,0.548735590,-1.172284,-0.247135,9.893783
10104925134,0.020099258,-0.031631386,0.548841511,-1.169297,-0.169037,9.909078
10109619089,0.019385519,-0.030767927,0.553114281,-1.098406,-0.189657,9.921325
10114447026,0.020137352,-0.028065581,0.547111827,-1.117321,-0.277814,9.848185
10119642149,0.018980108,-0.030880306,0.551251665,-1.187730,-0.244439,9.822520
10124524033,0.023288373,-0.030303200,0.551657560,-1.044633,-0.220286,9.873220
10129961614,0.021614099,-0.031895020,0.547637882,-1.159091,-0.211822,9.892852
10135324494,0.018982386,-0.026179842,0.554450721,-1.222430,-0.263391,9.886736
10140195083,0.020905962,-0.031071522,0.551532805,-1.124207,-0.236574,9.916350
10145411181,0.020874847,-0.028520164,0.548542198,-1.029681,-0.111277,9.958032
10150604473,0.018702708,-0.028274773,0.549278031,-1.149169,-0.201599,9.819058
10155754113,0.018038011,-0.026797691,0.550115497,-1.125204,-0.184743,9.972860
10160855180,0.018564674,-0.030956134,0.550054661,-1.115471,-0.305897,9.945918
10166170950,0.021408737,-0.028173048,0.550218703,-1.156430,-0.199110,9.964732
10171365551,0.020090688,-0.032013877,0.552025601,-1.127775,-0.124898,9.843007
10176483746,0.019901474,-0.030911600,0.548973464,-1.191566,-0.215593,10.021477
10181764343,0.021084318,-0.029559959,0.548699014,-1.105532,-0.217069,9.942009
10186718524,0.020358362,-0.032050931,0.551433409,-1.207749,-0.178622,9.898767
10191434470,0.021529693,-0.029755636,0.551549547,-1.158420,-0.259513,9.951558
10196161473,0.020347454,-0.029760488,0.549139022,-1.204868,-0.144967,9.888895
10201413825,0.019168436,-0.026963198,0.546613786,-1.100556,-0.160803,9.892896
10206228406,0.023084915,-0.032297930,0.548210373,-1.177163,-0.247721,9.951274
10211109287,0.020334209,-0.027930827,0.548082798,-1.157926,-0.225984,9.807691
10215915751,0.021242171,-0.033151389,0.547132452,-1.055141,-0.200722,9.874324
10220444806,0.018938561,-0.029877686,0.552521681,-1.125875,-0.238535,9.877026
10225000682,0.017974499,-0.026704321,0.549623718,-1.265956,-0.191412,9.874836
10229574240,0.019028246,-0.032321566,0.550216562,-1.172264,-0.187628,9.886307
10234772522,0.023958707,-0.028378096,0.548940184,-1.189932,-0.151641,9.836374
10239672353,0.020304728,-0.030122139,0.549677228,-1.177641,-0.150647,10.019651
10244215789,0.023078105,-0.031922167,0.548842093,-1.136723,-0.308417,9.862103
10249046083,0.022200996,-0.031005687,0.548406820,-1.183101,-0.284025,9.929012
10254182155,0.022772789,-0.027725223,0.548715352,-1.139109,-0.220018,9.900785
10259511972,0.019335750,-0.033027686,0.550629458,-1.176886,-0.193991,9.911456
10264234539,0.020733169,-0.028190003,0.552277491,-1.196817,-0.176956,10.006408
10269239149,0.022548608,-0.032601995,0.553576825,-1.158436,-0.164992,9.824692
10274262459,0.020800266,-0.035430904,0.545660117,-1.158358,-0.277991,9.936980
10278827658,0.017143136,-0.030017582,0.549076392,-1.178592,-0.202348,9.971396
10283889799,0.021115942,-0.028692902,0.553583695,-1.125993,-0.252215,9.887602
10288556241,0.018271977,-0.033721470,0.549850165,-1.107613,-0.260081,9.951624
10293646215,0.020430816,-0.032279611,0.546488286,-1.179930,-0.222557,9.946321
10299039550,0.020877968,-0.029872174,0.552889684,-1.141823,-0.358532,9.917411
10304492340,0.023871004,-0.030546194,0.547795312,-1.141599,-0.195928,9.959739
10309066249,0.017789780,-0.027981474,0.550537080,-1.132165,-0.210502,9.880622
10314063280,0.018795141,-0.028544661,0.551887028,-1.120716,-0.135102,9.944064
10319249798,0.020865500,-0.027572308,0.550327384,-1.157171,-0.196944,9.849853
10324014567,0.016556759,-0.028782259,0.552391396,-1.276576,-0.192236,9.915044
10328540606,0.018816843,-0.026593644,0.551580687,-1.092345,-0.153402,9.911614
10333093205,0.025845140,-0.029747252,0.550876950,-1.132517,-0.130972,9.858630
10338501833,0.020381304,-0.027478247,0.550660432,-1.107585,-0.159935,9.869323
10343381861,0.021177864,-0.031778513,0.551869921,-1.086753,-0.220886,9.937726
10348797679,0.019952349,-0.031101684,0.545636782,-1.149129,-0.253126,9.947025
10353399684,0.019647037,-0.034407915,0.551691652,-1.044853,-0.176014,9.901714
10358099831,0.019200926,-0.033358867,0.550007209,-1.199514,-0.090925,9.913347
10363300891,0.016907604,-0.029362226,0.547903514,-1.138435,-0.239772,9.912975
10368015624,0.017964179,-0.032560433,0.550935750,-1.113605,-0.172764,9.829686
10372654543,0.018600550,-0.031957161,0.550655481,-1.183619,-0.243560,9.924761
10377309439,0.025499021,-0.031537042,0.549194436,-1.146171,-0.236350,9.932222
10381903946,0.019448046,-0.028655655,0.552746976,-1.092224,-0.214596,9.934488
10386817067,0.016928136,-0.029005257,0.549741911,-1.133510,-0.199830,9.942923
10391903087,0.019973212,-0.032380323,0.548451545,-1.061617,-0.160255,9.914489
10396753704,0.019838586,-0.029291836,0.551488667,-1.134202,-0.265873,9.960581
10401553750,0.019356086,-0.034484147,0.552224479,-1.208463,-0.196156,9.936905
10406396901,0.019578072,-0.031440473,0.553391502,-1.193814,-0.260683,9.921420
10411743671,0.018429078,-0.029399073,0.548198014,-1.231746,-0.240434,9.842515
10416727680,0.019636657,-0.030142233,0.550951727,-1.094189,-0.200067,9.842939
10422141200,0.021917167,-0.030911071,0.550473142,-1.257619,-0.188832,9.961114
10426967236,0.017825633,-0.033352184,0.549017980,-1.153254,-0.215207,9.855823
10431545700,0.018184948,-0.028626438,0.551641821,-1.095818,-0.198389,9.906586
10436921037,0.017461044,-0.030269416,0.549246781,-1.185146,-0.285960,10.000937
10442222654,0.019589560,-0.027836378,0.553952127,-1.156311,-0.204004,9.903468
10447577371,0.016510917,-0.029510953,0.553030055,-1.135495,-0.208549,9.903362
10452687854,0.021991957,-0.032330387,0.550641495,-1.140638,-0.297192,9.826160
10457281497,0.019611345,-0.030710311,0.548673375,-1.177369,-0.218397,9.896761
10462405300,0.021891763,-0.030173610,0.552403054,-1.094012,-0.237632,9.874272
10467882652,0.019129396,-0.030988442,0.549807721,-1.249778,-0.186207,9.920024
10473178514,0.019181292,-0.030219000,0.547023321,-1.102856,-0.197435,9.959897
10478185639,0.018145232,-0.028675043,0.552171622,-1.087632,-0.126461,9.822904
10483606012,0.021805954,-0.034945593,0.551564396,-1.128704,-0.244889,9.872626
10488471847,0.015883626,-0.031779586,0.546849898,-1.098373,-0.196377,9.944909
10493812521,0.020254004,-0.028143005,0.548585084,-1.038863,-0.233899,9.887303
10498791241,0.021701075,-0.034420018,0.550474539,-1.127245,-0.169778,9.831311
10503899106,0.019710098,-0.030798916,0.552250859,-1.194482,-0.190981,9.939315
10508600165,0.023276476,-0.030239570,0.546086546,-1.176240,-0.210691,9.903423
10513514029,0.023698853,-0.034498019,0.550653746,-1.199618,-0.255311,9.805384
10518019302,0.019576532,-0.032078064,0.548568091,-1.101864,-0.247311,9.924830
10523354766,0.020413514,-0.027154039,0.553478735,-1.205142,-0.248156,9.877241
10528105085,0.018205361,-0.031386115,0.548318313,-1.127284,-0.224893,9.974239
10532849573,0.022507836,-0.032004008,0.550231810,-1.163520,-0.200928,9.800621
10537458847,0.016766916,-0.029322753,0.550366170,-1.137001,-0.206146,9.958823
10542158804,0.024250355,-0.030745397,0.551928686,-1.198390,-0.288456,9.874101
10547249635,0.021547037,-0.030628840,0.551583934,-1.065300,-0.220787,9.867689
10552558271,0.018700786,-0.030246123,0.551636180,-1.156454,-0.198759,9.780226
10557150899,0.022024117,-0.029248184,0.548749296,-1.175541,-0.189291,9.930126
10561842896,0.019609614,-0.033244317,0.553227979,-1.124337,-0.171983,9.990548
10567231591,0.021473911,-0.026970280,0.549084315,-1.132361,-0.231091,9.977234
10572717388,0.016513460,-0.032246221,0.547805724,-1.174212,-0.288722,9.914870
10577752430,0.022761689,-0.028081374,0.549062707,-1.100397,-0.249180,9.973732
10582533158,0.018392663,-0.030713982,0.552139943,-1.197230,-0.227059,9.888400
10587917795,0.022819553,-0.030311733,0.551056576,-1.242424,-0.290902,9.950719
10592767601,0.021336347,-0.030171187,0.551700961,-1.196337,-0.236310,9.837106
10598189297,0.022590553,-0.028284306,0.553226958,-1.152742,-0.120324,9.865720
10603409627,0.021077739,-0.028562745,0.550721211,-1.153225,-0.173742,9.835692
10608890708,0.018715401,-0.032540259,0.549422064,-1.151529,-0.208224,9.874154
10613625707,0.024140355,-0.030055608,0.551137997,-1.091061,-0.249156,9.981847
10618738629,0.022732951,-0.027752647,0.547879534,-1.158006,-0.286514,9.906991
10623571017,0.016174408,-0.028125916,0.550610875,-1.095073,-0.228880,10.053789
10628209171,0.021626089,-0.031272557,0.551280620,-1.193465,-0.189411,9.872019
10633355380,0.017675981,-0.029374664,0.549574572,-1.127881,-0.232365,9.834632
10637931130,0.023137715,-0.030062036,0.551805149,-1.056877,-0.204298,9.900126
10643205612,0.023109773,-0.030399173,0.552442436,-1.183346,-0.216511,9.911262
10648322015,0.019687737,-0.030947424,0.548091639,-1.142000,-0.214321,9.946716
10653324015,0.018340323,-0.032171260,0.546764510,-1.120495,-0.207553,9.905256
10658213962,0.021925103,-0.027141557,0.548310147,-1.160073,-0.277840,9.861820
10663651449,0.017934778,-0.029504343,0.548117319,-1.086777,-0.182274,9.921649
10668232930,0.018697213,-0.027091901,0.550210216,-1.094122,-0.258369,9.885530
10673712326,0.019782161,-0.028136961,0.551912354,-1.064244,-0.239441,9.873309
10678760085,0.019989013,-0.031985736,0.551018661,-1.212033,-0.186779,9.866454
10683635161,0.018432433,-0.030300988,0.552448034,-1.245681,-0.108784,9.903096
10688773884,0.022157955,-0.030902029,0.549264604,-1.211651,-0.159898,9.856979
10693420731,0.017376048,-0.032088261,0.551367971,-1.102075,-0.240506,9.898762
10698799270,0.015053586,-0.030472150,0.548204081,-1.256692,-0.180680,9.996627
10704212124,0.023496322,-0.032104656,0.546346354,-1.100919,-0.229378,9.880756
10709611304,0.019272254,-0.030359018,0.550511354,-1.087412,-0.179228,9.872430
10714675350,0.020845223,-0.028934845,0.546480538,-1.218145,-0.180444,9.931254
10719514547,0.022540219,-0.028600660,0.552064409,-1.165887,-0.219259,9.893282
10724392252,0.016820093,-0.030692796,0.548076359,-1.232062,-0.231110,9.845682
10729218888,0.019090798,-0.030609926,0.551416969,-1.163481,-0.156878,9.897786
10734667129,0.020631003,-0.031703365,0.548434719,-1.122573,-0.198047,9.920048
10739533145,0.017079731,-0.027212345,0.547211111,-1.156842,-0.159281,9.890721
10744059355,0.022534685,-0.032470410,0.552572343,-1.185850,-0.171471,9.977538
10748876279,0.021060834,-0.031820259,0.551184389,-1.162505,-0.170118,9.916565
10753844447,0.019737146,-0.029910795,0.549039706,-1.212178,-0.191308,9.929795
10758542310,0.020593595,-0.026210900,0.551286496,-1.078717,-0.181339,9.860091
10763066601,0.023711604,-0.031671538,0.551256640,-1.096072,-0.101082,9.960088
10768558926,0.022227298,-0.031756375,0.551360708,-1.060378,-0.257002,9.880883
10773190290,0.021796992,-0.030460884,0.546371478,-1.248287,-0.187852,9.891300
10778645828,0.018366548,-0.028272822,0.548600938,-1.132525,-0.176931,9.921866
10783301633,0.016526403,-0.032285435,0.549538794,-1.056828,-0.179773,10.001317
10788398660,0.020100041,-0.031959634,0.549936207,-1.101463,-0.127195,9.845530
10793032578,0.018898438,-0.033805007,0.550872487,-1.208276,-0.157286,9.885637
10798476212,0.020695414,-0.031636991,0.549622165,-1.233895,-0.199721,9.841218
10803858636,0.017344716,-0.026401331,0.550478878,-1.205992,-0.190821,9.866002
10809202506,0.021930358,-0.028139357,0.548430313,-1.154861,-0.296387,9.949068
10814201188,0.021462878,-0.030075260,0.554666376,-1.083220,-0.178203,9.884298
10819006009,0.021177521,-0.031702662,0.549408117,-1.188504,-0.133531,9.843365
10824427885,0.017953185,-0.029388328,0.550575299,-1.088153,-0.150670,10.008021
10829195229,0.021042563,-0.031395962,0.549620397,-1.125638,-0.211141,9.896916
10834234504,0.021330675,-0.032734879,0.552070930,-1.170604,-0.180993,10.017190
10839344029,0.020429174,-0.029082460,0.550023299,-1.175025,-0.262581,9.931430
10844006928,0.019815086,-0.027471353,0.550019430,-1.174736,-0.236087,9.816329
10849308079,0.020755935,-0.027300610,0.550593009,-1.171627,-0.189003,9.917207
10854448217,0.022991187,-0.025071232,0.551733102,-1.214201,-0.126705,9.882529
10859430248,0.019136387,-0.030820438,0.551207581,-1.123944,-0.201754,9.827643
10864416859,0.022761645,-0.028461287,0.551906648,-1.156607,-0.238386,9.918280
10869013433,0.021900427,-0.031370743,0.550661618,-1.162732,-0.141879,9.904331
10873729013,0.022594673,-0.027200925,0.547993139,-1.181087,-0.215243,9.801476
10878933436,0.019617947,-0.031990487,0.551918215,-1.130076,-0.195960,9.984331
10884272221,0.023984133,-0.027573178,0.549554371,-1.172838,-0.225722,9.929681
10889678631,0.021711673,-0.030067093,0.547812575,-1.021780,-0.120339,9.890059
10895020270,0.021808468,-0.032477441,0.550366513,-1.149382,-0.163424,10.007612
10899805896,0.016492037,-0.035200006,0.549921961,-1.187111,-0.228673,9.892190
10904881748,0.021613117,-0.036804539,0.552853636,-1.204946,-0.189215,9.923206
10909947221,0.019090350,-0.030941749,0.551938665,-1.178513,-0.181287,9.865006
10914994791,0.021803605,-0.026831929,0.548293601,-1.287343,-0.259819,9.831005
10920368489,0.017912461,-0.032247079,0.549493153,-1.169477,-0.223789,9.857717
10925163617,0.017962927,-0.028488566,0.549177093,-1.157188,-0.283296,9.882503
10930336062,0.022117142,-0.029466185,0.551780230,-1.048402,-0.213508,9.921295
10935583370,0.020869368,-0.026323027,0.548796407,-1.111954,-0.115196,9.931642
10940135796,0.020170713,-0.031333707,0.548801274,-1.134359,-0.172529,9.930983
10945314404,0.017501665,-0.033576783,0.552576816,-1.118173,-0.122911,9.961812
10950623784,0.017409272,-0.029534078,0.551002076,-1.102341,-0.072814,9.889589
10955189231,0.021198921,-0.031043418,0.549910733,-1.190545,-0.248339,9.889983
10959727516,0.022736797,-0.028844061,0.549539654,-1.204716,-0.258792,9.898602
10965180437,0.019018859,-0.029484747,0.550614595,-1.224744,-0.229261,9.960805
10970482758,0.019655664,-0.029475456,0.553397895,-1.126191,-0.180451,9.935978
10975119981,0.019800172,-0.025877065,0.554275355,-1.146733,-0.201783,9.950025
10979771051,0.021715305,-0.031352029,0.548569477,-1.204179,-0.238201,9.829458
10985157218,0.017195547,-0.024959753,0.550340142,-1.199916,-0.178348,9.890999
10990355669,0.018463288,-0.031971669,0.553660555,-1.080942,-0.163011,10.017048
10995475902,0.020622593,-0.029552709,0.550318628,-1.123191,-0.251215,9.964568
11000670005,0.018433363,-0.032121890,0.549623079,-1.137555,-0.207659,9.887051
11005314396,0.019899052,-0.030166691,0.548521304,-1.105839,-0.212530,9.866748
11009982024,0.018810320,-0.031055554,0.551807650,-1.137184,-0.183506,9.934397
11014674608,0.021361926,-0.033216176,0.551245593,-1.156386,-0.266913,9.953696
11020139651,0.022816437,-0.031038527,0.548234077,-1.115423,-0.235373,9.769912
11025216180,0.019001782,-0.030511048,0.551054715,-1.078491,-0.223178,9.960399
11030026698,0.020872618,-0.028812797,0.551473196,-1.165628,-0.097481,9.864898
11034824342,0.021659353,-0.031264546,0.553035526,-1.170224,-0.201327,9.831587
11039520723,0.020301669,-0.033251050,0.553246708,-1.149711,-0.168904,9.915363
11044764321,0.019277934,-0.030550531,0.547232129,-1.047870,-0.243506,9.888751
11049384603,0.020813503,-0.032632617,0.550903907,-1.263100,-0.225179,9.869154
11053920606,0.019967275,-0.028424399,0.549239774,-1.162830,-0.144071,9.927851
11058684074,0.021999592,-0.030407049,0.548545444,-1.169155,-0.131634,9.877859
11064074655,0.019202103,-0.031141288,0.550516525,-1.189414,-0.201555,9.916178
11069035653,0.016924999,-0.027874290,0.550580414,-1.168116,-0.213713,9.891329
11074257740,0.019951177,-0.030988893,0.547929284,-1.112106,-0.225968,9.924827
11079212560,0.018267198,-0.027702962,0.548987064,-1.082632,-0.217080,9.940071
11084059205,0.020318996,-0.030552306,0.550881227,-1.080474,-0.203049,9.939433
11089236742,0.022685307,-0.028101273,0.552537166,-1.132670,-0.202693,9.916798
11094304507,0.020953025,-0.028832751,0.550189192,-1.074622,-0.227623,9.850939
11099288517,0.020817749,-0.027880538,0.549726848,-1.145003,-0.071619,9.798083
11104597000,0.018526373,-0.029491490,0.548768153,-1.148014,-0.140105,9.898389
11109467370,0.021767277,-0.029569435,0.553442655,-1.164164,-0.101381,9.906111
11114511133,0.021624665,-0.029882490,0.549413954,-1.149145,-0.279410,9.956078
11119184414,0.021245674,-0.031549211,0.549322439,-1.144033,-0.178926,9.902610
11123939710,0.021386348,-0.026872299,0.549562162,-1.063601,-0.234052,9.897659
11129041322,0.021577140,-0.031796731,0.551458131,-1.177835,-0.166281,9.890034
11134114455,0.018973441,-0.031278984,0.549332058,-1.131321,-0.189809,9.764490
11139458970,0.021078068,-0.031006496,0.551524474,-1.121002,-0.226973,9.891312
11144859287,0.022184130,-0.026436394,0.550953354,-1.222012,-0.277909,9.976840
11149976642,0.023152488,-0.027316946,0.552310331,-1.108973,-0.139815,9.958836
11154735066,0.019833689,-0.033358278,0.547093481,-1.276467,-0.060448,9.892543
11159502627,0.017691620,-0.027587920,0.547698500,-1.151321,-0.143872,9.873101
11164216253,0.019757008,-0.028272520,0.550691207,-1.040158,-0.194449,9.919672
11169373673,0.021005445,-0.030800272,0.547911064,-1.118292,-0.173614,9.899259
11173902120,0.018896834,-0.031599693,0.551035655,-1.194487,-0.255549,10.031725
11179223697,0.021884575,-0.029656575,0.547992413,-1.081877,-0.208110,9.874452
11183859269,0.019304993,-0.032764594,0.552151004,-1.159118,-0.189166,9.921297
11189085027,0.021251362,-0.027316605,0.550474366,-1.168650,-0.208137,9.870876
11193778349,0.019350801,-0.030350682,0.548583987,-1.181716,-0.321087,9.951848
11198932184,0.019216682,-0.028349623,0.546001386,-1.180545,-0.238375,9.904172
11203494718,0.021692597,-0.032494418,0.554561544,-1.158393,-0.254495,9.925214
11208788547,0.019925619,-0.031514030,0.550839057,-1.118871,-0.191500,9.851521
11213558029,0.020966538,-0.032741007,0.553333986,-1.184946,-0.284188,9.946456
11218103203,0.019557927,-0.031136545,0.549032278,-1.131864,-0.151338,9.878981
11223449654,0.019718365,-0.027651364,0.551664117,-1.170511,-0.207079,9.927770
11228299384,0.022795539,-0.025320424,0.552790894,-1.279134,-0.173329,9.905306
11233708066,0.016826975,-0.027078817,0.546429201,-1.107822,-0.288176,9.903820
11239142662,0.020841871,-0.031100910,0.546131950,-1.153734,-0.207462,9.979807
11244025723,0.021666739,-0.030018330,0.550738429,-1.111546,-0.151856,10.011137
11248611039,0.020085429,-0.029095738,0.550418323,-1.145169,-0.170434,9.910625
11253782943,0.020871148,-0.031332213,0.548147417,-1.177761,-0.156167,9.941025
11258723007,0.021052780,-0.030173390,0.551936842,-1.147819,-0.198129,9.828747
11263537624,0.022358435,-0.029221612,0.549347168,-1.237041,-0.220618,9.823001
11268530585,0.019549268,-0.031381533,0.550996208,-1.150622,-0.166676,9.831161
11273971767,0.023189490,-0.031251227,0.548813968,-1.157554,-0.214558,9.954582
11278655104,0.020277601,-0.028158527,0.550135371,-1.122824,-0.177443,9.838589
11283198043,0.019354236,-0.032977683,0.556369889,-1.246201,-0.171844,9.886263
11288378506,0.019770009,-0.032582112,0.552380094,-1.127046,-0.118188,9.982825
11293292074,0.021877238,-0.031776521,0.551168145,-1.063146,-0.093994,9.814187
11298390041,0.020207550,-0.028544821,0.550148619,-1.185158,-0.170632,9.964231
11303228287,0.020014274,-0.031799962,0.551837499,-1.195950,-0.185397,9.931871
11308548777,0.019552369,-0.030825023,0.552291338,-1.144326,-0.178480,9.981525
11313412829,0.017213483,-0.032260921,0.550095042,-1.184297,-0.228263,9.956175
11318152792,0.018634585,-0.029408954,0.550031848,-1.105955,-0.176764,9.960800
11322837796,0.018544435,-0.031494486,0.550217382,-1.167473,-0.202388,9.853956
11328229924,0.019958400,-0.032347502,0.552015649,-1.108280,-0.198417,9.980084
11332935832,0.016040127,-0.029553833,0.552672470,-1.184483,-0.234713,9.868243
11338248110,0.022939383,-0.034462465,0.548962588,-1.268471,-0.178937,9.919840
11343066455,0.018421219,-0.030037428,0.549259001,-1.188364,-0.107309,9.958690
11348129175,0.021672228,-0.030620031,0.549912352,-1.170199,-0.245393,9.928655
11353021535,0.021664342,-0.027724812,0.551046674,-1.147341,-0.194830,9.919725
11357803950,0.018560032,-0.028123932,0.549632234,-1.134148,-0.189239,9.933032
11362354773,0.018809042,-0.028288098,0.549892821,-1.153410,-0.270818,9.857063
11367839413,0.018075804,-0.028403340,0.550913755,-1.161234,-0.173516,9.892062
11373339109,0.021552315,-0.030141252,0.551664113,-1.234033,-0.224599,9.987869
11377974432,0.018788237,-0.025369244,0.549802226,-1.107583,-0.213410,9.891847
11382649170,0.020103214,-0.031595689,0.547494644,-1.084508,-0.142603,9.853603
11387699743,0.018733603,-0.029271939,0.549186321,-1.194233,-0.306590,9.960465
11393142742,0.016904893,-0.029578008,0.548871522,-1.161964,-0.243799,9.794706
11398480115,0.020929128,-0.029349276,0.548239323,-1.102862,-0.168262,9.949262
11403056426,0.019722906,-0.027892426,0.551000627,-1.138303,-0.161549,9.835763
11408349366,0.019509694,-0.031988547,0.548501739,-1.163497,-0.194955,9.862338
11412963604,0.021667011,-0.029803348,0.550195536,-1.150177,-0.154105,9.865729
11417573421,0.019583574,-0.030831414,0.553842485,-1.126942,-0.178231,9.953223
11422514158,0.020893605,-0.031547593,0.549598277,-1.187260,-0.327782,9.929093
11427061534,0.018175046,-0.033112261,0.549677287,-1.083570,-0.196134,9.850866
11432561240,0.023518940,-0.033240514,0.543299976,-1.151787,-0.221762,9.935101
11437976203,0.018424593,-0.028090861,0.550365894,-1.227734,-0.236692,9.921368
11443154736,0.022030601,-0.027561388,0.549093258,-1.098273,-0.251777,9.944351
11448148360,0.016745972,-0.028934502,0.549521929,-1.217349,-0.255163,9.841927
11453234150,0.016295561,-0.028957477,0.551850304,-1.116038,-0.186405,9.820757
11458190510,0.019962233,-0.030929046,0.551235279,-1.152279,-0.153411,9.984100
11462886768,0.020892005,-0.028497961,0.547001434,-1.170400,-0.175302,9.846755
11468374002,0.023531863,-0.031828339,0.553285845,-1.141339,-0.288741,10.039861
11473527055,0.021024417,-0.030519926,0.546602318,-1.175982,-0.132124,9.806104
11478864323,0.019693364,-0.025607082,0.551865919,-1.203423,-0.165579,9.967668
11483894812,0.019286206,-0.031615441,0.552210829,-1.127817,-0.195093,9.887774
11488441252,0.016000891,-0.028772292,0.549112540,-1.207797,-0.143961,9.973252
11493214698,0.016651622,-0.029484336,0.549281390,-1.168510,-0.183501,9.972242
11498124635,0.019811703,-0.031349069,0.549797895,-1.173457,-0.237078,9.946029
11502883642,0.021124375,-0.028061212,0.550961640,-1.256599,-0.214640,9.924109
11507998151,0.021516136,-0.028129017,0.550375412,-1.144796,-0.239062,9.910469
11513418753,0.019781446,-0.028762013,0.551944303,-1.195292,-0.220789,9.964913
11517986510,0.021734240,-0.032368653,0.551029747,-1.225973,-0.185832,9.869393
11523396447,0.019935062,-0.033662043,0.551466399,-1.149026,-0.262955,9.915456
11528806530,0.020735789,-0.028974948,0.553599722,-1.124506,-0.260273,9.851331
11534256606,0.019126950,-0.031942220,0.548984057,-1.228342,-0.256400,9.901220
11539312204,0.024570921,-0.027388573,0.553185833,-1.099766,-0.107534,10.001968
11544806064,0.021101670,-0.028580917,0.551352083,-1.230412,-0.203425,9.894841
11549957922,0.016880197,-0.028385809,0.549847914,-1.088007,-0.250417,9.902921
11555276917,0.020972490,-0.032043944,0.551011874,-1.278198,-0.194872,9.955858
11560459634,0.021528807,-0.031379568,0.555384909,-1.140128,-0.122267,9.923166
11565919801,0.017397630,-0.029777760,0.549945549,-1.128912,-0.205801,9.924258
11571083286,0.019190363,-0.034372804,0.550065156,-1.135704,-0.150197,9.881315
11575608188,0.022387490,-0.028052953,0.548511840,-1.096685,-0.225714,9.833344
11580990070,0.023736506,-0.028244990,0.547073754,-1.118116,-0.163136,9.877629
11586337344,0.015849863,-0.032349126,0.549606630,-1.131225,-0.177676,9.930931
11591156537,0.019932531,-0.028155702,0.549503318,-1.195689,-0.126802,10.021032
11595669221,0.021379523,-0.029911830,0.552260228,-1.202229,-0.145791,9.902314
11601115787,0.019692935,-0.029208395,0.551083396,-1.154605,-0.278073,9.863849
11605753532,0.019898324,-0.033057740,0.550331047,-1.223004,-0.192578,9.980846
11610465072,0.023278420,-0.032010317,0.550448839,-1.169091,-0.322872,9.883186
11615948578,0.023020082,-0.030464648,0.550305770,-1.188237,-0.159793,9.978864
11620997273,0.021181113,-0.027713020,0.551884618,-1.178114,-0.106714,9.962598
11626438628,0.024512152,-0.032377999,0.552119806,-1.081000,-0.271446,9.993918
11631855782,0.021683837,-0.029572102,0.550295670,-1.139280,-0.134066,9.900794
11637168932,0.017298339,-0.029698246,0.550108880,-1.190913,-0.248240,9.953330
11642610455,0.018833302,-0.027486114,0.547409891,-1.134383,-0.157314,9.881206
11647855881,0.018887368,-0.033230074,0.551060127,-1.115532,-0.181540,9.887946
11653033569,0.017447194,-0.029372983,0.549593415,-1.117070,-0.192865,9.868297
11657725953,0.021039468,-0.032053842,0.550848185,-1.139244,-0.153526,9.893117
11663167095,0.021746427,-0.026575783,0.544926175,-1.132731,-0.301718,9.918872
11668196002,0.021685962,-0.031733010,0.553386014,-1.152536,-0.186678,9.871440
11673212097,0.018204970,-0.026723406,0.549966412,-1.159182,-0.251245,9.877435
11678178265,0.021760224,-0.029100524,0.549111937,-1.212472,-0.226581,9.856594
11682834637,0.019851407,-0.031813007,0.547167180,-1.109010,-0.224363,9.975153
11688233608,0.022923020,-0.029472985,0.551050191,-1.139070,-0.246042,9.924470
11693336841,0.023441511,-0.032290641,0.552424678,-1.116061,-0.170787,9.926566
11698215137,0.016726773,-0.030492900,0.549499570,-1.102593,-0.270265,9.912253
11703556925,0.021611459,-0.032763080,0.552125712,-1.121733,-0.260028,9.880742
11708841339,0.021981600,-0.032287668,0.549658295,-1.207197,-0.290023,9.869380
11713375852,0.016466322,-0.031066719,0.553140479,-1.104390,-0.065667,9.794484
11718328477,0.021557376,-0.032550001,0.550650669,-1.119872,-0.147246,9.932282
11723477938,0.019748910,-0.030315414,0.549048398,-1.071723,-0.235523,9.885951
11728380046,0.019665266,-0.032440356,0.547867160,-1.087787,-0.151809,9.885702
11733177162,0.020369681,-0.031988268,0.552393791,-1.212022,-0.228908,9.847821
11737852531,0.021431691,-0.033877250,0.545962357,-1.294836,-0.254158,9.933971
11742551803,0.016526126,-0.028173395,0.551132664,-1.164674,-0.212616,9.898249
11747204685,0.019962007,-0.033141725,0.546857571,-1.157571,-0.163143,9.808593
11752168051,0.022725626,-0.027529165,0.551673150,-1.135762,-0.232889,9.860060
11757575699,0.020132474,-0.027845868,0.548289278,-1.121614,-0.297359,9.941019
11762150917,0.020845760,-0.028862960,0.549216211,-1.166090,-0.144637,9.933306
11766719030,0.022579302,-0.030159589,0.552559039,-1.185001,-0.227545,9.946454
11771283843,0.018562169,-0.029374683,0.548935910,-1.167979,-0.249327,9.833468
11775824409,0.018765181,-0.029880437,0.549556905,-1.268585,-0.206033,9.937850
11780410349,0.016453849,-0.028932929,0.550931634,-1.134906,-0.210816,9.780480
11785830399,0.020196857,-0.031031759,0.549572348,-1.111267,-0.098058,9.958539
11790492158,0.019574908,-0.028983402,0.551063796,-1.203773,-0.239680,9.965060
11795509185,0.018369956,-0.024904778,0.552569644,-1.113487,-0.222310,9.966907
11800424667,0.019194190,-0.032950567,0.551806091,-1.195789,-0.112220,9.833172
11805732394,0.017190610,-0.027706074,0.547946173,-1.142735,-0.276459,10.001466
11811077654,0.023094670,-0.031704335,0.548200533,-1.145116,-0.128291,9.910252
11816218043,0.019858265,-0.030278016,0.548578999,-1.131485,-0.251885,10.028412
11821450812,0.020786922,-0.031604295,0.551689440,-1.092550,-0.162755,9.948149
11826256914,0.018084189,-0.030989504,0.549543890,-1.113211,-0.156991,9.937969
11831062810,0.021893657,-0.032543850,0.550006027,-1.081207,-0.259937,9.897250
11836166234,0.017011625,-0.027897403,0.547772431,-1.253247,-0.040755,9.905813
11840700651,0.020827343,-0.028587475,0.547604824,-1.134303,-0.220859,9.942407
11845661235,0.020699211,-0.034330451,0.548352645,-1.066992,-0.128054,9.891056
11850865885,0.020038198,-0.032774251,0.551940571,-1.178262,-0.151253,10.007121
11855664941,0.015641091,-0.027352209,0.552231368,-1.074214,-0.214176,9.935649
11861008929,0.019897209,-0.029420857,0.549236587,-1.155520,-0.249298,9.927224
11865696999,0.021207993,-0.028284892,0.549750083,-1.144861,-0.173196,9.978508
11870885630,0.019239680,-0.029964628,0.554121640,-1.165401,-0.197610,9.874632
11876321090,0.020449622,-0.029287328,0.548472447,-1.163345,-0.188496,9.836347
11881452717,0.023517709,-0.030160475,0.552132932,-1.099949,-0.130536,9.872619
11886823515,0.022365694,-0.029010679,0.550940222,-1.146077,-0.170881,9.847179
11892234673,0.021821228,-0.031305998,0.550874687,-1.142483,-0.219869,9.855348
11897390644,0.019681608,-0.026886094,0.552941235,-1.102381,-0.144208,9.885786
11902389180,0.017926347,-0.029747218,0.549050421,-1.146184,-0.208178,9.861813
11907645598,0.019201889,-0.025218950,0.548498605,-1.135839,-0.172990,9.916276
11912404931,0.019107316,-0.030236492,0.550609037,-1.164406,-0.244643,9.900017
11917900689,0.018287782,-0.031316185,0.549151639,-1.204917,-0.138472,9.943997
11923115869,0.020173980,-0.027648799,0.551536843,-1.180434,-0.150024,9.901906
11927666434,0.019647571,-0.033215865,0.547551179,-1.078836,-0.221310,9.882599
11932915304,0.014335959,-0.030801970,0.548729507,-1.140949,-0.127809,9.961147
11937988987,0.020549812,-0.025853661,0.550410362,-1.169209,-0.250804,9.923281
11943075764,0.019794296,-0.028997517,0.549313895,-1.174996,-0.150188,9.867432
11948433752,0.020885325,-0.027533363,0.554732539,-1.137909,-0.216766,9.935947
11953635307,0.020650415,-0.027879770,0.551346702,-1.204445,-0.139117,9.837585
11958452600,0.019681099,-0.033690204,0.550359378,-1.206191,-0.159089,9.907749
11963531585,0.019288222,-0.029393914,0.548821353,-1.091400,-0.216688,9.914032
11968613871,0.020285606,-0.030779336,0.549606478,-1.121547,-0.206948,9.914164
11973403633,0.019765213,-0.029658163,0.547123805,-1.056750,-0.177290,9.932959
11978468906,0.021363617,-0.030497190,0.551578146,-1.126376,-0.211361,9.871704
11983229951,0.021777732,-0.027735072,0.549541834,-1.100902,-0.135736,9.948421
11988575892,0.018256336,-0.028974227,0.550471130,-1.075566,-0.195017,9.843533
11993480954,0.019472940,-0.026825215,0.550576290,-1.177562,-0.153180,9.949609
11998154264,0.020879512,-0.027961438,0.547451965,-1.248867,-0.189670,9.929876
12003482080,0.021284060,-0.030780111,0.550121180,-1.180096,-0.278726,9.870510
12008680052,0.019079326,-0.027130235,0.552886201,-1.087116,-0.180371,9.943903
12013685774,0.022334945,-0.033468991,0.549777193,-1.189572,-0.189604,9.921321
12018546196,0.019877220,-0.032613810,0.548921885,-1.173340,-0.318971,9.858698
12023572776,0.019409825,-0.028080050,0.553627935,-1.182951,-0.153057,9.989348
12028106877,0.022232600,-0.031456666,0.546436449,-1.150279,-0.108436,9.875635
12033552976,0.018842731,-0.032463475,0.550013506,-1.076216,-0.137127,9.815232
12038847824,0.019984628,-0.030727793,0.549985291,-1.192922,-0.274637,9.954507
12044292334,0.020897227,-0.029029980,0.552863295,-1.222825,-0.169812,9.859780
12049238180,0.022415689,-0.026284696,0.548138004,-1.213058,-0.228624,9.916810
12054201226,0.014351512,-0.027370683,0.548236892,-1.216506,-0.141345,9.892794
12058952008,0.019298917,-0.027500692,0.550958489,-1.161916,-0.136831,9.893681
12064152233,0.021370707,-0.029911626,0.551827933,-1.169823,-0.282074,9.964949
12069215751,0.020638788,-0.025241642,0.547051525,-1.180643,-0.170877,9.884254
12074470894,0.020884788,-0.030355515,0.549937863,-1.073783,-0.203026,9.973217
12079548188,0.016139700,-0.032845859,0.547317832,-1.097555,-0.255076,9.969689
12084283772,0.020190918,-0.027822930,0.547639394,-1.023063,-0.147352,9.913353
12088813557,0.017674066,-0.029731489,0.551052374,-1.033603,-0.193378,9.904398
12094146460,0.019423231,-0.031104339,0.551141429,-1.136246,-0.197371,9.887655
12098836219,0.021594258,-0.030855894,0.547780889,-1.110836,-0.219486,9.925562
12104015164,0.022928706,-0.033631956,0.549450270,-1.164839,-0.191152,9.953701
12108683504,0.020263224,-0.031332057,0.551987573,-1.226070,-0.155417,9.899811
12114071486,0.020543528,-0.032337527,0.546110377,-1.153352,-0.121871,9.913300
12119301555,0.019172246,-0.030028087,0.551037078,-1.216565,-0.178888,9.889955
12124786145,0.021530869,-0.029208308,0.547739838,-1.183024,-0.142215,9.885398
12129927371,0.018364482,-0.027675993,0.547255977,-1.137670,-0.126867,9.941541
12134603968,0.017258593,-0.030801130,0.552165004,-1.104749,-0.248738,9.872234
12139417352,0.018522222,-0.029994469,0.548946825,-1.204288,-0.223613,9.943182
12144738040,0.020494984,-0.028762210,0.550170418,-1.122249,-0.081567,9.948178
12149412202,0.020089038,-0.027505580,0.549629133,-1.176411,-0.128018,9.929479
12154666428,0.020369585,-0.024617339,0.546917851,-1.158254,-0.123837,9.981943
12159686137,0.018191737,-0.031655926,0.549238586,-1.134625,-0.204027,9.933349
12165148521,0.023000986,-0.028934338,0.549315186,-1.204157,-0.154797,9.956599
12169678458,0.020845963,-0.030839383,0.549994502,-1.229224,-0.145617,9.981134
12175102696,0.019361909,-0.029154918,0.546573856,-1.198572,-0.130410,9.964582
12180439962,0.023744396,-0.029591709,0.551472665,-1.205869,-0.127744,9.882637
12185154690,0.018427582,-0.029580939,0.551255085,-1.131419,-0.287822,10.039776
12190650245,0.020725757,-0.031017725,0.547362970,-1.105531,-0.197536,9.860206
12195394804,0.019307599,-0.033137329,0.547239967,-1.136217,-0.131445,9.851071
12200032918,0.018678958,-0.029865764,0.551765522,-1.136647,-0.160993,9.970157
12204959392,0.021587692,-0.032045926,0.550820106,-1.210868,-0.219289,9.867257
12209836969,0.018243762,-0.030370104,0.548011553,-1.152340,-0.165531,9.891076
12215100294,0.017148856,-0.029145043,0.552764654,-1.193089,-0.159008,9.867965
12220316630,0.016214146,-0.028916556,0.551030402,-1.108956,-0.204791,9.948128
12224876005,0.018974612,-0.033616036,0.549244974,-1.100541,-0.187980,9.788873
12229925469,0.019084418,-0.028120903,0.548414194,-1.050361,-0.237689,9.852272
12234874008,0.018354343,-0.031015749,0.549868279,-1.189359,-0.154858,9.873080
12239796935,0.020304297,-0.030482427,0.548716552,-1.123881,-0.211411,9.913793
12244549146,0.021892046,-0.033945142,0.547821796,-1.085162,-0.147653,9.882903
12249978643,0.020480769,-0.025708487,0.551905314,-1.165724,-0.100392,9.875844
12254812115,0.021179682,-0.029059387,0.549914163,-1.168242,-0.177164,9.978833
12259864479,0.018795191,-0.031213687,0.550386995,-1.124023,-0.196756,9.946078
12265120567,0.022083427,-0.030568403,0.550314548,-1.065597,-0.154550,9.962778
12270435832,0.019259475,-0.030387025,0.555212032,-1.200944,-0.149106,9.953811
12275881409,0.018712546,-0.030587126,0.546967249,-1.145699,-0.163686,9.951796
12280757576,0.024648929,-0.029410687,0.549914332,-1.109293,-0.285524,9.818717
12285373730,0.016693143,-0.027977623,0.549214597,-1.142193,-0.181549,9.895584
12290163904,0.020210417,-0.032566157,0.546784232,-1.184994,-0.217421,9.939651
12294877849,0.022289930,-0.029499878,0.550002705,-1.108641,-0.223189,9.920361
12299426405,0.021188125,-0.030770701,0.548191156,-1.124155,-0.252515,9.867927
12304229238,0.024124715,-0.032236444,0.550069809,-1.170295,-0.198819,9.933719
12308977155,0.020986369,-0.026410010,0.552307480,-1.211814,-0.238882,9.861938
12314382948,0.019494825,-0.030723252,0.551550192,-1.225460,-0.238791,9.916961
12319479925,0.019987737,-0.027498660,0.552189282,-1.124823,-0.244750,9.872683
12324811352,0.016677266,-0.030660025,0.547916625,-1.131834,-0.226140,9.902834
12329493093,0.021225865,-0.031353892,0.549315349,-1.132781,-0.129482,9.957385
12334550602,0.018014597,-0.027911388,0.552065249,-1.067315,-0.186654,10.021238
12339141388,0.018720022,-0.030673824,0.550241540,-1.144624,-0.216260,9.970166
12344499414,0.022954745,-0.026859099,0.548005778,-1.145196,-0.155042,9.945350
12349064786,0.019077064,-0.031279485,0.550888501,-1.187912,-0.194513,10.023257
12354267995,0.019094939,-0.031436556,0.549200617,-1.127085,-0.283298,9.942597
12358853873,0.019456172,-0.029046402,0.554600615,-1.114086,-0.204166,9.878257
12363861720,0.016692912,-0.029837244,0.553274889,-1.198594,-0.242128,9.869861
12368976855,0.020138669,-0.028064567,0.549760177,-1.123502,-0.127939,9.888560
12373830841,0.020752659,-0.031280144,0.550505207,-1.178408,-0.192257,9.965620
12378576658,0.021176763,-0.031025569,0.547668583,-1.113595,-0.203245,9.941662
12383857796,0.019374819,-0.026633359,0.549834425,-1.234568,-0.175834,9.860495
12388867979,0.021221581,-0.031115389,0.552876070,-1.210193,-0.304543,9.847210
12393702215,0.023257927,-0.032678360,0.550589925,-1.152734,-0.116348,9.879797
12398672285,0.020720274,-0.031147204,0.548251456,-1.158868,-0.118897,10.004736
12403600088,0.020509659,-0.026731393,0.551365909,-1.168365,-0.167996,9.893604
12408377855,0.019732022,-0.032968356,0.546153688,-1.210387,-0.218418,9.950543
12413450461,0.018610153,-0.030620374,0.555289318,-1.091236,-0.257339,9.865462
12418395736,0.021825526,-0.028767994,0.550480993,-1.116729,-0.120260,9.904881
12423493908,0.018655115,-0.032759284,0.548060079,-1.100573,-0.269951,9.998552
12428729901,0.020809445,-0.032877986,0.550403121,-1.102432,-0.223411,9.891370
12433881408,0.022576223,-0.027615470,0.548835809,-1.188332,-0.223872,9.887146
12439232849,0.023788186,-0.030749346,0.549627517,-1.132555,-0.186193,9.953192
12444595591,0.018691931,-0.029491580,0.545403348,-1.086350,-0.213179,9.916319
12449798436,0.018168261,-0.030314160,0.550314149,-1.161707,-0.237613,9.913329
12454732890,0.018315027,-0.032589836,0.549805854,-1.209838,-0.186939,9.827168
12459795925,0.022944080,-0.030327536,0.547319103,-1.124938,-0.109568,9.897119
12465208130,0.019210772,-0.031682752,0.550548561,-1.196752,-0.199006,9.853625
12470681186,0.018819354,-0.028107461,0.550535766,-1.169392,-0.228810,10.040723
12475955657,0.020861684,-0.028011718,0.548488776,-1.149283,-0.193744,9.957308
12481180939,0.016967343,-0.030348464,0.549641190,-1.120964,-0.234789,9.848058
12485694514,0.018792543,-0.028617578,0.546260106,-1.226409,-0.128037,9.840312
12490363846,0.020465675,-0.030613701,0.550663250,-1.057555,-0.088862,9.944088
12495406137,0.019182416,-0.029546499,0.554358611,-1.206946,-0.234263,9.900283
12499936664,0.021509604,-0.029071248,0.547607051,-1.218595,-0.201402,9.879183
12504622086,0.025318289,-0.027371770,0.552878383,-1.192605,-0.143214,9.934895
12509832481,0.018694195,-0.028149712,0.549819194,-1.095335,-0.183549,9.998084
12515262577,0.019593081,-0.029558646,0.546714464,-1.152904,-0.175849,9.849950
12519882139,0.019265942,-0.029185165,0.550222354,-1.005938,-0.183232,9.889534
12524426958,0.016438765,-0.029442076,0.544989256,-1.145337,-0.258257,9.931022
12529857239,0.019666856,-0.028763323,0.549698329,-1.095142,-0.224895,9.804642
12534887153,0.017635827,-0.031853629,0.549422590,-1.095507,-0.122885,9.862585
12539613651,0.019048597,-0.027118548,0.548490796,-1.207167,-0.278139,9.948227
12544172203,0.021890173,-0.029708038,0.550149860,-1.133610,-0.165905,9.920017
12549651294,0.021485689,-0.026039196,0.550345845,-1.162664,-0.171256,9.993950
12554306581,0.019636053,-0.027308568,0.549154852,-1.182864,-0.174036,9.916703
12559484727,0.018705909,-0.022355208,0.550395065,-1.244191,-0.118919,9.949711
12564295314,0.021334748,-0.032220351,0.550387268,-1.181322,-0.281635,9.940639
12569679753,0.019099958,-0.031709386,0.548608942,-1.065070,-0.160924,9.901058
12574957211,0.020651464,-0.029799010,0.550915176,-1.154613,-0.161150,9.856820
12580191287,0.019906225,-0.031765218,0.549272815,-1.251600,-0.203561,9.964264
12585272727,0.017705187,-0.033595153,0.547947216,-1.192494,-0.204329,9.955941
12589954369,0.020886024,-0.032632585,0.550675345,-1.136723,-0.235541,9.896739
12595019288,0.020894374,-0.030237537,0.551518693,-1.206797,-0.200213,9.889003
12599925721,0.019468309,-0.030679767,0.549644188,-1.128313,-0.223525,9.922240
12604775927,0.019376458,-0.028081619,0.550149525,-1.224183,-0.262027,9.894110
12610112335,0.018594437,-0.032815679,0.551348606,-1.137661,-0.253022,9.933117
12615469761,0.020878315,-0.033235230,0.547948853,-1.107945,-0.208853,10.001123
12619996060,0.019743623,-0.031661726,0.551622496,-1.146129,-0.259242,9.963340
12624750933,0.017240603,-0.030687466,0.552785247,-1.047770,-0.160906,9.941505
12629740301,0.019247331,-0.034071694,0.547971627,-1.112333,-0.271409,9.867331
12634991063,0.022040596,-0.033215742,0.547120249,-1.210383,-0.163316,9.866057
12640413885,0.022544108,-0.032055545,0.550928845,-1.129561,-0.189628,9.923655
12645363362,0.022412488,-0.034035124,0.550511708,-1.153885,-0.231636,9.940272
12650858524,0.016042591,-0.025114200,0.546610005,-1.166320,-0.170869,9.863003
12655749568,0.019988473,-0.029543737,0.553833587,-1.195169,-0.119008,9.896181
12660511630,0.023999656,-0.033387617,0.550320643,-1.094169,-0.186693,9.974536
12665244176,0.020963037,-0.027109936,0.551249102,-1.125658,-0.204300,9.937006
12670011288,0.021915384,-0.027935554,0.549949735,-1.186363,-0.279868,9.865999
12674663277,0.023494978,-0.028322758,0.547514564,-1.106129,-0.224828,9.829315
12679492932,0.018674791,-0.030922172,0.545099880,-1.194994,-0.239495,9.912929
12684847318,0.019361361,-0.027902698,0.553067230,-1.193399,-0.230669,9.910678
12690088195,0.022816189,-0.030049364,0.553221378,-1.145278,-0.190416,9.955276
12695179840,0.018033778,-0.032846999,0.549334440,-1.226313,-0.196312,9.848653
12700000139,0.019654879,-0.031355036,0.547668179,-1.092765,-0.225872,9.942618
12705337767,0.019566786,-0.029800231,0.547571759,-1.239909,-0.222532,9.957103
12710434737,0.019255056,-0.029802979,0.550923457,-1.177734,-0.276190,9.945479
12715416507,0.023061607,-0.028396094,0.548088614,-1.099032,-0.172002,9.868007
12720058438,0.018859986,-0.028820025,0.550567496,-1.156158,-0.185930,9.934264
12724722951,0.024577431,-0.032199374,0.549230263,-1.207938,-0.170270,9.955942
12729400021,0.019047280,-0.030301979,0.548532254,-1.173332,-0.211903,9.920185
12734123444,0.021590588,-0.029063369,0.547378653,-1.097303,-0.141165,9.947139
12738669922,0.020431559,-0.027871285,0.552425222,-1.046663,-0.246676,9.909433
12743577440,0.021131251,-0.028285555,0.548847786,-1.159165,-0.220080,9.889453
12748825620,0.017099518,-0.028397172,0.549784031,-1.169277,-0.230760,9.893326
12754269710,0.025132512,-0.026975119,0.548778800,-1.114050,-0.304750,9.993100
12758959178,0.017460871,-0.030115407,0.552812060,-1.131600,-0.286141,9.917256
12763472341,0.024320910,-0.029609103,0.551991483,-1.151173,-0.305223,9.952017
12768476382,0.021754343,-0.026198885,0.550454202,-1.155623,-0.210890,9.944422
12773547834,0.017724338,-0.028142955,0.551152827,-1.167257,-0.198486,9.877848
12778856399,0.017639516,-0.026345441,0.550771998,-1.066075,-0.168735,9.931771
12784239336,0.020008371,-0.031377647,0.548953807,-1.172340,-0.225477,9.874570
12789193513,0.020756483,-0.032380603,0.548817631,-1.199367,-0.122252,9.930781
12794435016,0.020944147,-0.032678977,0.546979693,-1.105646,-0.176847,9.901121
12799400765,0.020448735,-0.033140981,0.548737959,-1.164685,-0.228906,9.877005
12804559219,0.016230694,-0.032875463,0.549724329,-1.169890,-0.220731,9.915259
12809910018,0.026020096,-0.030650634,0.550369730,-1.088340,-0.183604,9.911404
12814927832,0.015991698,-0.031242522,0.547938639,-1.142609,-0.125634,9.878459
12820028381,0.023230484,-0.031366603,0.547885305,-1.087237,-0.165314,9.988746
12825010176,0.019396460,-0.026982066,0.553960332,-1.148284,-0.143339,9.847588
12830127565,0.020102463,-0.028561368,0.547090876,-1.244749,-0.238544,9.855695
12835069918,0.018052541,-0.030080739,0.546357215,-1.089988,-0.232747,9.908528
12840054203,0.019015289,-0.031595266,0.549521996,-1.161144,-0.169174,9.889886
12844899739,0.016280479,-0.027180275,0.552696550,-1.194728,-0.192275,9.917889
12849997704,0.020580816,-0.031940114,0.552068759,-1.152006,-0.164268,10.015775
12855342687,0.019711648,-0.029890913,0.549238465,-1.136861,-0.167030,9.868237
12859981264,0.015721714,-0.033243393,0.549764757,-1.072828,-0.114516,9.952339
12865009887,0.021911937,-0.033115711,0.549872848,-1.111955,-0.205579,9.949532
12869884247,0.017821958,-0.033930699,0.548219243,-1.188584,-0.112589,10.049515
12875170105,0.023255972,-0.026769450,0.550553129,-1.152554,-0.223167,9.887723
12879945606,0.017752692,-0.033945746,0.547308407,-1.144476,-0.185816,9.835047
12884955168,0.018459843,-0.032867235,0.551236340,-1.078338,-0.163471,9.766652
12890034136,0.025313021,-0.027532332,0.548688237,-1.236245,-0.162029,9.867472
12895309273,0.019262959,-0.030552065,0.545676694,-1.272526,-0.235052,9.907457
12900234514,0.022396712,-0.028118174,0.547651628,-1.142218,-0.154435,9.872243
12905081415,0.019126533,-0.031638659,0.551239860,-1.111567,-0.110937,9.954945
12909757827,0.018329408,-0.027279883,0.551036488,-1.161545,-0.245876,9.817136
12914873509,0.020667953,-0.029841581,0.552116237,-1.201053,-0.168417,9.988840
12920146155,0.017829246,-0.030246092,0.550756473,-1.160625,-0.162502,9.948963
12925218234,0.018971871,-0.030886549,0.549431295,-1.127776,-0.092255,9.893913
12930701451,0.020109079,-0.031918013,0.553004087,-1.121475,-0.188775,9.967712
12936099239,0.019220351,-0.031780452,0.548582606,-1.169975,-0.230634,9.921238
12941018945,0.017546449,-0.031218271,0.547806817,-1.082452,-0.281732,9.855024
12946193171,0.020942728,-0.031127745,0.549942022,-1.089717,-0.295102,9.914401
12951335763,0.018764066,-0.029536001,0.550738552,-1.152403,-0.195222,9.814480
12956529680,0.021007232,-0.030549071,0.549900744,-1.143745,-0.234929,9.880791
12961783177,0.017405775,-0.029078619,0.547155997,-1.170275,-0.195013,9.969052
12966795367,0.019417552,-0.032073682,0.554986631,-1.063239,-0.214803,9.888346
12971942000,0.017902257,-0.035264884,0.549016023,-1.252413,-0.291447,9.879947
12977093364,0.020315393,-0.032116501,0.547834817,-1.056483,-0.189512,9.804366
12982556624,0.018563061,-0.031128256,0.548788183,-1.093755,-0.188968,9.954637
12987517210,0.020177375,-0.032095206,0.549876003,-1.090882,-0.188014,9.960887
12992951511,0.022955642,-0.030174188,0.549037661,-1.129187,-0.120669,9.860794
12997467691,0.020098687,-0.028305406,0.552103555,-1.079979,-0.210942,9.967219
13002006250,0.019794644,-0.032866855,0.550294061,-1.072170,-0.140717,9.928731
13006861253,0.018311219,-0.032184799,0.551333663,-1.200514,-0.191036,9.883562
13011737715,0.016538806,-0.033297922,0.549192761,-1.152670,-0.203437,9.877560
13016648936,0.019257672,-0.030535174,0.548374564,-1.180618,-0.239254,9.884487
13021907019,0.018390394,-0.028128329,0.551029958,-1.102747,-0.225376,9.890867
13026905344,0.018563224,-0.028447505,0.549071954,-1.213128,-0.196157,9.956250
13032076028,0.021601635,-0.031325400,0.548518852,-1.151225,-0.202089,9.925047
13037036113,0.019247888,-0.030635134,0.548788058,-1.164730,-0.150827,9.856251
13041737733,0.022483250,-0.030188366,0.547250830,-1.185378,-0.172965,9.931233
13047106618,0.021659397,-0.030535320,0.545901099,-1.216253,-0.224230,9.771663
13052165501,0.020652793,-0.031004658,0.550583938,-1.196364,-0.257417,9.929349
13057307277,0.023727875,-0.032779467,0.548571555,-1.177849,-0.091544,9.849504
13062460825,0.021545500,-0.029955718,0.552397071,-1.125532,-0.128234,9.856709
13067548228,0.018720857,-0.031313636,0.549039462,-1.154750,-0.213286,9.847004
13072748219,0.022956316,-0.027278887,0.550621007,-1.162641,-0.158383,9.950691
13077699117,0.021038231,-0.028993132,0.547478680,-1.114372,-0.267700,9.969523
13082238098,0.021064749,-0.027238225,0.552508257,-1.118662,-0.188636,9.992121
13087300896,0.019245528,-0.030223445,0.549580377,-1.149207,-0.208788,9.928365
13092749803,0.020219602,-0.028869115,0.550114085,-1.201652,-0.192399,9.906063
13097256157,0.019789591,-0.030620134,0.548432859,-1.152466,-0.247366,9.885989
13102294721,0.021963588,-0.029498535,0.549311264,-1.115479,-0.169890,9.886669
13106813676,0.022119679,-0.030338359,0.552063657,-1.142190,-0.129428,9.896241
13111768706,0.021833535,-0.026866941,0.550209969,-1.151366,-0.202792,9.826136
13116980094,0.020417666,-0.031138190,0.550297685,-1.146917,-0.256205,9.811767
13122082536,0.021783293,-0.031653975,0.550206391,-1.180412,-0.163945,9.797022
13126950947,0.019960379,-0.031911147,0.549238897,-1.134885,-0.252365,9.933319
13132087509,0.021141917,-0.027694180,0.547752898,-1.243667,-0.246253,9.873129
13137168971,0.022472923,-0.031995981,0.551038294,-1.112716,-0.218641,10.012915
13142539028,0.020255398,-0.029199176,0.549338227,-1.119376,-0.142553,9.949629
13147590966,0.021584396,-0.033290376,0.548325851,-1.129022,-0.183555,9.862731
13152942081,0.016382368,-0.032525923,0.549501653,-1.204656,-0.158110,9.951083
13157445464,0.021149922,-0.035224405,0.554320278,-1.144116,-0.179511,9.981568
13162711791,0.020281224,-0.031982561,0.550373730,-1.099277,-0.279612,9.871884
13167656603,0.021221010,-0.030402252,0.549804692,-1.196505,-0.154227,10.001257
13172361585,0.022404796,-0.030142397,0.551387798,-1.234144,-0.173890,9.891918
13177511810,0.021142100,-0.031842630,0.548606694,-1.211314,-0.239367,9.899854
13182613359,0.021216229,-0.029982951,0.553006761,-1.210938,-0.219040,9.823508
13187805392,0.021168644,-0.028548435,0.552237156,-1.155493,-0.141245,9.944408
13192942975,0.019379611,-0.032988699,0.550987965,-1.173455,-0.202934,9.894260
13197476481,0.019375908,-0.030345831,0.549173731,-1.150811,-0.152135,9.832778
13202160874,0.022572050,-0.025559702,0.550516138,-1.000483,-0.209125,9.988234
13207432609,0.023296352,-0.027968786,0.547965619,-1.158157,-0.173525,9.893053
13212173319,0.017148352,-0.029887727,0.552402087,-1.175816,-0.233286,9.907318
13217397881,0.021659924,-0.030953507,0.551072657,-1.081003,-0.120298,9.901153
13222269163,0.015862365,-0.029101765,0.552119077,-1.216374,-0.185204,9.909338
13227418949,0.021396052,-0.035195965,0.551401479,-1.175891,-0.192220,9.861992
13232586201,0.019546358,-0.031966522,0.547385026,-1.115663,-0.174916,9.861155
13237560623,0.021056116,-0.030749739,0.548978251,-1.125209,-0.188441,9.891398
13242968205,0.022331415,-0.031127110,0.547383244,-1.141809,-0.204582,9.925433
13247943326,0.018468945,-0.034143187,0.551306336,-1.197663,-0.171316,9.960777
13253180829,0.023825898,-0.028919111,0.549179056,-1.149644,-0.200409,9.858250
13258364591,0.019384159,-0.031827487,0.551251146,-1.199589,-0.203944,9.949967
13263581133,0.021271100,-0.032637997,0.548503754,-1.158677,-0.255181,9.933362
13268553887,0.017575715,-0.026518638,0.549455774,-1.202750,-0.230750,9.919110
13273790199,0.018457446,-0.029416117,0.550258751,-1.147331,-0.144899,9.981609
13278881184,0.020407500,-0.030297035,0.551629631,-1.155580,-0.169877,9.858238
13283804730,0.022724909,-0.029174508,0.553491943,-1.203669,-0.222037,9.889054
13288857184,0.017418520,-0.028930781,0.548313849,-1.146692,-0.272578,9.898958
13293536426,0.021051742,-0.028003384,0.546369681,-1.130782,-0.248948,9.955359
13298736860,0.019853829,-0.027857413,0.554775438,-1.136626,-0.194949,9.922247
13303762267,0.019226982,-0.028882217,0.551415244,-1.155061,-0.275474,9.877615
13308630810,0.014591903,-0.028564612,0.549405829,-1.112130,-0.231711,9.932900
13313486025,0.019598029,-0.031521790,0.550789101,-1.095559,-0.146765,9.915245
13318661872,0.021420709,-0.031273484,0.547249414,-1.181294,-0.146251,9.907988
13323790046,0.017653728,-0.032481200,0.548568356,-1.064249,-0.160720,9.860367
13328392988,0.017853017,-0.031332382,0.552543831,-1.155119,-0.223184,9.900368
13333747264,0.025670619,-0.030105636,0.551465408,-1.141286,-0.150063,9.880470
13338962065,0.017415915,-0.032592336,0.546491465,-1.167228,-0.278720,9.839045
13343839624,0.020181846,-0.031703433,0.550161290,-1.162375,-0.232423,9.963159
13348455090,0.018467332,-0.028266965,0.550866010,-1.110730,-0.190409,9.866327
13352983848,0.021105828,-0.033488673,0.553372831,-1.170920,-0.250750,9.949875
13357918351,0.019969221,-0.029199017,0.549122854,-1.154775,-0.246113,9.878939
13362832848,0.016333839,-0.027702379,0.549664614,-1.105069,-0.160597,9.887308
13367947046,0.019954946,-0.030450528,0.545906494,-1.147927,-0.079177,9.837091
13373323108,0.021674414,-0.027933538,0.550249742,-1.125758,-0.314885,9.947439
13378282963,0.019142480,-0.029173946,0.553094669,-1.160543,-0.174400,9.922874
13383356086,0.022706060,-0.030128026,0.548121192,-1.229885,-0.189112,9.947395
13388797320,0.021039279,-0.029916605,0.549629603,-1.100102,-0.218071,9.848585
13394170844,0.022242227,-0.029873660,0.552569454,-1.078649,-0.205980,9.948095
13399001257,0.019699399,-0.028005595,0.551339654,-1.201076,-0.189700,9.878965
13403706934,0.022587160,-0.030239049,0.549056327,-1.134370,-0.166468,9.779274
13408413954,0.023901117,-0.028724794,0.549649786,-1.166948,-0.176486,9.980706
13413393790,0.022555963,-0.028805111,0.550000025,-1.248906,-0.277570,9.922776
13418738167,0.022985254,-0.031356026,0.550715861,-1.218888,-0.258255,9.882501
13423689305,0.018159858,-0.026942041,0.552621388,-1.193667,-0.221127,9.976850
13428244302,0.018352183,-0.029382858,0.552082972,-1.033146,-0.129983,9.879697
13432995977,0.021714996,-0.031671445,0.551202342,-1.076038,-0.260954,9.902248
13437582098,0.021975967,-0.028474034,0.550958591,-1.152236,-0.130298,9.893774
13442378413,0.021743534,-0.028032394,0.549697808,-1.191917,-0.233564,9.885522
13447855810,0.021551596,-0.028636732,0.552551349,-1.131639,-0.242358,9.887494
13453217593,0.017223213,-0.029045735,0.549521646,-1.172496,-0.211771,9.933412
13458163631,0.017896092,-0.029383413,0.550946256,-1.170377,-0.196867,9.912947
13463565056,0.020860160,-0.028918918,0.550023700,-1.191683,-0.235175,9.916178
13468748849,0.019206990,-0.028960978,0.548133093,-1.126670,-0.265187,9.856255
13474109794,0.021257123,-0.030246532,0.547801884,-1.086827,-0.162607,9.895905
13479563303,0.019005138,-0.032169018,0.549872111,-1.118822,-0.155719,9.831241
13484508690,0.024991877,-0.027680924,0.552922524,-1.185671,-0.183599,9.894675
13489738856,0.022207025,-0.029817112,0.552105262,-1.068516,-0.188107,9.951586
13494466193,0.020499104,-0.032156936,0.550703502,-1.186910,-0.165985,9.906988
13499755176,0.021335175,-0.029528023,0.550497390,-1.160927,-0.173025,9.971773
13505238433,0.017979819,-0.026667556,0.547364080,-1.187640,-0.172738,9.925927
13510737333,0.017980849,-0.031357634,0.548819870,-1.173758,-0.201848,9.900615
13515558329,0.019739630,-0.030193479,0.551391636,-1.235443,-0.199419,9.914823
13521057022,0.017285338,-0.027553923,0.546594205,-1.122428,-0.144897,9.897849
13526462887,0.023314725,-0.027121111,0.549134765,-1.123447,-0.163926,9.909877
13531817638,0.024059503,-0.029991776,0.547811658,-1.218758,-0.238384,9.969578
13537239023,0.018001088,-0.031049244,0.551922227,-1.171640,-0.202739,9.860524
13541983450,0.021381591,-0.025553149,0.550300395,-1.165086,-0.160008,9.948690
13547349259,0.022864257,-0.027965596,0.547698914,-1.145663,-0.138591,9.837608
13552156439,0.020059938,-0.027814261,0.551247776,-1.191998,-0.251408,9.944236
13556663980,0.020767000,-0.029991573,0.551784162,-1.129091,-0.223013,9.931414
13561543820,0.022922394,-0.030254838,0.551069883,-1.179674,-0.191638,9.868232
13566098496,0.020975689,-0.030064558,0.549872253,-1.198213,-0.134968,9.958388
13571528642,0.019951238,-0.026417554,0.545969547,-1.165048,-0.205977,9.961437
13576086883,0.021564663,-0.031123323,0.552181618,-1.157426,-0.168018,9.877337
13580981187,0.020691598,-0.033122843,0.547930749,-1.204666,-0.240559,9.878641
13586180418,0.015851684,-0.031090407,0.551310542,-1.111466,-0.146157,9.925707
13591086394,0.017071485,-0.027957426,0.545905059,-1.157777,-0.143908,9.911976
13596241864,0.022279950,-0.029445643,0.549475800,-1.217719,-0.225705,9.942012
13601182508,0.020046849,-0.029117034,0.549379152,-1.149809,-0.205309,9.923477
13606002044,0.018263131,-0.031301736,0.549014855,-1.247226,-0.214389,9.964394
13610785153,0.018733386,-0.027872341,0.552073000,-1.201514,-0.252781,10.001552
13615770029,0.015026466,-0.030786823,0.547924213,-1.133312,-0.299515,9.940289
13620860953,0.022542470,-0.029123343,0.550017232,-1.164624,-0.213392,9.927591
13625492926,0.018599135,-0.032375386,0.552132317,-1.182117,-0.167483,9.954511
13630348687,0.021975352,-0.031656567,0.547957065,-1.208772,-0.198154,9.876038
13634913746,0.016649654,-0.030430203,0.550640389,-1.241819,-0.326476,9.934818
13640310140,0.023150688,-0.032094897,0.548883507,-1.156672,-0.217636,9.853269
13645027882,0.023543310,-0.034020952,0.549189554,-1.189894,-0.228169,9.960810
13649832451,0.021166826,-0.031843774,0.546209941,-1.200593,-0.234921,9.991265
13654453563,0.019476186,-0.030496679,0.548034683,-1.122866,-0.162870,9.990710
13659301888,0.018045142,-0.028714178,0.548668613,-1.122727,-0.219621,9.873553
13663830018,0.017508881,-0.028499604,0.547933200,-1.177787,-0.229747,9.826185
13669131674,0.019812861,-0.035214467,0.551370489,-1.141380,-0.237240,9.957109
13674466685,0.019633102,-0.032493971,0.548251424,-1.122204,-0.184056,9.878153
13679590395,0.021459350,-0.029641053,0.545102214,-1.168207,-0.266237,9.877776
13684852977,0.019664540,-0.028097178,0.547227102,-1.105987,-0.173930,9.867351
13689821758,0.020877034,-0.030121560,0.553213741,-1.113503,-0.258511,9.988432
13695219416,0.020996114,-0.028823938,0.547671471,-1.197402,-0.184156,9.871501
13700666035,0.015097836,-0.030973218,0.547667047,-1.210400,-0.175859,9.960944
13705922392,0.019004006,-0.027159135,0.550344084,-1.163171,-0.184724,9.906672
13711347273,0.018156643,-0.028329006,0.552196345,-1.169322,-0.160980,9.887524
13716797968,0.021068524,-0.029701895,0.550422986,-1.083826,-0.219638,9.871952
13722106431,0.018646711,-0.031044086,0.550038044,-1.115671,-0.219269,9.929563
13727221541,0.020734413,-0.027492918,0.550182090,-1.099292,-0.158237,9.924671
13731789471,0.017865304,-0.030312866,0.547683384,-1.257526,-0.194635,9.956567
13736488567,0.018152548,-0.030350532,0.549647949,-1.200994,-0.242846,9.938277
13741445052,0.017710100,-0.034009352,0.549533119,-1.164120,-0.198944,9.936154
13746199760,0.017978781,-0.029548239,0.548314412,-1.215700,-0.286891,9.886818
13751613411,0.020488731,-0.029340672,0.550873629,-1.153371,-0.227109,9.914285
13756674346,0.020316950,-0.027347405,0.542504124,-1.141673,-0.215554,9.849946
13761804016,0.020520771,-0.029736188,0.547357220,-1.137361,-0.155638,9.941625
13766851844,0.018904685,-0.029125878,0.550708170,-1.135125,-0.088966,9.958059
13771810951,0.022209770,-0.030843087,0.547530673,-1.178306,-0.158573,9.982079
13776825222,0.023081735,-0.031485367,0.550658305,-1.130198,-0.294996,9.922590
13781750878,0.019854571,-0.029664501,0.549263019,-1.119991,-0.206258,10.063380
13786998533,0.019177283,-0.031921083,0.551798288,-1.136208,-0.192683,9.911461
13791872518,0.017961831,-0.028621681,0.550295210,-1.176919,-0.179806,9.877742
13796900876,0.021075325,-0.032982575,0.550698176,-1.119617,-0.174084,9.857087
13801951019,0.021033341,-0.028358889,0.548005272,-1.124624,-0.244424,9.959262
13807040505,0.019663364,-0.030862388,0.552826660,-1.216502,-0.068658,9.793380
13812027922,0.020924994,-0.031007395,0.548470350,-1.164367,-0.120572,9.890075
13816866054,0.021527928,-0.028485980,0.551035072,-1.234544,-0.169327,9.834491
13821979444,0.022271623,-0.031152225,0.552137175,-1.219086,-0.195592,9.988405
13826716408,0.023688872,-0.031830646,0.549038256,-1.085574,-0.205662,9.921755
13831416426,0.020700294,-0.029197457,0.550373691,-1.107128,-0.209802,9.829915
13836627880,0.019090113,-0.031800856,0.551160902,-1.195179,-0.149289,9.898258
13841315457,0.017030548,-0.030453108,0.549077986,-1.181991,-0.226208,9.908099
13846716361,0.018384322,-0.032135108,0.549260647,-1.159710,-0.216814,9.861323
13852137240,0.018308489,-0.028736270,0.551570561,-1.110228,-0.151726,9.996463
13857237804,0.018729520,-0.030063995,0.548543974,-1.233725,-0.174350,9.908024
13862155792,0.020302224,-0.028155823,0.550927004,-1.182357,-0.210327,9.864254
13866808989,0.019242601,-0.030044441,0.551840341,-1.042685,-0.118408,9.999627
13871612351,0.017873213,-0.026122156,0.550290132,-1.142138,-0.285733,9.951575
13876716553,0.019533743,-0.030176116,0.550195500,-1.165744,-0.185918,9.946040
13882078146,0.018279091,-0.030935985,0.552127756,-1.101637,-0.236252,9.946036
13886785109,0.022370155,-0.030793230,0.549237943,-1.141228,-0.189917,9.813796
13891806086,0.019837513,-0.032094759,0.549855264,-1.228017,-0.153550,9.877801
13896508632,0.020599104,-0.031253737,0.547470066,-1.176364,-0.164091,9.956138
13901351869,0.020310174,-0.027854654,0.550646542,-1.238306,-0.209386,9.876061
13906238002,0.022629707,-0.030595981,0.550954222,-1.114221,-0.213050,9.878862
13911703854,0.022103432,-0.026799903,0.548635746,-1.202441,-0.154873,9.835969
13916867282,0.019291027,-0.032205369,0.550177848,-1.079997,-0.134212,9.936263
13921755504,0.024351827,-0.030217058,0.548985842,-1.137797,-0.152404,9.973008
13926892135,0.019911121,-0.033032874,0.551591889,-1.132782,-0.161154,9.793282
13931502320,0.018638002,-0.031169573,0.553693378,-1.210123,-0.168813,9.827526
13936231948,0.017033656,-0.027763391,0.548892757,-1.150236,-0.144631,10.046260
13941286271,0.021936461,-0.027875511,0.550443303,-1.195195,-0.218348,9.883208
13946505671,0.024210779,-0.029199276,0.552692116,-1.149395,-0.239524,9.899140
13951481333,0.019949892,-0.026178417,0.547319604,-1.169052,-0.264948,9.835632
13956096452,0.024010937,-0.030426173,0.554489713,-1.109612,-0.171341,9.851746
13960803712,0.020615984,-0.029059411,0.549796843,-1.172770,-0.269056,9.893491
13965851236,0.021128336,-0.029070751,0.551814193,-1.141814,-0.180769,9.813904
13970591710,0.016560105,-0.031740194,0.547500994,-1.220173,-0.253909,9.979556
13975484411,0.021688182,-0.026552999,0.551065480,-1.202681,-0.193221,9.865012
13980382566,0.020086273,-0.030770222,0.552692431,-1.171785,-0.214122,9.915642
13984904319,0.017867564,-0.030846304,0.552133798,-1.113900,-0.259490,9.896249
13990033157,0.024454315,-0.029082186,0.550790685,-1.157790,-0.252556,9.997455
13995323396,0.020138882,-0.027016420,0.547828483,-1.132708,-0.229873,9.887152
14000109454,0.020945701,-0.033525578,0.548531642,-1.207339,-0.226361,9.907746
14005603590,0.021166423,-0.031609088,0.548869812,-1.148175,-0.251537,9.870734
14010518761,0.021337586,-0.029093518,0.547243411,-1.127301,-0.206548,9.855291
14015040771,0.016641390,-0.031375651,0.551232372,-1.194559,-0.123648,9.993892
14019593100,0.021028861,-0.030716780,0.548543342,-1.158964,-0.187197,9.875452
14024941341,0.019273622,-0.030524359,0.551906449,-1.124095,-0.147058,9.883170
14030233940,0.017738411,-0.030923829,0.550853503,-1.182402,-0.134527,9.851875
14035048393,0.024177871,-0.030471355,0.547187163,-1.136981,-0.181148,9.879358
14040318577,0.020308869,-0.028579318,0.551948906,-1.144886,-0.281888,9.881706
14045789035,0.020016758,-0.032435102,0.551433516,-1.220152,-0.188560,9.875129
14051261044,0.021263024,-0.031878903,0.549334223,-1.108942,-0.133445,9.870612
14056130045,0.021881070,-0.028708143,0.550679717,-1.177632,-0.199511,9.892524
14061487264,0.019360045,-0.025783730,0.548728639,-1.123305,-0.278004,9.933363
14066843139,0.023192963,-0.026984013,0.549488439,-1.185469,-0.117705,9.947367
14071995039,0.022079359,-0.028127740,0.551887254,-1.120946,-0.199103,9.866411
14076741853,0.017907047,-0.032927407,0.549203569,-1.192006,-0.219953,9.852949
14081947525,0.021452599,-0.031441882,0.550236840,-1.075408,-0.201077,9.832087
14086947283,0.020887330,-0.029321502,0.548108287,-1.105386,-0.264305,9.842814
14091577278,0.018542644,-0.031633186,0.549043489,-1.179080,-0.156160,9.952321
14096802405,0.019441917,-0.029820959,0.549796385,-1.137207,-0.203394,9.886201
14101854919,0.017399611,-0.030004359,0.551345119,-1.139176,-0.224367,9.845205
14107145458,0.020020098,-0.030795847,0.551096682,-1.218557,-0.184131,9.883284
14111933300,0.018180773,-0.029606251,0.552002463,-1.118563,-0.238466,9.885822
14117213477,0.020772156,-0.030128750,0.551151655,-1.169627,-0.122207,9.836063
14122327428,0.021093109,-0.031028169,0.551436029,-1.183678,-0.250506,9.805997
14127357986,0.019304346,-0.028740544,0.546513362,-1.112336,-0.245909,9.925396
14132723672,0.018040166,-0.030474622,0.549413936,-1.186071,-0.149649,9.829811
14137998048,0.016003332,-0.027474500,0.554445044,-1.121305,-0.219725,9.929617
14143188924,0.021825535,-0.030021469,0.548810255,-1.135202,-0.271299,9.921101
14147888239,0.017863244,-0.028956334,0.553519002,-1.105425,-0.170115,9.872275
14153239408,0.020599071,-0.031475729,0.549858420,-1.126565,-0.248650,9.863519
14158173337,0.019344918,-0.027947310,0.549783819,-1.126303,-0.207234,9.811136
14163531344,0.018009897,-0.029925940,0.550293956,-1.067077,-0.187047,9.877213
14168537195,0.021218015,-0.032128688,0.550591257,-1.171596,-0.236915,9.859040
14173825286,0.023018714,-0.028963505,0.553114931,-1.064876,-0.287018,9.941682
14178418746,0.020499711,-0.031505298,0.550985657,-1.060930,-0.201068,9.822686
14182922679,0.019044169,-0.030537339,0.550061752,-1.121803,-0.240811,9.933088
14188128024,0.022732173,-0.026826994,0.550321833,-1.204621,-0.196689,9.901337
14193428103,0.017272204,-0.030968268,0.547577507,-1.169736,-0.303517,9.809956
14198760030,0.022539429,-0.030708887,0.549835885,-1.277779,-0.132122,9.946561
14204067919,0.020033383,-0.029588467,0.550749396,-1.100894,-0.183159,9.896616
14208613267,0.018072397,-0.028849794,0.550900209,-1.082908,-0.149072,9.904130
14213892256,0.020792807,-0.029228022,0.549250423,-1.159475,-0.121536,9.970604
14218960514,0.018549644,-0.030973013,0.551864617,-1.151765,-0.242051,9.941789
14223467419,0.021379709,-0.030554617,0.549033719,-1.104246,-0.247043,9.866906
14228770457,0.024448351,-0.036330827,0.548021739,-1.102404,-0.175692,9.915556
14234129936,0.018734961,-0.027579119,0.549617065,-1.121131,-0.215926,9.884170
14239434454,0.020450296,-0.028238695,0.552365117,-1.149012,-0.225933,9.958709
14244320285,0.019232999,-0.032701301,0.548438311,-1.121816,-0.181178,9.771524
14249321164,0.018843820,-0.031806659,0.549703817,-1.089377,-0.200670,9.931522
14254688819,0.017185889,-0.029466573,0.552485948,-1.169527,-0.131536,9.873439
14259279179,0.023673939,-0.031831930,0.548458968,-1.103858,-0.174289,9.880885
14263824994,0.022184901,-0.028589147,0.549830180,-1.169277,-0.160070,9.837107
14269251948,0.017823900,-0.030281184,0.550730508,-1.117316,-0.177633,9.919526
14274723845,0.017647265,-0.027431802,0.550357055,-1.185797,-0.111579,10.035963
14279372865,0.018569241,-0.029214955,0.551174236,-1.188709,-0.156946,9.822864
14284316208,0.019708750,-0.029604617,0.547951722,-1.172955,-0.151569,9.941235
14289734372,0.022289081,-0.032673968,0.550873077,-1.165567,-0.222562,9.911408
14294769986,0.020064342,-0.029089376,0.550235779,-1.230618,-0.199270,10.015311
14300070694,0.019687162,-0.030548670,0.551249509,-1.217839,-0.184105,9.955460
14304922648,0.017047158,-0.027138121,0.549359165,-1.115138,-0.153027,9.969213
14309614697,0.019008680,-0.028193827,0.546996475,-1.095769,-0.257385,9.956627
14314942565,0.020029826,-0.032411064,0.551630915,-1.188556,-0.183681,9.841537
14319527059,0.016787731,-0.030776509,0.550396082,-1.152366,-0.169898,9.933466
14324536312,0.018805804,-0.030376980,0.553610763,-1.132511,-0.154625,9.866845
14329958243,0.018097591,-0.031266503,0.552021000,-1.153891,-0.141343,9.925566
14334915131,0.019642173,-0.033022473,0.553161176,-1.122059,-0.225499,9.921420
14339547892,0.023711668,-0.030152643,0.547616289,-1.244067,-0.160754,10.005316
14344591231,0.022206496,-0.029903829,0.547451896,-1.167699,-0.151570,9.883172
14349195930,0.016337448,-0.033623960,0.550718838,-1.107799,-0.249189,9.949825
14354618979,0.019325655,-0.028526216,0.549201112,-1.157555,-0.204373,9.900272
14359620013,0.016873487,-0.031093483,0.554633241,-1.047413,-0.189806,9.982754
14364919316,0.020395125,-0.028318313,0.555155208,-1.129962,-0.277240,9.931576
14370132642,0.017963860,-0.032209402,0.549202432,-1.288439,-0.213287,9.870057
14375140324,0.018026604,-0.029259969,0.549480337,-1.184524,-0.230384,9.940011
14380394090,0.013575608,-0.026089734,0.547010107,-1.160466,-0.238818,9.873496
14385616712,0.019198924,-0.029751188,0.554273190,-1.222615,-0.172362,9.866271
14390231123,0.020295686,-0.025813003,0.550711833,-1.097539,-0.150562,9.927538
14394836191,0.020972764,-0.030103334,0.552461006,-1.051306,-0.221932,9.879643
14399560688,0.022967226,-0.030456869,0.551652190,-1.208205,-0.217348,9.987215
14404647053,0.015995411,-0.029826680,0.548278978,-1.134243,-0.217883,9.854161
14410024841,0.017878884,-0.032443207,0.549818379,-1.169737,-0.109235,9.902869
14414738103,0.021935469,-0.032656499,0.547761513,-1.160265,-0.260277,9.965398
14419907807,0.019391053,-0.031112929,0.548731663,-1.138380,-0.208459,9.908424
14424615861,0.019867286,-0.028850740,0.551710875,-1.221149,-0.121563,9.833460
14429653657,0.019661845,-0.028763814,0.549000539,-1.271520,-0.235152,9.903089
14434557412,0.020624172,-0.026718415,0.548363362,-1.199441,-0.191311,9.918706
14439300863,0.019505113,-0.027745760,0.549872622,-1.123365,-0.200717,9.921798
14444296637,0.019615900,-0.026620148,0.553262450,-1.151895,-0.155975,9.886722
14449716259,0.018163829,-0.029341299,0.549397448,-1.180995,-0.218704,9.915671
14454568610,0.021530458,-0.026436516,0.549752995,-1.159584,-0.193264,9.858418
14459858154,0.019269145,-0.030072004,0.550701616,-1.093862,-0.173242,9.984224
14464977653,0.021323519,-0.028225826,0.552300171,-1.215649,-0.132244,9.901245
14470119731,0.019947908,-0.032633531,0.550468938,-1.128045,-0.217695,9.871551
14475143716,0.019896474,-0.031945640,0.550812278,-1.095868,-0.243239,9.928458
14480619713,0.019480312,-0.031125904,0.552306328,-1.167990,-0.240577,9.922132
14485199604,0.018185435,-0.029898696,0.549787638,-1.215813,-0.195407,9.895016
14490664821,0.020682662,-0.030137016,0.552503557,-1.116851,-0.150356,9.928827
14495473442,0.024483549,-0.033681206,0.545376929,-1.192380,-0.250434,9.835472
14500372729,0.023609179,-0.029592125,0.550623068,-1.209861,-0.119803,9.926941
14505083583,0.018848686,-0.031192519,0.552678846,-1.099639,-0.193495,9.944117
14510211012,0.020718355,-0.030705149,0.549297958,-1.107128,-0.220186,9.904620
14515124867,0.016850839,-0.033391392,0.549346248,-1.156260,-0.128399,9.948431
14519674490,0.021414284,-0.028555495,0.550854834,-1.161424,-0.248110,9.832802
14524801673,0.017592619,-0.028018441,0.551924255,-1.209085,-0.184430,9.922848
14530022942,0.021543327,-0.028050708,0.549707441,-1.201231,-0.208887,9.977437
14534691313,0.021523447,-0.033034677,0.549009252,-1.137899,-0.147384,9.878765
14539864571,0.020632545,-0.030719634,0.551305040,-1.089038,-0.277791,9.866682
14544971920,0.020610782,-0.031272020,0.546276848,-1.234343,-0.170891,9.846586
14549592463,0.020361171,-0.029107511,0.551788423,-1.130926,-0.206768,9.907634
14554253408,0.019199210,-0.028144756,0.549981228,-1.219382,-0.210795,9.979534
14559650076,0.021288780,-0.032199672,0.546609813,-1.173507,-0.206271,9.875969
14564446172,0.022376327,-0.029558094,0.551810785,-1.120850,-0.247803,9.977320
14569735998,0.019575260,-0.030644680,0.549872728,-1.198435,-0.226871,9.838863
14574877093,0.018142199,-0.032401966,0.553591461,-1.137675,-0.239486,9.935190
14579770844,0.021107788,-0.030065294,0.548541319,-1.164266,-0.224580,9.961783
14584588527,0.023820097,-0.034242374,0.549044255,-1.116068,-0.170024,9.946199
14589474924,0.021494032,-0.030356069,0.549008204,-1.108043,-0.274198,9.948780
14594503255,0.019192870,-0.028428066,0.549776765,-1.147566,-0.180574,9.896316
14599385362,0.021208882,-0.029934330,0.551358335,-1.115408,-0.145290,9.862353
14604703624,0.019555082,-0.030733983,0.546661653,-1.120514,-0.142954,9.968829
14610167180,0.018759185,-0.030024487,0.551530565,-1.090605,-0.085873,9.867180
14615650126,0.020701187,-0.029097099,0.546677460,-1.105337,-0.149309,9.890435
14621138304,0.018734334,-0.030465502,0.548807010,-1.204100,-0.127066,9.910284
14625829513,0.022211889,-0.028297685,0.551933296,-1.106371,-0.200962,9.916458
14630374749,0.018328432,-0.030345089,0.549944929,-1.103110,-0.124623,9.922064
14635218614,0.022028785,-0.027217850,0.551390688,-1.091516,-0.133035,9.886935
14639907048,0.020297198,-0.028619215,0.549307351,-1.162635,-0.173968,9.860586
14644461223,0.022120610,-0.027834448,0.545587758,-1.217426,-0.147366,9.934251
14649748991,0.015165258,-0.031169490,0.551127954,-1.098756,-0.227941,9.858796
14655060974,0.020650949,-0.032009184,0.547962101,-1.171149,-0.238158,9.930484
14660249028,0.020588207,-0.029965431,0.550800584,-1.132917,-0.198580,9.923998
14665387911,0.017555510,-0.032688043,0.548760256,-1.130324,-0.240108,9.895226
14670842383,0.020663663,-0.029512920,0.549066788,-1.141304,-0.225062,9.865393
14676267449,0.019202458,-0.031059660,0.549642775,-1.255804,-0.187549,9.926161
14681227188,0.018457959,-0.032863549,0.552147681,-1.103807,-0.215634,9.854829
14686687947,0.021975451,-0.030065882,0.550460635,-1.183123,-0.240323,9.895244
14691703761,0.014818814,-0.028859909,0.554718443,-1.097695,-0.171009,9.937693
14697083229,0.020862730,-0.031292921,0.550092473,-1.129947,-0.145182,9.945738
14702253293,0.018561617,-0.028927620,0.549610138,-1.166613,-0.224984,9.946794
14707524717,0.022174585,-0.034115335,0.546604692,-1.209481,-0.206588,9.929713
14712457492,0.019922370,-0.027344555,0.550935900,-1.137814,-0.135702,10.025831
14717389991,0.022276033,-0.033307011,0.550213212,-1.067865,-0.273055,9.975751
14722373287,0.023054534,-0.028650522,0.550071752,-1.111120,-0.277229,9.921940
14727514496,0.020785157,-0.030628209,0.550584417,-1.215283,-0.201151,9.909479
14732377782,0.018527785,-0.028542760,0.550767438,-1.181068,-0.216962,9.934107
14737175838,0.016244561,-0.028097697,0.549237289,-1.227290,-0.220821,9.871699
14742460319,0.019851520,-0.027688797,0.547150548,-1.163862,-0.167615,9.883811
14747220198,0.022431065,-0.029634502,0.549538197,-1.190990,-0.257468,9.971553
14752694629,0.017776095,-0.029775396,0.548789320,-1.037727,-0.212679,9.916440
14757279571,0.019437949,-0.029588679,0.545959513,-1.149644,-0.173829,9.934269
14762480999,0.021032580,-0.028322018,0.549339986,-1.104117,-0.165372,9.943460
14767026100,0.020538754,-0.029685392,0.549564128,-1.173223,-0.251506,9.899139
14771717907,0.018213914,-0.029190459,0.549639490,-1.170464,-0.253467,9.893359
14776828533,0.019729261,-0.030150140,0.550105054,-1.133759,-0.169991,9.854168
14781363203,0.020291426,-0.033057942,0.550692562,-1.130023,-0.145300,9.910536
14786651578,0.019355143,-0.030158263,0.551280989,-1.160191,-0.140794,9.900233
14791602973,0.019075341,-0.027242372,0.550869337,-1.115270,-0.217475,9.867595
14796492792,0.024707098,-0.032490116,0.547346769,-1.149369,-0.272552,9.951458
14801695009,0.017066693,-0.033914184,0.551363838,-1.121006,-0.278057,9.865313
14806347775,0.017568965,-0.027989816,0.551907519,-1.157079,-0.173094,9.899051
14811759567,0.019360477,-0.030035178,0.551868480,-1.163093,-0.193083,9.891799
14817078786,0.022083759,-0.030879410,0.555032499,-1.181430,-0.120871,9.917618
14821931788,0.020463240,-0.031768425,0.550281229,-1.223828,-0.178206,9.882742
14827145604,0.020462571,-0.028862678,0.545263711,-1.118117,-0.066675,9.955364
14831943488,0.023258566,-0.031291007,0.553923447,-1.077596,-0.121883,9.911156
14836655370,0.019802194,-0.033484395,0.545560449,-1.045550,-0.240432,9.983806
14841237127,0.020937493,-0.029852905,0.547622008,-1.115593,-0.159559,9.996135
14846535469,0.023065868,-0.031259949,0.551058255,-1.068203,-0.060499,9.989964
14851730500,0.020941575,-0.031114416,0.551745118,-1.152750,-0.176926,9.881597
14856406644,0.019154076,-0.029260264,0.551870733,-1.123978,-0.232191,9.862659
14861558782,0.018863549,-0.030129305,0.549340788,-1.170190,-0.220988,9.894213
14866646658,0.022227664,-0.032280793,0.549528562,-1.155728,-0.182920,9.920774
14871257165,0.017942239,-0.027669582,0.553547602,-1.206734,-0.193515,9.903403
14876716260,0.024267592,-0.028622139,0.549767365,-1.110556,-0.240405,9.896453
14881642131,0.023027795,-0.030117880,0.551089769,-1.126779,-0.185132,10.028033
14887068873,0.017981060,-0.030418525,0.548949855,-1.244489,-0.181176,9.886456
14891814102,0.020120440,-0.027703074,0.552563794,-1.097366,-0.175718,9.897248
14896940935,0.021283731,-0.026002058,0.549189035,-1.091459,-0.189682,9.867536
14901480791,0.022649013,-0.030471295,0.549587602,-1.138026,-0.222377,9.914873
14906363487,0.018284799,-0.031709294,0.552912751,-1.169200,-0.236241,9.890038
14911389368,0.019557379,-0.031114508,0.551267236,-1.141946,-0.279673,9.902998
14915983975,0.019823157,-0.028704313,0.548371327,-1.159375,-0.125924,9.821732
14920798763,0.021294271,-0.028191959,0.553286452,-1.155019,-0.172698,9.848311
14925528002,0.019265716,-0.031091569,0.552663797,-1.073028,-0.163591,9.953360
14930544884,0.018840390,-0.026953414,0.548608304,-1.081937,-0.174551,9.976955
14935130213,0.020618270,-0.030605624,0.548998244,-1.172964,-0.278295,9.843160
14940443196,0.018096090,-0.029345011,0.547612803,-1.280611,-0.195155,9.908301
14945512905,0.022402997,-0.026907937,0.552681976,-1.257589,-0.242988,9.879637
14950353051,0.021897971,-0.032379914,0.548069368,-1.116427,-0.204973,9.917943
14955178777,0.023346923,-0.029825708,0.548547198,-1.166490,-0.215919,9.988515
14960347779,0.018493975,-0.029285468,0.547969277,-1.106776,-0.169411,9.928496
14965626454,0.024152323,-0.030690980,0.547614750,-1.194112,-0.195236,9.992470
14970234594,0.021776854,-0.027707647,0.548760395,-1.215587,-0.166018,9.863292
14975334965,0.020342886,-0.031676835,0.550135803,-1.197928,-0.130096,9.940525
14980138915,0.021637999,-0.029275360,0.545736552,-1.050307,-0.252984,9.990288
14985406689,0.019769619,-0.032093577,0.550967052,-1.178040,-0.183676,9.829852
14990458865,0.020304506,-0.030681214,0.549021954,-1.143044,-0.202399,9.974404
14995721667,0.019753555,-0.025574483,0.549286549,-1.117056,-0.132738,9.907741
