#timestamp [ns],p_RS_R [m],q_RS [],v_RS_R [m s^-1],b_w_RS_S [rad s^-1],b_a_RS_S [m s^-2]
0,5.000000,0.000000,0.000000,1.000000000,0.000000000,0.000000000,0.000000000,-0.000000,2.500000,0.000000,0.020000000,-0.030000000,0.050000000,0.100000,-0.200000,0.100000
4924519,4.999985,0.012311,0.000000,0.999999242,0.000000000,0.000000000,0.001231129,-0.006156,2.499992,0.000000,0.020000000,-0.030000000,0.050000000,0.100000,-0.200000,0.100000
9542311,4.999943,0.023856,0.000000,0.999997155,0.000000000,0.000000000,0.002385576,-0.011928,2.499972,0.000000,0.020000000,-0.030000000,0.050000000,0.100000,-0.200000,0.100000
14356459,4.999871,0.035891,0.000000,0.999993559,0.000000000,0.000000000,0.003589107,-0.017945,2.499936,0.000000,0.020000000,-0.030000000,0.050000000,0.100000,-0.200000,0.100000
18974524,4.999775,0.047436,0.000000,0.999988749,0.000000000,0.000000000,0.004743613,-0.023718,2.499887,0.000000,0.020000000,-0.030000000,0.050000000,0.100000,-0.200000,0.100000
24054420,4.999638,0.060135,0.000000,0.999981918,0.000000000,0.000000000,0.006013569,-0.030067,2.499819,0.000000,0.020000000,-0.030000000,0.050000000,0.100000,-0.200000,0.100000
29223072,4.999466,0.073055,0.000000,0.999973313,0.000000000,0.000000000,0.007305703,-0.036528,2.499733,0.000000,0.020000000,-0.030000000,0.050000000,0.100000,-0.200000,0.100000
34272512,4.999266,0.085677,0.000000,0.999963294,0.000000000,0.000000000,0.008568023,-0.042839,2.499633,0.000000,0.020000000,-0.030000000,0.050000000,0.100000,-0.200000,0.100000
39257475,4.999037,0.098137,0.000000,0.999951839,0.000000000,0.000000000,0.009814211,-0.049069,2.499518,0.000000,0.020000000,-0.030000000,0.050000000,0.100000,-0.200000,0.100000
44657008,4.998754,0.111633,0.000000,0.999937680,0.000000000,0.000000000,0.011164020,-0.055817,2.499377,0.000000,0.020000000,-0.030000000,0.050000000,0.100000,-0.200000,0.100000
49209584,4.998487,0.123012,0.000000,0.999924326,0.000000000,0.000000000,0.012302086,-0.061506,2.499243,0.000000,0.020000000,-0.030000000,0.050000000,0.100000,-0.200000,0.100000
54558520,4.998140,0.136379,0.000000,0.999906982,0.000000000,0.000000000,0.013639207,-0.068190,2.499070,0.000000,0.020000000,-0.030000000,0.050000000,0.100000,-0.200000,0.100000
59205123,4.997809,0.147991,0.000000,0.999890463,0.000000000,0.000000000,0.014800740,-0.073996,2.498905,0.000000,0.020000000,-0.030000000,0.050000000,0.100000,-0.200000,0.100000
64034788,4.997437,0.160060,0.000000,0.999871864,0.000000000,0.000000000,0.016008013,-0.080030,2.498719,0.000000,0.020000000,-0.030000000,0.050000000,0.100000,-0.200000,0.100000
68814207,4.997041,0.172002,0.000000,0.999852023,0.000000000,0.000000000,0.017202703,-0.086001,2.498520,0.000000,0.020000000,-0.030000000,0.050000000,0.100000,-0.200000,0.100000
73938273,4.996584,0.184804,0.000000,0.999829165,0.000000000,0.000000000,0.018483516,-0.092402,2.498292,0.000000,0.020000000,-0.030000000,0.050000000,0.100000,-0.200000,0.100000
79227408,4.996077,0.198017,0.000000,0.999803851,0.000000000,0.000000000,0.019805557,-0.099008,2.498039,0.000000,0.020000000,-0.030000000,0.050000000,0.100000,-0.200000,0.100000
83873583,4.995604,0.209623,0.000000,0.999780171,0.000000000,0.000000000,0.020966859,-0.104811,2.497802,0.000000,0.020000000,-0.030000000,0.050000000,0.100000,-0.200000,0.100000
89245326,4.995023,0.223039,0.000000,0.999751113,0.000000000,0.000000000,0.022309480,-0.111520,2.497511,0.000000,0.020000000,-0.030000000,0.050000000,0.100000,-0.200000,0.100000
94328674,4.994440,0.235734,0.000000,0.999721954,0.000000000,0.000000000,0.023579983,-0.117867,2.497220,0.000000,0.020000000,-0.030000000,0.050000000,0.100000,-0.200000,0.100000
99302167,4.993838,0.248153,0.000000,0.999691862,0.000000000,0.000000000,0.024822992,-0.124077,2.496919,0.000000,0.020000000,-0.030000000,0.050000000,0.100000,-0.200000,0.100000
104363897,4.993194,0.260791,0.000000,0.999659650,0.000000000,0.000000000,0.026088014,-0.130396,2.496597,0.000000,0.020000000,-0.030000000,0.050000000,0.100000,-0.200000,0.100000
109740432,4.992475,0.274213,0.000000,0.999623681,0.000000000,0.000000000,0.027431667,-0.137107,2.496238,0.000000,0.020000000,-0.030000000,0.050000000,0.100000,-0.200000,0.100000
115024368,4.991733,0.287402,0.000000,0.999586572,0.000000000,0.000000000,0.028752129,-0.143701,2.495867,0.000000,0.020000000,-0.030000000,0.050000000,0.100000,-0.200000,0.100000
120356813,4.990949,0.300710,0.000000,0.999547354,0.000000000,0.000000000,0.030084663,-0.150355,2.495475,0.000000,0.020000000,-0.030000000,0.050000000,0.100000,-0.200000,0.100000
125480740,4.990162,0.313496,0.000000,0.999507996,0.000000000,0.000000000,0.031365040,-0.156748,2.495081,0.000000,0.020000000,-0.030000000,0.050000000,0.100000,-0.200000,0.100000
130892154,4.989296,0.326997,0.000000,0.999464649,0.000000000,0.000000000,0.032717199,-0.163498,2.494648,0.000000,0.020000000,-0.030000000,0.050000000,0.100000,-0.200000,0.100000
136026593,4.988440,0.339804,0.000000,0.999421830,0.000000000,0.000000000,0.034000094,-0.169902,2.494220,0.000000,0.020000000,-0.030000000,0.050000000,0.100000,-0.200000,0.100000
140765029,4.987621,0.351622,0.000000,0.999380852,0.000000000,0.000000000,0.035183994,-0.175811,2.493810,0.000000,0.020000000,-0.030000000,0.050000000,0.100000,-0.200000,0.100000
145515478,4.986772,0.363468,0.000000,0.999338362,0.000000000,0.000000000,0.036370846,-0.181734,2.493386,0.000000,0.020000000,-0.030000000,0.050000000,0.100000,-0.200000,0.100000
150522164,4.985846,0.375950,0.000000,0.999292055,0.000000000,0.000000000,0.037621660,-0.187975,2.492923,0.000000,0.020000000,-0.030000000,0.050000000,0.100000,-0.200000,0.100000
155277758,4.984938,0.387805,0.000000,0.999246620,0.000000000,0.000000000,0.038809690,-0.193902,2.492469,0.000000,0.020000000,-0.030000000,0.050000000,0.100000,-0.200000,0.100000
160739545,4.983860,0.401416,0.000000,0.999192696,0.000000000,0.000000000,0.040174072,-0.200708,2.491930,0.000000,0.020000000,-0.030000000,0.050000000,0.100000,-0.200000,0.100000
165244495,4.982944,0.412641,0.000000,0.999146817,0.000000000,0.000000000,0.041299374,-0.206321,2.491472,0.000000,0.020000000,-0.030000000,0.050000000,0.100000,-0.200000,0.100000
170623586,4.981816,0.426042,0.000000,0.999090375,0.000000000,0.000000000,0.042642962,-0.213021,2.490908,0.000000,0.020000000,-0.030000000,0.050000000,0.100000,-0.200000,0.100000
175262893,4.980814,0.437597,0.000000,0.999040245,0.000000000,0.000000000,0.043801705,-0.218798,2.490407,0.000000,0.020000000,-0.030000000,0.050000000,0.100000,-0.200000,0.100000
180123601,4.979736,0.449700,0.000000,0.998986280,0.000000000,0.000000000,0.045015683,-0.224850,2.489868,0.000000,0.020000000,-0.030000000,0.050000000,0.100000,-0.200000,0.100000
185282900,4.978559,0.462545,0.000000,0.998927387,0.000000000,0.000000000,0.046304163,-0.231272,2.489280,0.000000,0.020000000,-0.030000000,0.050000000,0.100000,-0.200000,0.100000
190466597,4.977344,0.475447,0.000000,0.998866542,0.000000000,0.000000000,0.047598657,-0.237724,2.488672,0.000000,0.020000000,-0.030000000,0.050000000,0.100000,-0.200000,0.100000
195638599,4.976098,0.488317,0.000000,0.998804162,0.000000000,0.000000000,0.048890152,-0.244158,2.488049,0.000000,0.020000000,-0.030000000,0.050000000,0.100000,-0.200000,0.100000
200597569,4.974871,0.500654,0.000000,0.998742783,0.000000000,0.000000000,0.050128374,-0.250327,2.487436,0.000000,0.020000000,-0.030000000,0.050000000,0.100000,-0.200000,0.100000
205917786,4.973522,0.513885,0.000000,0.998675226,0.000000000,0.000000000,0.051456712,-0.256943,2.486761,0.000000,0.020000000,-0.030000000,0.050000000,0.100000,-0.200000,0.100000
210761746,4.972263,0.525930,0.000000,0.998612180,0.000000000,0.000000000,0.052666059,-0.262965,2.486131,0.000000,0.020000000,-0.030000000,0.050000000,0.100000,-0.200000,0.100000
216260539,4.970798,0.539598,0.000000,0.998538837,0.000000000,0.000000000,0.054038800,-0.269799,2.485399,0.000000,0.020000000,-0.030000000,0.050000000,0.100000,-0.200000,0.100000
220950388,4.969519,0.551253,0.000000,0.998474792,0.000000000,0.000000000,0.055209511,-0.275627,2.484760,0.000000,0.020000000,-0.030000000,0.050000000,0.100000,-0.200000,0.100000
226203056,4.968054,0.564303,0.000000,0.998401432,0.000000000,0.000000000,0.056520627,-0.282151,2.484027,0.000000,0.020000000,-0.030000000,0.050000000,0.100000,-0.200000,0.100000
231003892,4.966685,0.576227,0.000000,0.998332876,0.000000000,0.000000000,0.057718877,-0.288113,2.483343,0.000000,0.020000000,-0.030000000,0.050000000,0.100000,-0.200000,0.100000
235696299,4.965320,0.587878,0.000000,0.998264479,0.000000000,0.000000000,0.058889983,-0.293939,2.482660,0.000000,0.020000000,-0.030000000,0.050000000,0.100000,-0.200000,0.100000
240534503,4.963883,0.599888,0.000000,0.998192518,0.000000000,0.000000000,0.060097391,-0.299944,2.481942,0.000000,0.020000000,-0.030000000,0.050000000,0.100000,-0.200000,0.100000
245988446,4.962229,0.613422,0.000000,0.998109649,0.000000000,0.000000000,0.061458356,-0.306711,2.481114,0.000000,0.020000000,-0.030000000,0.050000000,0.100000,-0.200000,0.100000
251343909,4.960568,0.626707,0.000000,0.998026469,0.000000000,0.000000000,0.062794636,-0.313354,2.480284,0.000000,0.020000000,-0.030000000,0.050000000,0.100000,-0.200000,0.100000
255883455,4.959133,0.637965,0.000000,0.997954562,0.000000000,0.000000000,0.063927242,-0.318982,2.479567,0.000000,0.020000000,-0.030000000,0.050000000,0.100000,-0.200000,0.100000
260966346,4.957496,0.650566,0.000000,0.997872522,0.000000000,0.000000000,0.065195313,-0.325283,2.478748,0.000000,0.020000000,-0.030000000,0.050000000,0.100000,-0.200000,0.100000
266426960,4.955701,0.664099,0.000000,0.997782591,0.000000000,0.000000000,0.066557501,-0.332050,2.477850,0.000000,0.020000000,-0.030000000,0.050000000,0.100000,-0.200000,0.100000
271347517,4.954052,0.676290,0.000000,0.997699961,0.000000000,0.000000000,0.067784862,-0.338145,2.477026,0.000000,0.020000000,-0.030000000,0.050000000,0.100000,-0.200000,0.100000
276142450,4.952417,0.688165,0.000000,0.997617988,0.000000000,0.000000000,0.068980789,-0.344082,2.476208,0.000000,0.020000000,-0.030000000,0.050000000,0.100000,-0.200000,0.100000
280694290,4.950837,0.699434,0.000000,0.997538845,0.000000000,0.000000000,0.070115994,-0.349717,2.475419,0.000000,0.020000000,-0.030000000,0.050000000,0.100000,-0.200000,0.100000
285858720,4.949015,0.712216,0.000000,0.997447486,0.000000000,0.000000000,0.071403865,-0.356108,2.474507,0.000000,0.020000000,-0.030000000,0.050000000,0.100000,-0.200000,0.100000
291180294,4.947102,0.725382,0.000000,0.997351608,0.000000000,0.000000000,0.072730799,-0.362691,2.473551,0.000000,0.020000000,-0.030000000,0.050000000,0.100000,-0.200000,0.100000
296446962,4.945175,0.738407,0.000000,0.997254982,0.000000000,0.000000000,0.074043915,-0.369203,2.472587,0.000000,0.020000000,-0.030000000,0.050000000,0.100000,-0.200000,0.100000
301663598,4.943232,0.751303,0.000000,0.997157569,0.000000000,0.000000000,0.075344431,-0.375651,2.471616,0.000000,0.020000000,-0.030000000,0.050000000,0.100000,-0.200000,0.100000
306550112,4.941382,0.763378,0.000000,0.997064782,0.000000000,0.000000000,0.076562531,-0.381689,2.470691,0.000000,0.020000000,-0.030000000,0.050000000,0.100000,-0.200000,0.100000
311411971,4.939511,0.775388,0.000000,0.996970986,0.000000000,0.000000000,0.077774371,-0.387694,2.469756,0.000000,0.020000000,-0.030000000,0.050000000,0.100000,-0.200000,0.100000
316176862,4.937650,0.787154,0.000000,0.996877632,0.000000000,0.000000000,0.078961930,-0.393577,2.468825,0.000000,0.020000000,-0.030000000,0.050000000,0.100000,-0.200000,0.100000
320798027,4.935818,0.798561,0.000000,0.996785743,0.000000000,0.000000000,0.080113561,-0.399280,2.467909,0.000000,0.020000000,-0.030000000,0.050000000,0.100000,-0.200000,0.100000
325694097,4.933848,0.810641,0.000000,0.996686936,0.000000000,0.000000000,0.081333584,-0.405321,2.466924,0.000000,0.020000000,-0.030000000,0.050000000,0.100000,-0.200000,0.100000
330487774,4.931891,0.822465,0.000000,0.996588748,0.000000000,0.000000000,0.082527974,-0.411232,2.465946,0.000000,0.020000000,-0.030000000,0.050000000,0.100000,-0.200000,0.100000
335583921,4.929780,0.835029,0.000000,0.996482796,0.000000000,0.000000000,0.083797597,-0.417514,2.464890,0.000000,0.020000000,-0.030000000,0.050000000,0.100000,-0.200000,0.100000
340269066,4.927810,0.846575,0.000000,0.996383961,0.000000000,0.000000000,0.084964706,-0.423287,2.463905,0.000000,0.020000000,-0.030000000,0.050000000,0.100000,-0.200000,0.100000
345178855,4.925717,0.858669,0.000000,0.996278921,0.000000000,0.000000000,0.086187651,-0.429335,2.462858,0.000000,0.020000000,-0.030000000,0.050000000,0.100000,-0.200000,0.100000
349882522,4.923684,0.870251,0.000000,0.996176883,0.000000000,0.000000000,0.087359132,-0.435126,2.461842,0.000000,0.020000000,-0.030000000,0.050000000,0.100000,-0.200000,0.100000
354471553,4.921674,0.881547,0.000000,0.996076004,0.000000000,0.000000000,0.088501946,-0.440773,2.460837,0.000000,0.020000000,-0.030000000,0.050000000,0.100000,-0.200000,0.100000
359098204,4.919622,0.892930,0.000000,0.995972971,0.000000000,0.000000000,0.089654010,-0.446465,2.459811,0.000000,0.020000000,-0.030000000,0.050000000,0.100000,-0.200000,0.100000
364002688,4.917417,0.904991,0.000000,0.995862295,0.000000000,0.000000000,0.090875126,-0.452496,2.458709,0.000000,0.020000000,-0.030000000,0.050000000,0.100000,-0.200000,0.100000
369065032,4.915111,0.917435,0.000000,0.995746488,0.000000000,0.000000000,0.092135402,-0.458718,2.457555,0.000000,0.020000000,-0.030000000,0.050000000,0.100000,-0.200000,0.100000
374011821,4.912826,0.929589,0.000000,0.995631783,0.000000000,0.000000000,0.093366768,-0.464795,2.456413,0.000000,0.020000000,-0.030000000,0.050000000,0.100000,-0.200000,0.100000
378942420,4.910520,0.941698,0.000000,0.995515938,0.000000000,0.000000000,0.094593963,-0.470849,2.455260,0.000000,0.020000000,-0.030000000,0.050000000,0.100000,-0.200000,0.100000
384393288,4.907935,0.955078,0.000000,0.995386109,0.000000000,0.000000000,0.095950481,-0.477539,2.453968,0.000000,0.020000000,-0.030000000,0.050000000,0.100000,-0.200000,0.100000
389823871,4.905324,0.968401,0.000000,0.995254925,0.000000000,0.000000000,0.097301774,-0.484200,2.452662,0.000000,0.020000000,-0.030000000,0.050000000,0.100000,-0.200000,0.100000
394829878,4.902884,0.980676,0.000000,0.995132372,0.000000000,0.000000000,0.098547260,-0.490338,2.451442,0.000000,0.020000000,-0.030000000,0.050000000,0.100000,-0.200000,0.100000
399689658,4.900487,0.992586,0.000000,0.995011908,0.000000000,0.000000000,0.099756218,-0.496293,2.450243,0.000000,0.020000000,-0.030000000,0.050000000,0.100000,-0.200000,0.100000
404549909,4.898060,1.004492,0.000000,0.994889963,0.000000000,0.000000000,0.100965146,-0.502246,2.449030,0.000000,0.020000000,-0.030000000,0.050000000,0.100000,-0.200000,0.100000
409051700,4.895787,1.015515,0.000000,0.994775702,0.000000000,0.000000000,0.102084779,-0.507757,2.447893,0.000000,0.020000000,-0.030000000,0.050000000,0.100000,-0.200000,0.100000
413658063,4.893435,1.026788,0.000000,0.994657483,0.000000000,0.000000000,0.103230285,-0.513394,2.446718,0.000000,0.020000000,-0.030000000,0.050000000,0.100000,-0.200000,0.100000
418796273,4.890781,1.039356,0.000000,0.994524058,0.000000000,0.000000000,0.104507890,-0.519678,2.445391,0.000000,0.020000000,-0.030000000,0.050000000,0.100000,-0.200000,0.100000
423544770,4.888300,1.050965,0.000000,0.994399293,0.000000000,0.000000000,0.105688439,-0.525483,2.444150,0.000000,0.020000000,-0.030000000,0.050000000,0.100000,-0.200000,0.100000
428652853,4.885599,1.063447,0.000000,0.994263516,0.000000000,0.000000000,0.106958221,-0.531723,2.442800,0.000000,0.020000000,-0.030000000,0.050000000,0.100000,-0.200000,0.100000
433898040,4.882794,1.076256,0.000000,0.994122407,0.000000000,0.000000000,0.108261904,-0.538128,2.441397,0.000000,0.020000000,-0.030000000,0.050000000,0.100000,-0.200000,0.100000
438664028,4.880215,1.087888,0.000000,0.993992708,0.000000000,0.000000000,0.109446320,-0.543944,2.440108,0.000000,0.020000000,-0.030000000,0.050000000,0.100000,-0.200000,0.100000
443907906,4.877346,1.100680,0.000000,0.993848373,0.000000000,0.000000000,0.110749320,-0.550340,2.438673,0.000000,0.020000000,-0.030000000,0.050000000,0.100000,-0.200000,0.100000
449247618,4.874390,1.113698,0.000000,0.993699645,0.000000000,0.000000000,0.112075937,-0.556849,2.437195,0.000000,0.020000000,-0.030000000,0.050000000,0.100000,-0.200000,0.100000
453854296,4.871812,1.124923,0.000000,0.993569912,0.000000000,0.000000000,0.113220276,-0.562461,2.435906,0.000000,0.020000000,-0.030000000,0.050000000,0.100000,-0.200000,0.100000
459171858,4.868804,1.137872,0.000000,0.993418520,0.000000000,0.000000000,0.114541018,-0.568936,2.434402,0.000000,0.020000000,-0.030000000,0.050000000,0.100000,-0.200000,0.100000
464306030,4.865866,1.150367,0.000000,0.993270683,0.000000000,0.000000000,0.115816019,-0.575183,2.432933,0.000000,0.020000000,-0.030000000,0.050000000,0.100000,-0.200000,0.100000
469521793,4.862850,1.163052,0.000000,0.993118821,0.000000000,0.000000000,0.117111086,-0.581526,2.431425,0.000000,0.020000000,-0.030000000,0.050000000,0.100000,-0.200000,0.100000
474559673,4.859905,1.175298,0.000000,0.992970536,0.000000000,0.000000000,0.118361796,-0.587649,2.429952,0.000000,0.020000000,-0.030000000,0.050000000,0.100000,-0.200000,0.100000
479856445,4.856775,1.188165,0.000000,0.992812932,0.000000000,0.000000000,0.119676577,-0.594082,2.428388,0.000000,0.020000000,-0.030000000,0.050000000,0.100000,-0.200000,0.100000
484437328,4.854041,1.199286,0.000000,0.992675224,0.000000000,0.000000000,0.120813488,-0.599643,2.427021,0.000000,0.020000000,-0.030000000,0.050000000,0.100000,-0.200000,0.100000
489200523,4.851171,1.210843,0.000000,0.992530656,0.000000000,0.000000000,0.121995478,-0.605421,2.425586,0.000000,0.020000000,-0.030000000,0.050000000,0.100000,-0.200000,0.100000
493855850,4.848339,1.222131,0.000000,0.992388002,0.000000000,0.000000000,0.123150534,-0.611066,2.424170,0.000000,0.020000000,-0.030000000,0.050000000,0.100000,-0.200000,0.100000
498657358,4.845391,1.233767,0.000000,0.992239460,0.000000000,0.000000000,0.124341685,-0.616884,2.422696,0.000000,0.020000000,-0.030000000,0.050000000,0.100000,-0.200000,0.100000
503259164,4.842540,1.244913,0.000000,0.992095754,0.000000000,0.000000000,0.125483126,-0.622456,2.421270,0.000000,0.020000000,-0.030000000,0.050000000,0.100000,-0.200000,0.100000
507793096,4.839705,1.255887,0.000000,0.991952884,0.000000000,0.000000000,0.126607568,-0.627944,2.419853,0.000000,0.020000000,-0.030000000,0.050000000,0.100000,-0.200000,0.100000
512867074,4.836503,1.268162,0.000000,0.991791485,0.000000000,0.000000000,0.127865753,-0.634081,2.418252,0.000000,0.020000000,-0.030000000,0.050000000,0.100000,-0.200000,0.100000
517995351,4.833236,1.280559,0.000000,0.991626737,0.000000000,0.000000000,0.129137193,-0.640279,2.416618,0.000000,0.020000000,-0.030000000,0.050000000,0.100000,-0.200000,0.100000
522678413,4.830224,1.291873,0.000000,0.991474868,0.000000000,0.000000000,0.130298067,-0.645936,2.415112,0.000000,0.020000000,-0.030000000,0.050000000,0.100000,-0.200000,0.100000
527752973,4.826931,1.304124,0.000000,0.991308769,0.000000000,0.000000000,0.131555786,-0.652062,2.413465,0.000000,0.020000000,-0.030000000,0.050000000,0.100000,-0.200000,0.100000
532375368,4.823904,1.315277,0.000000,0.991156081,0.000000000,0.000000000,0.132701253,-0.657638,2.411952,0.000000,0.020000000,-0.030000000,0.050000000,0.100000,-0.200000,0.100000
537616839,4.820440,1.327914,0.000000,0.990981343,0.000000000,0.000000000,0.133999918,-0.663957,2.410220,0.000000,0.020000000,-0.030000000,0.050000000,0.100000,-0.200000,0.100000
542342825,4.817289,1.339301,0.000000,0.990822331,0.000000000,0.000000000,0.135170665,-0.669651,2.408644,0.000000,0.020000000,-0.030000000,0.050000000,0.100000,-0.200000,0.100000
547110250,4.814083,1.350780,0.000000,0.990660523,0.000000000,0.000000000,0.136351486,-0.675390,2.407041,0.000000,0.020000000,-0.030000000,0.050000000,0.100000,-0.200000,0.100000
552269514,4.810582,1.363194,0.000000,0.990483831,0.000000000,0.000000000,0.137629143,-0.681597,2.405291,0.000000,0.020000000,-0.030000000,0.050000000,0.100000,-0.200000,0.100000
557721283,4.806848,1.376302,0.000000,0.990295330,0.000000000,0.000000000,0.138978986,-0.688151,2.403424,0.000000,0.020000000,-0.030000000,0.050000000,0.100000,-0.200000,0.100000
562829650,4.803317,1.388575,0.000000,0.990117034,0.000000000,0.000000000,0.140243571,-0.694288,2.401659,0.000000,0.020000000,-0.030000000,0.050000000,0.100000,-0.200000,0.100000
567594144,4.799996,1.400014,0.000000,0.989949284,0.000000000,0.000000000,0.141422823,-0.700007,2.399998,0.000000,0.020000000,-0.030000000,0.050000000,0.100000,-0.200000,0.100000
572562105,4.796503,1.411933,0.000000,0.989772875,0.000000000,0.000000000,0.142652221,-0.705966,2.398252,0.000000,0.020000000,-0.030000000,0.050000000,0.100000,-0.200000,0.100000
577993598,4.792651,1.424954,0.000000,0.989578259,0.000000000,0.000000000,0.143996075,-0.712477,2.396326,0.000000,0.020000000,-0.030000000,0.050000000,0.100000,-0.200000,0.100000
583019135,4.789056,1.436992,0.000000,0.989396563,0.000000000,0.000000000,0.145239252,-0.718496,2.394528,0.000000,0.020000000,-0.030000000,0.050000000,0.100000,-0.200000,0.100000
588494131,4.785104,1.450097,0.000000,0.989196841,0.000000000,0.000000000,0.146593351,-0.725048,2.392552,0.000000,0.020000000,-0.030000000,0.050000000,0.100000,-0.200000,0.100000
593043831,4.781793,1.460978,0.000000,0.989029462,0.000000000,0.000000000,0.147718393,-0.730489,2.390896,0.000000,0.020000000,-0.030000000,0.050000000,0.100000,-0.200000,0.100000
598140139,4.778054,1.473158,0.000000,0.988840455,0.000000000,0.000000000,0.148978372,-0.736579,2.389027,0.000000,0.020000000,-0.030000000,0.050000000,0.100000,-0.200000,0.100000
603462749,4.774117,1.485869,0.000000,0.988641341,0.000000000,0.000000000,0.150294043,-0.742935,2.387059,0.000000,0.020000000,-0.030000000,0.050000000,0.100000,-0.200000,0.100000
608081596,4.770673,1.496891,0.000000,0.988467135,0.000000000,0.000000000,0.151435538,-0.748445,2.385336,0.000000,0.020000000,-0.030000000,0.050000000,0.100000,-0.200000,0.100000
613226102,4.766807,1.509157,0.000000,0.988271553,0.000000000,0.000000000,0.152706706,-0.754578,2.383403,0.000000,0.020000000,-0.030000000,0.050000000,0.100000,-0.200000,0.100000
617968373,4.763215,1.520455,0.000000,0.988089814,0.000000000,0.000000000,0.153878262,-0.760228,2.381607,0.000000,0.020000000,-0.030000000,0.050000000,0.100000,-0.200000,0.100000
622722423,4.759587,1.531773,0.000000,0.987906230,0.000000000,0.000000000,0.155052510,-0.765887,2.379794,0.000000,0.020000000,-0.030000000,0.050000000,0.100000,-0.200000,0.100000
627282202,4.756083,1.542621,0.000000,0.987728837,0.000000000,0.000000000,0.156178567,-0.771310,2.378041,0.000000,0.020000000,-0.030000000,0.050000000,0.100000,-0.200000,0.100000
632727124,4.751865,1.555563,0.000000,0.987515327,0.000000000,0.000000000,0.157522949,-0.777782,2.375933,0.000000,0.020000000,-0.030000000,0.050000000,0.100000,-0.200000,0.100000
637535722,4.748111,1.566984,0.000000,0.987325247,0.000000000,0.000000000,0.158709976,-0.783492,2.374056,0.000000,0.020000000,-0.030000000,0.050000000,0.100000,-0.200000,0.100000
642851708,4.743930,1.579599,0.000000,0.987113450,0.000000000,0.000000000,0.160021987,-0.789799,2.371965,0.000000,0.020000000,-0.030000000,0.050000000,0.100000,-0.200000,0.100000
647436772,4.740296,1.590470,0.000000,0.986929374,0.000000000,0.000000000,0.161153376,-0.795235,2.370148,0.000000,0.020000000,-0.030000000,0.050000000,0.100000,-0.200000,0.100000
652728437,4.736071,1.603006,0.000000,0.986715318,0.000000000,0.000000000,0.162458860,-0.801503,2.368036,0.000000,0.020000000,-0.030000000,0.050000000,0.100000,-0.200000,0.100000
657420751,4.732297,1.614114,0.000000,0.986524062,0.000000000,0.000000000,0.163616242,-0.807057,2.366149,0.000000,0.020000000,-0.030000000,0.050000000,0.100000,-0.200000,0.100000
662708098,4.728014,1.626619,0.000000,0.986306926,0.000000000,0.000000000,0.164920123,-0.813309,2.364007,0.000000,0.020000000,-0.030000000,0.050000000,0.100000,-0.200000,0.100000
667634048,4.723993,1.638259,0.000000,0.986103082,0.000000000,0.000000000,0.166134622,-0.819129,2.361996,0.000000,0.020000000,-0.030000000,0.050000000,0.100000,-0.200000,0.100000
672592329,4.719917,1.649965,0.000000,0.985896388,0.000000000,0.000000000,0.167356838,-0.824983,2.359958,0.000000,0.020000000,-0.030000000,0.050000000,0.100000,-0.200000,0.100000
677485447,4.715866,1.661508,0.000000,0.985690927,0.000000000,0.000000000,0.168562739,-0.830754,2.357933,0.000000,0.020000000,-0.030000000,0.050000000,0.100000,-0.200000,0.100000
682771821,4.711458,1.673967,0.000000,0.985467295,0.000000000,0.000000000,0.169865274,-0.836983,2.355729,0.000000,0.020000000,-0.030000000,0.050000000,0.100000,-0.200000,0.100000
687595739,4.707407,1.685326,0.000000,0.985261724,0.000000000,0.000000000,0.171053604,-0.842663,2.353703,0.000000,0.020000000,-0.030000000,0.050000000,0.100000,-0.200000,0.100000
692316291,4.703416,1.696432,0.000000,0.985059171,0.000000000,0.000000000,0.172216230,-0.848216,2.351708,0.000000,0.020000000,-0.030000000,0.050000000,0.100000,-0.200000,0.100000
697293830,4.699179,1.708132,0.000000,0.984844105,0.000000000,0.000000000,0.173441888,-0.854066,2.349590,0.000000,0.020000000,-0.030000000,0.050000000,0.100000,-0.200000,0.100000
702633393,4.694602,1.720672,0.000000,0.984611702,0.000000000,0.000000000,0.174756393,-0.860336,2.347301,0.000000,0.020000000,-0.030000000,0.050000000,0.100000,-0.200000,0.100000
707419626,4.690471,1.731902,0.000000,0.984401891,0.000000000,0.000000000,0.175934413,-0.865951,2.345235,0.000000,0.020000000,-0.030000000,0.050000000,0.100000,-0.200000,0.100000
712898257,4.685709,1.744744,0.000000,0.984159997,0.000000000,0.000000000,0.177282541,-0.872372,2.342855,0.000000,0.020000000,-0.030000000,0.050000000,0.100000,-0.200000,0.100000
717536332,4.681650,1.755605,0.000000,0.983953774,0.000000000,0.000000000,0.178423573,-0.877803,2.340825,0.000000,0.020000000,-0.030000000,0.050000000,0.100000,-0.200000,0.100000
722847916,4.676971,1.768033,0.000000,0.983715978,0.000000000,0.000000000,0.179730004,-0.884016,2.338486,0.000000,0.020000000,-0.030000000,0.050000000,0.100000,-0.200000,0.100000
727363361,4.672968,1.778588,0.000000,0.983512461,0.000000000,0.000000000,0.180840368,-0.889294,2.336484,0.000000,0.020000000,-0.030000000,0.050000000,0.100000,-0.200000,0.100000
732309128,4.668555,1.790138,0.000000,0.983288111,0.000000000,0.000000000,0.182056285,-0.895069,2.334278,0.000000,0.020000000,-0.030000000,0.050000000,0.100000,-0.200000,0.100000
737303932,4.664070,1.801791,0.000000,0.983060010,0.000000000,0.000000000,0.183283976,-0.900896,2.332035,0.000000,0.020000000,-0.030000000,0.050000000,0.100000,-0.200000,0.100000
742502899,4.659370,1.813910,0.000000,0.982820958,0.000000000,0.000000000,0.184561545,-0.906955,2.329685,0.000000,0.020000000,-0.030000000,0.050000000,0.100000,-0.200000,0.100000
747503654,4.654820,1.825554,0.000000,0.982589454,0.000000000,0.000000000,0.185790112,-0.912777,2.327410,0.000000,0.020000000,-0.030000000,0.050000000,0.100000,-0.200000,0.100000
752392399,4.650344,1.836927,0.000000,0.982361650,0.000000000,0.000000000,0.186990880,-0.918463,2.325172,0.000000,0.020000000,-0.030000000,0.050000000,0.100000,-0.200000,0.100000
757805170,4.645356,1.849506,0.000000,0.982107716,0.000000000,0.000000000,0.188320033,-0.924753,2.322678,0.000000,0.020000000,-0.030000000,0.050000000,0.100000,-0.200000,0.100000
762738211,4.640780,1.860958,0.000000,0.981874721,0.000000000,0.000000000,0.189531084,-0.930479,2.320390,0.000000,0.020000000,-0.030000000,0.050000000,0.100000,-0.200000,0.100000
767503983,4.636332,1.872011,0.000000,0.981648209,0.000000000,0.000000000,0.190700797,-0.936005,2.318166,0.000000,0.020000000,-0.030000000,0.050000000,0.100000,-0.200000,0.100000
772124364,4.631995,1.882717,0.000000,0.981427276,0.000000000,0.000000000,0.191834567,-0.941358,2.315997,0.000000,0.020000000,-0.030000000,0.050000000,0.100000,-0.200000,0.100000
776867764,4.627517,1.893697,0.000000,0.981199099,0.000000000,0.000000000,0.192998258,-0.946849,2.313758,0.000000,0.020000000,-0.030000000,0.050000000,0.100000,-0.200000,0.100000
781678269,4.622949,1.904822,0.000000,0.980966285,0.000000000,0.000000000,0.194178133,-0.952411,2.311474,0.000000,0.020000000,-0.030000000,0.050000000,0.100000,-0.200000,0.100000
787165780,4.617705,1.917499,0.000000,0.980698973,0.000000000,0.000000000,0.195523716,-0.958750,2.308852,0.000000,0.020000000,-0.030000000,0.050000000,0.100000,-0.200000,0.100000
792625084,4.612453,1.930097,0.000000,0.980431204,0.000000000,0.000000000,0.196862017,-0.965048,2.306227,0.000000,0.020000000,-0.030000000,0.050000000,0.100000,-0.200000,0.100000
797600323,4.607638,1.941565,0.000000,0.980185587,0.000000000,0.000000000,0.198081334,-0.970782,2.303819,0.000000,0.020000000,-0.030000000,0.050000000,0.100000,-0.200000,0.100000
802884009,4.602492,1.953731,0.000000,0.979923082,0.000000000,0.000000000,0.199375909,-0.976865,2.301246,0.000000,0.020000000,-0.030000000,0.050000000,0.100000,-0.200000,0.100000
808233575,4.597250,1.966034,0.000000,0.979655562,0.000000000,0.000000000,0.200686271,-0.983017,2.298625,0.000000,0.020000000,-0.030000000,0.050000000,0.100000,-0.200000,0.100000
813692338,4.591867,1.978575,0.000000,0.979380775,0.000000000,0.000000000,0.202023011,-0.989287,2.295934,0.000000,0.020000000,-0.030000000,0.050000000,0.100000,-0.200000,0.100000
818709604,4.586889,1.990088,0.000000,0.979126604,0.000000000,0.000000000,0.203251305,-0.995044,2.293445,0.000000,0.020000000,-0.030000000,0.050000000,0.100000,-0.200000,0.100000
823783659,4.581825,2.001718,0.000000,0.978867989,0.000000000,0.000000000,0.204493177,-1.000859,2.290913,0.000000,0.020000000,-0.030000000,0.050000000,0.100000,-0.200000,0.100000
829109688,4.576479,2.013913,0.000000,0.978594838,0.000000000,0.000000000,0.205796365,-1.006956,2.288239,0.000000,0.020000000,-0.030000000,0.050000000,0.100000,-0.200000,0.100000
833797796,4.571745,2.024635,0.000000,0.978352967,0.000000000,0.000000000,0.206943163,-1.012317,2.285873,0.000000,0.020000000,-0.030000000,0.050000000,0.100000,-0.200000,0.100000
838602253,4.566868,2.035611,0.000000,0.978103699,0.000000000,0.000000000,0.208118127,-1.017806,2.283434,0.000000,0.020000000,-0.030000000,0.050000000,0.100000,-0.200000,0.100000
843223754,4.562152,2.046159,0.000000,0.977862591,0.000000000,0.000000000,0.209248065,-1.023079,2.281076,0.000000,0.020000000,-0.030000000,0.050000000,0.100000,-0.200000,0.100000
848046576,4.557205,2.057154,0.000000,0.977609589,0.000000000,0.000000000,0.210426927,-1.028577,2.278603,0.000000,0.020000000,-0.030000000,0.050000000,0.100000,-0.200000,0.100000
853129238,4.551962,2.068729,0.000000,0.977341418,0.000000000,0.000000000,0.211668971,-1.034364,2.275981,0.000000,0.020000000,-0.030000000,0.050000000,0.100000,-0.200000,0.100000
858589267,4.546298,2.081148,0.000000,0.977051577,0.000000000,0.000000000,0.213002852,-1.040574,2.273149,0.000000,0.020000000,-0.030000000,0.050000000,0.100000,-0.200000,0.100000
863447663,4.541229,2.092185,0.000000,0.976792144,0.000000000,0.000000000,0.214189420,-1.046093,2.270614,0.000000,0.020000000,-0.030000000,0.050000000,0.100000,-0.200000,0.100000
868192599,4.536253,2.102953,0.000000,0.976537378,0.000000000,0.000000000,0.215347973,-1.051477,2.268126,0.000000,0.020000000,-0.030000000,0.050000000,0.100000,-0.200000,0.100000
873135908,4.531041,2.114159,0.000000,0.976270499,0.000000000,0.000000000,0.216554640,-1.057080,2.265520,0.000000,0.020000000,-0.030000000,0.050000000,0.100000,-0.200000,0.100000
877766853,4.526133,2.124645,0.000000,0.976019132,0.000000000,0.000000000,0.217684758,-1.062322,2.263067,0.000000,0.020000000,-0.030000000,0.050000000,0.100000,-0.200000,0.100000
882537262,4.521053,2.135435,0.000000,0.975758827,0.000000000,0.000000000,0.218848606,-1.067717,2.260526,0.000000,0.020000000,-0.030000000,0.050000000,0.100000,-0.200000,0.100000
887599253,4.515634,2.146871,0.000000,0.975481093,0.000000000,0.000000000,0.220083251,-1.073435,2.257817,0.000000,0.020000000,-0.030000000,0.050000000,0.100000,-0.200000,0.100000
892982009,4.509839,2.159016,0.000000,0.975184046,0.000000000,0.000000000,0.221395745,-1.079508,2.254920,0.000000,0.020000000,-0.030000000,0.050000000,0.100000,-0.200000,0.100000
897834122,4.504588,2.169951,0.000000,0.974914769,0.000000000,0.000000000,0.222578508,-1.084975,2.252294,0.000000,0.020000000,-0.030000000,0.050000000,0.100000,-0.200000,0.100000
902373356,4.499652,2.180169,0.000000,0.974661558,0.000000000,0.000000000,0.223684706,-1.090084,2.249826,0.000000,0.020000000,-0.030000000,0.050000000,0.100000,-0.200000,0.100000
907649829,4.493884,2.192032,0.000000,0.974365643,0.000000000,0.000000000,0.224970205,-1.096016,2.246942,0.000000,0.020000000,-0.030000000,0.050000000,0.100000,-0.200000,0.100000
912844506,4.488175,2.203697,0.000000,0.974072660,0.000000000,0.000000000,0.226235394,-1.101849,2.244088,0.000000,0.020000000,-0.030000000,0.050000000,0.100000,-0.200000,0.100000
917797287,4.482704,2.214805,0.000000,0.973791790,0.000000000,0.000000000,0.227441312,-1.107402,2.241352,0.000000,0.020000000,-0.030000000,0.050000000,0.100000,-0.200000,0.100000
923266701,4.476631,2.227055,0.000000,0.973479887,0.000000000,0.000000000,0.228772617,-1.113528,2.238315,0.000000,0.020000000,-0.030000000,0.050000000,0.100000,-0.200000,0.100000
928008413,4.471338,2.237663,0.000000,0.973208009,0.000000000,0.000000000,0.229926446,-1.118831,2.235669,0.000000,0.020000000,-0.030000000,0.050000000,0.100000,-0.200000,0.100000
932677624,4.466102,2.248095,0.000000,0.972938953,0.000000000,0.000000000,0.231062317,-1.124048,2.233051,0.000000,0.020000000,-0.030000000,0.050000000,0.100000,-0.200000,0.100000
937879248,4.460240,2.259703,0.000000,0.972637655,0.000000000,0.000000000,0.232327337,-1.129852,2.230120,0.000000,0.020000000,-0.030000000,0.050000000,0.100000,-0.200000,0.100000
943359465,4.454032,2.271916,0.000000,0.972318441,0.000000000,0.000000000,0.233659685,-1.135958,2.227016,0.000000,0.020000000,-0.030000000,0.050000000,0.100000,-0.200000,0.100000
948110877,4.448622,2.282491,0.000000,0.972040202,0.000000000,0.000000000,0.234814491,-1.141246,2.224311,0.000000,0.020000000,-0.030000000,0.050000000,0.100000,-0.200000,0.100000
953441271,4.442522,2.294340,0.000000,0.971726426,0.000000000,0.000000000,0.236109622,-1.147170,2.221261,0.000000,0.020000000,-0.030000000,0.050000000,0.100000,-0.200000,0.100000
958569482,4.436625,2.305723,0.000000,0.971422922,0.000000000,0.000000000,0.237355232,-1.152862,2.218312,0.000000,0.020000000,-0.030000000,0.050000000,0.100000,-0.200000,0.100000
963512670,4.430913,2.316682,0.000000,0.971128858,0.000000000,0.000000000,0.238555532,-1.158341,2.215456,0.000000,0.020000000,-0.030000000,0.050000000,0.100000,-0.200000,0.100000
968674295,4.424919,2.328109,0.000000,0.970820216,0.000000000,0.000000000,0.239808484,-1.164055,2.212459,0.000000,0.020000000,-0.030000000,0.050000000,0.100000,-0.200000,0.100000
973369711,4.419441,2.338491,0.000000,0.970538047,0.000000000,0.000000000,0.240947920,-1.169246,2.209721,0.000000,0.020000000,-0.030000000,0.050000000,0.100000,-0.200000,0.100000
978478860,4.413453,2.349773,0.000000,0.970229495,0.000000000,0.000000000,0.242187379,-1.174887,2.206726,0.000000,0.020000000,-0.030000000,0.050000000,0.100000,-0.200000,0.100000
983064066,4.408054,2.359885,0.000000,0.969951238,0.000000000,0.000000000,0.243299395,-1.179943,2.204027,0.000000,0.020000000,-0.030000000,0.050000000,0.100000,-0.200000,0.100000
988426240,4.401711,2.371695,0.000000,0.969624213,0.000000000,0.000000000,0.244599438,-1.185848,2.200856,0.000000,0.020000000,-0.030000000,0.050000000,0.100000,-0.200000,0.100000
993334266,4.395878,2.382490,0.000000,0.969323358,0.000000000,0.000000000,0.245788988,-1.191245,2.197939,0.000000,0.020000000,-0.030000000,0.050000000,0.100000,-0.200000,0.100000
998005521,4.390301,2.392751,0.000000,0.969035662,0.000000000,0.000000000,0.246920810,-1.196375,2.195151,0.000000,0.020000000,-0.030000000,0.050000000,0.100000,-0.200000,0.100000
1003212948,4.384056,2.404174,0.000000,0.968713385,0.000000000,0.000000000,0.248182146,-1.202087,2.192028,0.000000,0.020000000,-0.030000000,0.050000000,0.100000,-0.200000,0.100000
1008538578,4.377639,2.415839,0.000000,0.968382095,0.000000000,0.000000000,0.249471678,-1.207920,2.188819,0.000000,0.020000000,-0.030000000,0.050000000,0.100000,-0.200000,0.100000
1013713796,4.371373,2.427159,0.000000,0.968058517,0.000000000,0.000000000,0.250724366,-1.213579,2.185686,0.000000,0.020000000,-0.030000000,0.050000000,0.100000,-0.200000,0.100000
1018900959,4.365063,2.438488,0.000000,0.967732566,0.000000000,0.000000000,0.251979524,-1.219244,2.182532,0.000000,0.020000000,-0.030000000,0.050000000,0.100000,-0.200000,0.100000
1024201414,4.358585,2.450048,0.000000,0.967397815,0.000000000,0.000000000,0.253261658,-1.225024,2.179293,0.000000,0.020000000,-0.030000000,0.050000000,0.100000,-0.200000,0.100000
1029030686,4.352657,2.460565,0.000000,0.967091343,0.000000000,0.000000000,0.254429430,-1.230282,2.176328,0.000000,0.020000000,-0.030000000,0.050000000,0.100000,-0.200000,0.100000
1033864465,4.346697,2.471078,0.000000,0.966783173,0.000000000,0.000000000,0.255597920,-1.235539,2.173349,0.000000,0.020000000,-0.030000000,0.050000000,0.100000,-0.200000,0.100000
1039321426,4.339939,2.482928,0.000000,0.966433576,0.000000000,0.000000000,0.256916606,-1.241464,2.169969,0.000000,0.020000000,-0.030000000,0.050000000,0.100000,-0.200000,0.100000
1044760070,4.333171,2.494721,0.000000,0.966083364,0.000000000,0.000000000,0.258230391,-1.247360,2.166585,0.000000,0.020000000,-0.030000000,0.050000000,0.100000,-0.200000,0.100000
1050248491,4.326308,2.506603,0.000000,0.965728135,0.000000000,0.000000000,0.259555715,-1.253301,2.163154,0.000000,0.020000000,-0.030000000,0.050000000,0.100000,-0.200000,0.100000
1054917410,4.320445,2.516695,0.000000,0.965424516,0.000000000,0.000000000,0.260682765,-1.258348,2.160222,0.000000,0.020000000,-0.030000000,0.050000000,0.100000,-0.200000,0.100000
1060404872,4.313524,2.528540,0.000000,0.965065986,0.000000000,0.000000000,0.262006952,-1.264270,2.156762,0.000000,0.020000000,-0.030000000,0.050000000,0.100000,-0.200000,0.100000
1065609267,4.306929,2.539756,0.000000,0.964724272,0.000000000,0.000000000,0.263262376,-1.269878,2.153465,0.000000,0.020000000,-0.030000000,0.050000000,0.100000,-0.200000,0.100000
1070984783,4.300087,2.551323,0.000000,0.964369608,0.000000000,0.000000000,0.264558610,-1.275661,2.150044,0.000000,0.020000000,-0.030000000,0.050000000,0.100000,-0.200000,0.100000
1076163747,4.293466,2.562449,0.000000,0.964026265,0.000000000,0.000000000,0.265806997,-1.281225,2.146733,0.000000,0.020000000,-0.030000000,0.050000000,0.100000,-0.200000,0.100000
1081227886,4.286964,2.573312,0.000000,0.963688972,0.000000000,0.000000000,0.267027274,-1.286656,2.143482,0.000000,0.020000000,-0.030000000,0.050000000,0.100000,-0.200000,0.100000
1086266547,4.280468,2.584104,0.000000,0.963351843,0.000000000,0.000000000,0.268240988,-1.292052,2.140234,0.000000,0.020000000,-0.030000000,0.050000000,0.100000,-0.200000,0.100000
1091743932,4.273375,2.595818,0.000000,0.962983625,0.000000000,0.000000000,0.269559898,-1.297909,2.136687,0.000000,0.020000000,-0.030000000,0.050000000,0.100000,-0.200000,0.100000
1097000520,4.266537,2.607040,0.000000,0.962628552,0.000000000,0.000000000,0.270825167,-1.303520,2.133269,0.000000,0.020000000,-0.030000000,0.050000000,0.100000,-0.200000,0.100000
1102421977,4.259455,2.618596,0.000000,0.962260601,0.000000000,0.000000000,0.272129630,-1.309298,2.129727,0.000000,0.020000000,-0.030000000,0.050000000,0.100000,-0.200000,0.100000
1107029781,4.253410,2.628403,0.000000,0.961946483,0.000000000,0.000000000,0.273237926,-1.314201,2.126705,0.000000,0.020000000,-0.030000000,0.050000000,0.100000,-0.200000,0.100000
1111781710,4.247153,2.638501,0.000000,0.961621202,0.000000000,0.000000000,0.274380509,-1.319251,2.123577,0.000000,0.020000000,-0.030000000,0.050000000,0.100000,-0.200000,0.100000
1117150974,4.240055,2.649894,0.000000,0.961252031,0.000000000,0.000000000,0.275671061,-1.324947,2.120027,0.000000,0.020000000,-0.030000000,0.050000000,0.100000,-0.200000,0.100000
1122533832,4.232907,2.661296,0.000000,0.960880186,0.000000000,0.000000000,0.276964381,-1.330648,2.116454,0.000000,0.020000000,-0.030000000,0.050000000,0.100000,-0.200000,0.100000
1127043258,4.226896,2.670833,0.000000,0.960567338,0.000000000,0.000000000,0.278047460,-1.335417,2.113448,0.000000,0.020000000,-0.030000000,0.050000000,0.100000,-0.200000,0.100000
1131576173,4.220832,2.680406,0.000000,0.960251630,0.000000000,0.000000000,0.279135823,-1.340203,2.110416,0.000000,0.020000000,-0.030000000,0.050000000,0.100000,-0.200000,0.100000
1136196637,4.214628,2.690150,0.000000,0.959928555,0.000000000,0.000000000,0.280244839,-1.345075,2.107314,0.000000,0.020000000,-0.030000000,0.050000000,0.100000,-0.200000,0.100000
1141046078,4.208093,2.700362,0.000000,0.959588092,0.000000000,0.000000000,0.281408412,-1.350181,2.104047,0.000000,0.020000000,-0.030000000,0.050000000,0.100000,-0.200000,0.100000
1145908688,4.201515,2.710585,0.000000,0.959245288,0.000000000,0.000000000,0.282574729,-1.355292,2.100758,0.000000,0.020000000,-0.030000000,0.050000000,0.100000,-0.200000,0.100000
1151381624,4.194082,2.722072,0.000000,0.958857762,0.000000000,0.000000000,0.283886937,-1.361036,2.097041,0.000000,0.020000000,-0.030000000,0.050000000,0.100000,-0.200000,0.100000
1156080045,4.187676,2.731917,0.000000,0.958523645,0.000000000,0.000000000,0.285013020,-1.365959,2.093838,0.000000,0.020000000,-0.030000000,0.050000000,0.100000,-0.200000,0.100000
1161326252,4.180495,2.742892,0.000000,0.958149012,0.000000000,0.000000000,0.286269928,-1.371446,2.090248,0.000000,0.020000000,-0.030000000,0.050000000,0.100000,-0.200000,0.100000
1166503454,4.173381,2.753705,0.000000,0.957777690,0.000000000,0.000000000,0.287509820,-1.376852,2.086691,0.000000,0.020000000,-0.030000000,0.050000000,0.100000,-0.200000,0.100000
1171145544,4.166978,2.763384,0.000000,0.957443383,0.000000000,0.000000000,0.288621149,-1.381692,2.083489,0.000000,0.020000000,-0.030000000,0.050000000,0.100000,-0.200000,0.100000
1176513325,4.159547,2.774558,0.000000,0.957055208,0.000000000,0.000000000,0.289905725,-1.387279,2.079773,0.000000,0.020000000,-0.030000000,0.050000000,0.100000,-0.200000,0.100000
1181101325,4.153171,2.784093,0.000000,0.956722056,0.000000000,0.000000000,0.291003277,-1.392046,2.076585,0.000000,0.020000000,-0.030000000,0.050000000,0.100000,-0.200000,0.100000
1185972099,4.146378,2.794199,0.000000,0.956366994,0.000000000,0.000000000,0.292168055,-1.397099,2.073189,0.000000,0.020000000,-0.030000000,0.050000000,0.100000,-0.200000,0.100000
1190563428,4.139953,2.803710,0.000000,0.956031004,0.000000000,0.000000000,0.293265611,-1.401855,2.069976,0.000000,0.020000000,-0.030000000,0.050000000,0.100000,-0.200000,0.100000
1195471352,4.133060,2.813861,0.000000,0.955670454,0.000000000,0.000000000,0.294438422,-1.406931,2.066530,0.000000,0.020000000,-0.030000000,0.050000000,0.100000,-0.200000,0.100000
1200042132,4.126619,2.823299,0.000000,0.955333376,0.000000000,0.000000000,0.295530269,-1.411650,2.063309,0.000000,0.020000000,-0.030000000,0.050000000,0.100000,-0.200000,0.100000
1205015734,4.119585,2.833553,0.000000,0.954965175,0.000000000,0.000000000,0.296717902,-1.416776,2.059792,0.000000,0.020000000,-0.030000000,0.050000000,0.100000,-0.200000,0.100000
1210285612,4.112104,2.844398,0.000000,0.954573430,0.000000000,0.000000000,0.297975782,-1.422199,2.056052,0.000000,0.020000000,-0.030000000,0.050000000,0.100000,-0.200000,0.100000
1214840391,4.105616,2.853755,0.000000,0.954233508,0.000000000,0.000000000,0.299062556,-1.426878,2.052808,0.000000,0.020000000,-0.030000000,0.050000000,0.100000,-0.200000,0.100000
1219602734,4.098809,2.863523,0.000000,0.953876772,0.000000000,0.000000000,0.300198441,-1.431762,2.049404,0.000000,0.020000000,-0.030000000,0.050000000,0.100000,-0.200000,0.100000
1224304741,4.092065,2.873152,0.000000,0.953523229,0.000000000,0.000000000,0.301319517,-1.436576,2.046033,0.000000,0.020000000,-0.030000000,0.050000000,0.100000,-0.200000,0.100000
1229119008,4.085138,2.882993,0.000000,0.953159881,0.000000000,0.000000000,0.302466927,-1.441497,2.042569,0.000000,0.020000000,-0.030000000,0.050000000,0.100000,-0.200000,0.100000
1234063889,4.077997,2.893085,0.000000,0.952785237,0.000000000,0.000000000,0.303645012,-1.446542,2.038999,0.000000,0.020000000,-0.030000000,0.050000000,0.100000,-0.200000,0.100000
1239062106,4.070754,2.903267,0.000000,0.952405072,0.000000000,0.000000000,0.304835331,-1.451634,2.035377,0.000000,0.020000000,-0.030000000,0.050000000,0.100000,-0.200000,0.100000
1243976797,4.063608,2.913262,0.000000,0.952029810,0.000000000,0.000000000,0.306005295,-1.456631,2.031804,0.000000,0.020000000,-0.030000000,0.050000000,0.100000,-0.200000,0.100000
1248795526,4.056577,2.923044,0.000000,0.951660480,0.000000000,0.000000000,0.307151966,-1.461522,2.028288,0.000000,0.020000000,-0.030000000,0.050000000,0.100000,-0.200000,0.100000
1253518891,4.049662,2.932616,0.000000,0.951297119,0.000000000,0.000000000,0.308275512,-1.466308,2.024831,0.000000,0.020000000,-0.030000000,0.050000000,0.100000,-0.200000,0.100000
1258545227,4.042279,2.942784,0.000000,0.950908994,0.000000000,0.000000000,0.309470652,-1.471392,2.021140,0.000000,0.020000000,-0.030000000,0.050000000,0.100000,-0.200000,0.100000
1263316401,4.035247,2.952419,0.000000,0.950539183,0.000000000,0.000000000,0.310604670,-1.476210,2.017624,0.000000,0.020000000,-0.030000000,0.050000000,0.100000,-0.200000,0.100000
1268266025,4.027928,2.962397,0.000000,0.950154112,0.000000000,0.000000000,0.311780635,-1.481198,2.013964,0.000000,0.020000000,-0.030000000,0.050000000,0.100000,-0.200000,0.100000
1272799752,4.021203,2.971520,0.000000,0.949800119,0.000000000,0.000000000,0.312857369,-1.485760,2.010601,0.000000,0.020000000,-0.030000000,0.050000000,0.100000,-0.200000,0.100000
1278142048,4.013251,2.982250,0.000000,0.949381428,0.000000000,0.000000000,0.314125618,-1.491125,2.006625,0.000000,0.020000000,-0.030000000,0.050000000,0.100000,-0.200000,0.100000
1283148831,4.005773,2.992288,0.000000,0.948987495,0.000000000,0.000000000,0.315313709,-1.496144,2.002886,0.000000,0.020000000,-0.030000000,0.050000000,0.100000,-0.200000,0.100000
1288439880,3.997842,3.002875,0.000000,0.948569580,0.000000000,0.000000000,0.316568717,-1.501437,1.998921,0.000000,0.020000000,-0.030000000,0.050000000,0.100000,-0.200000,0.100000
1293518397,3.990205,3.013016,0.000000,0.948166890,0.000000000,0.000000000,0.317772793,-1.506508,1.995102,0.000000,0.020000000,-0.030000000,0.050000000,0.100000,-0.200000,0.100000
1298360469,3.982898,3.022668,0.000000,0.947781526,0.000000000,0.000000000,0.318920333,-1.511334,1.991449,0.000000,0.020000000,-0.030000000,0.050000000,0.100000,-0.200000,0.100000
1303204788,3.975565,3.032306,0.000000,0.947394593,0.000000000,0.000000000,0.320067938,-1.516153,1.987783,0.000000,0.020000000,-0.030000000,0.050000000,0.100000,-0.200000,0.100000
1308341177,3.967764,3.042506,0.000000,0.946982814,0.000000000,0.000000000,0.321284221,-1.521253,1.983882,0.000000,0.020000000,-0.030000000,0.050000000,0.100000,-0.200000,0.100000
1313669606,3.959645,3.053067,0.000000,0.946553989,0.000000000,0.000000000,0.322545418,-1.526533,1.979822,0.000000,0.020000000,-0.030000000,0.050000000,0.100000,-0.200000,0.100000
1318701277,3.951951,3.063019,0.000000,0.946147504,0.000000000,0.000000000,0.323735850,-1.531509,1.975975,0.000000,0.020000000,-0.030000000,0.050000000,0.100000,-0.200000,0.100000
1323886604,3.943996,3.073254,0.000000,0.945727040,0.000000000,0.000000000,0.324962098,-1.536627,1.971998,0.000000,0.020000000,-0.030000000,0.050000000,0.100000,-0.200000,0.100000
1328981470,3.936155,3.083292,0.000000,0.945312364,0.000000000,0.000000000,0.326166422,-1.541646,1.968077,0.000000,0.020000000,-0.030000000,0.050000000,0.100000,-0.200000,0.100000
1333835184,3.928660,3.092835,0.000000,0.944915888,0.000000000,0.000000000,0.327313251,-1.546417,1.964330,0.000000,0.020000000,-0.030000000,0.050000000,0.100000,-0.200000,0.100000
1339158120,3.920415,3.103280,0.000000,0.944479485,0.000000000,0.000000000,0.328570393,-1.551640,1.960207,0.000000,0.020000000,-0.030000000,0.050000000,0.100000,-0.200000,0.100000
1344646671,3.911884,3.114027,0.000000,0.944027752,0.000000000,0.000000000,0.329866039,-1.557013,1.955942,0.000000,0.020000000,-0.030000000,0.050000000,0.100000,-0.200000,0.100000
1349699348,3.904004,3.123900,0.000000,0.943610322,0.000000000,0.000000000,0.331058242,-1.561950,1.952002,0.000000,0.020000000,-0.030000000,0.050000000,0.100000,-0.200000,0.100000
1354831272,3.895976,3.133907,0.000000,0.943184804,0.000000000,0.000000000,0.332268603,-1.566953,1.947988,0.000000,0.020000000,-0.030000000,0.050000000,0.100000,-0.200000,0.100000
1360082346,3.887734,3.144125,0.000000,0.942747800,0.000000000,0.000000000,0.333506500,-1.572063,1.943867,0.000000,0.020000000,-0.030000000,0.050000000,0.100000,-0.200000,0.100000
1364974565,3.880032,3.153626,0.000000,0.942339198,0.000000000,0.000000000,0.334659282,-1.576813,1.940016,0.000000,0.020000000,-0.030000000,0.050000000,0.100000,-0.200000,0.100000
1370437587,3.871403,3.164212,0.000000,0.941881257,0.000000000,0.000000000,0.335945975,-1.582106,1.935702,0.000000,0.020000000,-0.030000000,0.050000000,0.100000,-0.200000,0.100000
1375675932,3.863102,3.174341,0.000000,0.941440499,0.000000000,0.000000000,0.337179161,-1.587171,1.931551,0.000000,0.020000000,-0.030000000,0.050000000,0.100000,-0.200000,0.100000
1380614228,3.855252,3.183870,0.000000,0.941023509,0.000000000,0.000000000,0.338341182,-1.591935,1.927626,0.000000,0.020000000,-0.030000000,0.050000000,0.100000,-0.200000,0.100000
1385428985,3.847577,3.193142,0.000000,0.940615570,0.000000000,0.000000000,0.339473636,-1.596571,1.923788,0.000000,0.020000000,-0.030000000,0.050000000,0.100000,-0.200000,0.100000
1390188711,3.839966,3.202290,0.000000,0.940210954,0.000000000,0.000000000,0.340592664,-1.601145,1.919983,0.000000,0.020000000,-0.030000000,0.050000000,0.100000,-0.200000,0.100000
1395101445,3.832089,3.211712,0.000000,0.939791934,0.000000000,0.000000000,0.341747158,-1.605856,1.916044,0.000000,0.020000000,-0.030000000,0.050000000,0.100000,-0.200000,0.100000
1399994015,3.824221,3.221077,0.000000,0.939373226,0.000000000,0.000000000,0.342896402,-1.610538,1.912110,0.000000,0.020000000,-0.030000000,0.050000000,0.100000,-0.200000,0.100000
1404996151,3.816152,3.230632,0.000000,0.938943688,0.000000000,0.000000000,0.344070852,-1.615316,1.908076,0.000000,0.020000000,-0.030000000,0.050000000,0.100000,-0.200000,0.100000
1409996721,3.808063,3.240163,0.000000,0.938512817,0.000000000,0.000000000,0.345244396,-1.620081,1.904032,0.000000,0.020000000,-0.030000000,0.050000000,0.100000,-0.200000,0.100000
1415100074,3.799783,3.249869,0.000000,0.938071577,0.000000000,0.000000000,0.346441505,-1.624935,1.899891,0.000000,0.020000000,-0.030000000,0.050000000,0.100000,-0.200000,0.100000
1419925216,3.791931,3.259027,0.000000,0.937652987,0.000000000,0.000000000,0.347572835,-1.629514,1.895966,0.000000,0.020000000,-0.030000000,0.050000000,0.100000,-0.200000,0.100000
1425054665,3.783560,3.268742,0.000000,0.937206502,0.000000000,0.000000000,0.348774960,-1.634371,1.891780,0.000000,0.020000000,-0.030000000,0.050000000,0.100000,-0.200000,0.100000
1430059335,3.775369,3.278199,0.000000,0.936769393,0.000000000,0.000000000,0.349947289,-1.639100,1.887684,0.000000,0.020000000,-0.030000000,0.050000000,0.100000,-0.200000,0.100000
1435520675,3.766403,3.288496,0.000000,0.936290724,0.000000000,0.000000000,0.351225966,-1.644248,1.883202,0.000000,0.020000000,-0.030000000,0.050000000,0.100000,-0.200000,0.100000
1440303257,3.758529,3.297493,0.000000,0.935870114,0.000000000,0.000000000,0.352345186,-1.648747,1.879264,0.000000,0.020000000,-0.030000000,0.050000000,0.100000,-0.200000,0.100000
1445751562,3.749532,3.307720,0.000000,0.935389325,0.000000000,0.000000000,0.353619586,-1.653860,1.874766,0.000000,0.020000000,-0.030000000,0.050000000,0.100000,-0.200000,0.100000
1450883790,3.741032,3.317331,0.000000,0.934934841,0.000000000,0.000000000,0.354819452,-1.658665,1.870516,0.000000,0.020000000,-0.030000000,0.050000000,0.100000,-0.200000,0.100000
1455855052,3.732774,3.326619,0.000000,0.934493144,0.000000000,0.000000000,0.355981129,-1.663310,1.866387,0.000000,0.020000000,-0.030000000,0.050000000,0.100000,-0.200000,0.100000
1461263923,3.723764,3.336702,0.000000,0.934010925,0.000000000,0.000000000,0.357244442,-1.668351,1.861882,0.000000,0.020000000,-0.030000000,0.050000000,0.100000,-0.200000,0.100000
1466142830,3.715613,3.345776,0.000000,0.933574490,0.000000000,0.000000000,0.358383414,-1.672888,1.857807,0.000000,0.020000000,-0.030000000,0.050000000,0.100000,-0.200000,0.100000
1471282298,3.707003,3.355313,0.000000,0.933113245,0.000000000,0.000000000,0.359582637,-1.677657,1.853502,0.000000,0.020000000,-0.030000000,0.050000000,0.100000,-0.200000,0.100000
1476221927,3.698705,3.364459,0.000000,0.932668482,0.000000000,0.000000000,0.360734671,-1.682229,1.849352,0.000000,0.020000000,-0.030000000,0.050000000,0.100000,-0.200000,0.100000
1481630954,3.689592,3.374449,0.000000,0.932179824,0.000000000,0.000000000,0.361995548,-1.687225,1.844796,0.000000,0.020000000,-0.030000000,0.050000000,0.100000,-0.200000,0.100000
1487107104,3.680339,3.384539,0.000000,0.931683365,0.000000000,0.000000000,0.363271397,-1.692270,1.840169,0.000000,0.020000000,-0.030000000,0.050000000,0.100000,-0.200000,0.100000
1491625326,3.672683,3.392845,0.000000,0.931272435,0.000000000,0.000000000,0.364323553,-1.696422,1.836342,0.000000,0.020000000,-0.030000000,0.050000000,0.100000,-0.200000,0.100000
1496127589,3.665036,3.401104,0.000000,0.930861775,0.000000000,0.000000000,0.365371530,-1.700552,1.832518,0.000000,0.020000000,-0.030000000,0.050000000,0.100000,-0.200000,0.100000
1500635221,3.657362,3.409356,0.000000,0.930449444,0.000000000,0.000000000,0.366420294,-1.704678,1.828681,0.000000,0.020000000,-0.030000000,0.050000000,0.100000,-0.200000,0.100000
1505487749,3.649079,3.418219,0.000000,0.930004243,0.000000000,0.000000000,0.367548782,-1.709110,1.824539,0.000000,0.020000000,-0.030000000,0.050000000,0.100000,-0.200000,0.100000
1509994693,3.641367,3.426434,0.000000,0.929589523,0.000000000,0.000000000,0.368596418,-1.713217,1.820683,0.000000,0.020000000,-0.030000000,0.050000000,0.100000,-0.200000,0.100000
1515407563,3.632080,3.436276,0.000000,0.929089881,0.000000000,0.000000000,0.369854017,-1.718138,1.816040,0.000000,0.020000000,-0.030000000,0.050000000,0.100000,-0.200000,0.100000
1520208099,3.623822,3.444984,0.000000,0.928645337,0.000000000,0.000000000,0.370968782,-1.722492,1.811911,0.000000,0.020000000,-0.030000000,0.050000000,0.100000,-0.200000,0.100000
1524957846,3.615630,3.453581,0.000000,0.928204181,0.000000000,0.000000000,0.372071228,-1.726790,1.807815,0.000000,0.020000000,-0.030000000,0.050000000,0.100000,-0.200000,0.100000
1530283288,3.606421,3.463196,0.000000,0.927707997,0.000000000,0.000000000,0.373306672,-1.731598,1.803211,0.000000,0.020000000,-0.030000000,0.050000000,0.100000,-0.200000,0.100000
1535473084,3.597423,3.472542,0.000000,0.927222870,0.000000000,0.000000000,0.374510012,-1.736271,1.798711,0.000000,0.020000000,-0.030000000,0.050000000,0.100000,-0.200000,0.100000
1540663722,3.588398,3.481867,0.000000,0.926736103,0.000000000,0.000000000,0.375712916,-1.740934,1.794199,0.000000,0.020000000,-0.030000000,0.050000000,0.100000,-0.200000,0.100000
1545761580,3.579511,3.491002,0.000000,0.926256518,0.000000000,0.000000000,0.376893703,-1.745501,1.789756,0.000000,0.020000000,-0.030000000,0.050000000,0.100000,-0.200000,0.100000
1551031015,3.570301,3.500421,0.000000,0.925759210,0.000000000,0.000000000,0.378113587,-1.750211,1.785151,0.000000,0.020000000,-0.030000000,0.050000000,0.100000,-0.200000,0.100000
1556359777,3.560962,3.509922,0.000000,0.925254669,0.000000000,0.000000000,0.379346539,-1.754961,1.780481,0.000000,0.020000000,-0.030000000,0.050000000,0.100000,-0.200000,0.100000
1561040385,3.552738,3.518246,0.000000,0.924810143,0.000000000,0.000000000,0.380428968,-1.759123,1.776369,0.000000,0.020000000,-0.030000000,0.050000000,0.100000,-0.200000,0.100000
1565904018,3.544172,3.526875,0.000000,0.924346893,0.000000000,0.000000000,0.381553170,-1.763437,1.772086,0.000000,0.020000000,-0.030000000,0.050000000,0.100000,-0.200000,0.100000
1570628000,3.535831,3.535236,0.000000,0.923895636,0.000000000,0.000000000,0.382644554,-1.767618,1.767916,0.000000,0.020000000,-0.030000000,0.050000000,0.100000,-0.200000,0.100000
1575566344,3.527092,3.543956,0.000000,0.923422524,0.000000000,0.000000000,0.383784890,-1.771978,1.763546,0.000000,0.020000000,-0.030000000,0.050000000,0.100000,-0.200000,0.100000
1580535512,3.518275,3.552709,0.000000,0.922945039,0.000000000,0.000000000,0.384931754,-1.776354,1.759138,0.000000,0.020000000,-0.030000000,0.050000000,0.100000,-0.200000,0.100000
1585275249,3.509846,3.561036,0.000000,0.922488272,0.000000000,0.000000000,0.386025113,-1.780518,1.754923,0.000000,0.020000000,-0.030000000,0.050000000,0.100000,-0.200000,0.100000
1590438183,3.500642,3.570085,0.000000,0.921989248,0.000000000,0.000000000,0.387215478,-1.785043,1.750321,0.000000,0.020000000,-0.030000000,0.050000000,0.100000,-0.200000,0.100000
1595172271,3.492181,3.578361,0.000000,0.921530325,0.000000000,0.000000000,0.388306401,-1.789181,1.746091,0.000000,0.020000000,-0.030000000,0.050000000,0.100000,-0.200000,0.100000
1600270228,3.483049,3.587251,0.000000,0.921034684,0.000000000,0.000000000,0.389480565,-1.793626,1.741524,0.000000,0.020000000,-0.030000000,0.050000000,0.100000,-0.200000,0.100000
1604782838,3.474946,3.595101,0.000000,0.920594704,0.000000000,0.000000000,0.390519385,-1.797550,1.737473,0.000000,0.020000000,-0.030000000,0.050000000,0.100000,-0.200000,0.100000
1609739417,3.466026,3.603702,0.000000,0.920110088,0.000000000,0.000000000,0.391659835,-1.801851,1.733013,0.000000,0.020000000,-0.030000000,0.050000000,0.100000,-0.200000,0.100000
1614497264,3.457443,3.611937,0.000000,0.919643573,0.000000000,0.000000000,0.392753993,-1.805968,1.728722,0.000000,0.020000000,-0.030000000,0.050000000,0.100000,-0.200000,0.100000
1619054191,3.449204,3.619805,0.000000,0.919195538,0.000000000,0.000000000,0.393801426,-1.809903,1.724602,0.000000,0.020000000,-0.030000000,0.050000000,0.100000,-0.200000,0.100000
1623605782,3.440958,3.627645,0.000000,0.918746837,0.000000000,0.000000000,0.394847121,-1.813823,1.720479,0.000000,0.020000000,-0.030000000,0.050000000,0.100000,-0.200000,0.100000
1628618585,3.431854,3.636258,0.000000,0.918251293,0.000000000,0.000000000,0.395998185,-1.818129,1.715927,0.000000,0.020000000,-0.030000000,0.050000000,0.100000,-0.200000,0.100000
1633810684,3.422403,3.645155,0.000000,0.917736504,0.000000000,0.000000000,0.397189764,-1.822578,1.711201,0.000000,0.020000000,-0.030000000,0.050000000,0.100000,-0.200000,0.100000
1638786031,3.413324,3.653658,0.000000,0.917241755,0.000000000,0.000000000,0.398330971,-1.826829,1.706662,0.000000,0.020000000,-0.030000000,0.050000000,0.100000,-0.200000,0.100000
1644186122,3.403447,3.662861,0.000000,0.916703164,0.000000000,0.000000000,0.399568904,-1.831430,1.701723,0.000000,0.020000000,-0.030000000,0.050000000,0.100000,-0.200000,0.100000
1649106908,3.394425,3.671224,0.000000,0.916210922,0.000000000,0.000000000,0.400696327,-1.835612,1.697212,0.000000,0.020000000,-0.030000000,0.050000000,0.100000,-0.200000,0.100000
1653976615,3.385476,3.679478,0.000000,0.915722425,0.000000000,0.000000000,0.401811449,-1.839739,1.692738,0.000000,0.020000000,-0.030000000,0.050000000,0.100000,-0.200000,0.100000
1659077741,3.376080,3.688100,0.000000,0.915209258,0.000000000,0.000000000,0.402978926,-1.844050,1.688040,0.000000,0.020000000,-0.030000000,0.050000000,0.100000,-0.200000,0.100000
1663581676,3.367766,3.695694,0.000000,0.914754930,0.000000000,0.000000000,0.404009181,-1.847847,1.683883,0.000000,0.020000000,-0.030000000,0.050000000,0.100000,-0.200000,0.100000
1668499063,3.358669,3.703963,0.000000,0.914257571,0.000000000,0.000000000,0.405133427,-1.851982,1.679335,0.000000,0.020000000,-0.030000000,0.050000000,0.100000,-0.200000,0.100000
1673490855,3.349414,3.712334,0.000000,0.913751274,0.000000000,0.000000000,0.406274057,-1.856167,1.674707,0.000000,0.020000000,-0.030000000,0.050000000,0.100000,-0.200000,0.100000
1678577071,3.339962,3.720840,0.000000,0.913233936,0.000000000,0.000000000,0.407435612,-1.860420,1.669981,0.000000,0.020000000,-0.030000000,0.050000000,0.100000,-0.200000,0.100000
1683711031,3.330400,3.729402,0.000000,0.912710244,0.000000000,0.000000000,0.408607403,-1.864701,1.665200,0.000000,0.020000000,-0.030000000,0.050000000,0.100000,-0.200000,0.100000
1689112856,3.320315,3.738383,0.000000,0.912157606,0.000000000,0.000000000,0.409839605,-1.869192,1.660157,0.000000,0.020000000,-0.030000000,0.050000000,0.100000,-0.200000,0.100000
1693928311,3.311304,3.746367,0.000000,0.911663554,0.000000000,0.000000000,0.410937421,-1.873183,1.655652,0.000000,0.020000000,-0.030000000,0.050000000,0.100000,-0.200000,0.100000
1698935109,3.301915,3.754644,0.000000,0.911148470,0.000000000,0.000000000,0.412078228,-1.877322,1.650958,0.000000,0.020000000,-0.030000000,0.050000000,0.100000,-0.200000,0.100000
1703753349,3.292860,3.762588,0.000000,0.910651436,0.000000000,0.000000000,0.413175462,-1.881294,1.646430,0.000000,0.020000000,-0.030000000,0.050000000,0.100000,-0.200000,0.100000
1708290727,3.284316,3.770049,0.000000,0.910182167,0.000000000,0.000000000,0.414208188,-1.885025,1.642158,0.000000,0.020000000,-0.030000000,0.050000000,0.100000,-0.200000,0.100000
1712884768,3.275647,3.777583,0.000000,0.909705844,0.000000000,0.000000000,0.415253268,-1.888792,1.637824,0.000000,0.020000000,-0.030000000,0.050000000,0.100000,-0.200000,0.100000
1718149730,3.265691,3.786193,0.000000,0.909158483,0.000000000,0.000000000,0.416450300,-1.893097,1.632846,0.000000,0.020000000,-0.030000000,0.050000000,0.100000,-0.200000,0.100000
1723253781,3.256018,3.794515,0.000000,0.908626347,0.000000000,0.000000000,0.417610058,-1.897258,1.628009,0.000000,0.020000000,-0.030000000,0.050000000,0.100000,-0.200000,0.100000
1728222996,3.246580,3.802593,0.000000,0.908106848,0.000000000,0.000000000,0.418738526,-1.901297,1.623290,0.000000,0.020000000,-0.030000000,0.050000000,0.100000,-0.200000,0.100000
1732733412,3.237997,3.809905,0.000000,0.907634099,0.000000000,0.000000000,0.419762244,-1.904953,1.618998,0.000000,0.020000000,-0.030000000,0.050000000,0.100000,-0.200000,0.100000
1737343654,3.229206,3.817359,0.000000,0.907149695,0.000000000,0.000000000,0.420808068,-1.908680,1.614603,0.000000,0.020000000,-0.030000000,0.050000000,0.100000,-0.200000,0.100000
1742656669,3.219053,3.825924,0.000000,0.906589955,0.000000000,0.000000000,0.422012622,-1.912962,1.609527,0.000000,0.020000000,-0.030000000,0.050000000,0.100000,-0.200000,0.100000
1747295757,3.210170,3.833380,0.000000,0.906099907,0.000000000,0.000000000,0.423063775,-1.916690,1.605085,0.000000,0.020000000,-0.030000000,0.050000000,0.100000,-0.200000,0.100000
1752009883,3.201126,3.840936,0.000000,0.905600684,0.000000000,0.000000000,0.424131349,-1.920468,1.600563,0.000000,0.020000000,-0.030000000,0.050000000,0.100000,-0.200000,0.100000
1756911727,3.191703,3.848771,0.000000,0.905080248,0.000000000,0.000000000,0.425240808,-1.924385,1.595851,0.000000,0.020000000,-0.030000000,0.050000000,0.100000,-0.200000,0.100000
1761999215,3.181902,3.856877,0.000000,0.904538664,0.000000000,0.000000000,0.426391610,-1.928438,1.590951,0.000000,0.020000000,-0.030000000,0.050000000,0.100000,-0.200000,0.100000
1767413542,3.171449,3.865477,0.000000,0.903960680,0.000000000,0.000000000,0.427615586,-1.932738,1.585725,0.000000,0.020000000,-0.030000000,0.050000000,0.100000,-0.200000,0.100000
1772715266,3.161191,3.873870,0.000000,0.903393111,0.000000000,0.000000000,0.428813348,-1.936935,1.580596,0.000000,0.020000000,-0.030000000,0.050000000,0.100000,-0.200000,0.100000
1777762134,3.151406,3.881835,0.000000,0.902851351,0.000000000,0.000000000,0.429952833,-1.940917,1.575703,0.000000,0.020000000,-0.030000000,0.050000000,0.100000,-0.200000,0.100000
1782623846,3.141960,3.889484,0.000000,0.902328107,0.000000000,0.000000000,0.431049866,-1.944742,1.570980,0.000000,0.020000000,-0.030000000,0.050000000,0.100000,-0.200000,0.100000
1787927252,3.131635,3.897802,0.000000,0.901755806,0.000000000,0.000000000,0.432245839,-1.948901,1.565818,0.000000,0.020000000,-0.030000000,0.050000000,0.100000,-0.200000,0.100000
1792664305,3.122395,3.905208,0.000000,0.901243281,0.000000000,0.000000000,0.433313452,-1.952604,1.561197,0.000000,0.020000000,-0.030000000,0.050000000,0.100000,-0.200000,0.100000
1798002658,3.111960,3.913529,0.000000,0.900664184,0.000000000,0.000000000,0.434515855,-1.956764,1.555980,0.000000,0.020000000,-0.030000000,0.050000000,0.100000,-0.200000,0.100000
1802838705,3.102488,3.921042,0.000000,0.900138191,0.000000000,0.000000000,0.435604450,-1.960521,1.551244,0.000000,0.020000000,-0.030000000,0.050000000,0.100000,-0.200000,0.100000
1807843266,3.092666,3.928793,0.000000,0.899592484,0.000000000,0.000000000,0.436730308,-1.964397,1.546333,0.000000,0.020000000,-0.030000000,0.050000000,0.100000,-0.200000,0.100000
1813044606,3.082438,3.936823,0.000000,0.899023828,0.000000000,0.000000000,0.437899710,-1.968411,1.541219,0.000000,0.020000000,-0.030000000,0.050000000,0.100000,-0.200000,0.100000
1818273067,3.072136,3.944867,0.000000,0.898450675,0.000000000,0.000000000,0.439074464,-1.972434,1.536068,0.000000,0.020000000,-0.030000000,0.050000000,0.100000,-0.200000,0.100000
1823624642,3.061570,3.953074,0.000000,0.897862436,0.000000000,0.000000000,0.440276102,-1.976537,1.530785,0.000000,0.020000000,-0.030000000,0.050000000,0.100000,-0.200000,0.100000
1828447855,3.052027,3.960446,0.000000,0.897330897,0.000000000,0.000000000,0.441358427,-1.980223,1.526014,0.000000,0.020000000,-0.030000000,0.050000000,0.100000,-0.200000,0.100000
1833733818,3.041549,3.968498,0.000000,0.896746863,0.000000000,0.000000000,0.442543856,-1.984249,1.520775,0.000000,0.020000000,-0.030000000,0.050000000,0.100000,-0.200000,0.100000
1838426966,3.032229,3.975624,0.000000,0.896227015,0.000000000,0.000000000,0.443595692,-1.987812,1.516114,0.000000,0.020000000,-0.030000000,0.050000000,0.100000,-0.200000,0.100000
1843016557,3.023097,3.982572,0.000000,0.895717444,0.000000000,0.000000000,0.444623729,-1.991286,1.511549,0.000000,0.020000000,-0.030000000,0.050000000,0.100000,-0.200000,0.100000
1847572503,3.014017,3.989448,0.000000,0.895210443,0.000000000,0.000000000,0.445643651,-1.994724,1.507009,0.000000,0.020000000,-0.030000000,0.050000000,0.100000,-0.200000,0.100000
1852506960,3.004165,3.996873,0.000000,0.894660009,0.000000000,0.000000000,0.446747655,-1.998436,1.502083,0.000000,0.020000000,-0.030000000,0.050000000,0.100000,-0.200000,0.100000
1857537172,2.994103,4.004416,0.000000,0.894097493,0.000000000,0.000000000,0.447872384,-2.002208,1.497052,0.000000,0.020000000,-0.030000000,0.050000000,0.100000,-0.200000,0.100000
1862952008,2.983251,4.012507,0.000000,0.893490385,0.000000000,0.000000000,0.449082321,-2.006254,1.491625,0.000000,0.020000000,-0.030000000,0.050000000,0.100000,-0.200000,0.100000
1868121325,2.972870,4.020205,0.000000,0.892909277,0.000000000,0.000000000,0.450236630,-2.010102,1.486435,0.000000,0.020000000,-0.030000000,0.050000000,0.100000,-0.200000,0.100000
1873409457,2.962230,4.028051,0.000000,0.892313269,0.000000000,0.000000000,0.451416692,-2.014026,1.481115,0.000000,0.020000000,-0.030000000,0.050000000,0.100000,-0.200000,0.100000
1877992428,2.952992,4.034828,0.000000,0.891795476,0.000000000,0.000000000,0.452438756,-2.017414,1.476496,0.000000,0.020000000,-0.030000000,0.050000000,0.100000,-0.200000,0.100000
1882769064,2.943347,4.041870,0.000000,0.891254557,0.000000000,0.000000000,0.453503379,-2.020935,1.471673,0.000000,0.020000000,-0.030000000,0.050000000,0.100000,-0.200000,0.100000
1887546964,2.933683,4.048890,0.000000,0.890712223,0.000000000,0.000000000,0.454567637,-2.024445,1.466841,0.000000,0.020000000,-0.030000000,0.050000000,0.100000,-0.200000,0.100000
1892519737,2.923606,4.056171,0.000000,0.890146419,0.000000000,0.000000000,0.455674613,-2.028086,1.461803,0.000000,0.020000000,-0.030000000,0.050000000,0.100000,-0.200000,0.100000
1897834667,2.912817,4.063926,0.000000,0.889540164,0.000000000,0.000000000,0.456856976,-2.031963,1.456409,0.000000,0.020000000,-0.030000000,0.050000000,0.100000,-0.200000,0.100000
1902519971,2.903289,4.070739,0.000000,0.889004425,0.000000000,0.000000000,0.457898604,-2.035369,1.451644,0.000000,0.020000000,-0.030000000,0.050000000,0.100000,-0.200000,0.100000
1907241127,2.893671,4.077581,0.000000,0.888463353,0.000000000,0.000000000,0.458947567,-2.038790,1.446836,0.000000,0.020000000,-0.030000000,0.050000000,0.100000,-0.200000,0.100000
1912485853,2.882968,4.085155,0.000000,0.887860826,0.000000000,0.000000000,0.460112109,-2.042578,1.441484,0.000000,0.020000000,-0.030000000,0.050000000,0.100000,-0.200000,0.100000
1917479014,2.872761,4.092340,0.000000,0.887285781,0.000000000,0.000000000,0.461220058,-2.046170,1.436380,0.000000,0.020000000,-0.030000000,0.050000000,0.100000,-0.200000,0.100000
1922945830,2.861564,4.100177,0.000000,0.886654602,0.000000000,0.000000000,0.462432284,-2.050089,1.430782,0.000000,0.020000000,-0.030000000,0.050000000,0.100000,-0.200000,0.100000
1928395229,2.850381,4.107959,0.000000,0.886023784,0.000000000,0.000000000,0.463639789,-2.053979,1.425191,0.000000,0.020000000,-0.030000000,0.050000000,0.100000,-0.200000,0.100000
1933448389,2.839993,4.115147,0.000000,0.885437366,0.000000000,0.000000000,0.464758723,-2.057574,1.419997,0.000000,0.020000000,-0.030000000,0.050000000,0.100000,-0.200000,0.100000
1938374936,2.829848,4.122131,0.000000,0.884864281,0.000000000,0.000000000,0.465848908,-2.061065,1.414924,0.000000,0.020000000,-0.030000000,0.050000000,0.100000,-0.200000,0.100000
1942976592,2.820356,4.128631,0.000000,0.884327776,0.000000000,0.000000000,0.466866559,-2.064315,1.410178,0.000000,0.020000000,-0.030000000,0.050000000,0.100000,-0.200000,0.100000
1948222841,2.809517,4.136015,0.000000,0.883714691,0.000000000,0.000000000,0.468026009,-2.068007,1.404758,0.000000,0.020000000,-0.030000000,0.050000000,0.100000,-0.200000,0.100000
1953081841,2.799460,4.142828,0.000000,0.883145505,0.000000000,0.000000000,0.469099155,-2.071414,1.399730,0.000000,0.020000000,-0.030000000,0.050000000,0.100000,-0.200000,0.100000
1958125429,2.789004,4.149875,0.000000,0.882553317,0.000000000,0.000000000,0.470212338,-2.074937,1.394502,0.000000,0.020000000,-0.030000000,0.050000000,0.100000,-0.200000,0.100000
1963390540,2.778069,4.157202,0.000000,0.881933623,0.000000000,0.000000000,0.471373615,-2.078601,1.389035,0.000000,0.020000000,-0.030000000,0.050000000,0.100000,-0.200000,0.100000
1968539370,2.767358,4.164341,0.000000,0.881326137,0.000000000,0.000000000,0.472508456,-2.082170,1.383679,0.000000,0.020000000,-0.030000000,0.050000000,0.100000,-0.200000,0.100000
1973084786,2.757886,4.170619,0.000000,0.880788631,0.000000000,0.000000000,0.473509649,-2.085310,1.378943,0.000000,0.020000000,-0.030000000,0.050000000,0.100000,-0.200000,0.100000
1977752880,2.748144,4.177045,0.000000,0.880235434,0.000000000,0.000000000,0.474537228,-2.088522,1.374072,0.000000,0.020000000,-0.030000000,0.050000000,0.100000,-0.200000,0.100000
1982587849,2.738038,4.183676,0.000000,0.879661198,0.000000000,0.000000000,0.475600858,-2.091838,1.369019,0.000000,0.020000000,-0.030000000,0.050000000,0.100000,-0.200000,0.100000
1987590149,2.727566,4.190511,0.000000,0.879065736,0.000000000,0.000000000,0.476700569,-2.095256,1.363783,0.000000,0.020000000,-0.030000000,0.050000000,0.100000,-0.200000,0.100000
1992775862,2.716691,4.197569,0.000000,0.878446989,0.000000000,0.000000000,0.477839813,-2.098785,1.358346,0.000000,0.020000000,-0.030000000,0.050000000,0.100000,-0.200000,0.100000
1997971336,2.705778,4.204613,0.000000,0.877825597,0.000000000,0.000000000,0.478980397,-2.102306,1.352889,0.000000,0.020000000,-0.030000000,0.050000000,0.100000,-0.200000,0.100000
2003188180,2.694801,4.211656,0.000000,0.877200159,0.000000000,0.000000000,0.480124859,-2.105828,1.347401,0.000000,0.020000000,-0.030000000,0.050000000,0.100000,-0.200000,0.100000
2008276407,2.684078,4.218498,0.000000,0.876588704,0.000000000,0.000000000,0.481240319,-2.109249,1.342039,0.000000,0.020000000,-0.030000000,0.050000000,0.100000,-0.200000,0.100000
2013053824,2.673993,4.224898,0.000000,0.876013307,0.000000000,0.000000000,0.482286933,-2.112449,1.336997,0.000000,0.020000000,-0.030000000,0.050000000,0.100000,-0.200000,0.100000
2018479430,2.662522,4.232136,0.000000,0.875358327,0.000000000,0.000000000,0.483474714,-2.116068,1.331261,0.000000,0.020000000,-0.030000000,0.050000000,0.100000,-0.200000,0.100000
2023338891,2.652231,4.238593,0.000000,0.874770324,0.000000000,0.000000000,0.484537800,-2.119296,1.326116,0.000000,0.020000000,-0.030000000,0.050000000,0.100000,-0.200000,0.100000
2027871254,2.642619,4.244592,0.000000,0.874220738,0.000000000,0.000000000,0.485528683,-2.122296,1.321309,0.000000,0.020000000,-0.030000000,0.050000000,0.100000,-0.200000,0.100000
2032641113,2.632488,4.250883,0.000000,0.873641141,0.000000000,0.000000000,0.486570815,-2.125441,1.316244,0.000000,0.020000000,-0.030000000,0.050000000,0.100000,-0.200000,0.100000
2038063187,2.620954,4.258004,0.000000,0.872980782,0.000000000,0.000000000,0.487754604,-2.129002,1.310477,0.000000,0.020000000,-0.030000000,0.050000000,0.100000,-0.200000,0.100000
2043158461,2.610098,4.264667,0.000000,0.872358763,0.000000000,0.000000000,0.488866227,-2.132334,1.305049,0.000000,0.020000000,-0.030000000,0.050000000,0.100000,-0.200000,0.100000
2048332803,2.599056,4.271406,0.000000,0.871725643,0.000000000,0.000000000,0.489994288,-2.135703,1.299528,0.000000,0.020000000,-0.030000000,0.050000000,0.100000,-0.200000,0.100000
2053434758,2.588151,4.278022,0.000000,0.871099952,0.000000000,0.000000000,0.491105766,-2.139011,1.294076,0.000000,0.020000000,-0.030000000,0.050000000,0.100000,-0.200000,0.100000
2058522001,2.577261,4.284592,0.000000,0.870474654,0.000000000,0.000000000,0.492213243,-2.142296,1.288631,0.000000,0.020000000,-0.030000000,0.050000000,0.100000,-0.200000,0.100000
2063799926,2.565945,4.291378,0.000000,0.869824431,0.000000000,0.000000000,0.493361389,-2.145689,1.282973,0.000000,0.020000000,-0.030000000,0.050000000,0.100000,-0.200000,0.100000
2068302068,2.556279,4.297143,0.000000,0.869268584,0.000000000,0.000000000,0.494340094,-2.148572,1.278139,0.000000,0.020000000,-0.030000000,0.050000000,0.100000,-0.200000,0.100000
2073173881,2.545804,4.303357,0.000000,0.868665856,0.000000000,0.000000000,0.495398456,-2.151679,1.272902,0.000000,0.020000000,-0.030000000,0.050000000,0.100000,-0.200000,0.100000
2078330380,2.534700,4.309907,0.000000,0.868026504,0.000000000,0.000000000,0.496517863,-2.154953,1.267350,0.000000,0.020000000,-0.030000000,0.050000000,0.100000,-0.200000,0.100000
2083276713,2.524033,4.316162,0.000000,0.867411855,0.000000000,0.000000000,0.497590870,-2.158081,1.262017,0.000000,0.020000000,-0.030000000,0.050000000,0.100000,-0.200000,0.100000
2088273733,2.513241,4.322455,0.000000,0.866789561,0.000000000,0.000000000,0.498674100,-2.161228,1.256621,0.000000,0.020000000,-0.030000000,0.050000000,0.100000,-0.200000,0.100000
2093324382,2.502318,4.328788,0.000000,0.866159213,0.000000000,0.000000000,0.499768164,-2.164394,1.251159,0.000000,0.020000000,-0.030000000,0.050000000,0.100000,-0.200000,0.100000
2098654533,2.490772,4.335441,0.000000,0.865492484,0.000000000,0.000000000,0.500921910,-2.167721,1.245386,0.000000,0.020000000,-0.030000000,0.050000000,0.100000,-0.200000,0.100000
2103882624,2.479431,4.341938,0.000000,0.864837029,0.000000000,0.000000000,0.502052700,-2.170969,1.239715,0.000000,0.020000000,-0.030000000,0.050000000,0.100000,-0.200000,0.100000
2108585661,2.469214,4.347756,0.000000,0.864246138,0.000000000,0.000000000,0.503069193,-2.173878,1.234607,0.000000,0.020000000,-0.030000000,0.050000000,0.100000,-0.200000,0.100000
2113991044,2.457454,4.354414,0.000000,0.863565529,0.000000000,0.000000000,0.504236629,-2.177207,1.228727,0.000000,0.020000000,-0.030000000,0.050000000,0.100000,-0.200000,0.100000
2119103382,2.446316,4.360681,0.000000,0.862920366,0.000000000,0.000000000,0.505339926,-2.180341,1.223158,0.000000,0.020000000,-0.030000000,0.050000000,0.100000,-0.200000,0.100000
2124298413,2.434980,4.367021,0.000000,0.862263325,0.000000000,0.000000000,0.506460224,-2.183510,1.217490,0.000000,0.020000000,-0.030000000,0.050000000,0.100000,-0.200000,0.100000
2129008148,2.424690,4.372743,0.000000,0.861666404,0.000000000,0.000000000,0.507475131,-2.186371,1.212345,0.000000,0.020000000,-0.030000000,0.050000000,0.100000,-0.200000,0.100000
2133861442,2.414072,4.378614,0.000000,0.861050038,0.000000000,0.000000000,0.508520237,-2.189307,1.207036,0.000000,0.020000000,-0.030000000,0.050000000,0.100000,-0.200000,0.100000
2139192155,2.402393,4.385032,0.000000,0.860371580,0.000000000,0.000000000,0.509667288,-2.192516,1.201196,0.000000,0.020000000,-0.030000000,0.050000000,0.100000,-0.200000,0.100000
2144644953,2.390428,4.391566,0.000000,0.859676002,0.000000000,0.000000000,0.510839672,-2.195783,1.195214,0.000000,0.020000000,-0.030000000,0.050000000,0.100000,-0.200000,0.100000
2149619998,2.379497,4.397499,0.000000,0.859039975,0.000000000,0.000000000,0.511908509,-2.198749,1.189748,0.000000,0.020000000,-0.030000000,0.050000000,0.100000,-0.200000,0.100000
2154901073,2.367877,4.403767,0.000000,0.858363370,0.000000000,0.000000000,0.513042226,-2.201883,1.183938,0.000000,0.020000000,-0.030000000,0.050000000,0.100000,-0.200000,0.100000
2160134141,2.356346,4.409947,0.000000,0.857691439,0.000000000,0.000000000,0.514164755,-2.204974,1.178173,0.000000,0.020000000,-0.030000000,0.050000000,0.100000,-0.200000,0.100000
2165005687,2.345597,4.415674,0.000000,0.857064609,0.000000000,0.000000000,0.515208944,-2.207837,1.172799,0.000000,0.020000000,-0.030000000,0.050000000,0.100000,-0.200000,0.100000
2170262604,2.333983,4.421824,0.000000,0.856386766,0.000000000,0.000000000,0.516334878,-2.210912,1.166991,0.000000,0.020000000,-0.030000000,0.050000000,0.100000,-0.200000,0.100000
2174940769,2.323634,4.427271,0.000000,0.855782306,0.000000000,0.000000000,0.517336104,-2.213635,1.161817,0.000000,0.020000000,-0.030000000,0.050000000,0.100000,-0.200000,0.100000
2180321396,2.311714,4.433506,0.000000,0.855085634,0.000000000,0.000000000,0.518486798,-2.216753,1.155857,0.000000,0.020000000,-0.030000000,0.050000000,0.100000,-0.200000,0.100000
2185478145,2.300275,4.439452,0.000000,0.854416497,0.000000000,0.000000000,0.519588732,-2.219726,1.150138,0.000000,0.020000000,-0.030000000,0.050000000,0.100000,-0.200000,0.100000
2190786265,2.288485,4.445541,0.000000,0.853726235,0.000000000,0.000000000,0.520722110,-2.222771,1.144242,0.000000,0.020000000,-0.030000000,0.050000000,0.100000,-0.200000,0.100000
2195809040,2.277313,4.451275,0.000000,0.853071694,0.000000000,0.000000000,0.521793718,-2.225637,1.138657,0.000000,0.020000000,-0.030000000,0.050000000,0.100000,-0.200000,0.100000
2200418569,2.267048,4.456511,0.000000,0.852469822,0.000000000,0.000000000,0.522776436,-2.228256,1.133524,0.000000,0.020000000,-0.030000000,0.050000000,0.100000,-0.200000,0.100000
2205156623,2.256484,4.461870,0.000000,0.851849989,0.000000000,0.000000000,0.523785831,-2.230935,1.128242,0.000000,0.020000000,-0.030000000,0.050000000,0.100000,-0.200000,0.100000
2210372481,2.244840,4.467739,0.000000,0.851166266,0.000000000,0.000000000,0.524896168,-2.233870,1.122420,0.000000,0.020000000,-0.030000000,0.050000000,0.100000,-0.200000,0.100000
2215693615,2.232945,4.473696,0.000000,0.850467253,0.000000000,0.000000000,0.526027995,-2.236848,1.116473,0.000000,0.020000000,-0.030000000,0.050000000,0.100000,-0.200000,0.100000
2220257625,2.222731,4.478780,0.000000,0.849866500,0.000000000,0.000000000,0.526998038,-2.239390,1.111365,0.000000,0.020000000,-0.030000000,0.050000000,0.100000,-0.200000,0.100000
2224843179,2.212456,4.483864,0.000000,0.849261797,0.000000000,0.000000000,0.527971969,-2.241932,1.106228,0.000000,0.020000000,-0.030000000,0.050000000,0.100000,-0.200000,0.100000
2230235732,2.200358,4.489813,0.000000,0.848549247,0.000000000,0.000000000,0.529116411,-2.244907,1.100179,0.000000,0.020000000,-0.030000000,0.050000000,0.100000,-0.200000,0.100000
2234911186,2.189856,4.494945,0.000000,0.847930202,0.000000000,0.000000000,0.530107887,-2.247472,1.094928,0.000000,0.020000000,-0.030000000,0.050000000,0.100000,-0.200000,0.100000
2239602289,2.179307,4.500069,0.000000,0.847307922,0.000000000,0.000000000,0.531101955,-2.250034,1.089654,0.000000,0.020000000,-0.030000000,0.050000000,0.100000,-0.200000,0.100000
2245067155,2.167003,4.506007,0.000000,0.846581531,0.000000000,0.000000000,0.532259065,-2.253003,1.083501,0.000000,0.020000000,-0.030000000,0.050000000,0.100000,-0.200000,0.100000
2250042462,2.155787,4.511384,0.000000,0.845918838,0.000000000,0.000000000,0.533311653,-2.255692,1.077893,0.000000,0.020000000,-0.030000000,0.050000000,0.100000,-0.200000,0.100000
2254697240,2.145281,4.516389,0.000000,0.845297653,0.000000000,0.000000000,0.534295683,-2.258194,1.072641,0.000000,0.020000000,-0.030000000,0.050000000,0.100000,-0.200000,0.100000
2260058767,2.133166,4.522124,0.000000,0.844580734,0.000000000,0.000000000,0.535428224,-2.261062,1.066583,0.000000,0.020000000,-0.030000000,0.050000000,0.100000,-0.200000,0.100000
2265528854,2.120790,4.527941,0.000000,0.843847735,0.000000000,0.000000000,0.536582706,-2.263971,1.060395,0.000000,0.020000000,-0.030000000,0.050000000,0.100000,-0.200000,0.100000
2270568645,2.109373,4.533271,0.000000,0.843170999,0.000000000,0.000000000,0.537645484,-2.266635,1.054687,0.000000,0.020000000,-0.030000000,0.050000000,0.100000,-0.200000,0.100000
2275996488,2.097063,4.538979,0.000000,0.842440659,0.000000000,0.000000000,0.538789138,-2.269489,1.048531,0.000000,0.020000000,-0.030000000,0.050000000,0.100000,-0.200000,0.100000
2280814194,2.086123,4.544017,0.000000,0.841791116,0.000000000,0.000000000,0.539803405,-2.272009,1.043061,0.000000,0.020000000,-0.030000000,0.050000000,0.100000,-0.200000,0.100000
2285759819,2.074880,4.549162,0.000000,0.841123057,0.000000000,0.000000000,0.540843788,-2.274581,1.037440,0.000000,0.020000000,-0.030000000,0.050000000,0.100000,-0.200000,0.100000
2291109586,2.062704,4.554696,0.000000,0.840398958,0.000000000,0.000000000,0.541968257,-2.277348,1.031352,0.000000,0.020000000,-0.030000000,0.050000000,0.100000,-0.200000,0.100000
2295945242,2.051686,4.559670,0.000000,0.839743151,0.000000000,0.000000000,0.542983831,-2.279835,1.025843,0.000000,0.020000000,-0.030000000,0.050000000,0.100000,-0.200000,0.100000
2300706896,2.040824,4.564541,0.000000,0.839096181,0.000000000,0.000000000,0.543983088,-2.282271,1.020412,0.000000,0.020000000,-0.030000000,0.050000000,0.100000,-0.200000,0.100000
2306077898,2.028559,4.570005,0.000000,0.838364991,0.000000000,0.000000000,0.545109294,-2.285003,1.014279,0.000000,0.020000000,-0.030000000,0.050000000,0.100000,-0.200000,0.100000
2310873866,2.017594,4.574857,0.000000,0.837710807,0.000000000,0.000000000,0.546114095,-2.287428,1.008797,0.000000,0.020000000,-0.030000000,0.050000000,0.100000,-0.200000,0.100000
2316100679,2.005631,4.580114,0.000000,0.836996483,0.000000000,0.000000000,0.547208267,-2.290057,1.002816,0.000000,0.020000000,-0.030000000,0.050000000,0.100000,-0.200000,0.100000
2320631567,1.995250,4.584646,0.000000,0.836376111,0.000000000,0.000000000,0.548156000,-2.292323,0.997625,0.000000,0.020000000,-0.030000000,0.050000000,0.100000,-0.200000,0.100000
2326083321,1.982745,4.590068,0.000000,0.835628232,0.000000000,0.000000000,0.549295420,-2.295034,0.991373,0.000000,0.020000000,-0.030000000,0.050000000,0.100000,-0.200000,0.100000
2331519695,1.970261,4.595440,0.000000,0.834880916,0.000000000,0.000000000,0.550430609,-2.297720,0.985131,0.000000,0.020000000,-0.030000000,0.050000000,0.100000,-0.200000,0.100000
2336141493,1.959637,4.599981,0.000000,0.834244364,0.000000000,0.000000000,0.551394904,-2.299990,0.979818,0.000000,0.020000000,-0.030000000,0.050000000,0.100000,-0.200000,0.100000
2340739081,1.949057,4.604474,0.000000,0.833610042,0.000000000,0.000000000,0.552353418,-2.302237,0.974529,0.000000,0.020000000,-0.030000000,0.050000000,0.100000,-0.200000,0.100000
2345805955,1.937386,4.609397,0.000000,0.832909697,0.000000000,0.000000000,0.553408924,-2.304698,0.968693,0.000000,0.020000000,-0.030000000,0.050000000,0.100000,-0.200000,0.100000
2350612291,1.926303,4.614039,0.000000,0.832244128,0.000000000,0.000000000,0.554409335,-2.307020,0.963151,0.000000,0.020000000,-0.030000000,0.050000000,0.100000,-0.200000,0.100000
2355203607,1.915706,4.618449,0.000000,0.831607213,0.000000000,0.000000000,0.555364244,-2.309225,0.957853,0.000000,0.020000000,-0.030000000,0.050000000,0.100000,-0.200000,0.100000
2360487992,1.903496,4.623495,0.000000,0.830872798,0.000000000,0.000000000,0.556462392,-2.311747,0.951748,0.000000,0.020000000,-0.030000000,0.050000000,0.100000,-0.200000,0.100000
2365468618,1.891976,4.628221,0.000000,0.830179271,0.000000000,0.000000000,0.557496527,-2.314110,0.945988,0.000000,0.020000000,-0.030000000,0.050000000,0.100000,-0.200000,0.100000
2370401060,1.880556,4.632873,0.000000,0.829491185,0.000000000,0.000000000,0.558519806,-2.316436,0.940278,0.000000,0.020000000,-0.030000000,0.050000000,0.100000,-0.200000,0.100000
2375416022,1.868934,4.637573,0.000000,0.828790295,0.000000000,0.000000000,0.559559333,-2.318787,0.934467,0.000000,0.020000000,-0.030000000,0.050000000,0.100000,-0.200000,0.100000
2380329368,1.857535,4.642151,0.000000,0.828102343,0.000000000,0.000000000,0.560576944,-2.321075,0.928767,0.000000,0.020000000,-0.030000000,0.050000000,0.100000,-0.200000,0.100000
2385560306,1.845387,4.646993,0.000000,0.827368549,0.000000000,0.000000000,0.561659402,-2.323497,0.922694,0.000000,0.020000000,-0.030000000,0.050000000,0.100000,-0.200000,0.100000
2390579156,1.833720,4.651609,0.000000,0.826663177,0.000000000,0.000000000,0.562697070,-2.325805,0.916860,0.000000,0.020000000,-0.030000000,0.050000000,0.100000,-0.200000,0.100000
2395394566,1.822515,4.656011,0.000000,0.825985174,0.000000000,0.000000000,0.563691842,-2.328006,0.911258,0.000000,0.020000000,-0.030000000,0.050000000,0.100000,-0.200000,0.100000
2400336198,1.811005,4.660500,0.000000,0.825288154,0.000000000,0.000000000,0.564711841,-2.330250,0.905503,0.000000,0.020000000,-0.030000000,0.050000000,0.100000,-0.200000,0.100000
2405490533,1.798988,4.665152,0.000000,0.824559791,0.000000000,0.000000000,0.565774824,-2.332576,0.899494,0.000000,0.020000000,-0.030000000,0.050000000,0.100000,-0.200000,0.100000
2410443835,1.787429,4.669593,0.000000,0.823858545,0.000000000,0.000000000,0.566795464,-2.334796,0.893715,0.000000,0.020000000,-0.030000000,0.050000000,0.100000,-0.200000,0.100000
2415043995,1.776684,4.673692,0.000000,0.823206163,0.000000000,0.000000000,0.567742559,-2.336846,0.888342,0.000000,0.020000000,-0.030000000,0.050000000,0.100000,-0.200000,0.100000
2420267087,1.764472,4.678316,0.000000,0.822464119,0.000000000,0.000000000,0.568816995,-2.339158,0.882236,0.000000,0.020000000,-0.030000000,0.050000000,0.100000,-0.200000,0.100000
2425536956,1.752139,4.682949,0.000000,0.821714007,0.000000000,0.000000000,0.569900070,-2.341474,0.876070,0.000000,0.020000000,-0.030000000,0.050000000,0.100000,-0.200000,0.100000
2430702579,1.740038,4.687459,0.000000,0.820977350,0.000000000,0.000000000,0.570960761,-2.343729,0.870019,0.000000,0.020000000,-0.030000000,0.050000000,0.100000,-0.200000,0.100000
2435298511,1.729262,4.691445,0.000000,0.820320784,0.000000000,0.000000000,0.571903673,-2.345722,0.864631,0.000000,0.020000000,-0.030000000,0.050000000,0.100000,-0.200000,0.100000
2440682586,1.716626,4.696083,0.000000,0.819550248,0.000000000,0.000000000,0.573007322,-2.348041,0.858313,0.000000,0.020000000,-0.030000000,0.050000000,0.100000,-0.200000,0.100000
2445612850,1.705044,4.700300,0.000000,0.818843356,0.000000000,0.000000000,0.574017036,-2.350150,0.852522,0.000000,0.020000000,-0.030000000,0.050000000,0.100000,-0.200000,0.100000
2450362929,1.693876,4.704337,0.000000,0.818161123,0.000000000,0.000000000,0.574989024,-2.352168,0.846938,0.000000,0.020000000,-0.030000000,0.050000000,0.100000,-0.200000,0.100000
2454997038,1.682971,4.708249,0.000000,0.817494433,0.000000000,0.000000000,0.575936500,-2.354124,0.841486,0.000000,0.020000000,-0.030000000,0.050000000,0.100000,-0.200000,0.100000
2460162316,1.670806,4.712580,0.000000,0.816750034,0.000000000,0.000000000,0.576991666,-2.356290,0.835403,0.000000,0.020000000,-0.030000000,0.050000000,0.100000,-0.200000,0.100000
2465457090,1.658324,4.716986,0.000000,0.815985558,0.000000000,0.000000000,0.578072287,-2.358493,0.829162,0.000000,0.020000000,-0.030000000,0.050000000,0.100000,-0.200000,0.100000
2470923421,1.645426,4.721501,0.000000,0.815194813,0.000000000,0.000000000,0.579186858,-2.360751,0.822713,0.000000,0.020000000,-0.030000000,0.050000000,0.100000,-0.200000,0.100000
2476206981,1.632947,4.725832,0.000000,0.814429060,0.000000000,0.000000000,0.580263135,-2.362916,0.816473,0.000000,0.020000000,-0.030000000,0.050000000,0.100000,-0.200000,0.100000
2481252102,1.621021,4.729936,0.000000,0.813696538,0.000000000,0.000000000,0.581289897,-2.364968,0.810510,0.000000,0.020000000,-0.030000000,0.050000000,0.100000,-0.200000,0.100000
2486358030,1.608940,4.734059,0.000000,0.812953869,0.000000000,0.000000000,0.582328092,-2.367029,0.804470,0.000000,0.020000000,-0.030000000,0.050000000,0.100000,-0.200000,0.100000
2491597798,1.596532,4.738258,0.000000,0.812190356,0.000000000,0.000000000,0.583392514,-2.369129,0.798266,0.000000,0.020000000,-0.030000000,0.050000000,0.100000,-0.200000,0.100000
2496202179,1.585619,4.741921,0.000000,0.811518278,0.000000000,0.000000000,0.584327036,-2.370960,0.792810,0.000000,0.020000000,-0.030000000,0.050000000,0.100000,-0.200000,0.100000
2501122125,1.573949,4.745807,0.000000,0.810798950,0.000000000,0.000000000,0.585324750,-2.372903,0.786975,0.000000,0.020000000,-0.030000000,0.050000000,0.100000,-0.200000,0.100000
2505935297,1.562524,4.749581,0.000000,0.810094045,0.000000000,0.000000000,0.586299955,-2.374791,0.781262,0.000000,0.020000000,-0.030000000,0.050000000,0.100000,-0.200000,0.100000
2510990141,1.550514,4.753515,0.000000,0.809352485,0.000000000,0.000000000,0.587323211,-2.376758,0.775257,0.000000,0.020000000,-0.030000000,0.050000000,0.100000,-0.200000,0.100000
2516138244,1.538274,4.757490,0.000000,0.808595915,0.000000000,0.000000000,0.588364382,-2.378745,0.769137,0.000000,0.020000000,-0.030000000,0.050000000,0.100000,-0.200000,0.100000
2521059571,1.526562,4.761261,0.000000,0.807871420,0.000000000,0.000000000,0.589358778,-2.380631,0.763281,0.000000,0.020000000,-0.030000000,0.050000000,0.100000,-0.200000,0.100000
2526151382,1.514436,4.765132,0.000000,0.807120540,0.000000000,0.000000000,0.590386682,-2.382566,0.757218,0.000000,0.020000000,-0.030000000,0.050000000,0.100000,-0.200000,0.100000
2530906205,1.503103,4.768719,0.000000,0.806418174,0.000000000,0.000000000,0.591345694,-2.384360,0.751551,0.000000,0.020000000,-0.030000000,0.050000000,0.100000,-0.200000,0.100000
2535865436,1.491274,4.772432,0.000000,0.805684399,0.000000000,0.000000000,0.592345042,-2.386216,0.745637,0.000000,0.020000000,-0.030000000,0.050000000,0.100000,-0.200000,0.100000
2540786375,1.479527,4.776086,0.000000,0.804955066,0.000000000,0.000000000,0.593335775,-2.388043,0.739763,0.000000,0.020000000,-0.030000000,0.050000000,0.100000,-0.200000,0.100000
2545617019,1.467986,4.779646,0.000000,0.804237931,0.000000000,0.000000000,0.594307455,-2.389823,0.733993,0.000000,0.020000000,-0.030000000,0.050000000,0.100000,-0.200000,0.100000
2550288151,1.456819,4.783062,0.000000,0.803543360,0.000000000,0.000000000,0.595246225,-2.391531,0.728410,0.000000,0.020000000,-0.030000000,0.050000000,0.100000,-0.200000,0.100000
2554953565,1.445658,4.786447,0.000000,0.802848546,0.000000000,0.000000000,0.596183035,-2.393223,0.722829,0.000000,0.020000000,-0.030000000,0.050000000,0.100000,-0.200000,0.100000
2560374841,1.432678,4.790348,0.000000,0.802039791,0.000000000,0.000000000,0.597270603,-2.395174,0.716339,0.000000,0.020000000,-0.030000000,0.050000000,0.100000,-0.200000,0.100000
2565081711,1.421401,4.793706,0.000000,0.801336417,0.000000000,0.000000000,0.598213964,-2.396853,0.710700,0.000000,0.020000000,-0.030000000,0.050000000,0.100000,-0.200000,0.100000
2569908515,1.409827,4.797123,0.000000,0.800613968,0.000000000,0.000000000,0.599180502,-2.398561,0.704914,0.000000,0.020000000,-0.030000000,0.050000000,0.100000,-0.200000,0.100000
2574666598,1.398411,4.800463,0.000000,0.799900665,0.000000000,0.000000000,0.600132424,-2.400232,0.699205,0.000000,0.020000000,-0.030000000,0.050000000,0.100000,-0.200000,0.100000
2579283875,1.387324,4.803679,0.000000,0.799207387,0.000000000,0.000000000,0.601055365,-2.401839,0.693662,0.000000,0.020000000,-0.030000000,0.050000000,0.100000,-0.200000,0.100000
2583870618,1.376304,4.806848,0.000000,0.798517641,0.000000000,0.000000000,0.601971409,-2.403424,0.688152,0.000000,0.020000000,-0.030000000,0.050000000,0.100000,-0.200000,0.100000
2588550243,1.365053,4.810055,0.000000,0.797812844,0.000000000,0.000000000,0.602905188,-2.405028,0.682527,0.000000,0.020000000,-0.030000000,0.050000000,0.100000,-0.200000,0.100000
2593068706,1.354183,4.813127,0.000000,0.797131284,0.000000000,0.000000000,0.603806025,-2.406563,0.677091,0.000000,0.020000000,-0.030000000,0.050000000,0.100000,-0.200000,0.100000
2597723998,1.342976,4.816266,0.000000,0.796428021,0.000000000,0.000000000,0.604733336,-2.408133,0.671488,0.000000,0.020000000,-0.030000000,0.050000000,0.100000,-0.200000,0.100000
2602553795,1.331341,4.819495,0.000000,0.795697256,0.000000000,0.000000000,0.605694541,-2.409747,0.665671,0.000000,0.020000000,-0.030000000,0.050000000,0.100000,-0.200000,0.100000
2607461285,1.319511,4.822747,0.000000,0.794953547,0.000000000,0.000000000,0.606670304,-2.411374,0.659756,0.000000,0.020000000,-0.030000000,0.050000000,0.100000,-0.200000,0.100000
2612114948,1.308286,4.825804,0.000000,0.794247200,0.000000000,0.000000000,0.607594755,-2.412902,0.654143,0.000000,0.020000000,-0.030000000,0.050000000,0.100000,-0.200000,0.100000
2617375032,1.295590,4.829228,0.000000,0.793447513,0.000000000,0.000000000,0.608638681,-2.414614,0.647795,0.000000,0.020000000,-0.030000000,0.050000000,0.100000,-0.200000,0.100000
2622429013,1.283382,4.832487,0.000000,0.792677868,0.000000000,0.000000000,0.609640712,-2.416243,0.641691,0.000000,0.020000000,-0.030000000,0.050000000,0.100000,-0.200000,0.100000
2626980717,1.272381,4.835395,0.000000,0.791983629,0.000000000,0.000000000,0.610542326,-2.417698,0.636190,0.000000,0.020000000,-0.030000000,0.050000000,0.100000,-0.200000,0.100000
2631758576,1.260826,4.838421,0.000000,0.791253793,0.000000000,0.000000000,0.611487887,-2.419211,0.630413,0.000000,0.020000000,-0.030000000,0.050000000,0.100000,-0.200000,0.100000
2637063451,1.247988,4.841748,0.000000,0.790442130,0.000000000,0.000000000,0.612536724,-2.420874,0.623994,0.000000,0.020000000,-0.030000000,0.050000000,0.100000,-0.200000,0.100000
2642557590,1.234682,4.845158,0.000000,0.789600045,0.000000000,0.000000000,0.613621846,-2.422579,0.617341,0.000000,0.020000000,-0.030000000,0.050000000,0.100000,-0.200000,0.100000
2647502029,1.222700,4.848196,0.000000,0.788840938,0.000000000,0.000000000,0.614597409,-2.424098,0.611350,0.000000,0.020000000,-0.030000000,0.050000000,0.100000,-0.200000,0.100000
2652988100,1.209397,4.851532,0.000000,0.787997265,0.000000000,0.000000000,0.615678740,-2.425766,0.604698,0.000000,0.020000000,-0.030000000,0.050000000,0.100000,-0.200000,0.100000
2657787960,1.197750,4.854420,0.000000,0.787257905,0.000000000,0.000000000,0.616623866,-2.427210,0.598875,0.000000,0.020000000,-0.030000000,0.050000000,0.100000,-0.200000,0.100000
2663141534,1.184752,4.857609,0.000000,0.786431914,0.000000000,0.000000000,0.617676974,-2.428804,0.592376,0.000000,0.020000000,-0.030000000,0.050000000,0.100000,-0.200000,0.100000
2668485383,1.171768,4.860757,0.000000,0.785606020,0.000000000,0.000000000,0.618727066,-2.430379,0.585884,0.000000,0.020000000,-0.030000000,0.050000000,0.100000,-0.200000,0.100000
2673921993,1.158551,4.863924,0.000000,0.784764350,0.000000000,0.000000000,0.619794252,-2.431962,0.579275,0.000000,0.020000000,-0.030000000,0.050000000,0.100000,-0.200000,0.100000
2679355815,1.145332,4.867054,0.000000,0.783921663,0.000000000,0.000000000,0.620859747,-2.433527,0.572666,0.000000,0.020000000,-0.030000000,0.050000000,0.100000,-0.200000,0.100000
2684508316,1.132789,4.869989,0.000000,0.783121268,0.000000000,0.000000000,0.621869021,-2.434994,0.566395,0.000000,0.020000000,-0.030000000,0.050000000,0.100000,-0.200000,0.100000
2689934709,1.119572,4.873044,0.000000,0.782276921,0.000000000,0.000000000,0.622930830,-2.436522,0.559786,0.000000,0.020000000,-0.030000000,0.050000000,0.100000,-0.200000,0.100000
2694459316,1.108545,4.875564,0.000000,0.781571792,0.000000000,0.000000000,0.623815305,-2.437782,0.554272,0.000000,0.020000000,-0.030000000,0.050000000,0.100000,-0.200000,0.100000
2699091174,1.097250,4.878119,0.000000,0.780848912,0.000000000,0.000000000,0.624719919,-2.439059,0.548625,0.000000,0.020000000,-0.030000000,0.050000000,0.100000,-0.200000,0.100000
2704179141,1.084837,4.880894,0.000000,0.780053642,0.000000000,0.000000000,0.625712647,-2.440447,0.542418,0.000000,0.020000000,-0.030000000,0.050000000,0.100000,-0.200000,0.100000
2709081438,1.072870,4.883539,0.000000,0.779286199,0.000000000,0.000000000,0.626668190,-2.441769,0.536435,0.000000,0.020000000,-0.030000000,0.050000000,0.100000,-0.200000,0.100000
2713709745,1.061566,4.886008,0.000000,0.778560574,0.000000000,0.000000000,0.627569464,-2.443004,0.530783,0.000000,0.020000000,-0.030000000,0.050000000,0.100000,-0.200000,0.100000
2718766525,1.049209,4.888677,0.000000,0.777766582,0.000000000,0.000000000,0.628553215,-2.444338,0.524604,0.000000,0.020000000,-0.030000000,0.050000000,0.100000,-0.200000,0.100000
2723469880,1.037709,4.891131,0.000000,0.777026967,0.000000000,0.000000000,0.629467308,-2.445565,0.518855,0.000000,0.020000000,-0.030000000,0.050000000,0.100000,-0.200000,0.100000
2728401524,1.025645,4.893675,0.000000,0.776250300,0.000000000,0.000000000,0.630424835,-2.446837,0.512823,0.000000,0.020000000,-0.030000000,0.050000000,0.100000,-0.200000,0.100000
2732905545,1.014622,4.895972,0.000000,0.775539946,0.000000000,0.000000000,0.631298497,-2.447986,0.507311,0.000000,0.020000000,-0.030000000,0.050000000,0.100000,-0.200000,0.100000
2737826682,1.002572,4.898454,0.000000,0.774762683,0.000000000,0.000000000,0.632252153,-2.449227,0.501286,0.000000,0.020000000,-0.030000000,0.050000000,0.100000,-0.200000,0.100000
2742593782,0.990894,4.900830,0.000000,0.774008630,0.000000000,0.000000000,0.633175047,-2.450415,0.495447,0.000000,0.020000000,-0.030000000,0.050000000,0.100000,-0.200000,0.100000
2747819587,0.978085,4.903402,0.000000,0.773180758,0.000000000,0.000000000,0.634185711,-2.451701,0.489042,0.000000,0.020000000,-0.030000000,0.050000000,0.100000,-0.200000,0.100000
2752644529,0.966253,4.905747,0.000000,0.772415218,0.000000000,0.000000000,0.635117887,-2.452874,0.483126,0.000000,0.020000000,-0.030000000,0.050000000,0.100000,-0.200000,0.100000
2757370795,0.954657,4.908017,0.000000,0.771664245,0.000000000,0.000000000,0.636030104,-2.454008,0.477329,0.000000,0.020000000,-0.030000000,0.050000000,0.100000,-0.200000,0.100000
2762284230,0.942597,4.910347,0.000000,0.770882390,0.000000000,0.000000000,0.636977504,-2.455174,0.471298,0.000000,0.020000000,-0.030000000,0.050000000,0.100000,-0.200000,0.100000
2766907549,0.931243,4.912513,0.000000,0.770145638,0.000000000,0.000000000,0.637868087,-2.456257,0.465622,0.000000,0.020000000,-0.030000000,0.050000000,0.100000,-0.200000,0.100000
2771556111,0.919822,4.914664,0.000000,0.769403825,0.000000000,0.000000000,0.638762674,-2.457332,0.459911,0.000000,0.020000000,-0.030000000,0.050000000,0.100000,-0.200000,0.100000
2776693627,0.907195,4.917011,0.000000,0.768582778,0.000000000,0.000000000,0.639750353,-2.458506,0.453597,0.000000,0.020000000,-0.030000000,0.050000000,0.100000,-0.200000,0.100000
2781687778,0.894914,4.919261,0.000000,0.767783426,0.000000000,0.000000000,0.640709458,-2.459631,0.447457,0.000000,0.020000000,-0.030000000,0.050000000,0.100000,-0.200000,0.100000
2787025054,0.881783,4.921632,0.000000,0.766927832,0.000000000,0.000000000,0.641733356,-2.460816,0.440891,0.000000,0.020000000,-0.030000000,0.050000000,0.100000,-0.200000,0.100000
2791642369,0.870418,4.923654,0.000000,0.766186550,0.000000000,0.000000000,0.642618215,-2.461827,0.435209,0.000000,0.020000000,-0.030000000,0.050000000,0.100000,-0.200000,0.100000
2796911720,0.857443,4.925931,0.000000,0.765339340,0.000000000,0.000000000,0.643626984,-2.462965,0.428722,0.000000,0.020000000,-0.030000000,0.050000000,0.100000,-0.200000,0.100000
2801793444,0.845417,4.928009,0.000000,0.764553268,0.000000000,0.000000000,0.644560548,-2.464004,0.422709,0.000000,0.020000000,-0.030000000,0.050000000,0.100000,-0.200000,0.100000
2806462839,0.833909,4.929969,0.000000,0.763800321,0.000000000,0.000000000,0.645452609,-2.464985,0.416955,0.000000,0.020000000,-0.030000000,0.050000000,0.100000,-0.200000,0.100000
2811528811,0.821419,4.932066,0.000000,0.762982247,0.000000000,0.000000000,0.646419439,-2.466033,0.410710,0.000000,0.020000000,-0.030000000,0.050000000,0.100000,-0.200000,0.100000
2817016448,0.807883,4.934301,0.000000,0.762094701,0.000000000,0.000000000,0.647465572,-2.467150,0.403942,0.000000,0.020000000,-0.030000000,0.050000000,0.100000,-0.200000,0.100000
2821737594,0.796233,4.936194,0.000000,0.761329975,0.000000000,0.000000000,0.648364611,-2.468097,0.398117,0.000000,0.020000000,-0.030000000,0.050000000,0.100000,-0.200000,0.100000
2826684651,0.784021,4.938149,0.000000,0.760527519,0.000000000,0.000000000,0.649305701,-2.469074,0.392011,0.000000,0.020000000,-0.030000000,0.050000000,0.100000,-0.200000,0.100000
2831714764,0.771599,4.940105,0.000000,0.759710397,0.000000000,0.000000000,0.650261572,-2.470052,0.385799,0.000000,0.020000000,-0.030000000,0.050000000,0.100000,-0.200000,0.100000
2836347437,0.760154,4.941879,0.000000,0.758956776,0.000000000,0.000000000,0.651141008,-2.470939,0.380077,0.000000,0.020000000,-0.030000000,0.050000000,0.100000,-0.200000,0.100000
2840883413,0.748944,4.943590,0.000000,0.758217898,0.000000000,0.000000000,0.652001242,-2.471795,0.374472,0.000000,0.020000000,-0.030000000,0.050000000,0.100000,-0.200000,0.100000
2845606062,0.737268,4.945345,0.000000,0.757447576,0.000000000,0.000000000,0.652895986,-2.472672,0.368634,0.000000,0.020000000,-0.030000000,0.050000000,0.100000,-0.200000,0.100000
2850995933,0.723938,4.947314,0.000000,0.756567133,0.000000000,0.000000000,0.653916030,-2.473657,0.361969,0.000000,0.020000000,-0.030000000,0.050000000,0.100000,-0.200000,0.100000
2856359079,0.710669,4.949237,0.000000,0.755689691,0.000000000,0.000000000,0.654929837,-2.474619,0.355335,0.000000,0.020000000,-0.030000000,0.050000000,0.100000,-0.200000,0.100000
2860909424,0.699407,4.950841,0.000000,0.754944163,0.000000000,0.000000000,0.655789075,-2.475421,0.349703,0.000000,0.020000000,-0.030000000,0.050000000,0.100000,-0.200000,0.100000
2866243025,0.686202,4.952689,0.000000,0.754069063,0.000000000,0.000000000,0.656795134,-2.476344,0.343101,0.000000,0.020000000,-0.030000000,0.050000000,0.100000,-0.200000,0.100000
2871631773,0.672855,4.954520,0.000000,0.753183553,0.000000000,0.000000000,0.657810410,-2.477260,0.336427,0.000000,0.020000000,-0.030000000,0.050000000,0.100000,-0.200000,0.100000
2876555322,0.660656,4.956161,0.000000,0.752373292,0.000000000,0.000000000,0.658736995,-2.478081,0.330328,0.000000,0.020000000,-0.030000000,0.050000000,0.100000,-0.200000,0.100000
2881571158,0.648224,4.957803,0.000000,0.751546672,0.000000000,0.000000000,0.659679922,-2.478901,0.324112,0.000000,0.020000000,-0.030000000,0.050000000,0.100000,-0.200000,0.100000
2887039608,0.634666,4.959556,0.000000,0.750644113,0.000000000,0.000000000,0.660706755,-2.479778,0.317333,0.000000,0.020000000,-0.030000000,0.050000000,0.100000,-0.200000,0.100000
2892163754,0.621957,4.961166,0.000000,0.749797108,0.000000000,0.000000000,0.661667815,-2.480583,0.310979,0.000000,0.020000000,-0.030000000,0.050000000,0.100000,-0.200000,0.100000
2896669643,0.610778,4.962555,0.000000,0.749051282,0.000000000,0.000000000,0.662512020,-2.481277,0.305389,0.000000,0.020000000,-0.030000000,0.050000000,0.100000,-0.200000,0.100000
2901526528,0.598725,4.964023,0.000000,0.748246294,0.000000000,0.000000000,0.663421046,-2.482012,0.299363,0.000000,0.020000000,-0.030000000,0.050000000,0.100000,-0.200000,0.100000
2906347847,0.586757,4.965452,0.000000,0.747446109,0.000000000,0.000000000,0.664322447,-2.482726,0.293378,0.000000,0.020000000,-0.030000000,0.050000000,0.100000,-0.200000,0.100000
2911380379,0.574261,4.966913,0.000000,0.746609712,0.000000000,0.000000000,0.665262308,-2.483456,0.287130,0.000000,0.020000000,-0.030000000,0.050000000,0.100000,-0.200000,0.100000
2916736675,0.560956,4.968433,0.000000,0.745718207,0.000000000,0.000000000,0.666261477,-2.484217,0.280478,0.000000,0.020000000,-0.030000000,0.050000000,0.100000,-0.200000,0.100000
2921268131,0.549698,4.969691,0.000000,0.744962945,0.000000000,0.000000000,0.667105846,-2.484846,0.274849,0.000000,0.020000000,-0.030000000,0.050000000,0.100000,-0.200000,0.100000
2926121813,0.537636,4.971011,0.000000,0.744152917,0.000000000,0.000000000,0.668009308,-2.485505,0.268818,0.000000,0.020000000,-0.030000000,0.050000000,0.100000,-0.200000,0.100000
2930657612,0.526361,4.972217,0.000000,0.743394950,0.000000000,0.000000000,0.668852711,-2.486109,0.263180,0.000000,0.020000000,-0.030000000,0.050000000,0.100000,-0.200000,0.100000
2935964816,0.513164,4.973597,0.000000,0.742506861,0.000000000,0.000000000,0.669838459,-2.486798,0.256582,0.000000,0.020000000,-0.030000000,0.050000000,0.100000,-0.200000,0.100000
2941340960,0.499793,4.974958,0.000000,0.741605904,0.000000000,0.000000000,0.670835809,-2.487479,0.249897,0.000000,0.020000000,-0.030000000,0.050000000,0.100000,-0.200000,0.100000
2946709856,0.486436,4.976282,0.000000,0.740704824,0.000000000,0.000000000,0.671830606,-2.488141,0.243218,0.000000,0.020000000,-0.030000000,0.050000000,0.100000,-0.200000,0.100000
2951919656,0.473472,4.977532,0.000000,0.739829171,0.000000000,0.000000000,0.672794767,-2.488766,0.236736,0.000000,0.020000000,-0.030000000,0.050000000,0.100000,-0.200000,0.100000
2957191533,0.460350,4.978763,0.000000,0.738941806,0.000000000,0.000000000,0.673769254,-2.489381,0.230175,0.000000,0.020000000,-0.030000000,0.050000000,0.100000,-0.200000,0.100000
2962387032,0.447415,4.979942,0.000000,0.738066041,0.000000000,0.000000000,0.674728479,-2.489971,0.223707,0.000000,0.020000000,-0.030000000,0.050000000,0.100000,-0.200000,0.100000
2967882778,0.433729,4.981152,0.000000,0.737138310,0.000000000,0.000000000,0.675741897,-2.490576,0.216864,0.000000,0.020000000,-0.030000000,0.050000000,0.100000,-0.200000,0.100000
2973139826,0.420634,4.982275,0.000000,0.736249572,0.000000000,0.000000000,0.676710106,-2.491138,0.210317,0.000000,0.020000000,-0.030000000,0.050000000,0.100000,-0.200000,0.100000
2978326183,0.407713,4.983349,0.000000,0.735371538,0.000000000,0.000000000,0.677664150,-2.491675,0.203856,0.000000,0.020000000,-0.030000000,0.050000000,0.100000,-0.200000,0.100000
2983185445,0.395604,4.984325,0.000000,0.734547759,0.000000000,0.000000000,0.678556991,-2.492163,0.197802,0.000000,0.020000000,-0.030000000,0.050000000,0.100000,-0.200000,0.100000
2988331583,0.382778,4.985327,0.000000,0.733674164,0.000000000,0.000000000,0.679501450,-2.492663,0.191389,0.000000,0.020000000,-0.030000000,0.050000000,0.100000,-0.200000,0.100000
2992907418,0.371371,4.986189,0.000000,0.732896363,0.000000000,0.000000000,0.680340298,-2.493095,0.185685,0.000000,0.020000000,-0.030000000,0.050000000,0.100000,-0.200000,0.100000
2998233470,0.358091,4.987161,0.000000,0.731989831,0.000000000,0.000000000,0.681315556,-2.493580,0.179046,0.000000,0.020000000,-0.030000000,0.050000000,0.100000,-0.200000,0.100000
3003514944,0.344920,4.988089,0.000000,0.731089606,0.000000000,0.000000000,0.682281458,-2.494044,0.172460,0.000000,0.020000000,-0.030000000,0.050000000,0.100000,-0.200000,0.100000
3008454867,0.332599,4.988926,0.000000,0.730246444,0.000000000,0.000000000,0.683183819,-2.494463,0.166299,0.000000,0.020000000,-0.030000000,0.050000000,0.100000,-0.200000,0.100000
3013092380,0.321030,4.989683,0.000000,0.729453885,0.000000000,0.000000000,0.684029992,-2.494842,0.160515,0.000000,0.020000000,-0.030000000,0.050000000,0.100000,-0.200000,0.100000
3018545470,0.307424,4.990540,0.000000,0.728520688,0.000000000,0.000000000,0.685023800,-2.495270,0.153712,0.000000,0.020000000,-0.030000000,0.050000000,0.100000,-0.200000,0.100000
3023578896,0.294863,4.991298,0.000000,0.727658108,0.000000000,0.000000000,0.685939996,-2.495649,0.147432,0.000000,0.020000000,-0.030000000,0.050000000,0.100000,-0.200000,0.100000
3028225595,0.283266,4.991970,0.000000,0.726860778,0.000000000,0.000000000,0.686784835,-2.495985,0.141633,0.000000,0.020000000,-0.030000000,0.050000000,0.100000,-0.200000,0.100000
3033535931,0.270010,4.992704,0.000000,0.725948373,0.000000000,0.000000000,0.687749199,-2.496352,0.135005,0.000000,0.020000000,-0.030000000,0.050000000,0.100000,-0.200000,0.100000
3038900158,0.256618,4.993410,0.000000,0.725025409,0.000000000,0.000000000,0.688722118,-2.496705,0.128309,0.000000,0.020000000,-0.030000000,0.050000000,0.100000,-0.200000,0.100000
3044238335,0.243290,4.994078,0.000000,0.724105634,0.000000000,0.000000000,0.689689083,-2.497039,0.121645,0.000000,0.020000000,-0.030000000,0.050000000,0.100000,-0.200000,0.100000
3049608704,0.229879,4.994713,0.000000,0.723179010,0.000000000,0.000000000,0.690660639,-2.497356,0.114939,0.000000,0.020000000,-0.030000000,0.050000000,0.100000,-0.200000,0.100000
3054631713,0.217334,4.995274,0.000000,0.722311142,0.000000000,0.000000000,0.691568228,-2.497637,0.108667,0.000000,0.020000000,-0.030000000,0.050000000,0.100000,-0.200000,0.100000
3059604685,0.204913,4.995799,0.000000,0.721450796,0.000000000,0.000000000,0.692465702,-2.497900,0.102456,0.000000,0.020000000,-0.030000000,0.050000000,0.100000,-0.200000,0.100000
3064945646,0.191571,4.996329,0.000000,0.720525546,0.000000000,0.000000000,0.693428394,-2.498164,0.095785,0.000000,0.020000000,-0.030000000,0.050000000,0.100000,-0.200000,0.100000
3070058415,0.178797,4.996802,0.000000,0.719638622,0.000000000,0.000000000,0.694348798,-2.498401,0.089399,0.000000,0.020000000,-0.030000000,0.050000000,0.100000,-0.200000,0.100000
3074633547,0.167366,4.997198,0.000000,0.718843968,0.000000000,0.000000000,0.695171454,-2.498599,0.083683,0.000000,0.020000000,-0.030000000,0.050000000,0.100000,-0.200000,0.100000
3079958765,0.154060,4.997626,0.000000,0.717917846,0.000000000,0.000000000,0.696127838,-2.498813,0.077030,0.000000,0.020000000,-0.030000000,0.050000000,0.100000,-0.200000,0.100000
3084853953,0.141828,4.997988,0.000000,0.717065389,0.000000000,0.000000000,0.697005902,-2.498994,0.070914,0.000000,0.020000000,-0.030000000,0.050000000,0.100000,-0.200000,0.100000
3089487965,0.130247,4.998303,0.000000,0.716257425,0.000000000,0.000000000,0.697836157,-2.499152,0.065123,0.000000,0.020000000,-0.030000000,0.050000000,0.100000,-0.200000,0.100000
3094680261,0.117270,4.998625,0.000000,0.715350979,0.000000000,0.000000000,0.698765323,-2.499312,0.058635,0.000000,0.020000000,-0.030000000,0.050000000,0.100000,-0.200000,0.100000
3099660210,0.104823,4.998901,0.000000,0.714480471,0.000000000,0.000000000,0.699655384,-2.499451,0.052412,0.000000,0.020000000,-0.030000000,0.050000000,0.100000,-0.200000,0.100000
3104866404,0.091810,4.999157,0.000000,0.713569230,0.000000000,0.000000000,0.700584723,-2.499579,0.045905,0.000000,0.020000000,-0.030000000,0.050000000,0.100000,-0.200000,0.100000
3110217627,0.078434,4.999385,0.000000,0.712631346,0.000000000,0.000000000,0.701538712,-2.499692,0.039217,0.000000,0.020000000,-0.030000000,0.050000000,0.100000,-0.200000,0.100000
3115365494,0.065566,4.999570,0.000000,0.711727899,0.000000000,0.000000000,0.702455264,-2.499785,0.032783,0.000000,0.020000000,-0.030000000,0.050000000,0.100000,-0.200000,0.100000
3120282399,0.053275,4.999716,0.000000,0.710863885,0.000000000,0.000000000,0.703329608,-2.499858,0.026637,0.000000,0.020000000,-0.030000000,0.050000000,0.100000,-0.200000,0.100000
3124950790,0.041604,4.999827,0.000000,0.710042547,0.000000000,0.000000000,0.704158776,-2.499913,0.020802,0.000000,0.020000000,-0.030000000,0.050000000,0.100000,-0.200000,0.100000
3129612195,0.029951,4.999910,0.000000,0.709221472,0.000000000,0.000000000,0.704985747,-2.499955,0.014975,0.000000,0.020000000,-0.030000000,0.050000000,0.100000,-0.200000,0.100000
3135029550,0.016408,4.999973,0.000000,0.708266033,0.000000000,0.000000000,0.705945626,-2.499987,0.008204,0.000000,0.020000000,-0.030000000,0.050000000,0.100000,-0.200000,0.100000
3139616993,0.004939,4.999998,0.000000,0.707455946,0.000000000,0.000000000,0.706757444,-2.499999,0.002470,0.000000,0.020000000,-0.030000000,0.050000000,0.100000,-0.200000,0.100000
3144748815,-0.007890,4.999994,0.000000,0.706548625,0.000000000,0.000000000,0.707664497,-2.499997,-0.003945,0.000000,0.020000000,-0.030000000,0.050000000,0.100000,-0.200000,0.100000
3149480416,-0.019719,4.999961,0.000000,0.705711035,0.000000000,0.000000000,0.708499778,-2.499981,-0.009860,0.000000,0.020000000,-0.030000000,0.050000000,0.100000,-0.200000,0.100000
3154651130,-0.032646,4.999893,0.000000,0.704794583,0.000000000,0.000000000,0.709411443,-2.499947,-0.016323,0.000000,0.020000000,-0.030000000,0.050000000,0.100000,-0.200000,0.100000
3159399441,-0.044516,4.999802,0.000000,0.703951960,0.000000000,0.000000000,0.710247589,-2.499901,-0.022258,0.000000,0.020000000,-0.030000000,0.050000000,0.100000,-0.200000,0.100000
3164407264,-0.057035,4.999675,0.000000,0.703062210,0.000000000,0.000000000,0.711128349,-2.499837,-0.028518,0.000000,0.020000000,-0.030000000,0.050000000,0.100000,-0.200000,0.100000
3169112962,-0.068799,4.999527,0.000000,0.702225135,0.000000000,0.000000000,0.711954956,-2.499763,-0.034399,0.000000,0.020000000,-0.030000000,0.050000000,0.100000,-0.200000,0.100000
3174563695,-0.082424,4.999321,0.000000,0.701254314,0.000000000,0.000000000,0.712911206,-2.499660,-0.041212,0.000000,0.020000000,-0.030000000,0.050000000,0.100000,-0.200000,0.100000
3179381693,-0.094467,4.999108,0.000000,0.700395104,0.000000000,0.000000000,0.713755349,-2.499554,-0.047233,0.000000,0.020000000,-0.030000000,0.050000000,0.100000,-0.200000,0.100000
3184122440,-0.106316,4.998870,0.000000,0.699548679,0.000000000,0.000000000,0.714584946,-2.499435,-0.053158,0.000000,0.020000000,-0.030000000,0.050000000,0.100000,-0.200000,0.100000
3189239558,-0.119106,4.998581,0.000000,0.698633953,0.000000000,0.000000000,0.715479279,-2.499291,-0.059553,0.000000,0.020000000,-0.030000000,0.050000000,0.100000,-0.200000,0.100000
3194462316,-0.132159,4.998253,0.000000,0.697699164,0.000000000,0.000000000,0.716390868,-2.499127,-0.066079,0.000000,0.020000000,-0.030000000,0.050000000,0.100000,-0.200000,0.100000
3199418182,-0.144544,4.997910,0.000000,0.696811045,0.000000000,0.000000000,0.717254744,-2.498955,-0.072272,0.000000,0.020000000,-0.030000000,0.050000000,0.100000,-0.200000,0.100000
3204782143,-0.157947,4.997505,0.000000,0.695848587,0.000000000,0.000000000,0.718188516,-2.498752,-0.078974,0.000000,0.020000000,-0.030000000,0.050000000,0.100000,-0.200000,0.100000
3209612410,-0.170017,4.997109,0.000000,0.694980819,0.000000000,0.000000000,0.719028276,-2.498554,-0.085008,0.000000,0.020000000,-0.030000000,0.050000000,0.100000,-0.200000,0.100000
3214158968,-0.181376,4.996709,0.000000,0.694163094,0.000000000,0.000000000,0.719817754,-2.498355,-0.090688,0.000000,0.020000000,-0.030000000,0.050000000,0.100000,-0.200000,0.100000
3218870935,-0.193148,4.996268,0.000000,0.693314673,0.000000000,0.000000000,0.720634972,-2.498134,-0.096574,0.000000,0.020000000,-0.030000000,0.050000000,0.100000,-0.200000,0.100000
3223648653,-0.205082,4.995792,0.000000,0.692453431,0.000000000,0.000000000,0.721462574,-2.497896,-0.102541,0.000000,0.020000000,-0.030000000,0.050000000,0.100000,-0.200000,0.100000
3228836938,-0.218042,4.995244,0.000000,0.691517061,0.000000000,0.000000000,0.722360128,-2.497622,-0.109021,0.000000,0.020000000,-0.030000000,0.050000000,0.100000,-0.200000,0.100000
3233708122,-0.230207,4.994698,0.000000,0.690636861,0.000000000,0.000000000,0.723201719,-2.497349,-0.115104,0.000000,0.020000000,-0.030000000,0.050000000,0.100000,-0.200000,0.100000
3238558384,-0.242319,4.994125,0.000000,0.689759424,0.000000000,0.000000000,0.724038629,-2.497062,-0.121160,0.000000,0.020000000,-0.030000000,0.050000000,0.100000,-0.200000,0.100000
3243190201,-0.253885,4.993550,0.000000,0.688920558,0.000000000,0.000000000,0.724836854,-2.496775,-0.126942,0.000000,0.020000000,-0.030000000,0.050000000,0.100000,-0.200000,0.100000
3247836568,-0.265485,4.992947,0.000000,0.688078129,0.000000000,0.000000000,0.725636609,-2.496473,-0.132742,0.000000,0.020000000,-0.030000000,0.050000000,0.100000,-0.200000,0.100000
3253148992,-0.278746,4.992224,0.000000,0.687113800,0.000000000,0.000000000,0.726549809,-2.496112,-0.139373,0.000000,0.020000000,-0.030000000,0.050000000,0.100000,-0.200000,0.100000
3257808431,-0.290376,4.991561,0.000000,0.686267006,0.000000000,0.000000000,0.727349707,-2.495781,-0.145188,0.000000,0.020000000,-0.030000000,0.050000000,0.100000,-0.200000,0.100000
3263072213,-0.303512,4.990780,0.000000,0.685309259,0.000000000,0.000000000,0.728252167,-2.495390,-0.151756,0.000000,0.020000000,-0.030000000,0.050000000,0.100000,-0.200000,0.100000
3268256044,-0.316447,4.989976,0.000000,0.684364900,0.000000000,0.000000000,0.729139687,-2.494988,-0.158223,0.000000,0.020000000,-0.030000000,0.050000000,0.100000,-0.200000,0.100000
3273271721,-0.328960,4.989167,0.000000,0.683450080,0.000000000,0.000000000,0.729997252,-2.494583,-0.164480,0.000000,0.020000000,-0.030000000,0.050000000,0.100000,-0.200000,0.100000
3278617315,-0.342294,4.988270,0.000000,0.682473903,0.000000000,0.000000000,0.730909962,-2.494135,-0.171147,0.000000,0.020000000,-0.030000000,0.050000000,0.100000,-0.200000,0.100000
3283521994,-0.354526,4.987415,0.000000,0.681577170,0.000000000,0.000000000,0.731746241,-2.493708,-0.177263,0.000000,0.020000000,-0.030000000,0.050000000,0.100000,-0.200000,0.100000
3288748273,-0.367557,4.986472,0.000000,0.680620511,0.000000000,0.000000000,0.732636144,-2.493236,-0.183779,0.000000,0.020000000,-0.030000000,0.050000000,0.100000,-0.200000,0.100000
3293667206,-0.379820,4.985553,0.000000,0.679719050,0.000000000,0.000000000,0.733472572,-2.492776,-0.189910,0.000000,0.020000000,-0.030000000,0.050000000,0.100000,-0.200000,0.100000
3298586065,-0.392081,4.984604,0.000000,0.678816574,0.000000000,0.000000000,0.734307878,-2.492302,-0.196040,0.000000,0.020000000,-0.030000000,0.050000000,0.100000,-0.200000,0.100000
3303385780,-0.404042,4.983648,0.000000,0.677934968,0.000000000,0.000000000,0.735121880,-2.491824,-0.202021,0.000000,0.020000000,-0.030000000,0.050000000,0.100000,-0.200000,0.100000
3307960481,-0.415440,4.982711,0.000000,0.677093784,0.000000000,0.000000000,0.735896737,-2.491356,-0.207720,0.000000,0.020000000,-0.030000000,0.050000000,0.100000,-0.200000,0.100000
3312839099,-0.427593,4.981683,0.000000,0.676195741,0.000000000,0.000000000,0.736722010,-2.490841,-0.213797,0.000000,0.020000000,-0.030000000,0.050000000,0.100000,-0.200000,0.100000
3317956152,-0.440338,4.980573,0.000000,0.675252727,0.000000000,0.000000000,0.737586439,-2.490286,-0.220169,0.000000,0.020000000,-0.030000000,0.050000000,0.100000,-0.200000,0.100000
3323397050,-0.453885,4.979356,0.000000,0.674248819,0.000000000,0.000000000,0.738504252,-2.489678,-0.226943,0.000000,0.020000000,-0.030000000,0.050000000,0.100000,-0.200000,0.100000
3328464910,-0.466501,4.978190,0.000000,0.673312619,0.000000000,0.000000000,0.739357908,-2.489095,-0.233251,0.000000,0.020000000,-0.030000000,0.050000000,0.100000,-0.200000,0.100000
3333864404,-0.479939,4.976913,0.000000,0.672313967,0.000000000,0.000000000,0.740266121,-2.488456,-0.239970,0.000000,0.020000000,-0.030000000,0.050000000,0.100000,-0.200000,0.100000
3339001105,-0.492720,4.975663,0.000000,0.671362781,0.000000000,0.000000000,0.741128880,-2.487832,-0.246360,0.000000,0.020000000,-0.030000000,0.050000000,0.100000,-0.200000,0.100000
3343986549,-0.505122,4.974420,0.000000,0.670438546,0.000000000,0.000000000,0.741965064,-2.487210,-0.252561,0.000000,0.020000000,-0.030000000,0.050000000,0.100000,-0.200000,0.100000
3348921614,-0.517395,4.973158,0.000000,0.669522624,0.000000000,0.000000000,0.742791664,-2.486579,-0.258697,0.000000,0.020000000,-0.030000000,0.050000000,0.100000,-0.200000,0.100000
3353773375,-0.529457,4.971888,0.000000,0.668621170,0.000000000,0.000000000,0.743603208,-2.485944,-0.264729,0.000000,0.020000000,-0.030000000,0.050000000,0.100000,-0.200000,0.100000
3358286320,-0.540675,4.970681,0.000000,0.667781785,0.000000000,0.000000000,0.744357097,-2.485341,-0.270337,0.000000,0.020000000,-0.030000000,0.050000000,0.100000,-0.200000,0.100000
3362978864,-0.552336,4.969399,0.000000,0.666908093,0.000000000,0.000000000,0.745139984,-2.484699,-0.276168,0.000000,0.020000000,-0.030000000,0.050000000,0.100000,-0.200000,0.100000
3368152776,-0.565190,4.967953,0.000000,0.665943713,0.000000000,0.000000000,0.746001991,-2.483977,-0.282595,0.000000,0.020000000,-0.030000000,0.050000000,0.100000,-0.200000,0.100000
3372718775,-0.576530,4.966650,0.000000,0.665091719,0.000000000,0.000000000,0.746761679,-2.483325,-0.288265,0.000000,0.020000000,-0.030000000,0.050000000,0.100000,-0.200000,0.100000
3377748386,-0.589018,4.965185,0.000000,0.664152213,0.000000000,0.000000000,0.747597377,-2.482592,-0.294509,0.000000,0.020000000,-0.030000000,0.050000000,0.100000,-0.200000,0.100000
3382844058,-0.601667,4.963668,0.000000,0.663199296,0.000000000,0.000000000,0.748442846,-2.481834,-0.300833,0.000000,0.020000000,-0.030000000,0.050000000,0.100000,-0.200000,0.100000
3387940001,-0.614312,4.962119,0.000000,0.662245253,0.000000000,0.000000000,0.749287145,-2.481059,-0.307156,0.000000,0.020000000,-0.030000000,0.050000000,0.100000,-0.200000,0.100000
3392876694,-0.626559,4.960587,0.000000,0.661319999,0.000000000,0.000000000,0.750103899,-2.480294,-0.313279,0.000000,0.020000000,-0.030000000,0.050000000,0.100000,-0.200000,0.100000
3398371673,-0.640185,4.958847,0.000000,0.660288924,0.000000000,0.000000000,0.751011676,-2.479423,-0.320093,0.000000,0.020000000,-0.030000000,0.050000000,0.100000,-0.200000,0.100000
3402931798,-0.651490,4.957374,0.000000,0.659432318,0.000000000,0.000000000,0.751763938,-2.478687,-0.325745,0.000000,0.020000000,-0.030000000,0.050000000,0.100000,-0.200000,0.100000
3407435386,-0.662652,4.955895,0.000000,0.658585492,0.000000000,0.000000000,0.752505914,-2.477947,-0.331326,0.000000,0.020000000,-0.030000000,0.050000000,0.100000,-0.200000,0.100000
3412051813,-0.674089,4.954352,0.000000,0.657716581,0.000000000,0.000000000,0.753265490,-2.477176,-0.337044,0.000000,0.020000000,-0.030000000,0.050000000,0.100000,-0.200000,0.100000
3417269770,-0.687012,4.952576,0.000000,0.656733395,0.000000000,0.000000000,0.754122833,-2.476288,-0.343506,0.000000,0.020000000,-0.030000000,0.050000000,0.100000,-0.200000,0.100000
3422162291,-0.699126,4.950881,0.000000,0.655810513,0.000000000,0.000000000,0.754925540,-2.475441,-0.349563,0.000000,0.020000000,-0.030000000,0.050000000,0.100000,-0.200000,0.100000
3427121349,-0.711399,4.949132,0.000000,0.654874080,0.000000000,0.000000000,0.755738010,-2.474566,-0.355700,0.000000,0.020000000,-0.030000000,0.050000000,0.100000,-0.200000,0.100000
3431704971,-0.722740,4.947489,0.000000,0.654007646,0.000000000,0.000000000,0.756487937,-2.473744,-0.361370,0.000000,0.020000000,-0.030000000,0.050000000,0.100000,-0.200000,0.100000
3436702613,-0.735101,4.945668,0.000000,0.653061972,0.000000000,0.000000000,0.757304471,-2.472834,-0.367550,0.000000,0.020000000,-0.030000000,0.050000000,0.100000,-0.200000,0.100000
3442185301,-0.748656,4.943634,0.000000,0.652023342,0.000000000,0.000000000,0.758198893,-2.471817,-0.374328,0.000000,0.020000000,-0.030000000,0.050000000,0.100000,-0.200000,0.100000
3447117116,-0.760844,4.941773,0.000000,0.651088023,0.000000000,0.000000000,0.759002231,-2.470886,-0.380422,0.000000,0.020000000,-0.030000000,0.050000000,0.100000,-0.200000,0.100000
3452518953,-0.774188,4.939700,0.000000,0.650062428,0.000000000,0.000000000,0.759880806,-2.469850,-0.387094,0.000000,0.020000000,-0.030000000,0.050000000,0.100000,-0.200000,0.100000
3457384986,-0.786204,4.937801,0.000000,0.649137546,0.000000000,0.000000000,0.760671050,-2.468901,-0.393102,0.000000,0.020000000,-0.030000000,0.050000000,0.100000,-0.200000,0.100000
3462740018,-0.799423,4.935679,0.000000,0.648118610,0.000000000,0.000000000,0.761539407,-2.467839,-0.399711,0.000000,0.020000000,-0.030000000,0.050000000,0.100000,-0.200000,0.100000
3467766898,-0.811826,4.933654,0.000000,0.647161057,0.000000000,0.000000000,0.762353308,-2.466827,-0.405913,0.000000,0.020000000,-0.030000000,0.050000000,0.100000,-0.200000,0.100000
3473098211,-0.824974,4.931472,0.000000,0.646144396,0.000000000,0.000000000,0.763215186,-2.465736,-0.412487,0.000000,0.020000000,-0.030000000,0.050000000,0.100000,-0.200000,0.100000
3478271883,-0.837728,4.929322,0.000000,0.645156700,0.000000000,0.000000000,0.764050282,-2.464661,-0.418864,0.000000,0.020000000,-0.030000000,0.050000000,0.100000,-0.200000,0.100000
3483663154,-0.851013,4.927045,0.000000,0.644126313,0.000000000,0.000000000,0.764919141,-2.463523,-0.425506,0.000000,0.020000000,-0.030000000,0.050000000,0.100000,-0.200000,0.100000
3488677657,-0.863364,4.924896,0.000000,0.643166885,0.000000000,0.000000000,0.765726033,-2.462448,-0.431682,0.000000,0.020000000,-0.030000000,0.050000000,0.100000,-0.200000,0.100000
3493917397,-0.876263,4.922617,0.000000,0.642163282,0.000000000,0.000000000,0.766567883,-2.461309,-0.438132,0.000000,0.020000000,-0.030000000,0.050000000,0.100000,-0.200000,0.100000
3499247893,-0.889380,4.920265,0.000000,0.641141165,0.000000000,0.000000000,0.767422964,-2.460132,-0.444690,0.000000,0.020000000,-0.030000000,0.050000000,0.100000,-0.200000,0.100000
3503808521,-0.900597,4.918224,0.000000,0.640265766,0.000000000,0.000000000,0.768153467,-2.459112,-0.450299,0.000000,0.020000000,-0.030000000,0.050000000,0.100000,-0.200000,0.100000
3508950713,-0.913240,4.915892,0.000000,0.639277739,0.000000000,0.000000000,0.768975924,-2.457946,-0.456620,0.000000,0.020000000,-0.030000000,0.050000000,0.100000,-0.200000,0.100000
3514193034,-0.926122,4.913481,0.000000,0.638269386,0.000000000,0.000000000,0.769813088,-2.456741,-0.463061,0.000000,0.020000000,-0.030000000,0.050000000,0.100000,-0.200000,0.100000
3519100357,-0.938175,4.911194,0.000000,0.637324476,0.000000000,0.000000000,0.770595557,-2.455597,-0.469088,0.000000,0.020000000,-0.030000000,0.050000000,0.100000,-0.200000,0.100000
3523637686,-0.949315,4.909053,0.000000,0.636449954,0.000000000,0.000000000,0.771317999,-2.454527,-0.474657,0.000000,0.020000000,-0.030000000,0.050000000,0.100000,-0.200000,0.100000
3528717403,-0.961780,4.906626,0.000000,0.635469922,0.000000000,0.000000000,0.772125623,-2.453313,-0.480890,0.000000,0.020000000,-0.030000000,0.050000000,0.100000,-0.200000,0.100000
3534094975,-0.974969,4.904022,0.000000,0.634431308,0.000000000,0.000000000,0.772979247,-2.452011,-0.487485,0.000000,0.020000000,-0.030000000,0.050000000,0.100000,-0.200000,0.100000
3539558948,-0.988363,4.901340,0.000000,0.633374832,0.000000000,0.000000000,0.773845154,-2.450670,-0.494182,0.000000,0.020000000,-0.030000000,0.050000000,0.100000,-0.200000,0.100000
3544545364,-1.000580,4.898861,0.000000,0.632409662,0.000000000,0.000000000,0.774634120,-2.449431,-0.500290,0.000000,0.020000000,-0.030000000,0.050000000,0.100000,-0.200000,0.100000
3549246586,-1.012093,4.896496,0.000000,0.631498793,0.000000000,0.000000000,0.775376860,-2.448248,-0.506046,0.000000,0.020000000,-0.030000000,0.050000000,0.100000,-0.200000,0.100000
3554468041,-1.024873,4.893837,0.000000,0.630486107,0.000000000,0.000000000,0.776200534,-2.446918,-0.512436,0.000000,0.020000000,-0.030000000,0.050000000,0.100000,-0.200000,0.100000
3559085574,-1.036169,4.891457,0.000000,0.629589654,0.000000000,0.000000000,0.776927840,-2.445729,-0.518084,0.000000,0.020000000,-0.030000000,0.050000000,0.100000,-0.200000,0.100000
3564290806,-1.048896,4.888744,0.000000,0.628578099,0.000000000,0.000000000,0.777746472,-2.444372,-0.524448,0.000000,0.020000000,-0.030000000,0.050000000,0.100000,-0.200000,0.100000
3569530684,-1.061700,4.885979,0.000000,0.627558735,0.000000000,0.000000000,0.778569222,-2.442990,-0.530850,0.000000,0.020000000,-0.030000000,0.050000000,0.100000,-0.200000,0.100000
3574495249,-1.073825,4.883329,0.000000,0.626591938,0.000000000,0.000000000,0.779347511,-2.441664,-0.536913,0.000000,0.020000000,-0.030000000,0.050000000,0.100000,-0.200000,0.100000
3579318950,-1.085600,4.880725,0.000000,0.625651648,0.000000000,0.000000000,0.780102568,-2.440362,-0.542800,0.000000,0.020000000,-0.030000000,0.050000000,0.100000,-0.200000,0.100000
3584255369,-1.097643,4.878030,0.000000,0.624688443,0.000000000,0.000000000,0.780874093,-2.439015,-0.548822,0.000000,0.020000000,-0.030000000,0.050000000,0.100000,-0.200000,0.100000
3589189285,-1.109674,4.875308,0.000000,0.623724776,0.000000000,0.000000000,0.781644039,-2.437654,-0.554837,0.000000,0.020000000,-0.030000000,0.050000000,0.100000,-0.200000,0.100000
3593973148,-1.121332,4.872639,0.000000,0.622789511,0.000000000,0.000000000,0.782389433,-2.436320,-0.560666,0.000000,0.020000000,-0.030000000,0.050000000,0.100000,-0.200000,0.100000
3599234870,-1.134148,4.869672,0.000000,0.621759794,0.000000000,0.000000000,0.783207992,-2.434836,-0.567074,0.000000,0.020000000,-0.030000000,0.050000000,0.100000,-0.200000,0.100000
3604341976,-1.146579,4.866760,0.000000,0.620759306,0.000000000,0.000000000,0.784001202,-2.433380,-0.573289,0.000000,0.020000000,-0.030000000,0.050000000,0.100000,-0.200000,0.100000
3609788026,-1.159827,4.863620,0.000000,0.619691303,0.000000000,0.000000000,0.784845646,-2.431810,-0.579913,0.000000,0.020000000,-0.030000000,0.050000000,0.100000,-0.200000,0.100000
3615011351,-1.172525,4.860575,0.000000,0.618665899,0.000000000,0.000000000,0.785654189,-2.430287,-0.586263,0.000000,0.020000000,-0.030000000,0.050000000,0.100000,-0.200000,0.100000
3620334108,-1.185457,4.857437,0.000000,0.617619890,0.000000000,0.000000000,0.786476746,-2.428718,-0.592728,0.000000,0.020000000,-0.030000000,0.050000000,0.100000,-0.200000,0.100000
3625030487,-1.196860,4.854640,0.000000,0.616696066,0.000000000,0.000000000,0.787201348,-2.427320,-0.598430,0.000000,0.020000000,-0.030000000,0.050000000,0.100000,-0.200000,0.100000
3629614150,-1.207982,4.851884,0.000000,0.615793595,0.000000000,0.000000000,0.787907512,-2.425942,-0.603991,0.000000,0.020000000,-0.030000000,0.050000000,0.100000,-0.200000,0.100000
3634745417,-1.220427,4.848769,0.000000,0.614782348,0.000000000,0.000000000,0.788696814,-2.424384,-0.610213,0.000000,0.020000000,-0.030000000,0.050000000,0.100000,-0.200000,0.100000
3639298480,-1.231462,4.845978,0.000000,0.613884203,0.000000000,0.000000000,0.789396089,-2.422989,-0.615731,0.000000,0.020000000,-0.030000000,0.050000000,0.100000,-0.200000,0.100000
3644558140,-1.244202,4.842723,0.000000,0.612845684,0.000000000,0.000000000,0.790202612,-2.421361,-0.622101,0.000000,0.020000000,-0.030000000,0.050000000,0.100000,-0.200000,0.100000
3649730719,-1.256722,4.839489,0.000000,0.611823326,0.000000000,0.000000000,0.790994449,-2.419744,-0.628361,0.000000,0.020000000,-0.030000000,0.050000000,0.100000,-0.200000,0.100000
3655012995,-1.269500,4.836152,0.000000,0.610778230,0.000000000,0.000000000,0.791801714,-2.418076,-0.634750,0.000000,0.020000000,-0.030000000,0.050000000,0.100000,-0.200000,0.100000
3660353436,-1.282409,4.832745,0.000000,0.609720543,0.000000000,0.000000000,0.792616464,-2.416373,-0.641204,0.000000,0.020000000,-0.030000000,0.050000000,0.100000,-0.200000,0.100000
3665097923,-1.293869,4.829690,0.000000,0.608779975,0.000000000,0.000000000,0.793339109,-2.414845,-0.646935,0.000000,0.020000000,-0.030000000,0.050000000,0.100000,-0.200000,0.100000
3670185115,-1.306150,4.826383,0.000000,0.607770516,0.000000000,0.000000000,0.794112713,-2.413191,-0.653075,0.000000,0.020000000,-0.030000000,0.050000000,0.100000,-0.200000,0.100000
3675482799,-1.318930,4.822906,0.000000,0.606718243,0.000000000,0.000000000,0.794916960,-2.411453,-0.659465,0.000000,0.020000000,-0.030000000,0.050000000,0.100000,-0.200000,0.100000
3680812400,-1.331777,4.819374,0.000000,0.605658557,0.000000000,0.000000000,0.795724646,-2.409687,-0.665889,0.000000,0.020000000,-0.030000000,0.050000000,0.100000,-0.200000,0.100000
3685905419,-1.344045,4.815967,0.000000,0.604644907,0.000000000,0.000000000,0.796495158,-2.407984,-0.672023,0.000000,0.020000000,-0.030000000,0.050000000,0.100000,-0.200000,0.100000
3690810229,-1.355852,4.812657,0.000000,0.603667788,0.000000000,0.000000000,0.797235976,-2.406328,-0.677926,0.000000,0.020000000,-0.030000000,0.050000000,0.100000,-0.200000,0.100000
3696018820,-1.368381,4.809109,0.000000,0.602629157,0.000000000,0.000000000,0.798021365,-2.404555,-0.684190,0.000000,0.020000000,-0.030000000,0.050000000,0.100000,-0.200000,0.100000
3701078366,-1.380543,4.805632,0.000000,0.601619269,0.000000000,0.000000000,0.798782984,-2.402816,-0.690271,0.000000,0.020000000,-0.030000000,0.050000000,0.100000,-0.200000,0.100000
3705638447,-1.391496,4.802472,0.000000,0.600708250,0.000000000,0.000000000,0.799468323,-2.401236,-0.695748,0.000000,0.020000000,-0.030000000,0.050000000,0.100000,-0.200000,0.100000
3711045301,-1.404474,4.798693,0.000000,0.599627049,0.000000000,0.000000000,0.800279577,-2.399346,-0.702237,0.000000,0.020000000,-0.030000000,0.050000000,0.100000,-0.200000,0.100000
3715959110,-1.416260,4.795228,0.000000,0.598643491,0.000000000,0.000000000,0.801015587,-2.397614,-0.708130,0.000000,0.020000000,-0.030000000,0.050000000,0.100000,-0.200000,0.100000
3720992934,-1.428324,4.791648,0.000000,0.597634975,0.000000000,0.000000000,0.801768319,-2.395824,-0.714162,0.000000,0.020000000,-0.030000000,0.050000000,0.100000,-0.200000,0.100000
3725664186,-1.439512,4.788299,0.000000,0.596698252,0.000000000,0.000000000,0.802465698,-2.394149,-0.719756,0.000000,0.020000000,-0.030000000,0.050000000,0.100000,-0.200000,0.100000
3730788434,-1.451775,4.784595,0.000000,0.595669755,0.000000000,0.000000000,0.803229446,-2.392297,-0.725888,0.000000,0.020000000,-0.030000000,0.050000000,0.100000,-0.200000,0.100000
3735328900,-1.462634,4.781287,0.000000,0.594757612,0.000000000,0.000000000,0.803905083,-2.390643,-0.731317,0.000000,0.020000000,-0.030000000,0.050000000,0.100000,-0.200000,0.100000
3740521586,-1.475043,4.777473,0.000000,0.593713504,0.000000000,0.000000000,0.804676503,-2.388737,-0.737521,0.000000,0.020000000,-0.030000000,0.050000000,0.100000,-0.200000,0.100000
3745974375,-1.488063,4.773434,0.000000,0.592616020,0.000000000,0.000000000,0.805485104,-2.386717,-0.744031,0.000000,0.020000000,-0.030000000,0.050000000,0.100000,-0.200000,0.100000
3750778274,-1.499524,4.769846,0.000000,0.591648226,0.000000000,0.000000000,0.806196240,-2.384923,-0.749762,0.000000,0.020000000,-0.030000000,0.050000000,0.100000,-0.200000,0.100000
3755713095,-1.511288,4.766131,0.000000,0.590653167,0.000000000,0.000000000,0.806925545,-2.383066,-0.755644,0.000000,0.020000000,-0.030000000,0.050000000,0.100000,-0.200000,0.100000
3760820179,-1.523454,4.762257,0.000000,0.589622427,0.000000000,0.000000000,0.807679016,-2.381128,-0.761727,0.000000,0.020000000,-0.030000000,0.050000000,0.100000,-0.200000,0.100000
3765641941,-1.534931,4.758570,0.000000,0.588648390,0.000000000,0.000000000,0.808389184,-2.379285,-0.767465,0.000000,0.020000000,-0.030000000,0.050000000,0.100000,-0.200000,0.100000
3770949167,-1.547553,4.754480,0.000000,0.587575296,0.000000000,0.000000000,0.809169495,-2.377240,-0.773776,0.000000,0.020000000,-0.030000000,0.050000000,0.100000,-0.200000,0.100000
3775801029,-1.559082,4.750712,0.000000,0.586593369,0.000000000,0.000000000,0.809881608,-2.375356,-0.779541,0.000000,0.020000000,-0.030000000,0.050000000,0.100000,-0.200000,0.100000
3780835220,-1.571035,4.746772,0.000000,0.585573631,0.000000000,0.000000000,0.810619222,-2.373386,-0.785518,0.000000,0.020000000,-0.030000000,0.050000000,0.100000,-0.200000,0.100000
3786055474,-1.583420,4.742656,0.000000,0.584515222,0.000000000,0.000000000,0.811382742,-2.371328,-0.791710,0.000000,0.020000000,-0.030000000,0.050000000,0.100000,-0.200000,0.100000
3790700486,-1.594430,4.738965,0.000000,0.583572608,0.000000000,0.000000000,0.812060965,-2.369483,-0.797215,0.000000,0.020000000,-0.030000000,0.050000000,0.100000,-0.200000,0.100000
3795916624,-1.606784,4.734791,0.000000,0.582513157,0.000000000,0.000000000,0.812821273,-2.367395,-0.803392,0.000000,0.020000000,-0.030000000,0.050000000,0.100000,-0.200000,0.100000
3800871745,-1.618510,4.730795,0.000000,0.581505803,0.000000000,0.000000000,0.813542255,-2.365398,-0.809255,0.000000,0.020000000,-0.030000000,0.050000000,0.100000,-0.200000,0.100000
3806157956,-1.631008,4.726501,0.000000,0.580430156,0.000000000,0.000000000,0.814310035,-2.363251,-0.815504,0.000000,0.020000000,-0.030000000,0.050000000,0.100000,-0.200000,0.100000
3811598790,-1.643860,4.722047,0.000000,0.579321988,0.000000000,0.000000000,0.815098788,-2.361023,-0.821930,0.000000,0.020000000,-0.030000000,0.050000000,0.100000,-0.200000,0.100000
3816492626,-1.655410,4.718010,0.000000,0.578324315,0.000000000,0.000000000,0.815806954,-2.359005,-0.827705,0.000000,0.020000000,-0.030000000,0.050000000,0.100000,-0.200000,0.100000
3821870226,-1.668090,4.713542,0.000000,0.577227022,0.000000000,0.000000000,0.816583716,-2.356771,-0.834045,0.000000,0.020000000,-0.030000000,0.050000000,0.100000,-0.200000,0.100000
3826943375,-1.680041,4.709295,0.000000,0.576190895,0.000000000,0.000000000,0.817315149,-2.354648,-0.840020,0.000000,0.020000000,-0.030000000,0.050000000,0.100000,-0.200000,0.100000
3832160412,-1.692319,4.704897,0.000000,0.575124415,0.000000000,0.000000000,0.818065956,-2.352449,-0.846160,0.000000,0.020000000,-0.030000000,0.050000000,0.100000,-0.200000,0.100000
3837409252,-1.704661,4.700439,0.000000,0.574050445,0.000000000,0.000000000,0.818819935,-2.350220,-0.852330,0.000000,0.020000000,-0.030000000,0.050000000,0.100000,-0.200000,0.100000
3842151605,-1.715802,4.696384,0.000000,0.573079259,0.000000000,0.000000000,0.819499947,-2.348192,-0.857901,0.000000,0.020000000,-0.030000000,0.050000000,0.100000,-0.200000,0.100000
3847392707,-1.728103,4.691872,0.000000,0.572004997,0.000000000,0.000000000,0.820250135,-2.345936,-0.864051,0.000000,0.020000000,-0.030000000,0.050000000,0.100000,-0.200000,0.100000
3852129165,-1.739209,4.687766,0.000000,0.571033326,0.000000000,0.000000000,0.820926879,-2.343883,-0.869605,0.000000,0.020000000,-0.030000000,0.050000000,0.100000,-0.200000,0.100000
3857308947,-1.751344,4.683246,0.000000,0.569969792,0.000000000,0.000000000,0.821665648,-2.341623,-0.875672,0.000000,0.020000000,-0.030000000,0.050000000,0.100000,-0.200000,0.100000
3862541123,-1.763590,4.678648,0.000000,0.568894530,0.000000000,0.000000000,0.822410490,-2.339324,-0.881795,0.000000,0.020000000,-0.030000000,0.050000000,0.100000,-0.200000,0.100000
3867411231,-1.774978,4.674340,0.000000,0.567892801,0.000000000,0.000000000,0.823102525,-2.337170,-0.887489,0.000000,0.020000000,-0.030000000,0.050000000,0.100000,-0.200000,0.100000
3872280459,-1.786353,4.670005,0.000000,0.566890412,0.000000000,0.000000000,0.823793215,-2.335002,-0.893176,0.000000,0.020000000,-0.030000000,0.050000000,0.100000,-0.200000,0.100000
3876919866,-1.797181,4.665848,0.000000,0.565934553,0.000000000,0.000000000,0.824450169,-2.332924,-0.898590,0.000000,0.020000000,-0.030000000,0.050000000,0.100000,-0.200000,0.100000
3881577023,-1.808041,4.661651,0.000000,0.564974271,0.000000000,0.000000000,0.825108522,-2.330825,-0.904020,0.000000,0.020000000,-0.030000000,0.050000000,0.100000,-0.200000,0.100000
3886977867,-1.820623,4.656751,0.000000,0.563859686,0.000000000,0.000000000,0.825870604,-2.328376,-0.910311,0.000000,0.020000000,-0.030000000,0.050000000,0.100000,-0.200000,0.100000
3892110786,-1.832568,4.652064,0.000000,0.562799440,0.000000000,0.000000000,0.826593485,-2.326032,-0.916284,0.000000,0.020000000,-0.030000000,0.050000000,0.100000,-0.200000,0.100000
3897334646,-1.844712,4.647261,0.000000,0.561719459,0.000000000,0.000000000,0.827327777,-2.323631,-0.922356,0.000000,0.020000000,-0.030000000,0.050000000,0.100000,-0.200000,0.100000
3901982378,-1.855507,4.642962,0.000000,0.560757780,0.000000000,0.000000000,0.827979898,-2.321481,-0.927754,0.000000,0.020000000,-0.030000000,0.050000000,0.100000,-0.200000,0.100000
3906916906,-1.866957,4.638370,0.000000,0.559735931,0.000000000,0.000000000,0.828671037,-2.319185,-0.933478,0.000000,0.020000000,-0.030000000,0.050000000,0.100000,-0.200000,0.100000
3911650320,-1.877929,4.633938,0.000000,0.558754929,0.000000000,0.000000000,0.829332822,-2.316969,-0.938965,0.000000,0.020000000,-0.030000000,0.050000000,0.100000,-0.200000,0.100000
3916744817,-1.889727,4.629139,0.000000,0.557698217,0.000000000,0.000000000,0.830043793,-2.314570,-0.944863,0.000000,0.020000000,-0.030000000,0.050000000,0.100000,-0.200000,0.100000
3921812304,-1.901450,4.624337,0.000000,0.556646211,0.000000000,0.000000000,0.830749659,-2.312168,-0.950725,0.000000,0.020000000,-0.030000000,0.050000000,0.100000,-0.200000,0.100000
3926967858,-1.913364,4.619420,0.000000,0.555575005,0.000000000,0.000000000,0.831466423,-2.309710,-0.956682,0.000000,0.020000000,-0.030000000,0.050000000,0.100000,-0.200000,0.100000
3931524778,-1.923884,4.615048,0.000000,0.554627414,0.000000000,0.000000000,0.832098812,-2.307524,-0.961942,0.000000,0.020000000,-0.030000000,0.050000000,0.100000,-0.200000,0.100000
3936795267,-1.936039,4.609962,0.000000,0.553530541,0.000000000,0.000000000,0.832828878,-2.304981,-0.968020,0.000000,0.020000000,-0.030000000,0.050000000,0.100000,-0.200000,0.100000
3941296733,-1.946410,4.605593,0.000000,0.552592953,0.000000000,0.000000000,0.833451276,-2.302797,-0.973205,0.000000,0.020000000,-0.030000000,0.050000000,0.100000,-0.200000,0.100000
3945903803,-1.957014,4.601097,0.000000,0.551632644,0.000000000,0.000000000,0.834087181,-2.300549,-0.978507,0.000000,0.020000000,-0.030000000,0.050000000,0.100000,-0.200000,0.100000
3950961113,-1.968643,4.596134,0.000000,0.550577644,0.000000000,0.000000000,0.834783959,-2.298067,-0.984321,0.000000,0.020000000,-0.030000000,0.050000000,0.100000,-0.200000,0.100000
3955874916,-1.979929,4.591283,0.000000,0.549551738,0.000000000,0.000000000,0.835459686,-2.295642,-0.989964,0.000000,0.020000000,-0.030000000,0.050000000,0.100000,-0.200000,0.100000
3960974530,-1.991629,4.586220,0.000000,0.548486161,0.000000000,0.000000000,0.836159632,-2.293110,-0.995815,0.000000,0.020000000,-0.030000000,0.050000000,0.100000,-0.200000,0.100000
3966190650,-2.003584,4.581010,0.000000,0.547395318,0.000000000,0.000000000,0.836874164,-2.290505,-1.001792,0.000000,0.020000000,-0.030000000,0.050000000,0.100000,-0.200000,0.100000
3971091145,-2.014802,4.576087,0.000000,0.546369633,0.000000000,0.000000000,0.837544162,-2.288043,-1.007401,0.000000,0.020000000,-0.030000000,0.050000000,0.100000,-0.200000,0.100000
3975705788,-2.025355,4.571426,0.000000,0.545403028,0.000000000,0.000000000,0.838173930,-2.285713,-1.012678,0.000000,0.020000000,-0.030000000,0.050000000,0.100000,-0.200000,0.100000
3980239543,-2.035713,4.566823,0.000000,0.544452659,0.000000000,0.000000000,0.838791573,-2.283412,-1.017857,0.000000,0.020000000,-0.030000000,0.050000000,0.100000,-0.200000,0.100000
3984954954,-2.046475,4.562011,0.000000,0.543463469,0.000000000,0.000000000,0.839432819,-2.281005,-1.023237,0.000000,0.020000000,-0.030000000,0.050000000,0.100000,-0.200000,0.100000
3990071255,-2.058138,4.556761,0.000000,0.542389327,0.000000000,0.000000000,0.840127263,-2.278380,-1.029069,0.000000,0.020000000,-0.030000000,0.050000000,0.100000,-0.200000,0.100000
3995030957,-2.069432,4.551643,0.000000,0.541347215,0.000000000,0.000000000,0.840799139,-2.275821,-1.034716,0.000000,0.020000000,-0.030000000,0.050000000,0.100000,-0.200000,0.100000
4000345480,-2.081520,4.546128,0.000000,0.540229626,0.000000000,0.000000000,0.841517648,-2.273064,-1.040760,0.000000,0.020000000,-0.030000000,0.050000000,0.100000,-0.200000,0.100000
4005040787,-2.092186,4.541228,0.000000,0.539241458,0.000000000,0.000000000,0.842151204,-2.270614,-1.046093,0.000000,0.020000000,-0.030000000,0.050000000,0.100000,-0.200000,0.100000
4009986494,-2.103410,4.536041,0.000000,0.538199788,0.000000000,0.000000000,0.842817292,-2.268020,-1.051705,0.000000,0.020000000,-0.030000000,0.050000000,0.100000,-0.200000,0.100000
4014510079,-2.113664,4.531272,0.000000,0.537246305,0.000000000,0.000000000,0.843425401,-2.265636,-1.056832,0.000000,0.020000000,-0.030000000,0.050000000,0.100000,-0.200000,0.100000
4019581257,-2.125147,4.525898,0.000000,0.536176584,0.000000000,0.000000000,0.844105841,-2.262949,-1.062573,0.000000,0.020000000,-0.030000000,0.050000000,0.100000,-0.200000,0.100000
4024748335,-2.136832,4.520392,0.000000,0.535085746,0.000000000,0.000000000,0.844797753,-2.260196,-1.068416,0.000000,0.020000000,-0.030000000,0.050000000,0.100000,-0.200000,0.100000
4029599609,-2.147791,4.515196,0.000000,0.534060767,0.000000000,0.000000000,0.845446094,-2.257598,-1.073895,0.000000,0.020000000,-0.030000000,0.050000000,0.100000,-0.200000,0.100000
4034790136,-2.159502,4.509607,0.000000,0.532963240,0.000000000,0.000000000,0.846138396,-2.254803,-1.079751,0.000000,0.020000000,-0.030000000,0.050000000,0.100000,-0.200000,0.100000
4039417830,-2.169931,4.504598,0.000000,0.531983966,0.000000000,0.000000000,0.846754427,-2.252299,-1.084965,0.000000,0.020000000,-0.030000000,0.050000000,0.100000,-0.200000,0.100000
4044751767,-2.181936,4.498795,0.000000,0.530854359,0.000000000,0.000000000,0.847463067,-2.249397,-1.090968,0.000000,0.020000000,-0.030000000,0.050000000,0.100000,-0.200000,0.100000
4049336987,-2.192245,4.493780,0.000000,0.529882560,0.000000000,0.000000000,0.848071031,-2.246890,-1.096122,0.000000,0.020000000,-0.030000000,0.050000000,0.100000,-0.200000,0.100000
4054574042,-2.204004,4.488025,0.000000,0.528771757,0.000000000,0.000000000,0.848764060,-2.244012,-1.102002,0.000000,0.020000000,-0.030000000,0.050000000,0.100000,-0.200000,0.100000
4059876061,-2.215894,4.482166,0.000000,0.527646252,0.000000000,0.000000000,0.849464203,-2.241083,-1.107947,0.000000,0.020000000,-0.030000000,0.050000000,0.100000,-0.200000,0.100000
4065341271,-2.228134,4.476094,0.000000,0.526485135,0.000000000,0.000000000,0.850184334,-2.238047,-1.114067,0.000000,0.020000000,-0.030000000,0.050000000,0.100000,-0.200000,0.100000
4070235589,-2.239081,4.470628,0.000000,0.525444473,0.000000000,0.000000000,0.850827894,-2.235314,-1.119541,0.000000,0.020000000,-0.030000000,0.050000000,0.100000,-0.200000,0.100000
4075250828,-2.250285,4.464999,0.000000,0.524377284,0.000000000,0.000000000,0.851486033,-2.232500,-1.125142,0.000000,0.020000000,-0.030000000,0.050000000,0.100000,-0.200000,0.100000
4079988008,-2.260854,4.459657,0.000000,0.523368506,0.000000000,0.000000000,0.852106453,-2.229828,-1.130427,0.000000,0.020000000,-0.030000000,0.050000000,0.100000,-0.200000,0.100000
4084873365,-2.271741,4.454121,0.000000,0.522327405,0.000000000,0.000000000,0.852745028,-2.227060,-1.135870,0.000000,0.020000000,-0.030000000,0.050000000,0.100000,-0.200000,0.100000
4089975111,-2.283095,4.448312,0.000000,0.521239358,0.000000000,0.000000000,0.853410529,-2.224156,-1.141548,0.000000,0.020000000,-0.030000000,0.050000000,0.100000,-0.200000,0.100000
4094840810,-2.293911,4.442744,0.000000,0.520200863,0.000000000,0.000000000,0.854043946,-2.221372,-1.146955,0.000000,0.020000000,-0.030000000,0.050000000,0.100000,-0.200000,0.100000
4099865229,-2.305064,4.436967,0.000000,0.519127684,0.000000000,0.000000000,0.854696699,-2.218484,-1.152532,0.000000,0.020000000,-0.030000000,0.050000000,0.100000,-0.200000,0.100000
4104708068,-2.315801,4.431373,0.000000,0.518092514,0.000000000,0.000000000,0.855324585,-2.215686,-1.157901,0.000000,0.020000000,-0.030000000,0.050000000,0.100000,-0.200000,0.100000
4109469901,-2.326346,4.425846,0.000000,0.517073919,0.000000000,0.000000000,0.855940747,-2.212923,-1.163173,0.000000,0.020000000,-0.030000000,0.050000000,0.100000,-0.200000,0.100000
4114754186,-2.338031,4.419684,0.000000,0.515942710,0.000000000,0.000000000,0.856623091,-2.209842,-1.169016,0.000000,0.020000000,-0.030000000,0.050000000,0.100000,-0.200000,0.100000
4120065436,-2.349760,4.413460,0.000000,0.514804820,0.000000000,0.000000000,0.857307411,-2.206730,-1.174880,0.000000,0.020000000,-0.030000000,0.050000000,0.100000,-0.200000,0.100000
4125513223,-2.361773,4.407043,0.000000,0.513636736,0.000000000,0.000000000,0.858007752,-2.203522,-1.180887,0.000000,0.020000000,-0.030000000,0.050000000,0.100000,-0.200000,0.100000
4130800769,-2.373416,4.400784,0.000000,0.512502099,0.000000000,0.000000000,0.858685972,-2.200392,-1.186708,0.000000,0.020000000,-0.030000000,0.050000000,0.100000,-0.200000,0.100000
4135685819,-2.384158,4.394973,0.000000,0.511453036,0.000000000,0.000000000,0.859311231,-2.197487,-1.192079,0.000000,0.020000000,-0.030000000,0.050000000,0.100000,-0.200000,0.100000
4140471727,-2.394668,4.389256,0.000000,0.510424524,0.000000000,0.000000000,0.859922558,-2.194628,-1.197334,0.000000,0.020000000,-0.030000000,0.050000000,0.100000,-0.200000,0.100000
4145160312,-2.404951,4.383630,0.000000,0.509416219,0.000000000,0.000000000,0.860520259,-2.191815,-1.202476,0.000000,0.020000000,-0.030000000,0.050000000,0.100000,-0.200000,0.100000
4149715958,-2.414930,4.378140,0.000000,0.508435832,0.000000000,0.000000000,0.861099881,-2.189070,-1.207465,0.000000,0.020000000,-0.030000000,0.050000000,0.100000,-0.200000,0.100000
4154613510,-2.425644,4.372214,0.000000,0.507381131,0.000000000,0.000000000,0.861721758,-2.186107,-1.212822,0.000000,0.020000000,-0.030000000,0.050000000,0.100000,-0.200000,0.100000
4159848082,-2.437079,4.365850,0.000000,0.506253011,0.000000000,0.000000000,0.862385001,-2.182925,-1.218539,0.000000,0.020000000,-0.030000000,0.050000000,0.100000,-0.200000,0.100000
4165080759,-2.448493,4.359459,0.000000,0.505124432,0.000000000,0.000000000,0.863046527,-2.179729,-1.224247,0.000000,0.020000000,-0.030000000,0.050000000,0.100000,-0.200000,0.100000
4170301750,-2.459865,4.353052,0.000000,0.503997513,0.000000000,0.000000000,0.863705104,-2.176526,-1.229933,0.000000,0.020000000,-0.030000000,0.050000000,0.100000,-0.200000,0.100000
4175716179,-2.471641,4.346377,0.000000,0.502827934,0.000000000,0.000000000,0.864386528,-2.173188,-1.235820,0.000000,0.020000000,-0.030000000,0.050000000,0.100000,-0.200000,0.100000
4180898987,-2.482896,4.339957,0.000000,0.501707525,0.000000000,0.000000000,0.865037317,-2.169979,-1.241448,0.000000,0.020000000,-0.030000000,0.050000000,0.100000,-0.200000,0.100000
4185605979,-2.493103,4.334102,0.000000,0.500689247,0.000000000,0.000000000,0.865627101,-2.167051,-1.246551,0.000000,0.020000000,-0.030000000,0.050000000,0.100000,-0.200000,0.100000
4191005894,-2.504796,4.327355,0.000000,0.499520212,0.000000000,0.000000000,0.866302232,-2.163677,-1.252398,0.000000,0.020000000,-0.030000000,0.050000000,0.100000,-0.200000,0.100000
4196388734,-2.516433,4.320598,0.000000,0.498353969,0.000000000,0.000000000,0.866973657,-2.160299,-1.258217,0.000000,0.020000000,-0.030000000,0.050000000,0.100000,-0.200000,0.100000
4201274725,-2.526981,4.314437,0.000000,0.497294591,0.000000000,0.000000000,0.867581748,-2.157219,-1.263490,0.000000,0.020000000,-0.030000000,0.050000000,0.100000,-0.200000,0.100000
4206049771,-2.537275,4.308392,0.000000,0.496258551,0.000000000,0.000000000,0.868174781,-2.154196,-1.268637,0.000000,0.020000000,-0.030000000,0.050000000,0.100000,-0.200000,0.100000
4210633998,-2.547143,4.302565,0.000000,0.495263248,0.000000000,0.000000000,0.868742951,-2.151282,-1.273572,0.000000,0.020000000,-0.030000000,0.050000000,0.100000,-0.200000,0.100000
4216029072,-2.558740,4.295678,0.000000,0.494091065,0.000000000,0.000000000,0.869410156,-2.147839,-1.279370,0.000000,0.020000000,-0.030000000,0.050000000,0.100000,-0.200000,0.100000
4220712526,-2.568792,4.289674,0.000000,0.493072766,0.000000000,0.000000000,0.869988073,-2.144837,-1.284396,0.000000,0.020000000,-0.030000000,0.050000000,0.100000,-0.200000,0.100000
4226167173,-2.580482,4.282652,0.000000,0.491885938,0.000000000,0.000000000,0.870659649,-2.141326,-1.290241,0.000000,0.020000000,-0.030000000,0.050000000,0.100000,-0.200000,0.100000
4231162107,-2.591170,4.276194,0.000000,0.490798333,0.000000000,0.000000000,0.871273204,-2.138097,-1.295585,0.000000,0.020000000,-0.030000000,0.050000000,0.100000,-0.200000,0.100000
4236408228,-2.602378,4.269383,0.000000,0.489655210,0.000000000,0.000000000,0.871916151,-2.134691,-1.301189,0.000000,0.020000000,-0.030000000,0.050000000,0.100000,-0.200000,0.100000
4241116004,-2.612420,4.263245,0.000000,0.488628675,0.000000000,0.000000000,0.872491844,-2.131623,-1.306210,0.000000,0.020000000,-0.030000000,0.050000000,0.100000,-0.200000,0.100000
4245837871,-2.622478,4.257066,0.000000,0.487598387,0.000000000,0.000000000,0.873068046,-2.128533,-1.311239,0.000000,0.020000000,-0.030000000,0.050000000,0.100000,-0.200000,0.100000
4250518053,-2.632433,4.250917,0.000000,0.486576524,0.000000000,0.000000000,0.873637961,-2.125459,-1.316216,0.000000,0.020000000,-0.030000000,0.050000000,0.100000,-0.200000,0.100000
4255318011,-2.642627,4.244587,0.000000,0.485527818,0.000000000,0.000000000,0.874221218,-2.122294,-1.321314,0.000000,0.020000000,-0.030000000,0.050000000,0.100000,-0.200000,0.100000
4260121628,-2.652814,4.238228,0.000000,0.484477612,0.000000000,0.000000000,0.874803660,-2.119114,-1.326407,0.000000,0.020000000,-0.030000000,0.050000000,0.100000,-0.200000,0.100000
4265298697,-2.663776,4.231347,0.000000,0.483344977,0.000000000,0.000000000,0.875429971,-2.115673,-1.331888,0.000000,0.020000000,-0.030000000,0.050000000,0.100000,-0.200000,0.100000
4269999413,-2.673714,4.225074,0.000000,0.482315856,0.000000000,0.000000000,0.875997383,-2.112537,-1.336857,0.000000,0.020000000,-0.030000000,0.050000000,0.100000,-0.200000,0.100000
4274778601,-2.683803,4.218673,0.000000,0.481268873,0.000000000,0.000000000,0.876573027,-2.109337,-1.341901,0.000000,0.020000000,-0.030000000,0.050000000,0.100000,-0.200000,0.100000
4279595789,-2.693956,4.212197,0.000000,0.480212870,0.000000000,0.000000000,0.877151982,-2.106098,-1.346978,0.000000,0.020000000,-0.030000000,0.050000000,0.100000,-0.200000,0.100000
4284736641,-2.704774,4.205258,0.000000,0.479085147,0.000000000,0.000000000,0.877768433,-2.102629,-1.352387,0.000000,0.020000000,-0.030000000,0.050000000,0.100000,-0.200000,0.100000
4289306232,-2.714375,4.199067,0.000000,0.478082074,0.000000000,0.000000000,0.878315166,-2.099534,-1.357188,0.000000,0.020000000,-0.030000000,0.050000000,0.100000,-0.200000,0.100000
4294142426,-2.724521,4.192491,0.000000,0.477019799,0.000000000,0.000000000,0.878892548,-2.096246,-1.362261,0.000000,0.020000000,-0.030000000,0.050000000,0.100000,-0.200000,0.100000
4299359531,-2.735448,4.185370,0.000000,0.475873075,0.000000000,0.000000000,0.879513966,-2.092685,-1.367724,0.000000,0.020000000,-0.030000000,0.050000000,0.100000,-0.200000,0.100000
4304523185,-2.746245,4.178294,0.000000,0.474737302,0.000000000,0.000000000,0.880127544,-2.089147,-1.373122,0.000000,0.020000000,-0.030000000,0.050000000,0.100000,-0.200000,0.100000
4309184655,-2.755976,4.171882,0.000000,0.473711308,0.000000000,0.000000000,0.880680190,-2.085941,-1.377988,0.000000,0.020000000,-0.030000000,0.050000000,0.100000,-0.200000,0.100000
4313882125,-2.765767,4.165397,0.000000,0.472676739,0.000000000,0.000000000,0.881235894,-2.082699,-1.382884,0.000000,0.020000000,-0.030000000,0.050000000,0.100000,-0.200000,0.100000
4318727351,-2.775850,4.158684,0.000000,0.471608946,0.000000000,0.000000000,0.881807803,-2.079342,-1.387925,0.000000,0.020000000,-0.030000000,0.050000000,0.100000,-0.200000,0.100000
4323729181,-2.786242,4.151729,0.000000,0.470505914,0.000000000,0.000000000,0.882396841,-2.075865,-1.393121,0.000000,0.020000000,-0.030000000,0.050000000,0.100000,-0.200000,0.100000
4328528960,-2.796198,4.145031,0.000000,0.469446748,0.000000000,0.000000000,0.882960786,-2.072515,-1.398099,0.000000,0.020000000,-0.030000000,0.050000000,0.100000,-0.200000,0.100000
4334005524,-2.807537,4.137358,0.000000,0.468237411,0.000000000,0.000000000,0.883602697,-2.068679,-1.403769,0.000000,0.020000000,-0.030000000,0.050000000,0.100000,-0.200000,0.100000
4338929513,-2.817715,4.130434,0.000000,0.467149344,0.000000000,0.000000000,0.884178427,-2.065217,-1.408857,0.000000,0.020000000,-0.030000000,0.050000000,0.100000,-0.200000,0.100000
4344204375,-2.828599,4.122988,0.000000,0.465982958,0.000000000,0.000000000,0.884793695,-2.061494,-1.414299,0.000000,0.020000000,-0.030000000,0.050000000,0.100000,-0.200000,0.100000
4348957907,-2.838390,4.116253,0.000000,0.464931156,0.000000000,0.000000000,0.885346836,-2.058127,-1.419195,0.000000,0.020000000,-0.030000000,0.050000000,0.100000,-0.200000,0.100000
4353948967,-2.848654,4.109157,0.000000,0.463826089,0.000000000,0.000000000,0.885926272,-2.054579,-1.424327,0.000000,0.020000000,-0.030000000,0.050000000,0.100000,-0.200000,0.100000
4358580601,-2.858162,4.102549,0.000000,0.462799957,0.000000000,0.000000000,0.886462746,-2.051275,-1.429081,0.000000,0.020000000,-0.030000000,0.050000000,0.100000,-0.200000,0.100000
4363994654,-2.869257,4.094797,0.000000,0.461599694,0.000000000,0.000000000,0.887088340,-2.047399,-1.434629,0.000000,0.020000000,-0.030000000,0.050000000,0.100000,-0.200000,0.100000
4368891039,-2.879273,4.087760,0.000000,0.460513467,0.000000000,0.000000000,0.887652717,-2.043880,-1.439637,0.000000,0.020000000,-0.030000000,0.050000000,0.100000,-0.200000,0.100000
4373913564,-2.889530,4.080517,0.000000,0.459398540,0.000000000,0.000000000,0.888230252,-2.040258,-1.444765,0.000000,0.020000000,-0.030000000,0.050000000,0.100000,-0.200000,0.100000
4378616124,-2.899116,4.073711,0.000000,0.458353984,0.000000000,0.000000000,0.888769726,-2.036856,-1.449558,0.000000,0.020000000,-0.030000000,0.050000000,0.100000,-0.200000,0.100000
4383769371,-2.909603,4.066228,0.000000,0.457208591,0.000000000,0.000000000,0.889359491,-2.033114,-1.454802,0.000000,0.020000000,-0.030000000,0.050000000,0.100000,-0.200000,0.100000
4388397076,-2.919004,4.059485,0.000000,0.456179362,0.000000000,0.000000000,0.889887852,-2.029742,-1.459502,0.000000,0.020000000,-0.030000000,0.050000000,0.100000,-0.200000,0.100000
4393371160,-2.929091,4.052212,0.000000,0.455072416,0.000000000,0.000000000,0.890454433,-2.026106,-1.464545,0.000000,0.020000000,-0.030000000,0.050000000,0.100000,-0.200000,0.100000
4398562536,-2.939599,4.044596,0.000000,0.453916362,0.000000000,0.000000000,0.891044296,-2.022298,-1.469800,0.000000,0.020000000,-0.030000000,0.050000000,0.100000,-0.200000,0.100000
4403270634,-2.949112,4.037665,0.000000,0.452867267,0.000000000,0.000000000,0.891577949,-2.018832,-1.474556,0.000000,0.020000000,-0.030000000,0.050000000,0.100000,-0.200000,0.100000
4408036956,-2.958726,4.030625,0.000000,0.451804559,0.000000000,0.000000000,0.892116944,-2.015313,-1.479363,0.000000,0.020000000,-0.030000000,0.050000000,0.100000,-0.200000,0.100000
4412964261,-2.968647,4.023324,0.000000,0.450705283,0.000000000,0.000000000,0.892672811,-2.011662,-1.484324,0.000000,0.020000000,-0.030000000,0.050000000,0.100000,-0.200000,0.100000
4418205341,-2.979181,4.015530,0.000000,0.449535254,0.000000000,0.000000000,0.893262590,-2.007765,-1.489590,0.000000,0.020000000,-0.030000000,0.050000000,0.100000,-0.200000,0.100000
4423549697,-2.989900,4.007555,0.000000,0.448341375,0.000000000,0.000000000,0.893862412,-2.003778,-1.494950,0.000000,0.020000000,-0.030000000,0.050000000,0.100000,-0.200000,0.100000
4428273725,-2.999358,4.000482,0.000000,0.447285404,0.000000000,0.000000000,0.894391283,-2.000241,-1.499679,0.000000,0.020000000,-0.030000000,0.050000000,0.100000,-0.200000,0.100000
4433713410,-3.010227,3.992309,0.000000,0.446068690,0.000000000,0.000000000,0.894998729,-1.996155,-1.505114,0.000000,0.020000000,-0.030000000,0.050000000,0.100000,-0.200000,0.100000
4438720681,-3.020213,3.984760,0.000000,0.444947965,0.000000000,0.000000000,0.895556424,-1.992380,-1.510107,0.000000,0.020000000,-0.030000000,0.050000000,0.100000,-0.200000,0.100000
4443588096,-3.029902,3.977398,0.000000,0.443857875,0.000000000,0.000000000,0.896097197,-1.988699,-1.514951,0.000000,0.020000000,-0.030000000,0.050000000,0.100000,-0.200000,0.100000
4448863303,-3.040382,3.969392,0.000000,0.442675714,0.000000000,0.000000000,0.896681778,-1.984696,-1.520191,0.000000,0.020000000,-0.030000000,0.050000000,0.100000,-0.200000,0.100000
4453592524,-3.049760,3.962192,0.000000,0.441615254,0.000000000,0.000000000,0.897204529,-1.981096,-1.524880,0.000000,0.020000000,-0.030000000,0.050000000,0.100000,-0.200000,0.100000
4458238063,-3.058955,3.955097,0.000000,0.440572957,0.000000000,0.000000000,0.897716809,-1.977549,-1.529477,0.000000,0.020000000,-0.030000000,0.050000000,0.100000,-0.200000,0.100000
4463499562,-3.069349,3.947036,0.000000,0.439391742,0.000000000,0.000000000,0.898295551,-1.973518,-1.534674,0.000000,0.020000000,-0.030000000,0.050000000,0.100000,-0.200000,0.100000
4468681822,-3.079566,3.939070,0.000000,0.438227573,0.000000000,0.000000000,0.898864058,-1.969535,-1.539783,0.000000,0.020000000,-0.030000000,0.050000000,0.100000,-0.200000,0.100000
4473299276,-3.088652,3.931950,0.000000,0.437189666,0.000000000,0.000000000,0.899369333,-1.965975,-1.544326,0.000000,0.020000000,-0.030000000,0.050000000,0.100000,-0.200000,0.100000
4478134021,-3.098148,3.924472,0.000000,0.436102291,0.000000000,0.000000000,0.899897101,-1.962236,-1.549074,0.000000,0.020000000,-0.030000000,0.050000000,0.100000,-0.200000,0.100000
4482731822,-3.107162,3.917339,0.000000,0.435067616,0.000000000,0.000000000,0.900397784,-1.958670,-1.553581,0.000000,0.020000000,-0.030000000,0.050000000,0.100000,-0.200000,0.100000
4487410372,-3.116317,3.910060,0.000000,0.434014180,0.000000000,0.000000000,0.900906039,-1.955030,-1.558158,0.000000,0.020000000,-0.030000000,0.050000000,0.100000,-0.200000,0.100000
4492757434,-3.126759,3.901714,0.000000,0.432809492,0.000000000,0.000000000,0.901485409,-1.950857,-1.563380,0.000000,0.020000000,-0.030000000,0.050000000,0.100000,-0.200000,0.100000
4498227675,-3.137419,3.893148,0.000000,0.431576252,0.000000000,0.000000000,0.902076459,-1.946574,-1.568710,0.000000,0.020000000,-0.030000000,0.050000000,0.100000,-0.200000,0.100000
4502753351,-3.146221,3.886038,0.000000,0.430555350,0.000000000,0.000000000,0.902564175,-1.943019,-1.573110,0.000000,0.020000000,-0.030000000,0.050000000,0.100000,-0.200000,0.100000
4508169922,-3.156734,3.877503,0.000000,0.429332755,0.000000000,0.000000000,0.903146381,-1.938752,-1.578367,0.000000,0.020000000,-0.030000000,0.050000000,0.100000,-0.200000,0.100000
4513248442,-3.166570,3.869475,0.000000,0.428185747,0.000000000,0.000000000,0.903690747,-1.934737,-1.583285,0.000000,0.020000000,-0.030000000,0.050000000,0.100000,-0.200000,0.100000
4518746215,-3.177194,3.860756,0.000000,0.426943272,0.000000000,0.000000000,0.904278410,-1.930378,-1.588597,0.000000,0.020000000,-0.030000000,0.050000000,0.100000,-0.200000,0.100000
4524198977,-3.187708,3.852079,0.000000,0.425710171,0.000000000,0.000000000,0.904859575,-1.926040,-1.593854,0.000000,0.020000000,-0.030000000,0.050000000,0.100000,-0.200000,0.100000
4529046699,-3.197036,3.844341,0.000000,0.424613232,0.000000000,0.000000000,0.905374841,-1.922171,-1.598518,0.000000,0.020000000,-0.030000000,0.050000000,0.100000,-0.200000,0.100000
4533771012,-3.206108,3.836779,0.000000,0.423543618,0.000000000,0.000000000,0.905875711,-1.918389,-1.603054,0.000000,0.020000000,-0.030000000,0.050000000,0.100000,-0.200000,0.100000
4538307282,-3.214802,3.829497,0.000000,0.422516021,0.000000000,0.000000000,0.906355455,-1.914749,-1.607401,0.000000,0.020000000,-0.030000000,0.050000000,0.100000,-0.200000,0.100000
4543380680,-3.224506,3.821330,0.000000,0.421366107,0.000000000,0.000000000,0.906890624,-1.910665,-1.612253,0.000000,0.020000000,-0.030000000,0.050000000,0.100000,-0.200000,0.100000
4548528017,-3.234330,3.813018,0.000000,0.420198740,0.000000000,0.000000000,0.907432102,-1.906509,-1.617165,0.000000,0.020000000,-0.030000000,0.050000000,0.100000,-0.200000,0.100000
4553415359,-3.243638,3.805103,0.000000,0.419089694,0.000000000,0.000000000,0.907944838,-1.902552,-1.621819,0.000000,0.020000000,-0.030000000,0.050000000,0.100000,-0.200000,0.100000
4558849718,-3.253965,3.796276,0.000000,0.417855783,0.000000000,0.000000000,0.908513371,-1.898138,-1.626983,0.000000,0.020000000,-0.030000000,0.050000000,0.100000,-0.200000,0.100000
4563872880,-3.263490,3.788091,0.000000,0.416714551,0.000000000,0.000000000,0.909037393,-1.894046,-1.631745,0.000000,0.020000000,-0.030000000,0.050000000,0.100000,-0.200000,0.100000
4569345124,-3.273842,3.779148,0.000000,0.415470543,0.000000000,0.000000000,0.909606634,-1.889574,-1.636921,0.000000,0.020000000,-0.030000000,0.050000000,0.100000,-0.200000,0.100000
4574513534,-3.283597,3.770675,0.000000,0.414294892,0.000000000,0.000000000,0.910142705,-1.885337,-1.641799,0.000000,0.020000000,-0.030000000,0.050000000,0.100000,-0.200000,0.100000
4579279457,-3.292573,3.762839,0.000000,0.413210180,0.000000000,0.000000000,0.910635683,-1.881420,-1.646287,0.000000,0.020000000,-0.030000000,0.050000000,0.100000,-0.200000,0.100000
4584100010,-3.301633,3.754892,0.000000,0.412112439,0.000000000,0.000000000,0.911132997,-1.877446,-1.650817,0.000000,0.020000000,-0.030000000,0.050000000,0.100000,-0.200000,0.100000
4589231919,-3.311257,3.746408,0.000000,0.410943137,0.000000000,0.000000000,0.911660978,-1.873204,-1.655629,0.000000,0.020000000,-0.030000000,0.050000000,0.100000,-0.200000,0.100000
4594211275,-3.320574,3.738153,0.000000,0.409807947,0.000000000,0.000000000,0.912171829,-1.869076,-1.660287,0.000000,0.020000000,-0.030000000,0.050000000,0.100000,-0.200000,0.100000
4599316800,-3.330106,3.729664,0.000000,0.408643335,0.000000000,0.000000000,0.912694157,-1.864832,-1.665053,0.000000,0.020000000,-0.030000000,0.050000000,0.100000,-0.200000,0.100000
4604161725,-3.339131,3.721586,0.000000,0.407537552,0.000000000,0.000000000,0.913188449,-1.860793,-1.669566,0.000000,0.020000000,-0.030000000,0.050000000,0.100000,-0.200000,0.100000
4608884157,-3.347910,3.713691,0.000000,0.406459151,0.000000000,0.000000000,0.913668955,-1.856846,-1.673955,0.000000,0.020000000,-0.030000000,0.050000000,0.100000,-0.200000,0.100000
4613877723,-3.357171,3.705321,0.000000,0.405318218,0.000000000,0.000000000,0.914175663,-1.852660,-1.678586,0.000000,0.020000000,-0.030000000,0.050000000,0.100000,-0.200000,0.100000
4618913240,-3.366490,3.696856,0.000000,0.404167060,0.000000000,0.000000000,0.914685185,-1.848428,-1.683245,0.000000,0.020000000,-0.030000000,0.050000000,0.100000,-0.200000,0.100000
4623572511,-3.375093,3.689004,0.000000,0.403101344,0.000000000,0.000000000,0.915155345,-1.844502,-1.687547,0.000000,0.020000000,-0.030000000,0.050000000,0.100000,-0.200000,0.100000
4628283900,-3.383774,3.681043,0.000000,0.402023152,0.000000000,0.000000000,0.915629502,-1.840521,-1.691887,0.000000,0.020000000,-0.030000000,0.050000000,0.100000,-0.200000,0.100000
4633721105,-3.393769,3.671830,0.000000,0.400778164,0.000000000,0.000000000,0.916175127,-1.835915,-1.696884,0.000000,0.020000000,-0.030000000,0.050000000,0.100000,-0.200000,0.100000
4638348572,-3.402255,3.663968,0.000000,0.399718004,0.000000000,0.000000000,0.916638161,-1.831984,-1.701128,0.000000,0.020000000,-0.030000000,0.050000000,0.100000,-0.200000,0.100000
4643843988,-3.412310,3.654606,0.000000,0.398458300,0.000000000,0.000000000,0.917186449,-1.827303,-1.706155,0.000000,0.020000000,-0.030000000,0.050000000,0.100000,-0.200000,0.100000
4649133288,-3.421963,3.645568,0.000000,0.397245134,0.000000000,0.000000000,0.917712539,-1.822784,-1.710982,0.000000,0.020000000,-0.030000000,0.050000000,0.100000,-0.200000,0.100000
4653957411,-3.430746,3.637304,0.000000,0.396138055,0.000000000,0.000000000,0.918190961,-1.818652,-1.715373,0.000000,0.020000000,-0.030000000,0.050000000,0.100000,-0.200000,0.100000
4658991716,-3.439891,3.628657,0.000000,0.394982129,0.000000000,0.000000000,0.918688804,-1.814328,-1.719946,0.000000,0.020000000,-0.030000000,0.050000000,0.100000,-0.200000,0.100000
4663945575,-3.448869,3.620125,0.000000,0.393844062,0.000000000,0.000000000,0.919177271,-1.810063,-1.724434,0.000000,0.020000000,-0.030000000,0.050000000,0.100000,-0.200000,0.100000
4668736244,-3.457530,3.611854,0.000000,0.392742912,0.000000000,0.000000000,0.919648305,-1.805927,-1.728765,0.000000,0.020000000,-0.030000000,0.050000000,0.100000,-0.200000,0.100000
4674163001,-3.467318,3.602459,0.000000,0.391494873,0.000000000,0.000000000,0.920180289,-1.801229,-1.733659,0.000000,0.020000000,-0.030000000,0.050000000,0.100000,-0.200000,0.100000
4678726703,-3.475529,3.594537,0.000000,0.390444762,0.000000000,0.000000000,0.920626356,-1.797269,-1.737764,0.000000,0.020000000,-0.030000000,0.050000000,0.100000,-0.200000,0.100000
4683586329,-3.484253,3.586082,0.000000,0.389325999,0.000000000,0.000000000,0.921100031,-1.793041,-1.742126,0.000000,0.020000000,-0.030000000,0.050000000,0.100000,-0.200000,0.100000
4688967425,-3.493889,3.576694,0.000000,0.388086515,0.000000000,0.000000000,0.921622947,-1.788347,-1.746944,0.000000,0.020000000,-0.030000000,0.050000000,0.100000,-0.200000,0.100000
4693784517,-3.502493,3.568269,0.000000,0.386976348,0.000000000,0.000000000,0.922089641,-1.784134,-1.751247,0.000000,0.020000000,-0.030000000,0.050000000,0.100000,-0.200000,0.100000
4698434892,-3.510780,3.560115,0.000000,0.385904071,0.000000000,0.000000000,0.922538914,-1.780058,-1.755390,0.000000,0.020000000,-0.030000000,0.050000000,0.100000,-0.200000,0.100000
4703118543,-3.519108,3.551884,0.000000,0.384823594,0.000000000,0.000000000,0.922990141,-1.775942,-1.759554,0.000000,0.020000000,-0.030000000,0.050000000,0.100000,-0.200000,0.100000
4708353263,-3.528393,3.542661,0.000000,0.383615367,0.000000000,0.000000000,0.923492962,-1.771330,-1.764196,0.000000,0.020000000,-0.030000000,0.050000000,0.100000,-0.200000,0.100000
4713450003,-3.537409,3.533658,0.000000,0.382438355,0.000000000,0.000000000,0.923981009,-1.766829,-1.768705,0.000000,0.020000000,-0.030000000,0.050000000,0.100000,-0.200000,0.100000
4718031023,-3.545494,3.525546,0.000000,0.381379910,0.000000000,0.000000000,0.924418392,-1.762773,-1.772747,0.000000,0.020000000,-0.030000000,0.050000000,0.100000,-0.200000,0.100000
4723383033,-3.554915,3.516046,0.000000,0.380142695,0.000000000,0.000000000,0.924927852,-1.758023,-1.777458,0.000000,0.020000000,-0.030000000,0.050000000,0.100000,-0.200000,0.100000
4727938293,-3.562914,3.507940,0.000000,0.379089127,0.000000000,0.000000000,0.925360164,-1.753970,-1.781457,0.000000,0.020000000,-0.030000000,0.050000000,0.100000,-0.200000,0.100000
4733425199,-3.572525,3.498152,0.000000,0.377819430,0.000000000,0.000000000,0.925879300,-1.749076,-1.786262,0.000000,0.020000000,-0.030000000,0.050000000,0.100000,-0.200000,0.100000
4738410350,-3.581233,3.489236,0.000000,0.376665225,0.000000000,0.000000000,0.926349453,-1.744618,-1.790617,0.000000,0.020000000,-0.030000000,0.050000000,0.100000,-0.200000,0.100000
4742974683,-3.589187,3.481054,0.000000,0.375607938,0.000000000,0.000000000,0.926778656,-1.740527,-1.794593,0.000000,0.020000000,-0.030000000,0.050000000,0.100000,-0.200000,0.100000
4748182280,-3.598239,3.471697,0.000000,0.374401047,0.000000000,0.000000000,0.927266874,-1.735848,-1.799119,0.000000,0.020000000,-0.030000000,0.050000000,0.100000,-0.200000,0.100000
4753552694,-3.607548,3.462022,0.000000,0.373155759,0.000000000,0.000000000,0.927768710,-1.731011,-1.803774,0.000000,0.020000000,-0.030000000,0.050000000,0.100000,-0.200000,0.100000
4758990485,-3.616947,3.452201,0.000000,0.371894161,0.000000000,0.000000000,0.928275139,-1.726101,-1.808474,0.000000,0.020000000,-0.030000000,0.050000000,0.100000,-0.200000,0.100000
4764340623,-3.626169,3.442513,0.000000,0.370652229,0.000000000,0.000000000,0.928771729,-1.721257,-1.813085,0.000000,0.020000000,-0.030000000,0.050000000,0.100000,-0.200000,0.100000
4769649580,-3.635295,3.432875,0.000000,0.369419200,0.000000000,0.000000000,0.929262855,-1.716438,-1.817647,0.000000,0.020000000,-0.030000000,0.050000000,0.100000,-0.200000,0.100000
4774979618,-3.644430,3.423175,0.000000,0.368180621,0.000000000,0.000000000,0.929754285,-1.711588,-1.822215,0.000000,0.020000000,-0.030000000,0.050000000,0.100000,-0.200000,0.100000
4779920608,-3.652876,3.414161,0.000000,0.367031864,0.000000000,0.000000000,0.930208370,-1.707081,-1.826438,0.000000,0.020000000,-0.030000000,0.050000000,0.100000,-0.200000,0.100000
4785198255,-3.661873,3.404510,0.000000,0.365804217,0.000000000,0.000000000,0.930691826,-1.702255,-1.830936,0.000000,0.020000000,-0.030000000,0.050000000,0.100000,-0.200000,0.100000
4790021677,-3.670073,3.395669,0.000000,0.364681671,0.000000000,0.000000000,0.931132256,-1.697834,-1.835036,0.000000,0.020000000,-0.030000000,0.050000000,0.100000,-0.200000,0.100000
4795278180,-3.678985,3.386011,0.000000,0.363457732,0.000000000,0.000000000,0.931610690,-1.693006,-1.839492,0.000000,0.020000000,-0.030000000,0.050000000,0.100000,-0.200000,0.100000
4799833347,-3.686687,3.377623,0.000000,0.362396586,0.000000000,0.000000000,0.932023988,-1.688812,-1.843344,0.000000,0.020000000,-0.030000000,0.050000000,0.100000,-0.200000,0.100000
4804871108,-3.695183,3.368326,0.000000,0.361222470,0.000000000,0.000000000,0.932479666,-1.684163,-1.847592,0.000000,0.020000000,-0.030000000,0.050000000,0.100000,-0.200000,0.100000
4810302276,-3.704317,3.358279,0.000000,0.359956024,0.000000000,0.000000000,0.932969271,-1.679140,-1.852158,0.000000,0.020000000,-0.030000000,0.050000000,0.100000,-0.200000,0.100000
4815552695,-3.713120,3.348543,0.000000,0.358731095,0.000000000,0.000000000,0.933440947,-1.674271,-1.856560,0.000000,0.020000000,-0.030000000,0.050000000,0.100000,-0.200000,0.100000
4820678602,-3.721690,3.339015,0.000000,0.357534618,0.000000000,0.000000000,0.933899886,-1.669508,-1.860845,0.000000,0.020000000,-0.030000000,0.050000000,0.100000,-0.200000,0.100000
4825289893,-3.729379,3.330426,0.000000,0.356457759,0.000000000,0.000000000,0.934311439,-1.665213,-1.864689,0.000000,0.020000000,-0.030000000,0.050000000,0.100000,-0.200000,0.100000
4830559245,-3.738140,3.320588,0.000000,0.355226646,0.000000000,0.000000000,0.934780204,-1.660294,-1.869070,0.000000,0.020000000,-0.030000000,0.050000000,0.100000,-0.200000,0.100000
4835561851,-3.746434,3.311228,0.000000,0.354057284,0.000000000,0.000000000,0.935223738,-1.655614,-1.873217,0.000000,0.020000000,-0.030000000,0.050000000,0.100000,-0.200000,0.100000
4840720086,-3.754962,3.301554,0.000000,0.352850964,0.000000000,0.000000000,0.935679537,-1.650777,-1.877481,0.000000,0.020000000,-0.030000000,0.050000000,0.100000,-0.200000,0.100000
4845233054,-3.762402,3.293073,0.000000,0.351795067,0.000000000,0.000000000,0.936077043,-1.646536,-1.881201,0.000000,0.020000000,-0.030000000,0.050000000,0.100000,-0.200000,0.100000
4850722075,-3.771426,3.282735,0.000000,0.350510200,0.000000000,0.000000000,0.936558914,-1.641367,-1.885713,0.000000,0.020000000,-0.030000000,0.050000000,0.100000,-0.200000,0.100000
4855768451,-3.779697,3.273208,0.000000,0.349328364,0.000000000,0.000000000,0.937000370,-1.636604,-1.889848,0.000000,0.020000000,-0.030000000,0.050000000,0.100000,-0.200000,0.100000
4860283580,-3.787077,3.264667,0.000000,0.348270472,0.000000000,0.000000000,0.937394089,-1.632333,-1.893538,0.000000,0.020000000,-0.030000000,0.050000000,0.100000,-0.200000,0.100000
4865381870,-3.795387,3.255002,0.000000,0.347075413,0.000000000,0.000000000,0.937837223,-1.627501,-1.897693,0.000000,0.020000000,-0.030000000,0.050000000,0.100000,-0.200000,0.100000
4870092218,-3.803042,3.246055,0.000000,0.345970788,0.000000000,0.000000000,0.938245285,-1.623027,-1.901521,0.000000,0.020000000,-0.030000000,0.050000000,0.100000,-0.200000,0.100000
4874751235,-3.810594,3.237187,0.000000,0.344877728,0.000000000,0.000000000,0.938647619,-1.618593,-1.905297,0.000000,0.020000000,-0.030000000,0.050000000,0.100000,-0.200000,0.100000
4879701026,-3.818594,3.227746,0.000000,0.343715937,0.000000000,0.000000000,0.939073668,-1.613873,-1.909297,0.000000,0.020000000,-0.030000000,0.050000000,0.100000,-0.200000,0.100000
4884613128,-3.826510,3.218357,0.000000,0.342562472,0.000000000,0.000000000,0.939495052,-1.609179,-1.913255,0.000000,0.020000000,-0.030000000,0.050000000,0.100000,-0.200000,0.100000
4889466562,-3.834308,3.209062,0.000000,0.341422275,0.000000000,0.000000000,0.939910012,-1.604531,-1.917154,0.000000,0.020000000,-0.030000000,0.050000000,0.100000,-0.200000,0.100000
4894936993,-3.843071,3.198562,0.000000,0.340136528,0.000000000,0.000000000,0.940376064,-1.599281,-1.921536,0.000000,0.020000000,-0.030000000,0.050000000,0.100000,-0.200000,0.100000
4899912430,-3.851017,3.188992,0.000000,0.338966570,0.000000000,0.000000000,0.940798419,-1.594496,-1.925508,0.000000,0.020000000,-0.030000000,0.050000000,0.100000,-0.200000,0.100000
4905104748,-3.859283,3.178984,0.000000,0.337745054,0.000000000,0.000000000,0.941237631,-1.589492,-1.929641,0.000000,0.020000000,-0.030000000,0.050000000,0.100000,-0.200000,0.100000
4909842777,-3.866803,3.169832,0.000000,0.336629914,0.000000000,0.000000000,0.941637032,-1.584916,-1.933402,0.000000,0.020000000,-0.030000000,0.050000000,0.100000,-0.200000,0.100000
4914545270,-3.874245,3.160731,0.000000,0.335522671,0.000000000,0.000000000,0.942032132,-1.580366,-1.937123,0.000000,0.020000000,-0.030000000,0.050000000,0.100000,-0.200000,0.100000
4919097069,-3.881429,3.151906,0.000000,0.334450469,0.000000000,0.000000000,0.942413329,-1.575953,-1.940714,0.000000,0.020000000,-0.030000000,0.050000000,0.100000,-0.200000,0.100000
4924136434,-3.889358,3.142116,0.000000,0.333262913,0.000000000,0.000000000,0.942833936,-1.571058,-1.944679,0.000000,0.020000000,-0.030000000,0.050000000,0.100000,-0.200000,0.100000
4928809394,-3.896689,3.133020,0.000000,0.332161229,0.000000000,0.000000000,0.943222624,-1.566510,-1.948345,0.000000,0.020000000,-0.030000000,0.050000000,0.100000,-0.200000,0.100000
4934201401,-3.905122,3.122503,0.000000,0.330889462,0.000000000,0.000000000,0.943669520,-1.561252,-1.952561,0.000000,0.020000000,-0.030000000,0.050000000,0.100000,-0.200000,0.100000
4939154249,-3.912842,3.112823,0.000000,0.329720746,0.000000000,0.000000000,0.944078508,-1.556411,-1.956421,0.000000,0.020000000,-0.030000000,0.050000000,0.100000,-0.200000,0.100000
4943909507,-3.920232,3.103511,0.000000,0.328598179,0.000000000,0.000000000,0.944469818,-1.551755,-1.960116,0.000000,0.020000000,-0.030000000,0.050000000,0.100000,-0.200000,0.100000
4949140839,-3.928337,3.093246,0.000000,0.327362690,0.000000000,0.000000000,0.944898761,-1.546623,-1.964168,0.000000,0.020000000,-0.030000000,0.050000000,0.100000,-0.200000,0.100000
4953835714,-3.935587,3.084016,0.000000,0.326253419,0.000000000,0.000000000,0.945282342,-1.542008,-1.967794,0.000000,0.020000000,-0.030000000,0.050000000,0.100000,-0.200000,0.100000
4958932604,-3.943434,3.073976,0.000000,0.325048654,0.000000000,0.000000000,0.945697294,-1.536988,-1.971717,0.000000,0.020000000,-0.030000000,0.050000000,0.100000,-0.200000,0.100000
4963472376,-3.950401,3.065017,0.000000,0.323975133,0.000000000,0.000000000,0.946065597,-1.532509,-1.975201,0.000000,0.020000000,-0.030000000,0.050000000,0.100000,-0.200000,0.100000
4968817762,-3.958579,3.054448,0.000000,0.322710572,0.000000000,0.000000000,0.946497695,-1.527224,-1.979289,0.000000,0.020000000,-0.030000000,0.050000000,0.100000,-0.200000,0.100000
4974168655,-3.966737,3.043846,0.000000,0.321444132,0.000000000,0.000000000,0.946928545,-1.521923,-1.983368,0.000000,0.020000000,-0.030000000,0.050000000,0.100000,-0.200000,0.100000
4979373843,-3.974645,3.033512,0.000000,0.320211625,0.000000000,0.000000000,0.947346038,-1.516756,-1.987323,0.000000,0.020000000,-0.030000000,0.050000000,0.100000,-0.200000,0.100000
4984827401,-3.982902,3.022663,0.000000,0.318919726,0.000000000,0.000000000,0.947781730,-1.511331,-1.991451,0.000000,0.020000000,-0.030000000,0.050000000,0.100000,-0.200000,0.100000
4989351585,-3.989729,3.013645,0.000000,0.317847538,0.000000000,0.000000000,0.948141837,-1.506823,-1.994865,0.000000,0.020000000,-0.030000000,0.050000000,0.100000,-0.200000,0.100000
4994673787,-3.997735,3.003018,0.000000,0.316585706,0.000000000,0.000000000,0.948563910,-1.501509,-1.998867,0.000000,0.020000000,-0.030000000,0.050000000,0.100000,-0.200000,0.100000
4999690619,-4.005255,2.992980,0.000000,0.315395761,0.000000000,0.000000000,0.948960228,-1.496490,-2.002628,0.000000,0.020000000,-0.030000000,0.050000000,0.100000,-0.200000,0.100000
5004933479,-4.013087,2.982471,0.000000,0.314151674,0.000000000,0.000000000,0.949372806,-1.491235,-2.006544,0.000000,0.020000000,-0.030000000,0.050000000,0.100000,-0.200000,0.100000
5009438486,-4.019795,2.973424,0.000000,0.313082242,0.000000000,0.000000000,0.949726018,-1.486712,-2.009898,0.000000,0.020000000,-0.030000000,0.050000000,0.100000,-0.200000,0.100000
5014315642,-4.027034,2.963612,0.000000,0.311924019,0.000000000,0.000000000,0.950107050,-1.481806,-2.013517,0.000000,0.020000000,-0.030000000,0.050000000,0.100000,-0.200000,0.100000
5019228477,-4.034302,2.953711,0.000000,0.310756854,0.000000000,0.000000000,0.950489441,-1.476856,-2.017151,0.000000,0.020000000,-0.030000000,0.050000000,0.100000,-0.200000,0.100000
5024659033,-4.042307,2.942746,0.000000,0.309466147,0.000000000,0.000000000,0.950910461,-1.471373,-2.021154,0.000000,0.020000000,-0.030000000,0.050000000,0.100000,-0.200000,0.100000
5029460340,-4.049360,2.933033,0.000000,0.308324521,0.000000000,0.000000000,0.951281236,-1.466517,-2.024680,0.000000,0.020000000,-0.030000000,0.050000000,0.100000,-0.200000,0.100000
5034112897,-4.056172,2.923605,0.000000,0.307217840,0.000000000,0.000000000,0.951639217,-1.461803,-2.028086,0.000000,0.020000000,-0.030000000,0.050000000,0.100000,-0.200000,0.100000
5039358886,-4.063827,2.912956,0.000000,0.305969504,0.000000000,0.000000000,0.952041313,-1.456478,-2.031913,0.000000,0.020000000,-0.030000000,0.050000000,0.100000,-0.200000,0.100000
5044478571,-4.071270,2.902544,0.000000,0.304750716,0.000000000,0.000000000,0.952432150,-1.451272,-2.035635,0.000000,0.020000000,-0.030000000,0.050000000,0.100000,-0.200000,0.100000
5049527084,-4.078584,2.892258,0.000000,0.303548382,0.000000000,0.000000000,0.952816026,-1.446129,-2.039292,0.000000,0.020000000,-0.030000000,0.050000000,0.100000,-0.200000,0.100000
5054312599,-4.085493,2.882490,0.000000,0.302408236,0.000000000,0.000000000,0.953178503,-1.441245,-2.042746,0.000000,0.020000000,-0.030000000,0.050000000,0.100000,-0.200000,0.100000
5059152162,-4.092456,2.872596,0.000000,0.301254773,0.000000000,0.000000000,0.953543686,-1.436298,-2.046228,0.000000,0.020000000,-0.030000000,0.050000000,0.100000,-0.200000,0.100000
5063856677,-4.099201,2.862961,0.000000,0.300133075,0.000000000,0.000000000,0.953897341,-1.431481,-2.049601,0.000000,0.020000000,-0.030000000,0.050000000,0.100000,-0.200000,0.100000
5068566473,-4.105932,2.853300,0.000000,0.299009702,0.000000000,0.000000000,0.954250071,-1.426650,-2.052966,0.000000,0.020000000,-0.030000000,0.050000000,0.100000,-0.200000,0.100000
5073102525,-4.112393,2.843981,0.000000,0.297927378,0.000000000,0.000000000,0.954588538,-1.421990,-2.056196,0.000000,0.020000000,-0.030000000,0.050000000,0.100000,-0.200000,0.100000
5077823385,-4.119094,2.834266,0.000000,0.296800551,0.000000000,0.000000000,0.954939492,-1.417133,-2.059547,0.000000,0.020000000,-0.030000000,0.050000000,0.100000,-0.200000,0.100000
5083272481,-4.126801,2.823032,0.000000,0.295499386,0.000000000,0.000000000,0.955342929,-1.411516,-2.063401,0.000000,0.020000000,-0.030000000,0.050000000,0.100000,-0.200000,0.100000
5087833375,-4.133228,2.813614,0.000000,0.294409890,0.000000000,0.000000000,0.955679244,-1.406807,-2.066614,0.000000,0.020000000,-0.030000000,0.050000000,0.100000,-0.200000,0.100000
5093026257,-4.140520,2.802873,0.000000,0.293168960,0.000000000,0.000000000,0.956060647,-1.401437,-2.070260,0.000000,0.020000000,-0.030000000,0.050000000,0.100000,-0.200000,0.100000
5098209689,-4.147770,2.792133,0.000000,0.291929795,0.000000000,0.000000000,0.956439750,-1.396066,-2.073885,0.000000,0.020000000,-0.030000000,0.050000000,0.100000,-0.200000,0.100000
5103703307,-4.155424,2.780729,0.000000,0.290615942,0.000000000,0.000000000,0.956839785,-1.390364,-2.077712,0.000000,0.020000000,-0.030000000,0.050000000,0.100000,-0.200000,0.100000
5108667994,-4.162314,2.770405,0.000000,0.289428116,0.000000000,0.000000000,0.957199752,-1.385203,-2.081157,0.000000,0.020000000,-0.030000000,0.050000000,0.100000,-0.200000,0.100000
5113638307,-4.169186,2.760053,0.000000,0.288238497,0.000000000,0.000000000,0.957558650,-1.380026,-2.084593,0.000000,0.020000000,-0.030000000,0.050000000,0.100000,-0.200000,0.100000
5119059540,-4.176652,2.748741,0.000000,0.286940446,0.000000000,0.000000000,0.957948423,-1.374371,-2.088326,0.000000,0.020000000,-0.030000000,0.050000000,0.100000,-0.200000,0.100000
5124074602,-4.183531,2.738260,0.000000,0.285739178,0.000000000,0.000000000,0.958307426,-1.369130,-2.091766,0.000000,0.020000000,-0.030000000,0.050000000,0.100000,-0.200000,0.100000
5129130615,-4.190440,2.727675,0.000000,0.284527646,0.000000000,0.000000000,0.958667835,-1.363838,-2.095220,0.000000,0.020000000,-0.030000000,0.050000000,0.100000,-0.200000,0.100000
5134223672,-4.197373,2.716995,0.000000,0.283306778,0.000000000,0.000000000,0.959029337,-1.358498,-2.098686,0.000000,0.020000000,-0.030000000,0.050000000,0.100000,-0.200000,0.100000
5138985906,-4.203830,2.706993,0.000000,0.282164797,0.000000000,0.000000000,0.959365951,-1.353496,-2.101915,0.000000,0.020000000,-0.030000000,0.050000000,0.100000,-0.200000,0.100000
5143899958,-4.210469,2.696656,0.000000,0.280985991,0.000000000,0.000000000,0.959711870,-1.348328,-2.105234,0.000000,0.020000000,-0.030000000,0.050000000,0.100000,-0.200000,0.100000
5148981224,-4.217306,2.685950,0.000000,0.279766627,0.000000000,0.000000000,0.960068036,-1.342975,-2.108653,0.000000,0.020000000,-0.030000000,0.050000000,0.100000,-0.200000,0.100000
5153761504,-4.223714,2.675862,0.000000,0.278619079,0.000000000,0.000000000,0.960401691,-1.337931,-2.111857,0.000000,0.020000000,-0.030000000,0.050000000,0.100000,-0.200000,0.100000
5158481517,-4.230017,2.665887,0.000000,0.277485608,0.000000000,0.000000000,0.960729794,-1.332943,-2.115009,0.000000,0.020000000,-0.030000000,0.050000000,0.100000,-0.200000,0.100000
5163364700,-4.236514,2.655551,0.000000,0.276312547,0.000000000,0.000000000,0.961067831,-1.327775,-2.118257,0.000000,0.020000000,-0.030000000,0.050000000,0.100000,-0.200000,0.100000
5168792706,-4.243705,2.644043,0.000000,0.275008122,0.000000000,0.000000000,0.961441903,-1.322022,-2.121853,0.000000,0.020000000,-0.030000000,0.050000000,0.100000,-0.200000,0.100000
5174057053,-4.250650,2.632864,0.000000,0.273742543,0.000000000,0.000000000,0.961803005,-1.316432,-2.125325,0.000000,0.020000000,-0.030000000,0.050000000,0.100000,-0.200000,0.100000
5178782812,-4.256859,2.622813,0.000000,0.272606040,0.000000000,0.000000000,0.962125744,-1.311406,-2.128430,0.000000,0.020000000,-0.030000000,0.050000000,0.100000,-0.200000,0.100000
5183804300,-4.263431,2.612117,0.000000,0.271398000,0.000000000,0.000000000,0.962467208,-1.306058,-2.131716,0.000000,0.020000000,-0.030000000,0.050000000,0.100000,-0.200000,0.100000
5188716668,-4.269834,2.601637,0.000000,0.270215798,0.000000000,0.000000000,0.962799783,-1.300819,-2.134917,0.000000,0.020000000,-0.030000000,0.050000000,0.100000,-0.200000,0.100000
5193306024,-4.275793,2.591832,0.000000,0.269110962,0.000000000,0.000000000,0.963109179,-1.295916,-2.137896,0.000000,0.020000000,-0.030000000,0.050000000,0.100000,-0.200000,0.100000
5198513883,-4.282527,2.580690,0.000000,0.267856800,0.000000000,0.000000000,0.963458735,-1.290345,-2.141264,0.000000,0.020000000,-0.030000000,0.050000000,0.100000,-0.200000,0.100000
5203087793,-4.288418,2.570889,0.000000,0.266754932,0.000000000,0.000000000,0.963764394,-1.285445,-2.144209,0.000000,0.020000000,-0.030000000,0.050000000,0.100000,-0.200000,0.100000
5208394114,-4.295224,2.559502,0.000000,0.265476187,0.000000000,0.000000000,0.964117417,-1.279751,-2.147612,0.000000,0.020000000,-0.030000000,0.050000000,0.100000,-0.200000,0.100000
5213280437,-4.301464,2.549001,0.000000,0.264298242,0.000000000,0.000000000,0.964440998,-1.274500,-2.150732,0.000000,0.020000000,-0.030000000,0.050000000,0.100000,-0.200000,0.100000
5218693298,-4.308347,2.537350,0.000000,0.262992904,0.000000000,0.000000000,0.964797768,-1.268675,-2.154174,0.000000,0.020000000,-0.030000000,0.050000000,0.100000,-0.200000,0.100000
5223644649,-4.314616,2.526676,0.000000,0.261798440,0.000000000,0.000000000,0.965122571,-1.263338,-2.157308,0.000000,0.020000000,-0.030000000,0.050000000,0.100000,-0.200000,0.100000
5228524552,-4.320768,2.516141,0.000000,0.260620819,0.000000000,0.000000000,0.965441240,-1.258070,-2.160384,0.000000,0.020000000,-0.030000000,0.050000000,0.100000,-0.200000,0.100000
5233893373,-4.327507,2.504533,0.000000,0.259324764,0.000000000,0.000000000,0.965790177,-1.252267,-2.163753,0.000000,0.020000000,-0.030000000,0.050000000,0.100000,-0.200000,0.100000
5239108416,-4.334023,2.493241,0.000000,0.258065385,0.000000000,0.000000000,0.966127454,-1.246620,-2.167011,0.000000,0.020000000,-0.030000000,0.050000000,0.100000,-0.200000,0.100000
5244295201,-4.340474,2.481992,0.000000,0.256812394,0.000000000,0.000000000,0.966461274,-1.240996,-2.170237,0.000000,0.020000000,-0.030000000,0.050000000,0.100000,-0.200000,0.100000
5249719633,-4.347190,2.470211,0.000000,0.255501533,0.000000000,0.000000000,0.966808651,-1.235105,-2.173595,0.000000,0.020000000,-0.030000000,0.050000000,0.100000,-0.200000,0.100000
5254330836,-4.352873,2.460181,0.000000,0.254386826,0.000000000,0.000000000,0.967102550,-1.230091,-2.176437,0.000000,0.020000000,-0.030000000,0.050000000,0.100000,-0.200000,0.100000
5259700244,-4.359463,2.448486,0.000000,0.253088405,0.000000000,0.000000000,0.967443156,-1.224243,-2.179731,0.000000,0.020000000,-0.030000000,0.050000000,0.100000,-0.200000,0.100000
5264962150,-4.365889,2.437008,0.000000,0.251815537,0.000000000,0.000000000,0.967775250,-1.218504,-2.182945,0.000000,0.020000000,-0.030000000,0.050000000,0.100000,-0.200000,0.100000
5269968889,-4.371976,2.426071,0.000000,0.250603991,0.000000000,0.000000000,0.968089686,-1.213036,-2.185988,0.000000,0.020000000,-0.030000000,0.050000000,0.100000,-0.200000,0.100000
5274868305,-4.377906,2.415354,0.000000,0.249418035,0.000000000,0.000000000,0.968395913,-1.207677,-2.188953,0.000000,0.020000000,-0.030000000,0.050000000,0.100000,-0.200000,0.100000
5279403231,-4.383372,2.405421,0.000000,0.248319974,0.000000000,0.000000000,0.968678063,-1.202711,-2.191686,0.000000,0.020000000,-0.030000000,0.050000000,0.100000,-0.200000,0.100000
5284248699,-4.389187,2.394794,0.000000,0.247146367,0.000000000,0.000000000,0.968978159,-1.197397,-2.194593,0.000000,0.020000000,-0.030000000,0.050000000,0.100000,-0.200000,0.100000
5288751209,-4.394567,2.384907,0.000000,0.246055502,0.000000000,0.000000000,0.969255740,-1.192454,-2.197283,0.000000,0.020000000,-0.030000000,0.050000000,0.100000,-0.200000,0.100000
5293379795,-4.400074,2.374730,0.000000,0.244933767,0.000000000,0.000000000,0.969539813,-1.187365,-2.200037,0.000000,0.020000000,-0.030000000,0.050000000,0.100000,-0.200000,0.100000
5298498190,-4.406137,2.363462,0.000000,0.243692945,0.000000000,0.000000000,0.969852437,-1.181731,-2.203069,0.000000,0.020000000,-0.030000000,0.050000000,0.100000,-0.200000,0.100000
5303781586,-4.412366,2.351814,0.000000,0.242411704,0.000000000,0.000000000,0.970173472,-1.175907,-2.206183,0.000000,0.020000000,-0.030000000,0.050000000,0.100000,-0.200000,0.100000
5308992484,-4.418478,2.340310,0.000000,0.241147630,0.000000000,0.000000000,0.970488444,-1.170155,-2.209239,0.000000,0.020000000,-0.030000000,0.050000000,0.100000,-0.200000,0.100000
5314269123,-4.424637,2.328644,0.000000,0.239867191,0.000000000,0.000000000,0.970805712,-1.164322,-2.212319,0.000000,0.020000000,-0.030000000,0.050000000,0.100000,-0.200000,0.100000
5318797719,-4.429899,2.318620,0.000000,0.238767941,0.000000000,0.000000000,0.971076655,-1.159310,-2.214949,0.000000,0.020000000,-0.030000000,0.050000000,0.100000,-0.200000,0.100000
5324264104,-4.436219,2.306503,0.000000,0.237440649,0.000000000,0.000000000,0.971402048,-1.153252,-2.218110,0.000000,0.020000000,-0.030000000,0.050000000,0.100000,-0.200000,0.100000
5329406774,-4.442136,2.295089,0.000000,0.236191553,0.000000000,0.000000000,0.971706515,-1.147544,-2.221068,0.000000,0.020000000,-0.030000000,0.050000000,0.100000,-0.200000,0.100000
5334576270,-4.448053,2.283599,0.000000,0.234935548,0.000000000,0.000000000,0.972010951,-1.141800,-2.224026,0.000000,0.020000000,-0.030000000,0.050000000,0.100000,-0.200000,0.100000
5339525581,-4.453690,2.272585,0.000000,0.233732672,0.000000000,0.000000000,0.972300899,-1.136292,-2.226845,0.000000,0.020000000,-0.030000000,0.050000000,0.100000,-0.200000,0.100000
5344868294,-4.459745,2.260679,0.000000,0.232433783,0.000000000,0.000000000,0.972612223,-1.130340,-2.229873,0.000000,0.020000000,-0.030000000,0.050000000,0.100000,-0.200000,0.100000
5349787366,-4.465292,2.249704,0.000000,0.231237520,0.000000000,0.000000000,0.972897327,-1.124852,-2.232646,0.000000,0.020000000,-0.030000000,0.050000000,0.100000,-0.200000,0.100000
5354422242,-4.470494,2.239350,0.000000,0.230110050,0.000000000,0.000000000,0.973164613,-1.119675,-2.235247,0.000000,0.020000000,-0.030000000,0.050000000,0.100000,-0.200000,0.100000
5359521039,-4.476188,2.227945,0.000000,0.228869371,0.000000000,0.000000000,0.973457144,-1.113973,-2.238094,0.000000,0.020000000,-0.030000000,0.050000000,0.100000,-0.200000,0.100000
5364944818,-4.482214,2.215798,0.000000,0.227549207,0.000000000,0.000000000,0.973766583,-1.107899,-2.241107,0.000000,0.020000000,-0.030000000,0.050000000,0.100000,-0.200000,0.100000
5369871306,-4.487658,2.204751,0.000000,0.226349723,0.000000000,0.000000000,0.974046099,-1.102375,-2.243829,0.000000,0.020000000,-0.030000000,0.050000000,0.100000,-0.200000,0.100000
5375192160,-4.493508,2.192804,0.000000,0.225053834,0.000000000,0.000000000,0.974346331,-1.096402,-2.246754,0.000000,0.020000000,-0.030000000,0.050000000,0.100000,-0.200000,0.100000
5380409799,-4.499213,2.181074,0.000000,0.223782696,0.000000000,0.000000000,0.974639064,-1.090537,-2.249607,0.000000,0.020000000,-0.030000000,0.050000000,0.100000,-0.200000,0.100000
5385611466,-4.504870,2.169365,0.000000,0.222515070,0.000000000,0.000000000,0.974929251,-1.084682,-2.252435,0.000000,0.020000000,-0.030000000,0.050000000,0.100000,-0.200000,0.100000
5390224866,-4.509863,2.158967,0.000000,0.221390487,0.000000000,0.000000000,0.975185240,-1.079484,-2.254931,0.000000,0.020000000,-0.030000000,0.050000000,0.100000,-0.200000,0.100000
5395521882,-4.515565,2.147015,0.000000,0.220098901,0.000000000,0.000000000,0.975477562,-1.073508,-2.257782,0.000000,0.020000000,-0.030000000,0.050000000,0.100000,-0.200000,0.100000
5400221972,-4.520598,2.136398,0.000000,0.218952541,0.000000000,0.000000000,0.975735510,-1.068199,-2.260299,0.000000,0.020000000,-0.030000000,0.050000000,0.100000,-0.200000,0.100000
5405501272,-4.526221,2.124457,0.000000,0.217664551,0.000000000,0.000000000,0.976023639,-1.062229,-2.263111,0.000000,0.020000000,-0.030000000,0.050000000,0.100000,-0.200000,0.100000
5410812883,-4.531848,2.112429,0.000000,0.216368295,0.000000000,0.000000000,0.976311816,-1.056215,-2.265924,0.000000,0.020000000,-0.030000000,0.050000000,0.100000,-0.200000,0.100000
5415817512,-4.537119,2.101083,0.000000,0.215146606,0.000000000,0.000000000,0.976581762,-1.050541,-2.268560,0.000000,0.020000000,-0.030000000,0.050000000,0.100000,-0.200000,0.100000
5420526876,-4.542054,2.090393,0.000000,0.213996687,0.000000000,0.000000000,0.976834386,-1.045197,-2.271027,0.000000,0.020000000,-0.030000000,0.050000000,0.100000,-0.200000,0.100000
5425842764,-4.547594,2.078313,0.000000,0.212698313,0.000000000,0.000000000,0.977117919,-1.039157,-2.273797,0.000000,0.020000000,-0.030000000,0.050000000,0.100000,-0.200000,0.100000
5430726248,-4.552655,2.067203,0.000000,0.211505220,0.000000000,0.000000000,0.977376868,-1.033602,-2.276328,0.000000,0.020000000,-0.030000000,0.050000000,0.100000,-0.200000,0.100000
5435866334,-4.557953,2.055496,0.000000,0.210249095,0.000000000,0.000000000,0.977647850,-1.027748,-2.278977,0.000000,0.020000000,-0.030000000,0.050000000,0.100000,-0.200000,0.100000
5440879708,-4.563091,2.044064,0.000000,0.209023602,0.000000000,0.000000000,0.977910596,-1.022032,-2.281546,0.000000,0.020000000,-0.030000000,0.050000000,0.100000,-0.200000,0.100000
5446138882,-4.568451,2.032058,0.000000,0.207737671,0.000000000,0.000000000,0.978184574,-1.016029,-2.284225,0.000000,0.020000000,-0.030000000,0.050000000,0.100000,-0.200000,0.100000
5451002398,-4.573379,2.020942,0.000000,0.206548164,0.000000000,0.000000000,0.978436434,-1.010471,-2.286689,0.000000,0.020000000,-0.030000000,0.050000000,0.100000,-0.200000,0.100000
5456064914,-4.578479,2.009360,0.000000,0.205309661,0.000000000,0.000000000,0.978697064,-1.004680,-2.289240,0.000000,0.020000000,-0.030000000,0.050000000,0.100000,-0.200000,0.100000
5461264818,-4.583688,1.997449,0.000000,0.204037205,0.000000000,0.000000000,0.978963135,-0.998725,-2.291844,0.000000,0.020000000,-0.030000000,0.050000000,0.100000,-0.200000,0.100000
5465882735,-4.588288,1.986860,0.000000,0.202906877,0.000000000,0.000000000,0.979198039,-0.993430,-2.294144,0.000000,0.020000000,-0.030000000,0.050000000,0.100000,-0.200000,0.100000
5471201644,-4.593556,1.974651,0.000000,0.201604632,0.000000000,0.000000000,0.979466984,-0.987325,-2.296778,0.000000,0.020000000,-0.030000000,0.050000000,0.100000,-0.200000,0.100000
5475924717,-4.598206,1.963797,0.000000,0.200447968,0.000000000,0.000000000,0.979704349,-0.981899,-2.299103,0.000000,0.020000000,-0.030000000,0.050000000,0.100000,-0.200000,0.100000
5480854743,-4.603033,1.952457,0.000000,0.199240324,0.000000000,0.000000000,0.979950659,-0.976228,-2.301516,0.000000,0.020000000,-0.030000000,0.050000000,0.100000,-0.200000,0.100000
5485374667,-4.607434,1.942049,0.000000,0.198132872,0.000000000,0.000000000,0.980175171,-0.971025,-2.303717,0.000000,0.020000000,-0.030000000,0.050000000,0.100000,-0.200000,0.100000
5490471794,-4.612368,1.930301,0.000000,0.196883692,0.000000000,0.000000000,0.980426852,-0.965150,-2.306184,0.000000,0.020000000,-0.030000000,0.050000000,0.100000,-0.200000,0.100000
5495443010,-4.617152,1.918830,0.000000,0.195665061,0.000000000,0.000000000,0.980670783,-0.959415,-2.308576,0.000000,0.020000000,-0.030000000,0.050000000,0.100000,-0.200000,0.100000
5500067849,-4.621577,1.908148,0.000000,0.194531070,0.000000000,0.000000000,0.980896357,-0.954074,-2.310788,0.000000,0.020000000,-0.030000000,0.050000000,0.100000,-0.200000,0.100000
5505121765,-4.626384,1.896464,0.000000,0.193291573,0.000000000,0.000000000,0.981141360,-0.948232,-2.313192,0.000000,0.020000000,-0.030000000,0.050000000,0.100000,-0.200000,0.100000
5509821170,-4.630827,1.885588,0.000000,0.192138745,0.000000000,0.000000000,0.981367771,-0.942794,-2.315414,0.000000,0.020000000,-0.030000000,0.050000000,0.100000,-0.200000,0.100000
5515117129,-4.635804,1.873319,0.000000,0.190839256,0.000000000,0.000000000,0.981621301,-0.936659,-2.317902,0.000000,0.020000000,-0.030000000,0.050000000,0.100000,-0.200000,0.100000
5520505059,-4.640834,1.860823,0.000000,0.189516856,0.000000000,0.000000000,0.981877468,-0.930412,-2.320417,0.000000,0.020000000,-0.030000000,0.050000000,0.100000,-0.200000,0.100000
5525793739,-4.645738,1.848545,0.000000,0.188218482,0.000000000,0.000000000,0.982127183,-0.924272,-2.322869,0.000000,0.020000000,-0.030000000,0.050000000,0.100000,-0.200000,0.100000
5530733952,-4.650290,1.837064,0.000000,0.187005359,0.000000000,0.000000000,0.982358893,-0.918532,-2.325145,0.000000,0.020000000,-0.030000000,0.050000000,0.100000,-0.200000,0.100000
5535552387,-4.654702,1.825855,0.000000,0.185821866,0.000000000,0.000000000,0.982583449,-0.912927,-2.327351,0.000000,0.020000000,-0.030000000,0.050000000,0.100000,-0.200000,0.100000
5540169926,-4.658905,1.815103,0.000000,0.184687463,0.000000000,0.000000000,0.982797304,-0.907552,-2.329453,0.000000,0.020000000,-0.030000000,0.050000000,0.100000,-0.200000,0.100000
5545230531,-4.663483,1.803309,0.000000,0.183443928,0.000000000,0.000000000,0.983030175,-0.901655,-2.331742,0.000000,0.020000000,-0.030000000,0.050000000,0.100000,-0.200000,0.100000
5549789892,-4.667582,1.792673,0.000000,0.182323312,0.000000000,0.000000000,0.983238633,-0.896337,-2.333791,0.000000,0.020000000,-0.030000000,0.050000000,0.100000,-0.200000,0.100000
5554852449,-4.672105,1.780853,0.000000,0.181078741,0.000000000,0.000000000,0.983468601,-0.890426,-2.336052,0.000000,0.020000000,-0.030000000,0.050000000,0.100000,-0.200000,0.100000
5559741106,-4.676444,1.769427,0.000000,0.179876646,0.000000000,0.000000000,0.983689175,-0.884714,-2.338222,0.000000,0.020000000,-0.030000000,0.050000000,0.100000,-0.200000,0.100000
5564468168,-4.680613,1.758369,0.000000,0.178714030,0.000000000,0.000000000,0.983901060,-0.879185,-2.340306,0.000000,0.020000000,-0.030000000,0.050000000,0.100000,-0.200000,0.100000
5569102600,-4.684675,1.747519,0.000000,0.177573955,0.000000000,0.000000000,0.984107459,-0.873759,-2.342337,0.000000,0.020000000,-0.030000000,0.050000000,0.100000,-0.200000,0.100000
5573953404,-4.688900,1.736151,0.000000,0.176380397,0.000000000,0.000000000,0.984322079,-0.868076,-2.344450,0.000000,0.020000000,-0.030000000,0.050000000,0.100000,-0.200000,0.100000
5579038347,-4.693299,1.724224,0.000000,0.175128949,0.000000000,0.000000000,0.984545505,-0.862112,-2.346649,0.000000,0.020000000,-0.030000000,0.050000000,0.100000,-0.200000,0.100000
5583721959,-4.697323,1.713229,0.000000,0.173976022,0.000000000,0.000000000,0.984749889,-0.856614,-2.348662,0.000000,0.020000000,-0.030000000,0.050000000,0.100000,-0.200000,0.100000
5588661629,-4.701540,1.701622,0.000000,0.172759805,0.000000000,0.000000000,0.984963984,-0.850811,-2.350770,0.000000,0.020000000,-0.030000000,0.050000000,0.100000,-0.200000,0.100000
5593745368,-4.705851,1.689666,0.000000,0.171507841,0.000000000,0.000000000,0.985182755,-0.844833,-2.352925,0.000000,0.020000000,-0.030000000,0.050000000,0.100000,-0.200000,0.100000
5598776020,-4.710086,1.677824,0.000000,0.170268678,0.000000000,0.000000000,0.985397675,-0.838912,-2.355043,0.000000,0.020000000,-0.030000000,0.050000000,0.100000,-0.200000,0.100000
5604250939,-4.714661,1.664924,0.000000,0.168919776,0.000000000,0.000000000,0.985629803,-0.832462,-2.357331,0.000000,0.020000000,-0.030000000,0.050000000,0.100000,-0.200000,0.100000
5609643610,-4.719133,1.652205,0.000000,0.167590828,0.000000000,0.000000000,0.985856640,-0.826103,-2.359567,0.000000,0.020000000,-0.030000000,0.050000000,0.100000,-0.200000,0.100000
5614268852,-4.722941,1.641287,0.000000,0.166450760,0.000000000,0.000000000,0.986049768,-0.820644,-2.361471,0.000000,0.020000000,-0.030000000,0.050000000,0.100000,-0.200000,0.100000
5619511778,-4.727228,1.628901,0.000000,0.165158171,0.000000000,0.000000000,0.986267093,-0.814450,-2.363614,0.000000,0.020000000,-0.030000000,0.050000000,0.100000,-0.200000,0.100000
5624866141,-4.731572,1.616239,0.000000,0.163837815,0.000000000,0.000000000,0.986487288,-0.808120,-2.365786,0.000000,0.020000000,-0.030000000,0.050000000,0.100000,-0.200000,0.100000
5629913117,-4.735635,1.604294,0.000000,0.162592991,0.000000000,0.000000000,0.986693225,-0.802147,-2.367818,0.000000,0.020000000,-0.030000000,0.050000000,0.100000,-0.200000,0.100000
5634899596,-4.739620,1.592482,0.000000,0.161362833,0.000000000,0.000000000,0.986895149,-0.796241,-2.369810,0.000000,0.020000000,-0.030000000,0.050000000,0.100000,-0.200000,0.100000
5639746268,-4.743466,1.580992,0.000000,0.160166926,0.000000000,0.000000000,0.987089943,-0.790496,-2.371733,0.000000,0.020000000,-0.030000000,0.050000000,0.100000,-0.200000,0.100000
5644559247,-4.747256,1.569572,0.000000,0.158979099,0.000000000,0.000000000,0.987281949,-0.784786,-2.373628,0.000000,0.020000000,-0.030000000,0.050000000,0.100000,-0.200000,0.100000
5649391513,-4.751035,1.558097,0.000000,0.157786282,0.000000000,0.000000000,0.987473285,-0.779049,-2.375517,0.000000,0.020000000,-0.030000000,0.050000000,0.100000,-0.200000,0.100000
5654127838,-4.754711,1.546842,0.000000,0.156616923,0.000000000,0.000000000,0.987659425,-0.773421,-2.377356,0.000000,0.020000000,-0.030000000,0.050000000,0.100000,-0.200000,0.100000
5659159659,-4.758588,1.534874,0.000000,0.155374368,0.000000000,0.000000000,0.987855660,-0.767437,-2.379294,0.000000,0.020000000,-0.030000000,0.050000000,0.100000,-0.200000,0.100000
5664364527,-4.762566,1.522485,0.000000,0.154088822,0.000000000,0.000000000,0.988057000,-0.761243,-2.381283,0.000000,0.020000000,-0.030000000,0.050000000,0.100000,-0.200000,0.100000
5669232314,-4.766258,1.510889,0.000000,0.152886295,0.000000000,0.000000000,0.988243786,-0.755445,-2.383129,0.000000,0.020000000,-0.030000000,0.050000000,0.100000,-0.200000,0.100000
5673946927,-4.769806,1.499650,0.000000,0.151721393,0.000000000,0.000000000,0.988423300,-0.749825,-2.384903,0.000000,0.020000000,-0.030000000,0.050000000,0.100000,-0.200000,0.100000
5678795052,-4.773427,1.488083,0.000000,0.150523282,0.000000000,0.000000000,0.988606465,-0.744041,-2.386714,0.000000,0.020000000,-0.030000000,0.050000000,0.100000,-0.200000,0.100000
5683342192,-4.776798,1.477226,0.000000,0.149399352,0.000000000,0.000000000,0.988776938,-0.738613,-2.388399,0.000000,0.020000000,-0.030000000,0.050000000,0.100000,-0.200000,0.100000
5687964223,-4.780199,1.466183,0.000000,0.148256713,0.000000000,0.000000000,0.988948910,-0.733092,-2.390100,0.000000,0.020000000,-0.030000000,0.050000000,0.100000,-0.200000,0.100000
5692580560,-4.783571,1.455146,0.000000,0.147115284,0.000000000,0.000000000,0.989119352,-0.727573,-2.391785,0.000000,0.020000000,-0.030000000,0.050000000,0.100000,-0.200000,0.100000
5697878684,-4.787409,1.442469,0.000000,0.145805036,0.000000000,0.000000000,0.989313343,-0.721234,-2.393704,0.000000,0.020000000,-0.030000000,0.050000000,0.100000,-0.200000,0.100000
5703167498,-4.791207,1.429804,0.000000,0.144496835,0.000000000,0.000000000,0.989505263,-0.714902,-2.395603,0.000000,0.020000000,-0.030000000,0.050000000,0.100000,-0.200000,0.100000
5708149911,-4.794754,1.417863,0.000000,0.143264193,0.000000000,0.000000000,0.989684481,-0.708932,-2.397377,0.000000,0.020000000,-0.030000000,0.050000000,0.100000,-0.200000,0.100000
5712718039,-4.797980,1.406908,0.000000,0.142133848,0.000000000,0.000000000,0.989847447,-0.703454,-2.398990,0.000000,0.020000000,-0.030000000,0.050000000,0.100000,-0.200000,0.100000
5717219792,-4.801134,1.396105,0.000000,0.141019746,0.000000000,0.000000000,0.990006783,-0.698053,-2.400567,0.000000,0.020000000,-0.030000000,0.050000000,0.100000,-0.200000,0.100000
5722044996,-4.804489,1.384518,0.000000,0.139825398,0.000000000,0.000000000,0.990176175,-0.692259,-2.402244,0.000000,0.020000000,-0.030000000,0.050000000,0.100000,-0.200000,0.100000
5726825805,-4.807784,1.373029,0.000000,0.138641837,0.000000000,0.000000000,0.990342588,-0.686515,-2.403892,0.000000,0.020000000,-0.030000000,0.050000000,0.100000,-0.200000,0.100000
5731485070,-4.810970,1.361825,0.000000,0.137488176,0.000000000,0.000000000,0.990503408,-0.680913,-2.405485,0.000000,0.020000000,-0.030000000,0.050000000,0.100000,-0.200000,0.100000
5736119445,-4.814113,1.350674,0.000000,0.136340493,0.000000000,0.000000000,0.990662036,-0.675337,-2.407056,0.000000,0.020000000,-0.030000000,0.050000000,0.100000,-0.200000,0.100000
5741205725,-4.817532,1.338426,0.000000,0.135080687,0.000000000,0.000000000,0.990834602,-0.669213,-2.408766,0.000000,0.020000000,-0.030000000,0.050000000,0.100000,-0.200000,0.100000
5745801170,-4.820595,1.327353,0.000000,0.133942267,0.000000000,0.000000000,0.990989137,-0.663677,-2.410297,0.000000,0.020000000,-0.030000000,0.050000000,0.100000,-0.200000,0.100000
5750356280,-4.823605,1.316371,0.000000,0.132813664,0.000000000,0.000000000,0.991141025,-0.658185,-2.411803,0.000000,0.020000000,-0.030000000,0.050000000,0.100000,-0.200000,0.100000
5755406438,-4.826914,1.304187,0.000000,0.131562204,0.000000000,0.000000000,0.991307917,-0.652093,-2.413457,0.000000,0.020000000,-0.030000000,0.050000000,0.100000,-0.200000,0.100000
5760657155,-4.830321,1.291510,0.000000,0.130260821,0.000000000,0.000000000,0.991479762,-0.645755,-2.415161,0.000000,0.020000000,-0.030000000,0.050000000,0.100000,-0.200000,0.100000
5765438467,-4.833395,1.279958,0.000000,0.129075585,0.000000000,0.000000000,0.991634758,-0.639979,-2.416697,0.000000,0.020000000,-0.030000000,0.050000000,0.100000,-0.200000,0.100000
5770393327,-4.836551,1.267980,0.000000,0.127847134,0.000000000,0.000000000,0.991793885,-0.633990,-2.418276,0.000000,0.020000000,-0.030000000,0.050000000,0.100000,-0.200000,0.100000
5775667003,-4.839878,1.255222,0.000000,0.126539423,0.000000000,0.000000000,0.991961579,-0.627611,-2.419939,0.000000,0.020000000,-0.030000000,0.050000000,0.100000,-0.200000,0.100000
5781045243,-4.843236,1.242203,0.000000,0.125205557,0.000000000,0.000000000,0.992130822,-0.621101,-2.421618,0.000000,0.020000000,-0.030000000,0.050000000,0.100000,-0.200000,0.100000
5786204748,-4.846424,1.229704,0.000000,0.123925727,0.000000000,0.000000000,0.992291497,-0.614852,-2.423212,0.000000,0.020000000,-0.030000000,0.050000000,0.100000,-0.200000,0.100000
5791094828,-4.849416,1.217851,0.000000,0.122712539,0.000000000,0.000000000,0.992442257,-0.608926,-2.424708,0.000000,0.020000000,-0.030000000,0.050000000,0.100000,-0.200000,0.100000
5796234570,-4.852530,1.205385,0.000000,0.121437214,0.000000000,0.000000000,0.992599115,-0.602692,-2.426265,0.000000,0.020000000,-0.030000000,0.050000000,0.100000,-0.200000,0.100000
5801294908,-4.855564,1.193103,0.000000,0.120181395,0.000000000,0.000000000,0.992751949,-0.596552,-2.427782,0.000000,0.020000000,-0.030000000,0.050000000,0.100000,-0.200000,0.100000
5806570022,-4.858694,1.180292,0.000000,0.118872071,0.000000000,0.000000000,0.992909578,-0.590146,-2.429347,0.000000,0.020000000,-0.030000000,0.050000000,0.100000,-0.200000,0.100000
5811447393,-4.861558,1.168440,0.000000,0.117661286,0.000000000,0.000000000,0.993053786,-0.584220,-2.430779,0.000000,0.020000000,-0.030000000,0.050000000,0.100000,-0.200000,0.100000
5816118354,-4.864274,1.157083,0.000000,0.116501577,0.000000000,0.000000000,0.993190507,-0.578541,-2.432137,0.000000,0.020000000,-0.030000000,0.050000000,0.100000,-0.200000,0.100000
5821183282,-4.867188,1.144760,0.000000,0.115243874,0.000000000,0.000000000,0.993337228,-0.572380,-2.433594,0.000000,0.020000000,-0.030000000,0.050000000,0.100000,-0.200000,0.100000
5825792364,-4.869814,1.133541,0.000000,0.114099205,0.000000000,0.000000000,0.993469361,-0.566770,-2.434907,0.000000,0.020000000,-0.030000000,0.050000000,0.100000,-0.200000,0.100000
5830706249,-4.872584,1.121572,0.000000,0.112878671,0.000000000,0.000000000,0.993608779,-0.560786,-2.436292,0.000000,0.020000000,-0.030000000,0.050000000,0.100000,-0.200000,0.100000
5835848400,-4.875452,1.109041,0.000000,0.111601256,0.000000000,0.000000000,0.993753068,-0.554520,-2.437726,0.000000,0.020000000,-0.030000000,0.050000000,0.100000,-0.200000,0.100000
5840508006,-4.878022,1.097679,0.000000,0.110443556,0.000000000,0.000000000,0.993882398,-0.548840,-2.439011,0.000000,0.020000000,-0.030000000,0.050000000,0.100000,-0.200000,0.100000
5845392375,-4.880688,1.085763,0.000000,0.109229852,0.000000000,0.000000000,0.994016519,-0.542881,-2.440344,0.000000,0.020000000,-0.030000000,0.050000000,0.100000,-0.200000,0.100000
5850702268,-4.883554,1.072801,0.000000,0.107910226,0.000000000,0.000000000,0.994160643,-0.536400,-2.441777,0.000000,0.020000000,-0.030000000,0.050000000,0.100000,-0.200000,0.100000
5855865907,-4.886307,1.060189,0.000000,0.106626765,0.000000000,0.000000000,0.994299116,-0.530094,-2.443154,0.000000,0.020000000,-0.030000000,0.050000000,0.100000,-0.200000,0.100000
5860449151,-4.888724,1.048989,0.000000,0.105487416,0.000000000,0.000000000,0.994420638,-0.524494,-2.444362,0.000000,0.020000000,-0.030000000,0.050000000,0.100000,-0.200000,0.100000
5865313213,-4.891261,1.037096,0.000000,0.104278107,0.000000000,0.000000000,0.994548177,-0.518548,-2.445630,0.000000,0.020000000,-0.030000000,0.050000000,0.100000,-0.200000,0.100000
5870571956,-4.893971,1.024232,0.000000,0.102970499,0.000000000,0.000000000,0.994684410,-0.512116,-2.446985,0.000000,0.020000000,-0.030000000,0.050000000,0.100000,-0.200000,0.100000
5875556517,-4.896508,1.012031,0.000000,0.101730904,0.000000000,0.000000000,0.994811954,-0.506016,-2.448254,0.000000,0.020000000,-0.030000000,0.050000000,0.100000,-0.200000,0.100000
5880902166,-4.899196,0.998940,0.000000,0.100401334,0.000000000,0.000000000,0.994947020,-0.499470,-2.449598,0.000000,0.020000000,-0.030000000,0.050000000,0.100000,-0.200000,0.100000
5885459418,-4.901459,0.987774,0.000000,0.099267713,0.000000000,0.000000000,0.995060763,-0.493887,-2.450730,0.000000,0.020000000,-0.030000000,0.050000000,0.100000,-0.200000,0.100000
5890517967,-4.903942,0.975374,0.000000,0.098009243,0.000000000,0.000000000,0.995185504,-0.487687,-2.451971,0.000000,0.020000000,-0.030000000,0.050000000,0.100000,-0.200000,0.100000
5895633061,-4.906420,0.962829,0.000000,0.096736546,0.000000000,0.000000000,0.995310022,-0.481414,-2.453210,0.000000,0.020000000,-0.030000000,0.050000000,0.100000,-0.200000,0.100000
5900182437,-4.908598,0.951665,0.000000,0.095604474,0.000000000,0.000000000,0.995419401,-0.475833,-2.454299,0.000000,0.020000000,-0.030000000,0.050000000,0.100000,-0.200000,0.100000
5905485234,-4.911104,0.938648,0.000000,0.094284764,0.000000000,0.000000000,0.995545269,-0.469324,-2.455552,0.000000,0.020000000,-0.030000000,0.050000000,0.100000,-0.200000,0.100000
5910912527,-4.913633,0.925317,0.000000,0.092933899,0.000000000,0.000000000,0.995672281,-0.462659,-2.456816,0.000000,0.020000000,-0.030000000,0.050000000,0.100000,-0.200000,0.100000
5915424286,-4.915708,0.914230,0.000000,0.091810781,0.000000000,0.000000000,0.995776471,-0.457115,-2.457854,0.000000,0.020000000,-0.030000000,0.050000000,0.100000,-0.200000,0.100000
5920717318,-4.918110,0.901217,0.000000,0.090493032,0.000000000,0.000000000,0.995897089,-0.450609,-2.459055,0.000000,0.020000000,-0.030000000,0.050000000,0.100000,-0.200000,0.100000
5926156700,-4.920543,0.887838,0.000000,0.089138683,0.000000000,0.000000000,0.996019224,-0.443919,-2.460271,0.000000,0.020000000,-0.030000000,0.050000000,0.100000,-0.200000,0.100000
5931494059,-4.922895,0.874704,0.000000,0.087809576,0.000000000,0.000000000,0.996137279,-0.437352,-2.461447,0.000000,0.020000000,-0.030000000,0.050000000,0.100000,-0.200000,0.100000
5936746725,-4.925175,0.861772,0.000000,0.086501406,0.000000000,0.000000000,0.996251729,-0.430886,-2.462588,0.000000,0.020000000,-0.030000000,0.050000000,0.100000,-0.200000,0.100000
5941797394,-4.927336,0.849331,0.000000,0.085243403,0.000000000,0.000000000,0.996360157,-0.424666,-2.463668,0.000000,0.020000000,-0.030000000,0.050000000,0.100000,-0.200000,0.100000
5946452664,-4.929299,0.837860,0.000000,0.084083764,0.000000000,0.000000000,0.996458690,-0.418930,-2.464650,0.000000,0.020000000,-0.030000000,0.050000000,0.100000,-0.200000,0.100000
5951173532,-4.931263,0.826222,0.000000,0.082907669,0.000000000,0.000000000,0.996557233,-0.413111,-2.465632,0.000000,0.020000000,-0.030000000,0.050000000,0.100000,-0.200000,0.100000
5956207518,-4.933327,0.813808,0.000000,0.081653440,0.000000000,0.000000000,0.996660783,-0.406904,-2.466664,0.000000,0.020000000,-0.030000000,0.050000000,0.100000,-0.200000,0.100000
5961668560,-4.935531,0.800334,0.000000,0.080292662,0.000000000,0.000000000,0.996771332,-0.400167,-2.467765,0.000000,0.020000000,-0.030000000,0.050000000,0.100000,-0.200000,0.100000
5966272534,-4.937360,0.788971,0.000000,0.079145332,0.000000000,0.000000000,0.996863088,-0.394485,-2.468680,0.000000,0.020000000,-0.030000000,0.050000000,0.100000,-0.200000,0.100000
5971504900,-4.939407,0.776051,0.000000,0.077841276,0.000000000,0.000000000,0.996965765,-0.388025,-2.469704,0.000000,0.020000000,-0.030000000,0.050000000,0.100000,-0.200000,0.100000
5976489646,-4.941326,0.763738,0.000000,0.076598811,0.000000000,0.000000000,0.997061995,-0.381869,-2.470663,0.000000,0.020000000,-0.030000000,0.050000000,0.100000,-0.200000,0.100000
5981406502,-4.943189,0.751587,0.000000,0.075373151,0.000000000,0.000000000,0.997155398,-0.375794,-2.471594,0.000000,0.020000000,-0.030000000,0.050000000,0.100000,-0.200000,0.100000
5986349505,-4.945031,0.739368,0.000000,0.074140858,0.000000000,0.000000000,0.997247779,-0.369684,-2.472516,0.000000,0.020000000,-0.030000000,0.050000000,0.100000,-0.200000,0.100000
5990857701,-4.946685,0.728220,0.000000,0.073016864,0.000000000,0.000000000,0.997330706,-0.364110,-2.473343,0.000000,0.020000000,-0.030000000,0.050000000,0.100000,-0.200000,0.100000
5996247001,-4.948630,0.714887,0.000000,0.071673070,0.000000000,0.000000000,0.997428178,-0.357444,-2.474315,0.000000,0.020000000,-0.030000000,0.050000000,0.100000,-0.200000,0.100000
6000787159,-4.950240,0.703652,0.000000,0.070540904,0.000000000,0.000000000,0.997508888,-0.351826,-2.475120,0.000000,0.020000000,-0.030000000,0.050000000,0.100000,-0.200000,0.100000
6005585841,-4.951914,0.691772,0.000000,0.069344171,0.000000000,0.000000000,0.997592796,-0.345886,-2.475957,0.000000,0.020000000,-0.030000000,0.050000000,0.100000,-0.200000,0.100000
6010403330,-4.953566,0.679843,0.000000,0.068142648,0.000000000,0.000000000,0.997675588,-0.339921,-2.476783,0.000000,0.020000000,-0.030000000,0.050000000,0.100000,-0.200000,0.100000
6015733968,-4.955360,0.666637,0.000000,0.066813026,0.000000000,0.000000000,0.997765513,-0.333319,-2.477680,0.000000,0.020000000,-0.030000000,0.050000000,0.100000,-0.200000,0.100000
6020762942,-4.957021,0.654175,0.000000,0.065558539,0.000000000,0.000000000,0.997848725,-0.327088,-2.478510,0.000000,0.020000000,-0.030000000,0.050000000,0.100000,-0.200000,0.100000
6025874728,-4.958677,0.641503,0.000000,0.064283289,0.000000000,0.000000000,0.997931690,-0.320752,-2.479338,0.000000,0.020000000,-0.030000000,0.050000000,0.100000,-0.200000,0.100000
6031293695,-4.960397,0.628066,0.000000,0.062931290,0.000000000,0.000000000,0.998017862,-0.314033,-2.480198,0.000000,0.020000000,-0.030000000,0.050000000,0.100000,-0.200000,0.100000
6035820258,-4.961805,0.616837,0.000000,0.061801853,0.000000000,0.000000000,0.998088438,-0.308419,-2.480903,0.000000,0.020000000,-0.030000000,0.050000000,0.100000,-0.200000,0.100000
6040451000,-4.963220,0.605347,0.000000,0.060646339,0.000000000,0.000000000,0.998159317,-0.302674,-2.481610,0.000000,0.020000000,-0.030000000,0.050000000,0.100000,-0.200000,0.100000
6044962535,-4.964573,0.594150,0.000000,0.059520493,0.000000000,0.000000000,0.998227084,-0.297075,-2.482287,0.000000,0.020000000,-0.030000000,0.050000000,0.100000,-0.200000,0.100000
6049538518,-4.965920,0.582789,0.000000,0.058378487,0.000000000,0.000000000,0.998294522,-0.291395,-2.482960,0.000000,0.020000000,-0.030000000,0.050000000,0.100000,-0.200000,0.100000
6054631881,-4.967388,0.570141,0.000000,0.057107271,0.000000000,0.000000000,0.998368048,-0.285070,-2.483694,0.000000,0.020000000,-0.030000000,0.050000000,0.100000,-0.200000,0.100000
6059193207,-4.968675,0.558810,0.000000,0.055968763,0.000000000,0.000000000,0.998432520,-0.279405,-2.484337,0.000000,0.020000000,-0.030000000,0.050000000,0.100000,-0.200000,0.100000
6064651279,-4.970181,0.545249,0.000000,0.054606333,0.000000000,0.000000000,0.998507961,-0.272624,-2.485091,0.000000,0.020000000,-0.030000000,0.050000000,0.100000,-0.200000,0.100000
6069648946,-4.971528,0.532827,0.000000,0.053358738,0.000000000,0.000000000,0.998575408,-0.266414,-2.485764,0.000000,0.020000000,-0.030000000,0.050000000,0.100000,-0.200000,0.100000
6074175545,-4.972722,0.521574,0.000000,0.052228666,0.000000000,0.000000000,0.998635152,-0.260787,-2.486361,0.000000,0.020000000,-0.030000000,0.050000000,0.100000,-0.200000,0.100000
6079180911,-4.974011,0.509127,0.000000,0.050978992,0.000000000,0.000000000,0.998699726,-0.254564,-2.487006,0.000000,0.020000000,-0.030000000,0.050000000,0.100000,-0.200000,0.100000
6084151059,-4.975261,0.496765,0.000000,0.049738032,0.000000000,0.000000000,0.998762298,-0.248382,-2.487631,0.000000,0.020000000,-0.030000000,0.050000000,0.100000,-0.200000,0.100000
6088662638,-4.976369,0.485540,0.000000,0.048611502,0.000000000,0.000000000,0.998817762,-0.242770,-2.488185,0.000000,0.020000000,-0.030000000,0.050000000,0.100000,-0.200000,0.100000
6093473998,-4.977523,0.473567,0.000000,0.047410049,0.000000000,0.000000000,0.998875511,-0.236784,-2.488761,0.000000,0.020000000,-0.030000000,0.050000000,0.100000,-0.200000,0.100000
6098701607,-4.978744,0.460555,0.000000,0.046104576,0.000000000,0.000000000,0.998936619,-0.230278,-2.489372,0.000000,0.020000000,-0.030000000,0.050000000,0.100000,-0.200000,0.100000
6104127363,-4.979975,0.447047,0.000000,0.044749537,0.000000000,0.000000000,0.998998238,-0.223524,-2.489987,0.000000,0.020000000,-0.030000000,0.050000000,0.100000,-0.200000,0.100000
6108783906,-4.981002,0.435451,0.000000,0.043586538,0.000000000,0.000000000,0.999049655,-0.217726,-2.490501,0.000000,0.020000000,-0.030000000,0.050000000,0.100000,-0.200000,0.100000
6114112793,-4.982145,0.422178,0.000000,0.042255544,0.000000000,0.000000000,0.999106836,-0.211089,-2.491072,0.000000,0.020000000,-0.030000000,0.050000000,0.100000,-0.200000,0.100000
6119554560,-4.983275,0.408621,0.000000,0.040896278,0.000000000,0.000000000,0.999163397,-0.204310,-2.491637,0.000000,0.020000000,-0.030000000,0.050000000,0.100000,-0.200000,0.100000
6124794357,-4.984328,0.395564,0.000000,0.039587390,0.000000000,0.000000000,0.999216112,-0.197782,-2.492164,0.000000,0.020000000,-0.030000000,0.050000000,0.100000,-0.200000,0.100000
6129615145,-4.985267,0.383548,0.000000,0.038383110,0.000000000,0.000000000,0.999263097,-0.191774,-2.492634,0.000000,0.020000000,-0.030000000,0.050000000,0.100000,-0.200000,0.100000
6134524870,-4.986194,0.371309,0.000000,0.037156554,0.000000000,0.000000000,0.999309457,-0.185654,-2.493097,0.000000,0.020000000,-0.030000000,0.050000000,0.100000,-0.200000,0.100000
6139898774,-4.987174,0.357910,0.000000,0.035813973,0.000000000,0.000000000,0.999358474,-0.178955,-2.493587,0.000000,0.020000000,-0.030000000,0.050000000,0.100000,-0.200000,0.100000
6145219680,-4.988108,0.344641,0.000000,0.034484568,0.000000000,0.000000000,0.999405230,-0.172320,-2.494054,0.000000,0.020000000,-0.030000000,0.050000000,0.100000,-0.200000,0.100000
6150592263,-4.989016,0.331240,0.000000,0.033142191,0.000000000,0.000000000,0.999450647,-0.165620,-2.494508,0.000000,0.020000000,-0.030000000,0.050000000,0.100000,-0.200000,0.100000
6155779219,-4.989858,0.318300,0.000000,0.031846137,0.000000000,0.000000000,0.999492783,-0.159150,-2.494929,0.000000,0.020000000,-0.030000000,0.050000000,0.100000,-0.200000,0.100000
6160629659,-4.990616,0.306197,0.000000,0.030634119,0.000000000,0.000000000,0.999530665,-0.153099,-2.495308,0.000000,0.020000000,-0.030000000,0.050000000,0.100000,-0.200000,0.100000
6165776110,-4.991387,0.293354,0.000000,0.029348085,0.000000000,0.000000000,0.999569252,-0.146677,-2.495693,0.000000,0.020000000,-0.030000000,0.050000000,0.100000,-0.200000,0.100000
6171104570,-4.992151,0.280055,0.000000,0.028016518,0.000000000,0.000000000,0.999607460,-0.140028,-2.496075,0.000000,0.020000000,-0.030000000,0.050000000,0.100000,-0.200000,0.100000
6175994966,-4.992821,0.267848,0.000000,0.026794378,0.000000000,0.000000000,0.999640966,-0.133924,-2.496410,0.000000,0.020000000,-0.030000000,0.050000000,0.100000,-0.200000,0.100000
6180848366,-4.993456,0.255731,0.000000,0.025581444,0.000000000,0.000000000,0.999672741,-0.127865,-2.496728,0.000000,0.020000000,-0.030000000,0.050000000,0.100000,-0.200000,0.100000
6186140361,-4.994115,0.242517,0.000000,0.024258857,0.000000000,0.000000000,0.999705711,-0.121259,-2.497058,0.000000,0.020000000,-0.030000000,0.050000000,0.100000,-0.200000,0.100000
6190695287,-4.994654,0.231143,0.000000,0.023120445,0.000000000,0.000000000,0.999732687,-0.115571,-2.497327,0.000000,0.020000000,-0.030000000,0.050000000,0.100000,-0.200000,0.100000
6195531066,-4.995199,0.219065,0.000000,0.021911806,0.000000000,0.000000000,0.999759908,-0.109533,-2.497599,0.000000,0.020000000,-0.030000000,0.050000000,0.100000,-0.200000,0.100000
6200957216,-4.995775,0.205512,0.000000,0.020555575,0.000000000,0.000000000,0.999788712,-0.102756,-2.497887,0.000000,0.020000000,-0.030000000,0.050000000,0.100000,-0.200000,0.100000
6205953550,-4.996272,0.193031,0.000000,0.019306740,0.000000000,0.000000000,0.999813608,-0.096516,-2.498136,0.000000,0.020000000,-0.030000000,0.050000000,0.100000,-0.200000,0.100000
6211395433,-4.996779,0.179436,0.000000,0.017946505,0.000000000,0.000000000,0.999838949,-0.089718,-2.498390,0.000000,0.020000000,-0.030000000,0.050000000,0.100000,-0.200000,0.100000
6216099013,-4.997187,0.167684,0.000000,0.016770787,0.000000000,0.000000000,0.999859360,-0.083842,-2.498594,0.000000,0.020000000,-0.030000000,0.050000000,0.100000,-0.200000,0.100000
6221216126,-4.997600,0.154898,0.000000,0.015491676,0.000000000,0.000000000,0.999879997,-0.077449,-2.498800,0.000000,0.020000000,-0.030000000,0.050000000,0.100000,-0.200000,0.100000
6226077317,-4.997962,0.142751,0.000000,0.014276512,0.000000000,0.000000000,0.999898085,-0.071375,-2.498981,0.000000,0.020000000,-0.030000000,0.050000000,0.100000,-0.200000,0.100000
6230823482,-4.998286,0.130890,0.000000,0.013090083,0.000000000,0.000000000,0.999914321,-0.065445,-2.499143,0.000000,0.020000000,-0.030000000,0.050000000,0.100000,-0.200000,0.100000
6235828664,-4.998598,0.118381,0.000000,0.011838884,0.000000000,0.000000000,0.999929918,-0.059190,-2.499299,0.000000,0.020000000,-0.030000000,0.050000000,0.100000,-0.200000,0.100000
6240688678,-4.998871,0.106234,0.000000,0.010623958,0.000000000,0.000000000,0.999943564,-0.053117,-2.499436,0.000000,0.020000000,-0.030000000,0.050000000,0.100000,-0.200000,0.100000
6245618784,-4.999118,0.093911,0.000000,0.009391493,0.000000000,0.000000000,0.999955899,-0.046955,-2.499559,0.000000,0.020000000,-0.030000000,0.050000000,0.100000,-0.200000,0.100000
6251111954,-4.999357,0.080180,0.000000,0.008018252,0.000000000,0.000000000,0.999967853,-0.040090,-2.499679,0.000000,0.020000000,-0.030000000,0.050000000,0.100000,-0.200000,0.100000
6255623585,-4.999525,0.068902,0.000000,0.006890376,0.000000000,0.000000000,0.999976261,-0.034451,-2.499763,0.000000,0.020000000,-0.030000000,0.050000000,0.100000,-0.200000,0.100000
6261097098,-4.999695,0.055219,0.000000,0.005522024,0.000000000,0.000000000,0.999984754,-0.027610,-2.499848,0.000000,0.020000000,-0.030000000,0.050000000,0.100000,-0.200000,0.100000
6265847360,-4.999812,0.043344,0.000000,0.004334473,0.000000000,0.000000000,0.999990606,-0.021672,-2.499906,0.000000,0.020000000,-0.030000000,0.050000000,0.100000,-0.200000,0.100000
6271035070,-4.999908,0.030375,0.000000,0.003037555,0.000000000,0.000000000,0.999995387,-0.015188,-2.499954,0.000000,0.020000000,-0.030000000,0.050000000,0.100000,-0.200000,0.100000
6275717429,-4.999965,0.018670,0.000000,0.001866969,0.000000000,0.000000000,0.999998257,-0.009335,-2.499983,0.000000,0.020000000,-0.030000000,0.050000000,0.100000,-0.200000,0.100000
6280940070,-4.999997,0.005613,0.000000,0.000561309,0.000000000,0.000000000,0.999999842,-0.002807,-2.499998,0.000000,0.020000000,-0.030000000,0.050000000,0.100000,-0.200000,0.100000
6285463726,-4.999997,-0.005696,0.000000,-0.000569605,0.000000000,0.000000000,0.999999838,0.002848,-2.499998,0.000000,0.020000000,-0.030000000,0.050000000,0.100000,-0.200000,0.100000
6290037056,-4.999971,-0.017129,0.000000,-0.001712936,0.000000000,0.000000000,0.999998533,0.008565,-2.499985,0.000000,0.020000000,-0.030000000,0.050000000,0.100000,-0.200000,0.100000
6295258152,-4.999909,-0.030182,0.000000,-0.003018207,0.000000000,0.000000000,0.999995445,0.015091,-2.499954,0.000000,0.020000000,-0.030000000,0.050000000,0.100000,-0.200000,0.100000
6299827973,-4.999827,-0.041606,0.000000,-0.004160654,0.000000000,0.000000000,0.999991344,0.020803,-2.499913,0.000000,0.020000000,-0.030000000,0.050000000,0.100000,-0.200000,0.100000
6305256913,-4.999696,-0.055178,0.000000,-0.005517874,0.000000000,0.000000000,0.999984776,0.027589,-2.499848,0.000000,0.020000000,-0.030000000,0.050000000,0.100000,-0.200000,0.100000
6309967016,-4.999552,-0.066952,0.000000,-0.006695377,0.000000000,0.000000000,0.999977586,0.033476,-2.499776,0.000000,0.020000000,-0.030000000,0.050000000,0.100000,-0.200000,0.100000
6314528409,-4.999386,-0.078355,0.000000,-0.007835695,0.000000000,0.000000000,0.999969300,0.039177,-2.499693,0.000000,0.020000000,-0.030000000,0.050000000,0.100000,-0.200000,0.100000
6319922496,-4.999157,-0.091838,0.000000,-0.009184168,0.000000000,0.000000000,0.999957825,0.045919,-2.499578,0.000000,0.020000000,-0.030000000,0.050000000,0.100000,-0.200000,0.100000
6324737192,-4.998921,-0.103872,0.000000,-0.010387784,0.000000000,0.000000000,0.999946046,0.051936,-2.499460,0.000000,0.020000000,-0.030000000,0.050000000,0.100000,-0.200000,0.100000
6329516759,-4.998658,-0.115818,0.000000,-0.011582604,0.000000000,0.000000000,0.999932919,0.057909,-2.499329,0.000000,0.020000000,-0.030000000,0.050000000,0.100000,-0.200000,0.100000
6334959228,-4.998325,-0.129420,0.000000,-0.012943119,0.000000000,0.000000000,0.999916234,0.064710,-2.499162,0.000000,0.020000000,-0.030000000,0.050000000,0.100000,-0.200000,0.100000
6339570209,-4.998013,-0.140944,0.000000,-0.014095759,0.000000000,0.000000000,0.999900650,0.070472,-2.499007,0.000000,0.020000000,-0.030000000,0.050000000,0.100000,-0.200000,0.100000
6344598563,-4.997643,-0.153509,0.000000,-0.015352711,0.000000000,0.000000000,0.999882140,0.076755,-2.498821,0.000000,0.020000000,-0.030000000,0.050000000,0.100000,-0.200000,0.100000
6349484201,-4.997253,-0.165717,0.000000,-0.016573965,0.000000000,0.000000000,0.999862642,0.082858,-2.498627,0.000000,0.020000000,-0.030000000,0.050000000,0.100000,-0.200000,0.100000
6354331117,-4.996837,-0.177827,0.000000,-0.017785515,0.000000000,0.000000000,0.999841825,0.088914,-2.498418,0.000000,0.020000000,-0.030000000,0.050000000,0.100000,-0.200000,0.100000
6359617027,-4.996349,-0.191033,0.000000,-0.019106767,0.000000000,0.000000000,0.999817449,0.095516,-2.498175,0.000000,0.020000000,-0.030000000,0.050000000,0.100000,-0.200000,0.100000
6364545967,-4.995863,-0.203346,0.000000,-0.020338762,0.000000000,0.000000000,0.999793146,0.101673,-2.497932,0.000000,0.020000000,-0.030000000,0.050000000,0.100000,-0.200000,0.100000
6369724099,-4.995320,-0.216279,0.000000,-0.021633010,0.000000000,0.000000000,0.999765979,0.108140,-2.497660,0.000000,0.020000000,-0.030000000,0.050000000,0.100000,-0.200000,0.100000
6375102862,-4.994720,-0.229713,0.000000,-0.022977366,0.000000000,0.000000000,0.999735985,0.114856,-2.497360,0.000000,0.020000000,-0.030000000,0.050000000,0.100000,-0.200000,0.100000
6380049607,-4.994137,-0.242066,0.000000,-0.024213708,0.000000000,0.000000000,0.999706805,0.121033,-2.497068,0.000000,0.020000000,-0.030000000,0.050000000,0.100000,-0.200000,0.100000
6384766014,-4.993552,-0.253843,0.000000,-0.025392447,0.000000000,0.000000000,0.999677560,0.126921,-2.496776,0.000000,0.020000000,-0.030000000,0.050000000,0.100000,-0.200000,0.100000
6389727770,-4.992907,-0.266230,0.000000,-0.026632466,0.000000000,0.000000000,0.999645293,0.133115,-2.496454,0.000000,0.020000000,-0.030000000,0.050000000,0.100000,-0.200000,0.100000
6394404636,-4.992271,-0.277905,0.000000,-0.027801250,0.000000000,0.000000000,0.999613471,0.138953,-2.496135,0.000000,0.020000000,-0.030000000,0.050000000,0.100000,-0.200000,0.100000
6399117622,-4.991602,-0.289669,0.000000,-0.028979021,0.000000000,0.000000000,0.999580020,0.144834,-2.495801,0.000000,0.020000000,-0.030000000,0.050000000,0.100000,-0.200000,0.100000
6403712104,-4.990924,-0.301135,0.000000,-0.030127140,0.000000000,0.000000000,0.999546075,0.150567,-2.495462,0.000000,0.020000000,-0.030000000,0.050000000,0.100000,-0.200000,0.100000
6408487889,-4.990190,-0.313052,0.000000,-0.031320523,0.000000000,0.000000000,0.999509392,0.156526,-2.495095,0.000000,0.020000000,-0.030000000,0.050000000,0.100000,-0.200000,0.100000
6413793283,-4.989342,-0.326288,0.000000,-0.032646192,0.000000000,0.000000000,0.999466971,0.163144,-2.494671,0.000000,0.020000000,-0.030000000,0.050000000,0.100000,-0.200000,0.100000
6418817151,-4.988507,-0.338820,0.000000,-0.033901464,0.000000000,0.000000000,0.999425180,0.169410,-2.494253,0.000000,0.020000000,-0.030000000,0.050000000,0.100000,-0.200000,0.100000
6423645251,-4.987674,-0.350861,0.000000,-0.035107770,0.000000000,0.000000000,0.999383532,0.175431,-2.493837,0.000000,0.020000000,-0.030000000,0.050000000,0.100000,-0.200000,0.100000
6428862602,-4.986742,-0.363871,0.000000,-0.036411273,0.000000000,0.000000000,0.999336890,0.181936,-2.493371,0.000000,0.020000000,-0.030000000,0.050000000,0.100000,-0.200000,0.100000
6433911062,-4.985808,-0.376458,0.000000,-0.037672522,0.000000000,0.000000000,0.999290139,0.188229,-2.492904,0.000000,0.020000000,-0.030000000,0.050000000,0.100000,-0.200000,0.100000
6438573070,-4.984917,-0.388079,0.000000,-0.038837171,0.000000000,0.000000000,0.999245552,0.194039,-2.492458,0.000000,0.020000000,-0.030000000,0.050000000,0.100000,-0.200000,0.100000
6443466651,-4.983952,-0.400275,0.000000,-0.040059614,0.000000000,0.000000000,0.999197291,0.200137,-2.491976,0.000000,0.020000000,-0.030000000,0.050000000,0.100000,-0.200000,0.100000
6448748289,-4.982878,-0.413435,0.000000,-0.041378928,0.000000000,0.000000000,0.999143525,0.206717,-2.491439,0.000000,0.020000000,-0.030000000,0.050000000,0.100000,-0.200000,0.100000
6453293198,-4.981925,-0.424757,0.000000,-0.042514155,0.000000000,0.000000000,0.999095865,0.212379,-2.490963,0.000000,0.020000000,-0.030000000,0.050000000,0.100000,-0.200000,0.100000
6458757697,-4.980746,-0.438367,0.000000,-0.043879005,0.000000000,0.000000000,0.999036853,0.219184,-2.490373,0.000000,0.020000000,-0.030000000,0.050000000,0.100000,-0.200000,0.100000
6463814232,-4.979622,-0.450959,0.000000,-0.045141886,0.000000000,0.000000000,0.998980585,0.225479,-2.489811,0.000000,0.020000000,-0.030000000,0.050000000,0.100000,-0.200000,0.100000
6469289279,-4.978369,-0.464589,0.000000,-0.046509209,0.000000000,0.000000000,0.998917861,0.232294,-2.489184,0.000000,0.020000000,-0.030000000,0.050000000,0.100000,-0.200000,0.100000
6473828573,-4.977302,-0.475887,0.000000,-0.047642774,0.000000000,0.000000000,0.998864438,0.237943,-2.488651,0.000000,0.020000000,-0.030000000,0.050000000,0.100000,-0.200000,0.100000
6479095389,-4.976031,-0.488992,0.000000,-0.048957942,0.000000000,0.000000000,0.998800841,0.244496,-2.488016,0.000000,0.020000000,-0.030000000,0.050000000,0.100000,-0.200000,0.100000
6484330780,-4.974734,-0.502016,0.000000,-0.050265178,0.000000000,0.000000000,0.998735907,0.251008,-2.487367,0.000000,0.020000000,-0.030000000,0.050000000,0.100000,-0.200000,0.100000
6489098318,-4.973523,-0.513874,0.000000,-0.051455520,0.000000000,0.000000000,0.998675287,0.256937,-2.486762,0.000000,0.020000000,-0.030000000,0.050000000,0.100000,-0.200000,0.100000
6494259028,-4.972181,-0.526705,0.000000,-0.052743945,0.000000000,0.000000000,0.998608069,0.263353,-2.486090,0.000000,0.020000000,-0.030000000,0.050000000,0.100000,-0.200000,0.100000
6498956410,-4.970930,-0.538382,0.000000,-0.053916619,0.000000000,0.000000000,0.998545441,0.269191,-2.485465,0.000000,0.020000000,-0.030000000,0.050000000,0.100000,-0.200000,0.100000
6504388535,-4.969449,-0.551881,0.000000,-0.055272625,0.000000000,0.000000000,0.998471300,0.275941,-2.484725,0.000000,0.020000000,-0.030000000,0.050000000,0.100000,-0.200000,0.100000
6509568794,-4.968003,-0.564751,0.000000,-0.056565663,0.000000000,0.000000000,0.998398881,0.282375,-2.484002,0.000000,0.020000000,-0.030000000,0.050000000,0.100000,-0.200000,0.100000
6514344235,-4.966641,-0.576612,0.000000,-0.057757571,0.000000000,0.000000000,0.998330638,0.288306,-2.483320,0.000000,0.020000000,-0.030000000,0.050000000,0.100000,-0.200000,0.100000
6519108222,-4.965253,-0.588440,0.000000,-0.058946538,0.000000000,0.000000000,0.998261141,0.294220,-2.482627,0.000000,0.020000000,-0.030000000,0.050000000,0.100000,-0.200000,0.100000
6523767701,-4.963869,-0.600007,0.000000,-0.060109342,0.000000000,0.000000000,0.998191799,0.300003,-2.481934,0.000000,0.020000000,-0.030000000,0.050000000,0.100000,-0.200000,0.100000
6528576014,-4.962412,-0.611939,0.000000,-0.061309203,0.000000000,0.000000000,0.998118821,0.305969,-2.481206,0.000000,0.020000000,-0.030000000,0.050000000,0.100000,-0.200000,0.100000
6533555335,-4.960873,-0.624292,0.000000,-0.062551644,0.000000000,0.000000000,0.998041729,0.312146,-2.480436,0.000000,0.020000000,-0.030000000,0.050000000,0.100000,-0.200000,0.100000
6538379265,-4.959353,-0.636255,0.000000,-0.063755219,0.000000000,0.000000000,0.997965567,0.318128,-2.479676,0.000000,0.020000000,-0.030000000,0.050000000,0.100000,-0.200000,0.100000
6543018351,-4.957864,-0.647757,0.000000,-0.064912588,0.000000000,0.000000000,0.997890954,0.323878,-2.478932,0.000000,0.020000000,-0.030000000,0.050000000,0.100000,-0.200000,0.100000
6548490435,-4.956073,-0.661319,0.000000,-0.066277662,0.000000000,0.000000000,0.997801218,0.330660,-2.478036,0.000000,0.020000000,-0.030000000,0.050000000,0.100000,-0.200000,0.100000
6553986720,-4.954237,-0.674937,0.000000,-0.067648649,0.000000000,0.000000000,0.997709206,0.337468,-2.477118,0.000000,0.020000000,-0.030000000,0.050000000,0.100000,-0.200000,0.100000
6559393506,-4.952394,-0.688328,0.000000,-0.068997187,0.000000000,0.000000000,0.997616854,0.344164,-2.476197,0.000000,0.020000000,-0.030000000,0.050000000,0.100000,-0.200000,0.100000
6564603239,-4.950584,-0.701226,0.000000,-0.070296458,0.000000000,0.000000000,0.997526144,0.350613,-2.475292,0.000000,0.020000000,-0.030000000,0.050000000,0.100000,-0.200000,0.100000
6569729608,-4.948770,-0.713912,0.000000,-0.071574821,0.000000000,0.000000000,0.997435233,0.356956,-2.474385,0.000000,0.020000000,-0.030000000,0.050000000,0.100000,-0.200000,0.100000
6574865529,-4.946921,-0.726618,0.000000,-0.072855449,0.000000000,0.000000000,0.997342511,0.363309,-2.473460,0.000000,0.020000000,-0.030000000,0.050000000,0.100000,-0.200000,0.100000
6579955584,-4.945056,-0.739206,0.000000,-0.074124522,0.000000000,0.000000000,0.997248994,0.369603,-2.472528,0.000000,0.020000000,-0.030000000,0.050000000,0.100000,-0.200000,0.100000
6585070194,-4.943149,-0.751850,0.000000,-0.075399596,0.000000000,0.000000000,0.997153399,0.375925,-2.471575,0.000000,0.020000000,-0.030000000,0.050000000,0.100000,-0.200000,0.100000
6589806487,-4.941355,-0.763554,0.000000,-0.076580245,0.000000000,0.000000000,0.997063421,0.381777,-2.470677,0.000000,0.020000000,-0.030000000,0.050000000,0.100000,-0.200000,0.100000
6595105727,-4.939314,-0.776644,0.000000,-0.077901097,0.000000000,0.000000000,0.996961092,0.388322,-2.469657,0.000000,0.020000000,-0.030000000,0.050000000,0.100000,-0.200000,0.100000
6600549421,-4.937182,-0.790085,0.000000,-0.079257813,0.000000000,0.000000000,0.996854151,0.395042,-2.468591,0.000000,0.020000000,-0.030000000,0.050000000,0.100000,-0.200000,0.100000
6605336443,-4.935277,-0.801900,0.000000,-0.080450746,0.000000000,0.000000000,0.996758585,0.400950,-2.467638,0.000000,0.020000000,-0.030000000,0.050000000,0.100000,-0.200000,0.100000
6610704395,-4.933107,-0.815143,0.000000,-0.081788312,0.000000000,0.000000000,0.996649724,0.407571,-2.466553,0.000000,0.020000000,-0.030000000,0.050000000,0.100000,-0.200000,0.100000
6615568867,-4.931110,-0.827139,0.000000,-0.083000295,0.000000000,0.000000000,0.996549523,0.413570,-2.465555,0.000000,0.020000000,-0.030000000,0.050000000,0.100000,-0.200000,0.100000
6620610275,-4.929009,-0.839566,0.000000,-0.084256231,0.000000000,0.000000000,0.996444122,0.419783,-2.464504,0.000000,0.020000000,-0.030000000,0.050000000,0.100000,-0.200000,0.100000
6625244518,-4.927050,-0.850985,0.000000,-0.085410616,0.000000000,0.000000000,0.996345837,0.425493,-2.463525,0.000000,0.020000000,-0.030000000,0.050000000,0.100000,-0.200000,0.100000
6630441040,-4.924823,-0.863784,0.000000,-0.086704927,0.000000000,0.000000000,0.996234037,0.431892,-2.462411,0.000000,0.020000000,-0.030000000,0.050000000,0.100000,-0.200000,0.100000
6635341779,-4.922691,-0.875849,0.000000,-0.087925432,0.000000000,0.000000000,0.996127059,0.437925,-2.461346,0.000000,0.020000000,-0.030000000,0.050000000,0.100000,-0.200000,0.100000
6640276010,-4.920515,-0.887991,0.000000,-0.089154145,0.000000000,0.000000000,0.996017840,0.443996,-2.460258,0.000000,0.020000000,-0.030000000,0.050000000,0.100000,-0.200000,0.100000
6644923134,-4.918439,-0.899422,0.000000,-0.090311239,0.000000000,0.000000000,0.995913591,0.449711,-2.459219,0.000000,0.020000000,-0.030000000,0.050000000,0.100000,-0.200000,0.100000
6650399289,-4.915958,-0.912886,0.000000,-0.091674598,0.000000000,0.000000000,0.995789018,0.456443,-2.457979,0.000000,0.020000000,-0.030000000,0.050000000,0.100000,-0.200000,0.100000
6655097251,-4.913800,-0.924431,0.000000,-0.092844080,0.000000000,0.000000000,0.995680660,0.462215,-2.456900,0.000000,0.020000000,-0.030000000,0.050000000,0.100000,-0.200000,0.100000
6660090508,-4.911476,-0.936696,0.000000,-0.094086929,0.000000000,0.000000000,0.995563986,0.468348,-2.455738,0.000000,0.020000000,-0.030000000,0.050000000,0.100000,-0.200000,0.100000
6665429236,-4.908959,-0.949803,0.000000,-0.095415606,0.000000000,0.000000000,0.995437523,0.474901,-2.454479,0.000000,0.020000000,-0.030000000,0.050000000,0.100000,-0.200000,0.100000
6670281919,-4.906640,-0.961711,0.000000,-0.096623171,0.000000000,0.000000000,0.995321035,0.480855,-2.453320,0.000000,0.020000000,-0.030000000,0.050000000,0.100000,-0.200000,0.100000
6675317299,-4.904203,-0.974061,0.000000,-0.097876050,0.000000000,0.000000000,0.995198613,0.487031,-2.452101,0.000000,0.020000000,-0.030000000,0.050000000,0.100000,-0.200000,0.100000
6680587412,-4.901619,-0.986981,0.000000,-0.099187167,0.000000000,0.000000000,0.995068795,0.493490,-2.450810,0.000000,0.020000000,-0.030000000,0.050000000,0.100000,-0.200000,0.100000
6685477718,-4.899191,-0.998963,0.000000,-0.100403640,0.000000000,0.000000000,0.994946787,0.499481,-2.449596,0.000000,0.020000000,-0.030000000,0.050000000,0.100000,-0.200000,0.100000
6690651157,-4.896591,-1.011632,0.000000,-0.101690380,0.000000000,0.000000000,0.994816097,0.505816,-2.448295,0.000000,0.020000000,-0.030000000,0.050000000,0.100000,-0.200000,0.100000
6695958187,-4.893889,-1.024622,0.000000,-0.103010169,0.000000000,0.000000000,0.994680303,0.512311,-2.446945,0.000000,0.020000000,-0.030000000,0.050000000,0.100000,-0.200000,0.100000
6700867183,-4.891359,-1.036631,0.000000,-0.104230812,0.000000000,0.000000000,0.994553135,0.518315,-2.445680,0.000000,0.020000000,-0.030000000,0.050000000,0.100000,-0.200000,0.100000
6705798322,-4.888789,-1.048688,0.000000,-0.105456802,0.000000000,0.000000000,0.994423885,0.524344,-2.444394,0.000000,0.020000000,-0.030000000,0.050000000,0.100000,-0.200000,0.100000
6710582765,-4.886266,-1.060380,0.000000,-0.106646168,0.000000000,0.000000000,0.994297036,0.530190,-2.443133,0.000000,0.020000000,-0.030000000,0.050000000,0.100000,-0.200000,0.100000
6715483373,-4.883653,-1.072349,0.000000,-0.107864252,0.000000000,0.000000000,0.994165632,0.536175,-2.441827,0.000000,0.020000000,-0.030000000,0.050000000,0.100000,-0.200000,0.100000
6720003163,-4.881217,-1.083383,0.000000,-0.108987538,0.000000000,0.000000000,0.994043116,0.541692,-2.440609,0.000000,0.020000000,-0.030000000,0.050000000,0.100000,-0.200000,0.100000
6724753568,-4.878630,-1.094974,0.000000,-0.110167988,0.000000000,0.000000000,0.993912981,0.547487,-2.439315,0.000000,0.020000000,-0.030000000,0.050000000,0.100000,-0.200000,0.100000
6729599617,-4.875963,-1.106792,0.000000,-0.111372045,0.000000000,0.000000000,0.993778782,0.553396,-2.437981,0.000000,0.020000000,-0.030000000,0.050000000,0.100000,-0.200000,0.100000
6734368563,-4.873310,-1.118415,0.000000,-0.112556784,0.000000000,0.000000000,0.993645294,0.559208,-2.436655,0.000000,0.020000000,-0.030000000,0.050000000,0.100000,-0.200000,0.100000
6739102400,-4.870649,-1.129947,0.000000,-0.113732644,0.000000000,0.000000000,0.993511392,0.564973,-2.435324,0.000000,0.020000000,-0.030000000,0.050000000,0.100000,-0.200000,0.100000
6744301134,-4.867695,-1.142604,0.000000,-0.115023798,0.000000000,0.000000000,0.993362736,0.571302,-2.433848,0.000000,0.020000000,-0.030000000,0.050000000,0.100000,-0.200000,0.100000
6749694871,-4.864596,-1.155727,0.000000,-0.116363178,0.000000000,0.000000000,0.993206731,0.577863,-2.432298,0.000000,0.020000000,-0.030000000,0.050000000,0.100000,-0.200000,0.100000
6755103844,-4.861453,-1.168879,0.000000,-0.117706128,0.000000000,0.000000000,0.993048472,0.584439,-2.430726,0.000000,0.020000000,-0.030000000,0.050000000,0.100000,-0.200000,0.100000
6760163695,-4.858480,-1.181174,0.000000,-0.118962203,0.000000000,0.000000000,0.992898784,0.590587,-2.429240,0.000000,0.020000000,-0.030000000,0.050000000,0.100000,-0.200000,0.100000
6765633965,-4.855231,-1.194458,0.000000,-0.120319947,0.000000000,0.000000000,0.992735166,0.597229,-2.427616,0.000000,0.020000000,-0.030000000,0.050000000,0.100000,-0.200000,0.100000
6770850421,-4.852099,-1.207118,0.000000,-0.121614484,0.000000000,0.000000000,0.992577411,0.603559,-2.426050,0.000000,0.020000000,-0.030000000,0.050000000,0.100000,-0.200000,0.100000
6775998796,-4.848976,-1.219604,0.000000,-0.122891923,0.000000000,0.000000000,0.992420060,0.609802,-2.424488,0.000000,0.020000000,-0.030000000,0.050000000,0.100000,-0.200000,0.100000
6781109610,-4.845843,-1.231991,0.000000,-0.124159841,0.000000000,0.000000000,0.992262230,0.615996,-2.422922,0.000000,0.020000000,-0.030000000,0.050000000,0.100000,-0.200000,0.100000
6785722548,-4.842989,-1.243165,0.000000,-0.125304069,0.000000000,0.000000000,0.992118385,0.621582,-2.421494,0.000000,0.020000000,-0.030000000,0.050000000,0.100000,-0.200000,0.100000
6791119740,-4.839616,-1.256229,0.000000,-0.126642618,0.000000000,0.000000000,0.991948410,0.628115,-2.419808,0.000000,0.020000000,-0.030000000,0.050000000,0.100000,-0.200000,0.100000
6796433584,-4.836262,-1.269083,0.000000,-0.127960271,0.000000000,0.000000000,0.991779295,0.634542,-2.418131,0.000000,0.020000000,-0.030000000,0.050000000,0.100000,-0.200000,0.100000
6800982219,-4.833363,-1.280079,0.000000,-0.129087998,0.000000000,0.000000000,0.991633142,0.640040,-2.416681,0.000000,0.020000000,-0.030000000,0.050000000,0.100000,-0.200000,0.100000
6805888951,-4.830208,-1.291934,0.000000,-0.130304321,0.000000000,0.000000000,0.991474046,0.645967,-2.415104,0.000000,0.020000000,-0.030000000,0.050000000,0.100000,-0.200000,0.100000
6810851168,-4.826988,-1.303914,0.000000,-0.131534197,0.000000000,0.000000000,0.991311634,0.651957,-2.413494,0.000000,0.020000000,-0.030000000,0.050000000,0.100000,-0.200000,0.100000
6816053854,-4.823579,-1.316466,0.000000,-0.132823457,0.000000000,0.000000000,0.991139712,0.658233,-2.411790,0.000000,0.020000000,-0.030000000,0.050000000,0.100000,-0.200000,0.100000
6820643885,-4.820545,-1.327533,0.000000,-0.133960709,0.000000000,0.000000000,0.990986644,0.663766,-2.410273,0.000000,0.020000000,-0.030000000,0.050000000,0.100000,-0.200000,0.100000
6825314882,-4.817432,-1.338787,0.000000,-0.135117842,0.000000000,0.000000000,0.990829536,0.669394,-2.408716,0.000000,0.020000000,-0.030000000,0.050000000,0.100000,-0.200000,0.100000
6830040434,-4.814255,-1.350166,0.000000,-0.136288301,0.000000000,0.000000000,0.990669218,0.675083,-2.407127,0.000000,0.020000000,-0.030000000,0.050000000,0.100000,-0.200000,0.100000
6835137174,-4.810799,-1.362430,0.000000,-0.137550486,0.000000000,0.000000000,0.990494757,0.681215,-2.405399,0.000000,0.020000000,-0.030000000,0.050000000,0.100000,-0.200000,0.100000
6839974762,-4.807489,-1.374063,0.000000,-0.138748286,0.000000000,0.000000000,0.990327680,0.687031,-2.403745,0.000000,0.020000000,-0.030000000,0.050000000,0.100000,-0.200000,0.100000
6844527825,-4.804349,-1.385004,0.000000,-0.139875452,0.000000000,0.000000000,0.990169106,0.692502,-2.402174,0.000000,0.020000000,-0.030000000,0.050000000,0.100000,-0.200000,0.100000
6849555531,-4.800852,-1.397077,0.000000,-0.141119911,0.000000000,0.000000000,0.989992510,0.698538,-2.400426,0.000000,0.020000000,-0.030000000,0.050000000,0.100000,-0.200000,0.100000
6854658798,-4.797271,-1.409322,0.000000,-0.142382845,0.000000000,0.000000000,0.989811662,0.704661,-2.398636,0.000000,0.020000000,-0.030000000,0.050000000,0.100000,-0.200000,0.100000
6859900033,-4.793561,-1.421889,0.000000,-0.143679681,0.000000000,0.000000000,0.989624246,0.710944,-2.396781,0.000000,0.020000000,-0.030000000,0.050000000,0.100000,-0.200000,0.100000
6864890130,-4.789999,-1.433845,0.000000,-0.144914150,0.000000000,0.000000000,0.989444233,0.716922,-2.394999,0.000000,0.020000000,-0.030000000,0.050000000,0.100000,-0.200000,0.100000
6869744361,-4.786505,-1.445466,0.000000,-0.146114790,0.000000000,0.000000000,0.989267642,0.722733,-2.393252,0.000000,0.020000000,-0.030000000,0.050000000,0.100000,-0.200000,0.100000
6874294995,-4.783203,-1.456353,0.000000,-0.147240144,0.000000000,0.000000000,0.989100773,0.728177,-2.391602,0.000000,0.020000000,-0.030000000,0.050000000,0.100000,-0.200000,0.100000
6879349130,-4.779508,-1.468436,0.000000,-0.148489789,0.000000000,0.000000000,0.988913941,0.734218,-2.389754,0.000000,0.020000000,-0.030000000,0.050000000,0.100000,-0.200000,0.100000
6883999633,-4.776080,-1.479546,0.000000,-0.149639425,0.000000000,0.000000000,0.988740635,0.739773,-2.388040,0.000000,0.020000000,-0.030000000,0.050000000,0.100000,-0.200000,0.100000
6889356212,-4.772101,-1.492332,0.000000,-0.150963357,0.000000000,0.000000000,0.988539359,0.746166,-2.386050,0.000000,0.020000000,-0.030000000,0.050000000,0.100000,-0.200000,0.100000
6894028653,-4.768601,-1.503477,0.000000,-0.152117977,0.000000000,0.000000000,0.988362343,0.751738,-2.384301,0.000000,0.020000000,-0.030000000,0.050000000,0.100000,-0.200000,0.100000
6899292876,-4.764627,-1.516023,0.000000,-0.153418585,0.000000000,0.000000000,0.988161291,0.758012,-2.382314,0.000000,0.020000000,-0.030000000,0.050000000,0.100000,-0.200000,0.100000
6904788610,-4.760444,-1.529110,0.000000,-0.154776107,0.000000000,0.000000000,0.987949572,0.764555,-2.380222,0.000000,0.020000000,-0.030000000,0.050000000,0.100000,-0.200000,0.100000
6910270639,-4.756234,-1.542153,0.000000,-0.156129953,0.000000000,0.000000000,0.987736522,0.771076,-2.378117,0.000000,0.020000000,-0.030000000,0.050000000,0.100000,-0.200000,0.100000
6915452422,-4.752223,-1.554470,0.000000,-0.157409381,0.000000000,0.000000000,0.987533436,0.777235,-2.376111,0.000000,0.020000000,-0.030000000,0.050000000,0.100000,-0.200000,0.100000
6920805064,-4.748046,-1.567183,0.000000,-0.158730718,0.000000000,0.000000000,0.987321913,0.783592,-2.374023,0.000000,0.020000000,-0.030000000,0.050000000,0.100000,-0.200000,0.100000
6926266312,-4.743749,-1.580142,0.000000,-0.160078572,0.000000000,0.000000000,0.987104276,0.790071,-2.371874,0.000000,0.020000000,-0.030000000,0.050000000,0.100000,-0.200000,0.100000
6931242749,-4.739802,-1.591941,0.000000,-0.161306514,0.000000000,0.000000000,0.986904356,0.795971,-2.369901,0.000000,0.020000000,-0.030000000,0.050000000,0.100000,-0.200000,0.100000
6936049025,-4.735963,-1.603327,0.000000,-0.162492231,0.000000000,0.000000000,0.986709823,0.801663,-2.367981,0.000000,0.020000000,-0.030000000,0.050000000,0.100000,-0.200000,0.100000
6941306818,-4.731731,-1.615772,0.000000,-0.163789069,0.000000000,0.000000000,0.986495383,0.807886,-2.365866,0.000000,0.020000000,-0.030000000,0.050000000,0.100000,-0.200000,0.100000
6946721588,-4.727340,-1.628576,0.000000,-0.165124330,0.000000000,0.000000000,0.986272759,0.814288,-2.363670,0.000000,0.020000000,-0.030000000,0.050000000,0.100000,-0.200000,0.100000
6951654099,-4.723309,-1.640230,0.000000,-0.166340404,0.000000000,0.000000000,0.986068390,0.820115,-2.361654,0.000000,0.020000000,-0.030000000,0.050000000,0.100000,-0.200000,0.100000
6956711969,-4.719146,-1.652170,0.000000,-0.167587122,0.000000000,0.000000000,0.985857270,0.826085,-2.359573,0.000000,0.020000000,-0.030000000,0.050000000,0.100000,-0.200000,0.100000
6961661648,-4.715042,-1.663844,0.000000,-0.168806913,0.000000000,0.000000000,0.985649139,0.831922,-2.357521,0.000000,0.020000000,-0.030000000,0.050000000,0.100000,-0.200000,0.100000
6966548373,-4.710963,-1.675359,0.000000,-0.170010936,0.000000000,0.000000000,0.985442176,0.837680,-2.355481,0.000000,0.020000000,-0.030000000,0.050000000,0.100000,-0.200000,0.100000
6971904654,-4.706459,-1.687970,0.000000,-0.171330359,0.000000000,0.000000000,0.985213636,0.843985,-2.353230,0.000000,0.020000000,-0.030000000,0.050000000,0.100000,-0.200000,0.100000
6976686616,-4.702410,-1.699218,0.000000,-0.172508050,0.000000000,0.000000000,0.985008108,0.849609,-2.351205,0.000000,0.020000000,-0.030000000,0.050000000,0.100000,-0.200000,0.100000
6982000473,-4.697878,-1.711706,0.000000,-0.173816446,0.000000000,0.000000000,0.984778068,0.855853,-2.348939,0.000000,0.020000000,-0.030000000,0.050000000,0.100000,-0.200000,0.100000
6986980247,-4.693602,-1.723398,0.000000,-0.175042303,0.000000000,0.000000000,0.984560913,0.861699,-2.346801,0.000000,0.020000000,-0.030000000,0.050000000,0.100000,-0.200000,0.100000
6991736152,-4.689490,-1.734554,0.000000,-0.176212799,0.000000000,0.000000000,0.984352096,0.867277,-2.344745,0.000000,0.020000000,-0.030000000,0.050000000,0.100000,-0.200000,0.100000
6997223060,-4.684714,-1.747413,0.000000,-0.177562895,0.000000000,0.000000000,0.984109454,0.873707,-2.342357,0.000000,0.020000000,-0.030000000,0.050000000,0.100000,-0.200000,0.100000
7002479152,-4.680106,-1.759719,0.000000,-0.178855884,0.000000000,0.000000000,0.983875283,0.879859,-2.340053,0.000000,0.020000000,-0.030000000,0.050000000,0.100000,-0.200000,0.100000
7007514354,-4.675661,-1.771496,0.000000,-0.180094245,0.000000000,0.000000000,0.983649360,0.885748,-2.337830,0.000000,0.020000000,-0.030000000,0.050000000,0.100000,-0.200000,0.100000
7012104268,-4.671583,-1.782222,0.000000,-0.181222843,0.000000000,0.000000000,0.983442058,0.891111,-2.335791,0.000000,0.020000000,-0.030000000,0.050000000,0.100000,-0.200000,0.100000
7017314002,-4.666925,-1.794384,0.000000,-0.182503556,0.000000000,0.000000000,0.983205193,0.897192,-2.333462,0.000000,0.020000000,-0.030000000,0.050000000,0.100000,-0.200000,0.100000
7022654858,-4.662116,-1.806841,0.000000,-0.183816182,0.000000000,0.000000000,0.982960636,0.903420,-2.331058,0.000000,0.020000000,-0.030000000,0.050000000,0.100000,-0.200000,0.100000
7027732435,-4.657514,-1.818671,0.000000,-0.185063799,0.000000000,0.000000000,0.982726508,0.909336,-2.328757,0.000000,0.020000000,-0.030000000,0.050000000,0.100000,-0.200000,0.100000
7033211581,-4.652514,-1.831424,0.000000,-0.186409750,0.000000000,0.000000000,0.982472089,0.915712,-2.326257,0.000000,0.020000000,-0.030000000,0.050000000,0.100000,-0.200000,0.100000
7038151342,-4.647976,-1.842909,0.000000,-0.187622902,0.000000000,0.000000000,0.982241135,0.921455,-2.323988,0.000000,0.020000000,-0.030000000,0.050000000,0.100000,-0.200000,0.100000
7043230139,-4.643282,-1.854706,0.000000,-0.188869901,0.000000000,0.000000000,0.982002118,0.927353,-2.321641,0.000000,0.020000000,-0.030000000,0.050000000,0.100000,-0.200000,0.100000
7047770165,-4.639059,-1.865242,0.000000,-0.189984358,0.000000000,0.000000000,0.981787117,0.932621,-2.319530,0.000000,0.020000000,-0.030000000,0.050000000,0.100000,-0.200000,0.100000
7052845440,-4.634311,-1.877008,0.000000,-0.191229915,0.000000000,0.000000000,0.981545271,0.938504,-2.317156,0.000000,0.020000000,-0.030000000,0.050000000,0.100000,-0.200000,0.100000
7058255622,-4.629217,-1.889538,0.000000,-0.192557324,0.000000000,0.000000000,0.981285726,0.944769,-2.314608,0.000000,0.020000000,-0.030000000,0.050000000,0.100000,-0.200000,0.100000
7063156417,-4.624573,-1.900875,0.000000,-0.193759449,0.000000000,0.000000000,0.981049069,0.950438,-2.312286,0.000000,0.020000000,-0.030000000,0.050000000,0.100000,-0.200000,0.100000
7067980870,-4.619974,-1.912025,0.000000,-0.194942564,0.000000000,0.000000000,0.980814660,0.956013,-2.309987,0.000000,0.020000000,-0.030000000,0.050000000,0.100000,-0.200000,0.100000
7073131147,-4.615035,-1.923916,0.000000,-0.196205269,0.000000000,0.000000000,0.980562845,0.961958,-2.307517,0.000000,0.020000000,-0.030000000,0.050000000,0.100000,-0.200000,0.100000
7077654489,-4.610672,-1.934349,0.000000,-0.197313999,0.000000000,0.000000000,0.980340342,0.967174,-2.305336,0.000000,0.020000000,-0.030000000,0.050000000,0.100000,-0.200000,0.100000
7083110043,-4.605378,-1.946918,0.000000,-0.198650890,0.000000000,0.000000000,0.980070316,0.973459,-2.302689,0.000000,0.020000000,-0.030000000,0.050000000,0.100000,-0.200000,0.100000
7087994742,-4.600609,-1.958161,0.000000,-0.199847579,0.000000000,0.000000000,0.979826998,0.979080,-2.300305,0.000000,0.020000000,-0.030000000,0.050000000,0.100000,-0.200000,0.100000
7092581784,-4.596106,-1.968707,0.000000,-0.200971074,0.000000000,0.000000000,0.979597176,0.984353,-2.298053,0.000000,0.020000000,-0.030000000,0.050000000,0.100000,-0.200000,0.100000
7097526022,-4.591225,-1.980063,0.000000,-0.202181760,0.000000000,0.000000000,0.979348016,0.990032,-2.295613,0.000000,0.020000000,-0.030000000,0.050000000,0.100000,-0.200000,0.100000
7102315302,-4.586471,-1.991052,0.000000,-0.203354208,0.000000000,0.000000000,0.979105237,0.995526,-2.293235,0.000000,0.020000000,-0.030000000,0.050000000,0.100000,-0.200000,0.100000
7106938948,-4.581855,-2.001649,0.000000,-0.204485831,0.000000000,0.000000000,0.978869524,1.000825,-2.290928,0.000000,0.020000000,-0.030000000,0.050000000,0.100000,-0.200000,0.100000
7112297687,-4.576476,-2.013919,0.000000,-0.205797024,0.000000000,0.000000000,0.978594699,1.006959,-2.288238,0.000000,0.020000000,-0.030000000,0.050000000,0.100000,-0.200000,0.100000
7117702499,-4.571017,-2.026279,0.000000,-0.207119116,0.000000000,0.000000000,0.978315732,1.013139,-2.285508,0.000000,0.020000000,-0.030000000,0.050000000,0.100000,-0.200000,0.100000
7122871207,-4.565765,-2.038085,0.000000,-0.208383099,0.000000000,0.000000000,0.978047281,1.019043,-2.282882,0.000000,0.020000000,-0.030000000,0.050000000,0.100000,-0.200000,0.100000
7128054148,-4.560468,-2.049910,0.000000,-0.209650214,0.000000000,0.000000000,0.977776451,1.024955,-2.280234,0.000000,0.020000000,-0.030000000,0.050000000,0.100000,-0.200000,0.100000
7133538254,-4.554830,-2.062408,0.000000,-0.210990574,0.000000000,0.000000000,0.977488096,1.031204,-2.277415,0.000000,0.020000000,-0.030000000,0.050000000,0.100000,-0.200000,0.100000
7138202251,-4.550008,-2.073024,0.000000,-0.212130181,0.000000000,0.000000000,0.977241417,1.036512,-2.275004,0.000000,0.020000000,-0.030000000,0.050000000,0.100000,-0.200000,0.100000
7142758964,-4.545273,-2.083385,0.000000,-0.213243295,0.000000000,0.000000000,0.976999128,1.041693,-2.272636,0.000000,0.020000000,-0.030000000,0.050000000,0.100000,-0.200000,0.100000
7147581037,-4.540237,-2.094338,0.000000,-0.214420930,0.000000000,0.000000000,0.976741350,1.047169,-2.270118,0.000000,0.020000000,-0.030000000,0.050000000,0.100000,-0.200000,0.100000
7152690569,-4.534871,-2.105930,0.000000,-0.215668428,0.000000000,0.000000000,0.976466655,1.052965,-2.267436,0.000000,0.020000000,-0.030000000,0.050000000,0.100000,-0.200000,0.100000
7158114214,-4.529144,-2.118220,0.000000,-0.216992231,0.000000000,0.000000000,0.976173331,1.059110,-2.264572,0.000000,0.020000000,-0.030000000,0.050000000,0.100000,-0.200000,0.100000
7163367110,-4.523565,-2.130109,0.000000,-0.218273978,0.000000000,0.000000000,0.975887530,1.065054,-2.261782,0.000000,0.020000000,-0.030000000,0.050000000,0.100000,-0.200000,0.100000
7168098728,-4.518513,-2.140804,0.000000,-0.219428207,0.000000000,0.000000000,0.975628650,1.070402,-2.259256,0.000000,0.020000000,-0.030000000,0.050000000,0.100000,-0.200000,0.100000
7173385058,-4.512838,-2.152740,0.000000,-0.220717389,0.000000000,0.000000000,0.975337805,1.076370,-2.256419,0.000000,0.020000000,-0.030000000,0.050000000,0.100000,-0.200000,0.100000
7178315300,-4.507518,-2.163858,0.000000,-0.221919384,0.000000000,0.000000000,0.975065017,1.081929,-2.253759,0.000000,0.020000000,-0.030000000,0.050000000,0.100000,-0.200000,0.100000
7182817576,-4.502635,-2.174000,0.000000,-0.223016746,0.000000000,0.000000000,0.974814614,1.087000,-2.251318,0.000000,0.020000000,-0.030000000,0.050000000,0.100000,-0.200000,0.100000
7188001823,-4.496985,-2.185664,0.000000,-0.224279978,0.000000000,0.000000000,0.974524752,1.092832,-2.248492,0.000000,0.020000000,-0.030000000,0.050000000,0.100000,-0.200000,0.100000
7192516858,-4.492039,-2.195810,0.000000,-0.225379838,0.000000000,0.000000000,0.974270973,1.097905,-2.246020,0.000000,0.020000000,-0.030000000,0.050000000,0.100000,-0.200000,0.100000
7197150959,-4.486939,-2.206213,0.000000,-0.226508404,0.000000000,0.000000000,0.974009211,1.103106,-2.243470,0.000000,0.020000000,-0.030000000,0.050000000,0.100000,-0.200000,0.100000
7201867160,-4.481724,-2.216787,0.000000,-0.227656652,0.000000000,0.000000000,0.973741469,1.108394,-2.240862,0.000000,0.020000000,-0.030000000,0.050000000,0.100000,-0.200000,0.100000
7206785459,-4.476260,-2.227802,0.000000,-0.228853768,0.000000000,0.000000000,0.973460812,1.113901,-2.238130,0.000000,0.020000000,-0.030000000,0.050000000,0.100000,-0.200000,0.100000
7211958804,-4.470482,-2.239373,0.000000,-0.230112588,0.000000000,0.000000000,0.973164013,1.119686,-2.235241,0.000000,0.020000000,-0.030000000,0.050000000,0.100000,-0.200000,0.100000
7217392911,-4.464381,-2.251511,0.000000,-0.231434445,0.000000000,0.000000000,0.972850501,1.125756,-2.232190,0.000000,0.020000000,-0.030000000,0.050000000,0.100000,-0.200000,0.100000
7222877961,-4.458189,-2.263746,0.000000,-0.232768260,0.000000000,0.000000000,0.972532229,1.131873,-2.229095,0.000000,0.020000000,-0.030000000,0.050000000,0.100000,-0.200000,0.100000
7228254108,-4.452088,-2.275722,0.000000,-0.234075168,0.000000000,0.000000000,0.972218502,1.137861,-2.226044,0.000000,0.020000000,-0.030000000,0.050000000,0.100000,-0.200000,0.100000
7232924537,-4.446762,-2.286112,0.000000,-0.235210178,0.000000000,0.000000000,0.971944531,1.143056,-2.223381,0.000000,0.020000000,-0.030000000,0.050000000,0.100000,-0.200000,0.100000
7237561713,-4.441449,-2.296417,0.000000,-0.236336789,0.000000000,0.000000000,0.971671201,1.148208,-2.220725,0.000000,0.020000000,-0.030000000,0.050000000,0.100000,-0.200000,0.100000
7243016792,-4.435169,-2.308522,0.000000,-0.237661705,0.000000000,0.000000000,0.971347988,1.154261,-2.217585,0.000000,0.020000000,-0.030000000,0.050000000,0.100000,-0.200000,0.100000
7247722809,-4.429725,-2.318952,0.000000,-0.238804335,0.000000000,0.000000000,0.971067706,1.159476,-2.214862,0.000000,0.020000000,-0.030000000,0.050000000,0.100000,-0.200000,0.100000
7252627096,-4.424025,-2.329807,0.000000,-0.239994754,0.000000000,0.000000000,0.970774185,1.164904,-2.212013,0.000000,0.020000000,-0.030000000,0.050000000,0.100000,-0.200000,0.100000
7257719717,-4.418078,-2.341064,0.000000,-0.241230506,0.000000000,0.000000000,0.970467848,1.170532,-2.209039,0.000000,0.020000000,-0.030000000,0.050000000,0.100000,-0.200000,0.100000
7262228121,-4.412790,-2.351018,0.000000,-0.242324167,0.000000000,0.000000000,0.970195340,1.175509,-2.206395,0.000000,0.020000000,-0.030000000,0.050000000,0.100000,-0.200000,0.100000
7266955295,-4.407221,-2.361441,0.000000,-0.243470569,0.000000000,0.000000000,0.969908285,1.180721,-2.203610,0.000000,0.020000000,-0.030000000,0.050000000,0.100000,-0.200000,0.100000
7272204738,-4.401008,-2.373001,0.000000,-0.244743228,0.000000000,0.000000000,0.969587929,1.186500,-2.200504,0.000000,0.020000000,-0.030000000,0.050000000,0.100000,-0.200000,0.100000
7277535713,-4.394667,-2.384723,0.000000,-0.246035222,0.000000000,0.000000000,0.969260888,1.192362,-2.197333,0.000000,0.020000000,-0.030000000,0.050000000,0.100000,-0.200000,0.100000
7282331468,-4.388936,-2.395254,0.000000,-0.247197130,0.000000000,0.000000000,0.968965210,1.197627,-2.194468,0.000000,0.020000000,-0.030000000,0.050000000,0.100000,-0.200000,0.100000
7287152801,-4.383149,-2.405827,0.000000,-0.248364876,0.000000000,0.000000000,0.968666552,1.202914,-2.191574,0.000000,0.020000000,-0.030000000,0.050000000,0.100000,-0.200000,0.100000
7292557869,-4.376631,-2.417664,0.000000,-0.249673576,0.000000000,0.000000000,0.968330060,1.208832,-2.188316,0.000000,0.020000000,-0.030000000,0.050000000,0.100000,-0.200000,0.100000
7298051516,-4.369974,-2.429677,0.000000,-0.251003256,0.000000000,0.000000000,0.967986242,1.214838,-2.184987,0.000000,0.020000000,-0.030000000,0.050000000,0.100000,-0.200000,0.100000
7303002021,-4.363946,-2.440486,0.000000,-0.252201069,0.000000000,0.000000000,0.967674853,1.220243,-2.181973,0.000000,0.020000000,-0.030000000,0.050000000,0.100000,-0.200000,0.100000
7308031699,-4.357795,-2.451453,0.000000,-0.253417642,0.000000000,0.000000000,0.967356965,1.225727,-2.178897,0.000000,0.020000000,-0.030000000,0.050000000,0.100000,-0.200000,0.100000
7312576275,-4.352213,-2.461349,0.000000,-0.254516535,0.000000000,0.000000000,0.967068422,1.230675,-2.176107,0.000000,0.020000000,-0.030000000,0.050000000,0.100000,-0.200000,0.100000
7317886453,-4.345663,-2.472896,0.000000,-0.255800137,0.000000000,0.000000000,0.966729688,1.236448,-2.172831,0.000000,0.020000000,-0.030000000,0.050000000,0.100000,-0.200000,0.100000
7322417804,-4.340049,-2.482735,0.000000,-0.256895120,0.000000000,0.000000000,0.966439288,1.241368,-2.170024,0.000000,0.020000000,-0.030000000,0.050000000,0.100000,-0.200000,0.100000
7327897619,-4.333230,-2.494617,0.000000,-0.258218856,0.000000000,0.000000000,0.966086447,1.247309,-2.166615,0.000000,0.020000000,-0.030000000,0.050000000,0.100000,-0.200000,0.100000
7332742251,-4.327175,-2.505106,0.000000,-0.259388750,0.000000000,0.000000000,0.965772994,1.252553,-2.163587,0.000000,0.020000000,-0.030000000,0.050000000,0.100000,-0.200000,0.100000
7338134655,-4.320405,-2.516764,0.000000,-0.260690473,0.000000000,0.000000000,0.965422435,1.258382,-2.160202,0.000000,0.020000000,-0.030000000,0.050000000,0.100000,-0.200000,0.100000
7343221986,-4.313989,-2.527746,0.000000,-0.261918118,0.000000000,0.000000000,0.965090099,1.263873,-2.156994,0.000000,0.020000000,-0.030000000,0.050000000,0.100000,-0.200000,0.100000
7347792213,-4.308202,-2.537597,0.000000,-0.263020617,0.000000000,0.000000000,0.964790213,1.268799,-2.154101,0.000000,0.020000000,-0.030000000,0.050000000,0.100000,-0.200000,0.100000
7353188933,-4.301339,-2.549213,0.000000,-0.264322053,0.000000000,0.000000000,0.964434473,1.274606,-2.150669,0.000000,0.020000000,-0.030000000,0.050000000,0.100000,-0.200000,0.100000
7358282468,-4.294832,-2.560159,0.000000,-0.265549933,0.000000000,0.000000000,0.964097108,1.280080,-2.147416,0.000000,0.020000000,-0.030000000,0.050000000,0.100000,-0.200000,0.100000
7363266266,-4.288439,-2.570854,0.000000,-0.266750943,0.000000000,0.000000000,0.963765498,1.285427,-2.144220,0.000000,0.020000000,-0.030000000,0.050000000,0.100000,-0.200000,0.100000
7368131168,-4.282173,-2.581277,0.000000,-0.267922902,0.000000000,0.000000000,0.963440356,1.290639,-2.141087,0.000000,0.020000000,-0.030000000,0.050000000,0.100000,-0.200000,0.100000
7372834244,-4.276091,-2.591340,0.000000,-0.269055500,0.000000000,0.000000000,0.963124674,1.295670,-2.138046,0.000000,0.020000000,-0.030000000,0.050000000,0.100000,-0.200000,0.100000
7378159112,-4.269177,-2.602716,0.000000,-0.270337389,0.000000000,0.000000000,0.962765650,1.301358,-2.134588,0.000000,0.020000000,-0.030000000,0.050000000,0.100000,-0.200000,0.100000
7383453387,-4.262272,-2.614007,0.000000,-0.271611438,0.000000000,0.000000000,0.962406996,1.307004,-2.131136,0.000000,0.020000000,-0.030000000,0.050000000,0.100000,-0.200000,0.100000
7388563703,-4.255579,-2.624890,0.000000,-0.272840767,0.000000000,0.000000000,0.962059206,1.312445,-2.127790,0.000000,0.020000000,-0.030000000,0.050000000,0.100000,-0.200000,0.100000
7393376845,-4.249250,-2.635123,0.000000,-0.273998201,0.000000000,0.000000000,0.961730204,1.317562,-2.124625,0.000000,0.020000000,-0.030000000,0.050000000,0.100000,-0.200000,0.100000
7398120205,-4.242988,-2.645194,0.000000,-0.275138466,0.000000000,0.000000000,0.961404610,1.322597,-2.121494,0.000000,0.020000000,-0.030000000,0.050000000,0.100000,-0.200000,0.100000
7402654920,-4.236980,-2.654807,0.000000,-0.276228213,0.000000000,0.000000000,0.961092074,1.327404,-2.118490,0.000000,0.020000000,-0.030000000,0.050000000,0.100000,-0.200000,0.100000
7407772060,-4.230173,-2.665639,0.000000,-0.277457498,0.000000000,0.000000000,0.960737913,1.332820,-2.115087,0.000000,0.020000000,-0.030000000,0.050000000,0.100000,-0.200000,0.100000
7413183289,-4.222946,-2.677075,0.000000,-0.278756937,0.000000000,0.000000000,0.960361687,1.338537,-2.111473,0.000000,0.020000000,-0.030000000,0.050000000,0.100000,-0.200000,0.100000
7418243084,-4.216159,-2.687750,0.000000,-0.279971521,0.000000000,0.000000000,0.960008306,1.343875,-2.108080,0.000000,0.020000000,-0.030000000,0.050000000,0.100000,-0.200000,0.100000
7423350711,-4.209282,-2.698508,0.000000,-0.281197134,0.000000000,0.000000000,0.959650026,1.349254,-2.104641,0.000000,0.020000000,-0.030000000,0.050000000,0.100000,-0.200000,0.100000
7428582094,-4.202209,-2.709509,0.000000,-0.282451967,0.000000000,0.000000000,0.959281443,1.354755,-2.101104,0.000000,0.020000000,-0.030000000,0.050000000,0.100000,-0.200000,0.100000
7433530084,-4.195493,-2.719897,0.000000,-0.283638380,0.000000000,0.000000000,0.958931316,1.359949,-2.097746,0.000000,0.020000000,-0.030000000,0.050000000,0.100000,-0.200000,0.100000
7438771564,-4.188350,-2.730883,0.000000,-0.284894691,0.000000000,0.000000000,0.958558822,1.365442,-2.094175,0.000000,0.020000000,-0.030000000,0.050000000,0.100000,-0.200000,0.100000
7444269860,-4.180827,-2.742387,0.000000,-0.286212031,0.000000000,0.000000000,0.958166308,1.371194,-2.090413,0.000000,0.020000000,-0.030000000,0.050000000,0.100000,-0.200000,0.100000
7449671124,-4.173405,-2.753668,0.000000,-0.287505597,0.000000000,0.000000000,0.957778958,1.376834,-2.086703,0.000000,0.020000000,-0.030000000,0.050000000,0.100000,-0.200000,0.100000
7454324173,-4.166988,-2.763370,0.000000,-0.288619551,0.000000000,0.000000000,0.957443865,1.381685,-2.083494,0.000000,0.020000000,-0.030000000,0.050000000,0.100000,-0.200000,0.100000
7459567078,-4.159729,-2.774284,0.000000,-0.289874249,0.000000000,0.000000000,0.957064742,1.387142,-2.079865,0.000000,0.020000000,-0.030000000,0.050000000,0.100000,-0.200000,0.100000
7465012454,-4.152160,-2.785600,0.000000,-0.291176874,0.000000000,0.000000000,0.956669236,1.392800,-2.076080,0.000000,0.020000000,-0.030000000,0.050000000,0.100000,-0.200000,0.100000
7469606189,-4.145751,-2.795129,0.000000,-0.292275353,0.000000000,0.000000000,0.956334208,1.397565,-2.072876,0.000000,0.020000000,-0.030000000,0.050000000,0.100000,-0.200000,0.100000
7475022219,-4.138167,-2.806346,0.000000,-0.293569969,0.000000000,0.000000000,0.955937589,1.403173,-2.069083,0.000000,0.020000000,-0.030000000,0.050000000,0.100000,-0.200000,0.100000
7479536643,-4.131822,-2.815679,0.000000,-0.294648658,0.000000000,0.000000000,0.955605655,1.407840,-2.065911,0.000000,0.020000000,-0.030000000,0.050000000,0.100000,-0.200000,0.100000
7484717421,-4.124514,-2.826373,0.000000,-0.295886106,0.000000000,0.000000000,0.955223226,1.413186,-2.062257,0.000000,0.020000000,-0.030000000,0.050000000,0.100000,-0.200000,0.100000
7489601818,-4.117599,-2.836437,0.000000,-0.297052307,0.000000000,0.000000000,0.954861208,1.418219,-2.058800,0.000000,0.020000000,-0.030000000,0.050000000,0.100000,-0.200000,0.100000
7494128416,-4.111169,-2.845749,0.000000,-0.298132685,0.000000000,0.000000000,0.954524438,1.422875,-2.055585,0.000000,0.020000000,-0.030000000,0.050000000,0.100000,-0.200000,0.100000
7499154695,-4.104004,-2.856072,0.000000,-0.299331876,0.000000000,0.000000000,0.954149060,1.428036,-2.052002,0.000000,0.020000000,-0.030000000,0.050000000,0.100000,-0.200000,0.100000
7503909764,-4.097202,-2.865822,0.000000,-0.300465926,0.000000000,0.000000000,0.953792550,1.432911,-2.048601,0.000000,0.020000000,-0.030000000,0.050000000,0.100000,-0.200000,0.100000
7509372757,-4.089359,-2.877002,0.000000,-0.301768285,0.000000000,0.000000000,0.953381299,1.438501,-2.044680,0.000000,0.020000000,-0.030000000,0.050000000,0.100000,-0.200000,0.100000
7514676717,-4.081715,-2.887837,0.000000,-0.303032194,0.000000000,0.000000000,0.952980320,1.443919,-2.040857,0.000000,0.020000000,-0.030000000,0.050000000,0.100000,-0.200000,0.100000
7519445657,-4.074817,-2.897562,0.000000,-0.304168155,0.000000000,0.000000000,0.952618357,1.448781,-2.037409,0.000000,0.020000000,-0.030000000,0.050000000,0.100000,-0.200000,0.100000
7524931430,-4.066854,-2.908728,0.000000,-0.305474330,0.000000000,0.000000000,0.952200312,1.454364,-2.033427,0.000000,0.020000000,-0.030000000,0.050000000,0.100000,-0.200000,0.100000
7529613473,-4.060034,-2.918240,0.000000,-0.306588681,0.000000000,0.000000000,0.951842098,1.459120,-2.030017,0.000000,0.020000000,-0.030000000,0.050000000,0.100000,-0.200000,0.100000
7534509617,-4.052878,-2.928171,0.000000,-0.307753540,0.000000000,0.000000000,0.951466110,1.464085,-2.026439,0.000000,0.020000000,-0.030000000,0.050000000,0.100000,-0.200000,0.100000
7539672945,-4.045305,-2.938624,0.000000,-0.308981467,0.000000000,0.000000000,0.951068059,1.469312,-2.022652,0.000000,0.020000000,-0.030000000,0.050000000,0.100000,-0.200000,0.100000
7544433876,-4.038298,-2.948245,0.000000,-0.310113240,0.000000000,0.000000000,0.950699626,1.474123,-2.019149,0.000000,0.020000000,-0.030000000,0.050000000,0.100000,-0.200000,0.100000
7549830127,-4.030328,-2.959131,0.000000,-0.311395511,0.000000000,0.000000000,0.950280399,1.479565,-2.015164,0.000000,0.020000000,-0.030000000,0.050000000,0.100000,-0.200000,0.100000
7554825974,-4.022924,-2.969189,0.000000,-0.312582131,0.000000000,0.000000000,0.949890736,1.484594,-2.011462,0.000000,0.020000000,-0.030000000,0.050000000,0.100000,-0.200000,0.100000
7560055202,-4.015147,-2.979697,0.000000,-0.313823663,0.000000000,0.000000000,0.949481284,1.489848,-2.007574,0.000000,0.020000000,-0.030000000,0.050000000,0.100000,-0.200000,0.100000
7565028099,-4.007726,-2.989671,0.000000,-0.315003838,0.000000000,0.000000000,0.949090397,1.494836,-2.003863,0.000000,0.020000000,-0.030000000,0.050000000,0.100000,-0.200000,0.100000
7569965958,-4.000332,-2.999557,0.000000,-0.316175216,0.000000000,0.000000000,0.948700813,1.499778,-2.000166,0.000000,0.020000000,-0.030000000,0.050000000,0.100000,-0.200000,0.100000
7574931421,-3.992873,-3.009479,0.000000,-0.317352657,0.000000000,0.000000000,0.948307593,1.504740,-1.996436,0.000000,0.020000000,-0.030000000,0.050000000,0.100000,-0.200000,0.100000
7579807944,-3.985523,-3.019206,0.000000,-0.318508532,0.000000000,0.000000000,0.947919994,1.509603,-1.992762,0.000000,0.020000000,-0.030000000,0.050000000,0.100000,-0.200000,0.100000
7585258611,-3.977280,-3.030057,0.000000,-0.319799935,0.000000000,0.000000000,0.947485093,1.515028,-1.988640,0.000000,0.020000000,-0.030000000,0.050000000,0.100000,-0.200000,0.100000
7590320948,-3.969598,-3.040114,0.000000,-0.320998801,0.000000000,0.000000000,0.947079601,1.520057,-1.984799,0.000000,0.020000000,-0.030000000,0.050000000,0.100000,-0.200000,0.100000
7595059601,-3.962384,-3.049511,0.000000,-0.322120545,0.000000000,0.000000000,0.946698661,1.524755,-1.981192,0.000000,0.020000000,-0.030000000,0.050000000,0.100000,-0.200000,0.100000
7600519239,-3.954044,-3.060316,0.000000,-0.323412403,0.000000000,0.000000000,0.946258114,1.530158,-1.977022,0.000000,0.020000000,-0.030000000,0.050000000,0.100000,-0.200000,0.100000
7605068136,-3.947073,-3.069301,0.000000,-0.324488301,0.000000000,0.000000000,0.945889709,1.534651,-1.973537,0.000000,0.020000000,-0.030000000,0.050000000,0.100000,-0.200000,0.100000
7610069864,-3.939385,-3.079163,0.000000,-0.325670818,0.000000000,0.000000000,0.945483219,1.539581,-1.969693,0.000000,0.020000000,-0.030000000,0.050000000,0.100000,-0.200000,0.100000
7614865626,-3.931990,-3.088600,0.000000,-0.326804162,0.000000000,0.000000000,0.945092080,1.544300,-1.965995,0.000000,0.020000000,-0.030000000,0.050000000,0.100000,-0.200000,0.100000
7620086838,-3.923914,-3.098855,0.000000,-0.328037515,0.000000000,0.000000000,0.944664697,1.549427,-1.961957,0.000000,0.020000000,-0.030000000,0.050000000,0.100000,-0.200000,0.100000
7625268265,-3.915872,-3.109010,0.000000,-0.329260917,0.000000000,0.000000000,0.944238979,1.554505,-1.957936,0.000000,0.020000000,-0.030000000,0.050000000,0.100000,-0.200000,0.100000
7630535154,-3.907672,-3.119311,0.000000,-0.330503932,0.000000000,0.000000000,0.943804615,1.559656,-1.953836,0.000000,0.020000000,-0.030000000,0.050000000,0.100000,-0.200000,0.100000
7635568752,-3.899808,-3.129136,0.000000,-0.331691353,0.000000000,0.000000000,0.943387962,1.564568,-1.949904,0.000000,0.020000000,-0.030000000,0.050000000,0.100000,-0.200000,0.100000
7640787500,-3.891630,-3.139302,0.000000,-0.332921896,0.000000000,0.000000000,0.942954406,1.569651,-1.945815,0.000000,0.020000000,-0.030000000,0.050000000,0.100000,-0.200000,0.100000
7646170511,-3.883167,-3.149765,0.000000,-0.334190578,0.000000000,0.000000000,0.942505521,1.574882,-1.941583,0.000000,0.020000000,-0.030000000,0.050000000,0.100000,-0.200000,0.100000
7650718755,-3.875994,-3.158587,0.000000,-0.335262048,0.000000000,0.000000000,0.942124917,1.579294,-1.937997,0.000000,0.020000000,-0.030000000,0.050000000,0.100000,-0.200000,0.100000
7655924786,-3.867759,-3.168666,0.000000,-0.336487946,0.000000000,0.000000000,0.941687773,1.584333,-1.933879,0.000000,0.020000000,-0.030000000,0.050000000,0.100000,-0.200000,0.100000
7660825855,-3.859982,-3.178134,0.000000,-0.337641513,0.000000000,0.000000000,0.941274779,1.589067,-1.929991,0.000000,0.020000000,-0.030000000,0.050000000,0.100000,-0.200000,0.100000
7665650070,-3.852305,-3.187436,0.000000,-0.338776495,0.000000000,0.000000000,0.940866880,1.593718,-1.926152,0.000000,0.020000000,-0.030000000,0.050000000,0.100000,-0.200000,0.100000
7670925906,-3.843883,-3.197587,0.000000,-0.340017165,0.000000000,0.000000000,0.940419230,1.598793,-1.921942,0.000000,0.020000000,-0.030000000,0.050000000,0.100000,-0.200000,0.100000
7675662138,-3.836300,-3.206681,0.000000,-0.341130437,0.000000000,0.000000000,0.940015971,1.603340,-1.918150,0.000000,0.020000000,-0.030000000,0.050000000,0.100000,-0.200000,0.100000
7681008079,-3.827715,-3.216923,0.000000,-0.342386449,0.000000000,0.000000000,0.939559215,1.608462,-1.913858,0.000000,0.020000000,-0.030000000,0.050000000,0.100000,-0.200000,0.100000
7685569260,-3.820369,-3.225645,0.000000,-0.343457602,0.000000000,0.000000000,0.939168183,1.612822,-1.910184,0.000000,0.020000000,-0.030000000,0.050000000,0.100000,-0.200000,0.100000
7690148295,-3.812974,-3.234383,0.000000,-0.344532497,0.000000000,0.000000000,0.938774392,1.617191,-1.906487,0.000000,0.020000000,-0.030000000,0.050000000,0.100000,-0.200000,0.100000
7695049021,-3.805037,-3.243716,0.000000,-0.345682407,0.000000000,0.000000000,0.938351572,1.621858,-1.902518,0.000000,0.020000000,-0.030000000,0.050000000,0.100000,-0.200000,0.100000
7700201794,-3.796667,-3.253509,0.000000,-0.346890898,0.000000000,0.000000000,0.937905488,1.626754,-1.898334,0.000000,0.020000000,-0.030000000,0.050000000,0.100000,-0.200000,0.100000
7704916153,-3.788987,-3.262449,0.000000,-0.347996063,0.000000000,0.000000000,0.937495995,1.631225,-1.894494,0.000000,0.020000000,-0.030000000,0.050000000,0.100000,-0.200000,0.100000
7709860852,-3.780910,-3.271807,0.000000,-0.349154706,0.000000000,0.000000000,0.937065095,1.635903,-1.890455,0.000000,0.020000000,-0.030000000,0.050000000,0.100000,-0.200000,0.100000
7714426365,-3.773431,-3.280429,0.000000,-0.350224024,0.000000000,0.000000000,0.936665967,1.640215,-1.886716,0.000000,0.020000000,-0.030000000,0.050000000,0.100000,-0.200000,0.100000
7719260765,-3.765491,-3.289541,0.000000,-0.351355822,0.000000000,0.000000000,0.936242002,1.644770,-1.882745,0.000000,0.020000000,-0.030000000,0.050000000,0.100000,-0.200000,0.100000
7724458303,-3.756929,-3.299315,0.000000,-0.352572064,0.000000000,0.000000000,0.935784665,1.649658,-1.878465,0.000000,0.020000000,-0.030000000,0.050000000,0.100000,-0.200000,0.100000
7729942300,-3.747869,-3.309604,0.000000,-0.353854692,0.000000000,0.000000000,0.935300410,1.654802,-1.873934,0.000000,0.020000000,-0.030000000,0.050000000,0.100000,-0.200000,0.100000
7735106893,-3.739310,-3.319271,0.000000,-0.355062008,0.000000000,0.000000000,0.934842752,1.659636,-1.869655,0.000000,0.020000000,-0.030000000,0.050000000,0.100000,-0.200000,0.100000
7740040653,-3.731110,-3.328486,0.000000,-0.356214810,0.000000000,0.000000000,0.934404093,1.664243,-1.865555,0.000000,0.020000000,-0.030000000,0.050000000,0.100000,-0.200000,0.100000
7744657444,-3.723417,-3.337090,0.000000,-0.357293060,0.000000000,0.000000000,0.933992328,1.668545,-1.861708,0.000000,0.020000000,-0.030000000,0.050000000,0.100000,-0.200000,0.100000
7749197778,-3.715831,-3.345534,0.000000,-0.358352989,0.000000000,0.000000000,0.933586169,1.672767,-1.857916,0.000000,0.020000000,-0.030000000,0.050000000,0.100000,-0.200000,0.100000
7754390224,-3.707133,-3.355170,0.000000,-0.359564585,0.000000000,0.000000000,0.933120201,1.677585,-1.853567,0.000000,0.020000000,-0.030000000,0.050000000,0.100000,-0.200000,0.100000
7758952230,-3.699470,-3.363617,0.000000,-0.360628576,0.000000000,0.000000000,0.932709510,1.681809,-1.849735,0.000000,0.020000000,-0.030000000,0.050000000,0.100000,-0.200000,0.100000
7763845991,-3.691229,-3.372659,0.000000,-0.361769421,0.000000000,0.000000000,0.932267604,1.686330,-1.845614,0.000000,0.020000000,-0.030000000,0.050000000,0.100000,-0.200000,0.100000
7769257267,-3.682090,-3.382634,0.000000,-0.363030278,0.000000000,0.000000000,0.931777343,1.691317,-1.841045,0.000000,0.020000000,-0.030000000,0.050000000,0.100000,-0.200000,0.100000
7774318507,-3.673518,-3.391941,0.000000,-0.364208975,0.000000000,0.000000000,0.931317251,1.695971,-1.836759,0.000000,0.020000000,-0.030000000,0.050000000,0.100000,-0.200000,0.100000
7779169533,-3.665280,-3.400841,0.000000,-0.365338167,0.000000000,0.000000000,0.930874870,1.700421,-1.832640,0.000000,0.020000000,-0.030000000,0.050000000,0.100000,-0.200000,0.100000
7784649850,-3.655948,-3.410872,0.000000,-0.366613197,0.000000000,0.000000000,0.930373454,1.705436,-1.827974,0.000000,0.020000000,-0.030000000,0.050000000,0.100000,-0.200000,0.100000
7789175858,-3.648219,-3.419137,0.000000,-0.367665681,0.000000000,0.000000000,0.929958035,1.709568,-1.824110,0.000000,0.020000000,-0.030000000,0.050000000,0.100000,-0.200000,0.100000
7794026192,-3.639917,-3.427974,0.000000,-0.368793062,0.000000000,0.000000000,0.929511526,1.713987,-1.819958,0.000000,0.020000000,-0.030000000,0.050000000,0.100000,-0.200000,0.100000
7798708518,-3.631881,-3.436486,0.000000,-0.369880878,0.000000000,0.000000000,0.929079187,1.718243,-1.815941,0.000000,0.020000000,-0.030000000,0.050000000,0.100000,-0.200000,0.100000
7804164737,-3.622493,-3.446382,0.000000,-0.371147849,0.000000000,0.000000000,0.928573785,1.723191,-1.811246,0.000000,0.020000000,-0.030000000,0.050000000,0.100000,-0.200000,0.100000
7808963223,-3.614214,-3.455063,0.000000,-0.372261518,0.000000000,0.000000000,0.928127880,1.727531,-1.807107,0.000000,0.020000000,-0.030000000,0.050000000,0.100000,-0.200000,0.100000
7813567651,-3.606250,-3.463374,0.000000,-0.373329646,0.000000000,0.000000000,0.927698752,1.731687,-1.803125,0.000000,0.020000000,-0.030000000,0.050000000,0.100000,-0.200000,0.100000
7818548133,-3.597614,-3.472344,0.000000,-0.374484453,0.000000000,0.000000000,0.927233193,1.736172,-1.798807,0.000000,0.020000000,-0.030000000,0.050000000,0.100000,-0.200000,0.100000
7824028513,-3.588086,-3.482189,0.000000,-0.375754499,0.000000000,0.000000000,0.926719244,1.741095,-1.794043,0.000000,0.020000000,-0.030000000,0.050000000,0.100000,-0.200000,0.100000
7829123718,-3.579203,-3.491319,0.000000,-0.376934650,0.000000000,0.000000000,0.926239855,1.745659,-1.789601,0.000000,0.020000000,-0.030000000,0.050000000,0.100000,-0.200000,0.100000
7834034041,-3.570620,-3.500096,0.000000,-0.378071400,0.000000000,0.000000000,0.925776440,1.750048,-1.785310,0.000000,0.020000000,-0.030000000,0.050000000,0.100000,-0.200000,0.100000
7838572106,-3.562669,-3.508189,0.000000,-0.379121465,0.000000000,0.000000000,0.925346916,1.754094,-1.781335,0.000000,0.020000000,-0.030000000,0.050000000,0.100000,-0.200000,0.100000
7843091530,-3.554733,-3.516230,0.000000,-0.380166731,0.000000000,0.000000000,0.924917973,1.758115,-1.777366,0.000000,0.020000000,-0.030000000,0.050000000,0.100000,-0.200000,0.100000
7848358390,-3.545461,-3.525579,0.000000,-0.381384255,0.000000000,0.000000000,0.924416600,1.762790,-1.772730,0.000000,0.020000000,-0.030000000,0.050000000,0.100000,-0.200000,0.100000
7853371449,-3.536612,-3.534455,0.000000,-0.382542493,0.000000000,0.000000000,0.923937899,1.767228,-1.768306,0.000000,0.020000000,-0.030000000,0.050000000,0.100000,-0.200000,0.100000
7857875424,-3.528644,-3.542411,0.000000,-0.383582599,0.000000000,0.000000000,0.923506573,1.771205,-1.764322,0.000000,0.020000000,-0.030000000,0.050000000,0.100000,-0.200000,0.100000
7863289906,-3.519041,-3.551950,0.000000,-0.384832325,0.000000000,0.000000000,0.922986501,1.775975,-1.759520,0.000000,0.020000000,-0.030000000,0.050000000,0.100000,-0.200000,0.100000
7868455347,-3.509855,-3.561027,0.000000,-0.386023912,0.000000000,0.000000000,0.922488775,1.780514,-1.754928,0.000000,0.020000000,-0.030000000,0.050000000,0.100000,-0.200000,0.100000
7873183789,-3.501427,-3.569315,0.000000,-0.387114125,0.000000000,0.000000000,0.922031808,1.784658,-1.750713,0.000000,0.020000000,-0.030000000,0.050000000,0.100000,-0.200000,0.100000
7878593044,-3.491760,-3.578772,0.000000,-0.388360647,0.000000000,0.000000000,0.921507465,1.789386,-1.745880,0.000000,0.020000000,-0.030000000,0.050000000,0.100000,-0.200000,0.100000
7884073283,-3.481941,-3.588327,0.000000,-0.389622803,0.000000000,0.000000000,0.920974523,1.794163,-1.740970,0.000000,0.020000000,-0.030000000,0.050000000,0.100000,-0.200000,0.100000
7889539251,-3.472121,-3.597829,0.000000,-0.390880943,0.000000000,0.000000000,0.920441247,1.798915,-1.736060,0.000000,0.020000000,-0.030000000,0.050000000,0.100000,-0.200000,0.100000
7894478326,-3.463225,-3.606393,0.000000,-0.392017177,0.000000000,0.000000000,0.919957898,1.803196,-1.731613,0.000000,0.020000000,-0.030000000,0.050000000,0.100000,-0.200000,0.100000
7899167704,-3.454760,-3.614503,0.000000,-0.393095415,0.000000000,0.000000000,0.919497686,1.807252,-1.727380,0.000000,0.020000000,-0.030000000,0.050000000,0.100000,-0.200000,0.100000
7903672108,-3.446611,-3.622275,0.000000,-0.394130612,0.000000000,0.000000000,0.919054438,1.811137,-1.723305,0.000000,0.020000000,-0.030000000,0.050000000,0.100000,-0.200000,0.100000
7908593207,-3.437687,-3.630744,0.000000,-0.395261003,0.000000000,0.000000000,0.918568854,1.815372,-1.718844,0.000000,0.020000000,-0.030000000,0.050000000,0.100000,-0.200000,0.100000
7913791199,-3.428240,-3.639667,0.000000,-0.396454348,0.000000000,0.000000000,0.918054438,1.819833,-1.714120,0.000000,0.020000000,-0.030000000,0.050000000,0.100000,-0.200000,0.100000
7919043949,-3.418669,-3.648658,0.000000,-0.397659583,0.000000000,0.000000000,0.917533027,1.824329,-1.709334,0.000000,0.020000000,-0.030000000,0.050000000,0.100000,-0.200000,0.100000
7924229792,-3.409196,-3.657510,0.000000,-0.398848794,0.000000000,0.000000000,0.917016706,1.828755,-1.704598,0.000000,0.020000000,-0.030000000,0.050000000,0.100000,-0.200000,0.100000
7929144335,-3.400199,-3.665876,0.000000,-0.399975172,0.000000000,0.000000000,0.916525974,1.832938,-1.700099,0.000000,0.020000000,-0.030000000,0.050000000,0.100000,-0.200000,0.100000
7934251473,-3.390826,-3.674547,0.000000,-0.401145052,0.000000000,0.000000000,0.916014545,1.837274,-1.695413,0.000000,0.020000000,-0.030000000,0.050000000,0.100000,-0.200000,0.100000
7939339463,-3.381467,-3.683161,0.000000,-0.402309896,0.000000000,0.000000000,0.915503549,1.841581,-1.690734,0.000000,0.020000000,-0.030000000,0.050000000,0.100000,-0.200000,0.100000
7944135835,-3.372625,-3.691260,0.000000,-0.403407380,0.000000000,0.000000000,0.915020484,1.845630,-1.686312,0.000000,0.020000000,-0.030000000,0.050000000,0.100000,-0.200000,0.100000
7949379684,-3.362935,-3.700090,0.000000,-0.404606590,0.000000000,0.000000000,0.914490846,1.850045,-1.681468,0.000000,0.020000000,-0.030000000,0.050000000,0.100000,-0.200000,0.100000
7954414276,-3.353610,-3.708544,0.000000,-0.405757292,0.000000000,0.000000000,0.913980864,1.854272,-1.676805,0.000000,0.020000000,-0.030000000,0.050000000,0.100000,-0.200000,0.100000
7959021336,-3.345059,-3.716259,0.000000,-0.406809713,0.000000000,0.000000000,0.913512921,1.858130,-1.672529,0.000000,0.020000000,-0.030000000,0.050000000,0.100000,-0.200000,0.100000
7964037572,-3.335727,-3.724637,0.000000,-0.407954992,0.000000000,0.000000000,0.913002040,1.862319,-1.667864,0.000000,0.020000000,-0.030000000,0.050000000,0.100000,-0.200000,0.100000
7968615235,-3.327193,-3.732263,0.000000,-0.408999579,0.000000000,0.000000000,0.912534572,1.866131,-1.663597,0.000000,0.020000000,-0.030000000,0.050000000,0.100000,-0.200000,0.100000
7973149057,-3.318724,-3.739795,0.000000,-0.410033633,0.000000000,0.000000000,0.912070403,1.869898,-1.659362,0.000000,0.020000000,-0.030000000,0.050000000,0.100000,-0.200000,0.100000
7978073781,-3.309505,-3.747956,0.000000,-0.411156246,0.000000000,0.000000000,0.911564886,1.873978,-1.654753,0.000000,0.020000000,-0.030000000,0.050000000,0.100000,-0.200000,0.100000
7983367951,-3.299573,-3.756703,0.000000,-0.412362380,0.000000000,0.000000000,0.911019905,1.878352,-1.649786,0.000000,0.020000000,-0.030000000,0.050000000,0.100000,-0.200000,0.100000
7987985129,-3.290891,-3.764311,0.000000,-0.413413691,0.000000000,0.000000000,0.910543311,1.882155,-1.645446,0.000000,0.020000000,-0.030000000,0.050000000,0.100000,-0.200000,0.100000
7992862220,-3.281702,-3.772324,0.000000,-0.414523584,0.000000000,0.000000000,0.910038570,1.886162,-1.640851,0.000000,0.020000000,-0.030000000,0.050000000,0.100000,-0.200000,0.100000
7998318563,-3.271398,-3.781263,0.000000,-0.415764568,0.000000000,0.000000000,0.909472278,1.890632,-1.635699,0.000000,0.020000000,-0.030000000,0.050000000,0.100000,-0.200000,0.100000
8003455335,-3.261676,-3.789653,0.000000,-0.416932163,0.000000000,0.000000000,0.908937606,1.894827,-1.630838,0.000000,0.020000000,-0.030000000,0.050000000,0.100000,-0.200000,0.100000
8008617542,-3.251883,-3.798059,0.000000,-0.418104846,0.000000000,0.000000000,0.908398777,1.899030,-1.625942,0.000000,0.020000000,-0.030000000,0.050000000,0.100000,-0.200000,0.100000
8013528048,-3.242548,-3.806032,0.000000,-0.419219705,0.000000000,0.000000000,0.907884816,1.903016,-1.621274,0.000000,0.020000000,-0.030000000,0.050000000,0.100000,-0.200000,0.100000
8018277833,-3.233500,-3.813722,0.000000,-0.420297474,0.000000000,0.000000000,0.907386375,1.906861,-1.616750,0.000000,0.020000000,-0.030000000,0.050000000,0.100000,-0.200000,0.100000
8023185899,-3.224132,-3.821646,0.000000,-0.421410536,0.000000000,0.000000000,0.906869980,1.910823,-1.612066,0.000000,0.020000000,-0.030000000,0.050000000,0.100000,-0.200000,0.100000
8027884670,-3.215144,-3.829210,0.000000,-0.422475538,0.000000000,0.000000000,0.906374326,1.914605,-1.607572,0.000000,0.020000000,-0.030000000,0.050000000,0.100000,-0.200000,0.100000
8032808461,-3.205707,-3.837114,0.000000,-0.423590917,0.000000000,0.000000000,0.905853595,1.918557,-1.602854,0.000000,0.020000000,-0.030000000,0.050000000,0.100000,-0.200000,0.100000
8038185535,-3.195380,-3.845718,0.000000,-0.424808245,0.000000000,0.000000000,0.905283356,1.922859,-1.597690,0.000000,0.020000000,-0.030000000,0.050000000,0.100000,-0.200000,0.100000
8042857521,-3.186387,-3.853172,0.000000,-0.425865322,0.000000000,0.000000000,0.904786564,1.926586,-1.593194,0.000000,0.020000000,-0.030000000,0.050000000,0.100000,-0.200000,0.100000
8048092721,-3.176290,-3.861500,0.000000,-0.427049142,0.000000000,0.000000000,0.904228417,1.930750,-1.588145,0.000000,0.020000000,-0.030000000,0.050000000,0.100000,-0.200000,0.100000
8053361335,-3.166107,-3.869854,0.000000,-0.428239779,0.000000000,0.000000000,0.903665144,1.934927,-1.583053,0.000000,0.020000000,-0.030000000,0.050000000,0.100000,-0.200000,0.100000
8058587025,-3.155985,-3.878113,0.000000,-0.429419981,0.000000000,0.000000000,0.903104911,1.939056,-1.577992,0.000000,0.020000000,-0.030000000,0.050000000,0.100000,-0.200000,0.100000
8063604307,-3.146246,-3.886018,0.000000,-0.430552426,0.000000000,0.000000000,0.902565570,1.943009,-1.573123,0.000000,0.020000000,-0.030000000,0.050000000,0.100000,-0.200000,0.100000
8068825351,-3.136091,-3.894218,0.000000,-0.431730143,0.000000000,0.000000000,0.902002818,1.947109,-1.568045,0.000000,0.020000000,-0.030000000,0.050000000,0.100000,-0.200000,0.100000
8073930632,-3.126140,-3.902211,0.000000,-0.432881035,0.000000000,0.000000000,0.901451058,1.951105,-1.563070,0.000000,0.020000000,-0.030000000,0.050000000,0.100000,-0.200000,0.100000
8079079039,-3.116085,-3.910245,0.000000,-0.434040936,0.000000000,0.000000000,0.900893149,1.955123,-1.558042,0.000000,0.020000000,-0.030000000,0.050000000,0.100000,-0.200000,0.100000
8084475926,-3.105522,-3.918639,0.000000,-0.435256045,0.000000000,0.000000000,0.900306712,1.959320,-1.552761,0.000000,0.020000000,-0.030000000,0.050000000,0.100000,-0.200000,0.100000
8089693249,-3.095289,-3.926727,0.000000,-0.436429972,0.000000000,0.000000000,0.899738228,1.963364,-1.547644,0.000000,0.020000000,-0.030000000,0.050000000,0.100000,-0.200000,0.100000
8094999697,-3.084859,-3.934926,0.000000,-0.437623191,0.000000000,0.000000000,0.899158464,1.967463,-1.542430,0.000000,0.020000000,-0.030000000,0.050000000,0.100000,-0.200000,0.100000
8100367628,-3.074287,-3.943191,0.000000,-0.438829452,0.000000000,0.000000000,0.898570371,1.971596,-1.537144,0.000000,0.020000000,-0.030000000,0.050000000,0.100000,-0.200000,0.100000
8105860276,-3.063446,-3.951620,0.000000,-0.440062921,0.000000000,0.000000000,0.897966940,1.975810,-1.531723,0.000000,0.020000000,-0.030000000,0.050000000,0.100000,-0.200000,0.100000
8111111918,-3.053059,-3.959650,0.000000,-0.441241491,0.000000000,0.000000000,0.897388403,1.979825,-1.526530,0.000000,0.020000000,-0.030000000,0.050000000,0.100000,-0.200000,0.100000
8116001283,-3.043370,-3.967102,0.000000,-0.442338076,0.000000000,0.000000000,0.896848385,1.983551,-1.521685,0.000000,0.020000000,-0.030000000,0.050000000,0.100000,-0.200000,0.100000
8120502607,-3.034434,-3.973941,0.000000,-0.443347047,0.000000000,0.000000000,0.896350041,1.986971,-1.517217,0.000000,0.020000000,-0.030000000,0.050000000,0.100000,-0.200000,0.100000
8125217765,-3.025057,-3.981084,0.000000,-0.444403347,0.000000000,0.000000000,0.895826805,1.990542,-1.512528,0.000000,0.020000000,-0.030000000,0.050000000,0.100000,-0.200000,0.100000
8129920414,-3.015687,-3.988186,0.000000,-0.445456229,0.000000000,0.000000000,0.895303718,1.994093,-1.507844,0.000000,0.020000000,-0.030000000,0.050000000,0.100000,-0.200000,0.100000
8134587591,-3.006372,-3.995213,0.000000,-0.446500561,0.000000000,0.000000000,0.894783353,1.997606,-1.503186,0.000000,0.020000000,-0.030000000,0.050000000,0.100000,-0.200000,0.100000
8139498412,-2.996554,-4.002583,0.000000,-0.447598754,0.000000000,0.000000000,0.894234508,2.001291,-1.498277,0.000000,0.020000000,-0.030000000,0.050000000,0.100000,-0.200000,0.100000
8144714330,-2.986105,-4.010384,0.000000,-0.448764437,0.000000000,0.000000000,0.893650088,2.005192,-1.493052,0.000000,0.020000000,-0.030000000,0.050000000,0.100000,-0.200000,0.100000
8150086651,-2.975322,-4.018390,0.000000,-0.449964276,0.000000000,0.000000000,0.893046556,2.009195,-1.487661,0.000000,0.020000000,-0.030000000,0.050000000,0.100000,-0.200000,0.100000
8154801948,-2.965839,-4.025394,0.000000,-0.451016708,0.000000000,0.000000000,0.892515506,2.012697,-1.482920,0.000000,0.020000000,-0.030000000,0.050000000,0.100000,-0.200000,0.100000
8159694716,-2.955983,-4.032638,0.000000,-0.452108088,0.000000000,0.000000000,0.891963159,2.016319,-1.477991,0.000000,0.020000000,-0.030000000,0.050000000,0.100000,-0.200000,0.100000
8164524905,-2.946235,-4.039765,0.000000,-0.453184846,0.000000000,0.000000000,0.891416567,2.019882,-1.473117,0.000000,0.020000000,-0.030000000,0.050000000,0.100000,-0.200000,0.100000
8169909115,-2.935349,-4.047682,0.000000,-0.454384328,0.000000000,0.000000000,0.890805749,2.023841,-1.467674,0.000000,0.020000000,-0.030000000,0.050000000,0.100000,-0.200000,0.100000
8174420098,-2.926212,-4.054292,0.000000,-0.455388642,0.000000000,0.000000000,0.890292752,2.027146,-1.463106,0.000000,0.020000000,-0.030000000,0.050000000,0.100000,-0.200000,0.100000
8179768900,-2.915359,-4.062103,0.000000,-0.456578734,0.000000000,0.000000000,0.889683011,2.031052,-1.457679,0.000000,0.020000000,-0.030000000,0.050000000,0.100000,-0.200000,0.100000
8184829556,-2.905071,-4.069467,0.000000,-0.457703963,0.000000000,0.000000000,0.889104652,2.034734,-1.452535,0.000000,0.020000000,-0.030000000,0.050000000,0.100000,-0.200000,0.100000
8189851499,-2.894843,-4.076749,0.000000,-0.458819860,0.000000000,0.000000000,0.888529311,2.038374,-1.447422,0.000000,0.020000000,-0.030000000,0.050000000,0.100000,-0.200000,0.100000
8194898630,-2.884546,-4.084041,0.000000,-0.459940626,0.000000000,0.000000000,0.887949672,2.042021,-1.442273,0.000000,0.020000000,-0.030000000,0.050000000,0.100000,-0.200000,0.100000
8199428981,-2.875288,-4.090565,0.000000,-0.460946011,0.000000000,0.000000000,0.887428180,2.045282,-1.437644,0.000000,0.020000000,-0.030000000,0.050000000,0.100000,-0.200000,0.100000
8204356674,-2.865201,-4.097637,0.000000,-0.462038905,0.000000000,0.000000000,0.886859657,2.048818,-1.432600,0.000000,0.020000000,-0.030000000,0.050000000,0.100000,-0.200000,0.100000
8209505150,-2.854643,-4.104999,0.000000,-0.463180016,0.000000000,0.000000000,0.886264223,2.052499,-1.427321,0.000000,0.020000000,-0.030000000,0.050000000,0.100000,-0.200000,0.100000
8214978628,-2.843398,-4.112796,0.000000,-0.464392319,0.000000000,0.000000000,0.885629592,2.056398,-1.421699,0.000000,0.020000000,-0.030000000,0.050000000,0.100000,-0.200000,0.100000
8219603431,-2.833880,-4.119360,0.000000,-0.465415974,0.000000000,0.000000000,0.885092069,2.059680,-1.416940,0.000000,0.020000000,-0.030000000,0.050000000,0.100000,-0.200000,0.100000
8224628503,-2.823521,-4.126467,0.000000,-0.466527519,0.000000000,0.000000000,0.884506684,2.063234,-1.411760,0.000000,0.020000000,-0.030000000,0.050000000,0.100000,-0.200000,0.100000
8229755817,-2.812933,-4.133692,0.000000,-0.467660921,0.000000000,0.000000000,0.883907949,2.066846,-1.406466,0.000000,0.020000000,-0.030000000,0.050000000,0.100000,-0.200000,0.100000
8234581538,-2.802950,-4.140467,0.000000,-0.468726954,0.000000000,0.000000000,0.883343106,2.070234,-1.401475,0.000000,0.020000000,-0.030000000,0.050000000,0.100000,-0.200000,0.100000
8239096967,-2.793595,-4.146785,0.000000,-0.469723823,0.000000000,0.000000000,0.882813417,2.073392,-1.396798,0.000000,0.020000000,-0.030000000,0.050000000,0.100000,-0.200000,0.100000
8244432887,-2.782522,-4.154223,0.000000,-0.470901060,0.000000000,0.000000000,0.882186030,2.077112,-1.391261,0.000000,0.020000000,-0.030000000,0.050000000,0.100000,-0.200000,0.100000
8249846048,-2.771268,-4.161739,0.000000,-0.472094483,0.000000000,0.000000000,0.881547956,2.080870,-1.385634,0.000000,0.020000000,-0.030000000,0.050000000,0.100000,-0.200000,0.100000
8254546922,-2.761478,-4.168241,0.000000,-0.473130168,0.000000000,0.000000000,0.880992534,2.084121,-1.380739,0.000000,0.020000000,-0.030000000,0.050000000,0.100000,-0.200000,0.100000
8259940013,-2.750229,-4.175673,0.000000,-0.474317556,0.000000000,0.000000000,0.880353825,2.087836,-1.375114,0.000000,0.020000000,-0.030000000,0.050000000,0.100000,-0.200000,0.100000
8264576356,-2.740541,-4.182037,0.000000,-0.475337642,0.000000000,0.000000000,0.879803459,2.091019,-1.370271,0.000000,0.020000000,-0.030000000,0.050000000,0.100000,-0.200000,0.100000
8269954765,-2.729285,-4.189392,0.000000,-0.476520198,0.000000000,0.000000000,0.879163523,2.094696,-1.364643,0.000000,0.020000000,-0.030000000,0.050000000,0.100000,-0.200000,0.100000
8275363738,-2.717945,-4.196758,0.000000,-0.477708605,0.000000000,0.000000000,0.878518349,2.098379,-1.358972,0.000000,0.020000000,-0.030000000,0.050000000,0.100000,-0.200000,0.100000
8279890504,-2.708439,-4.202899,0.000000,-0.478702511,0.000000000,0.000000000,0.877977167,2.101449,-1.354220,0.000000,0.020000000,-0.030000000,0.050000000,0.100000,-0.200000,0.100000
8285039872,-2.697609,-4.209858,0.000000,-0.479832370,0.000000000,0.000000000,0.877360186,2.104929,-1.348804,0.000000,0.020000000,-0.030000000,0.050000000,0.100000,-0.200000,0.100000
8289593327,-2.688017,-4.215989,0.000000,-0.480830814,0.000000000,0.000000000,0.876813394,2.107994,-1.344009,0.000000,0.020000000,-0.030000000,0.050000000,0.100000,-0.200000,0.100000
8294920902,-2.676777,-4.223134,0.000000,-0.481998210,0.000000000,0.000000000,0.876172201,2.111567,-1.338389,0.000000,0.020000000,-0.030000000,0.050000000,0.100000,-0.200000,0.100000
8299808707,-2.666448,-4.229663,0.000000,-0.483068490,0.000000000,0.000000000,0.875582569,2.114832,-1.333224,0.000000,0.020000000,-0.030000000,0.050000000,0.100000,-0.200000,0.100000
8305228890,-2.654976,-4.236874,0.000000,-0.484254500,0.000000000,0.000000000,0.874927185,2.118437,-1.327488,0.000000,0.020000000,-0.030000000,0.050000000,0.100000,-0.200000,0.100000
8309740983,-2.645410,-4.242853,0.000000,-0.485241130,0.000000000,0.000000000,0.874380378,2.121427,-1.322705,0.000000,0.020000000,-0.030000000,0.050000000,0.100000,-0.200000,0.100000
8314919039,-2.634417,-4.249688,0.000000,-0.486372621,0.000000000,0.000000000,0.873751494,2.124844,-1.317208,0.000000,0.020000000,-0.030000000,0.050000000,0.100000,-0.200000,0.100000
8319943724,-2.623732,-4.256293,0.000000,-0.487469818,0.000000000,0.000000000,0.873139838,2.128147,-1.311866,0.000000,0.020000000,-0.030000000,0.050000000,0.100000,-0.200000,0.100000
8325278159,-2.612370,-4.263276,0.000000,-0.488633811,0.000000000,0.000000000,0.872488968,2.131638,-1.306185,0.000000,0.020000000,-0.030000000,0.050000000,0.100000,-0.200000,0.100000
8330043773,-2.602204,-4.269489,0.000000,-0.489672951,0.000000000,0.000000000,0.871906188,2.134744,-1.301102,0.000000,0.020000000,-0.030000000,0.050000000,0.100000,-0.200000,0.100000
8335188458,-2.591213,-4.276168,0.000000,-0.490793966,0.000000000,0.000000000,0.871275664,2.138084,-1.295606,0.000000,0.020000000,-0.030000000,0.050000000,0.100000,-0.200000,0.100000
8340405386,-2.580050,-4.282913,0.000000,-0.491929894,0.000000000,0.000000000,0.870634814,2.141456,-1.290025,0.000000,0.020000000,-0.030000000,0.050000000,0.100000,-0.200000,0.100000
8345438301,-2.569264,-4.289392,0.000000,-0.493024962,0.000000000,0.000000000,0.870015165,2.144696,-1.284632,0.000000,0.020000000,-0.030000000,0.050000000,0.100000,-0.200000,0.100000
8350764118,-2.557833,-4.296218,0.000000,-0.494182910,0.000000000,0.000000000,0.869357954,2.148109,-1.278916,0.000000,0.020000000,-0.030000000,0.050000000,0.100000,-0.200000,0.100000
8355331530,-2.548015,-4.302049,0.000000,-0.495175267,0.000000000,0.000000000,0.868793103,2.151024,-1.274007,0.000000,0.020000000,-0.030000000,0.050000000,0.100000,-0.200000,0.100000
8360184368,-2.537568,-4.308218,0.000000,-0.496228930,0.000000000,0.000000000,0.868191712,2.154109,-1.268784,0.000000,0.020000000,-0.030000000,0.050000000,0.100000,-0.200000,0.100000
8364756957,-2.527712,-4.314009,0.000000,-0.497221076,0.000000000,0.000000000,0.867623882,2.157004,-1.263856,0.000000,0.020000000,-0.030000000,0.050000000,0.100000,-0.200000,0.100000
8369516210,-2.517439,-4.320012,0.000000,-0.498253035,0.000000000,0.000000000,0.867031668,2.160006,-1.258720,0.000000,0.020000000,-0.030000000,0.050000000,0.100000,-0.200000,0.100000
8374571555,-2.506512,-4.326361,0.000000,-0.499348422,0.000000000,0.000000000,0.866401266,2.163181,-1.253256,0.000000,0.020000000,-0.030000000,0.050000000,0.100000,-0.200000,0.100000
8379945060,-2.494879,-4.333080,0.000000,-0.500511875,0.000000000,0.000000000,0.865729671,2.166540,-1.247439,0.000000,0.020000000,-0.030000000,0.050000000,0.100000,-0.200000,0.100000
8385342451,-2.483176,-4.339797,0.000000,-0.501679589,0.000000000,0.000000000,0.865053519,2.169898,-1.241588,0.000000,0.020000000,-0.030000000,0.050000000,0.100000,-0.200000,0.100000
8390033350,-2.472990,-4.345609,0.000000,-0.502693713,0.000000000,0.000000000,0.864464592,2.172805,-1.236495,0.000000,0.020000000,-0.030000000,0.050000000,0.100000,-0.200000,0.100000
8395009456,-2.462171,-4.351749,0.000000,-0.503768741,0.000000000,0.000000000,0.863838559,2.175874,-1.231085,0.000000,0.020000000,-0.030000000,0.050000000,0.100000,-0.200000,0.100000
8399648909,-2.452069,-4.357448,0.000000,-0.504770336,0.000000000,0.000000000,0.863253675,2.178724,-1.226035,0.000000,0.020000000,-0.030000000,0.050000000,0.100000,-0.200000,0.100000
8404412893,-2.441683,-4.363277,0.000000,-0.505798110,0.000000000,0.000000000,0.862651883,2.181638,-1.220841,0.000000,0.020000000,-0.030000000,0.050000000,0.100000,-0.200000,0.100000
8409353956,-2.430896,-4.369296,0.000000,-0.506863328,0.000000000,0.000000000,0.862026430,2.184648,-1.215448,0.000000,0.020000000,-0.030000000,0.050000000,0.100000,-0.200000,0.100000
8414210684,-2.420278,-4.375186,0.000000,-0.507909611,0.000000000,0.000000000,0.861410371,2.187593,-1.210139,0.000000,0.020000000,-0.030000000,0.050000000,0.100000,-0.200000,0.100000
8418934362,-2.409938,-4.380890,0.000000,-0.508926513,0.000000000,0.000000000,0.860809970,2.190445,-1.204969,0.000000,0.020000000,-0.030000000,0.050000000,0.100000,-0.200000,0.100000
8423954411,-2.398934,-4.386925,0.000000,-0.510006439,0.000000000,0.000000000,0.860170583,2.193463,-1.199467,0.000000,0.020000000,-0.030000000,0.050000000,0.100000,-0.200000,0.100000
8428910119,-2.388057,-4.392856,0.000000,-0.511071736,0.000000000,0.000000000,0.859538062,2.196428,-1.194028,0.000000,0.020000000,-0.030000000,0.050000000,0.100000,-0.200000,0.100000
8434064746,-2.376727,-4.398996,0.000000,-0.512178961,0.000000000,0.000000000,0.858878753,2.199498,-1.188364,0.000000,0.020000000,-0.030000000,0.050000000,0.100000,-0.200000,0.100000
8439000349,-2.365864,-4.404848,0.000000,-0.513238342,0.000000000,0.000000000,0.858246121,2.202424,-1.182932,0.000000,0.020000000,-0.030000000,0.050000000,0.100000,-0.200000,0.100000
8444145878,-2.354524,-4.410920,0.000000,-0.514341949,0.000000000,0.000000000,0.857585191,2.205460,-1.177262,0.000000,0.020000000,-0.030000000,0.050000000,0.100000,-0.200000,0.100000
8448973095,-2.343871,-4.416590,0.000000,-0.515376512,0.000000000,0.000000000,0.856963856,2.208295,-1.171935,0.000000,0.020000000,-0.030000000,0.050000000,0.100000,-0.200000,0.100000
8454121285,-2.332494,-4.422609,0.000000,-0.516479038,0.000000000,0.000000000,0.856299833,2.211305,-1.166247,0.000000,0.020000000,-0.030000000,0.050000000,0.100000,-0.200000,0.100000
8459130494,-2.321410,-4.428437,0.000000,-0.517550979,0.000000000,0.000000000,0.855652373,2.214219,-1.160705,0.000000,0.020000000,-0.030000000,0.050000000,0.100000,-0.200000,0.100000
8464609165,-2.309270,-4.434780,0.000000,-0.518722453,0.000000000,0.000000000,0.854942698,2.217390,-1.154635,0.000000,0.020000000,-0.030000000,0.050000000,0.100000,-0.200000,0.100000
8469774939,-2.297808,-4.440730,0.000000,-0.519826130,0.000000000,0.000000000,0.854272085,2.220365,-1.148904,0.000000,0.020000000,-0.030000000,0.050000000,0.100000,-0.200000,0.100000
8475108461,-2.285957,-4.446841,0.000000,-0.520964737,0.000000000,0.000000000,0.853578199,2.223421,-1.142979,0.000000,0.020000000,-0.030000000,0.050000000,0.100000,-0.200000,0.100000
8479794957,-2.275531,-4.452186,0.000000,-0.521964452,0.000000000,0.000000000,0.852967239,2.226093,-1.137766,0.000000,0.020000000,-0.030000000,0.050000000,0.100000,-0.200000,0.100000
8484913447,-2.264129,-4.457995,0.000000,-0.523055501,0.000000000,0.000000000,0.852298623,2.228997,-1.132065,0.000000,0.020000000,-0.030000000,0.050000000,0.100000,-0.200000,0.100000
8489414923,-2.254090,-4.463079,0.000000,-0.524014320,0.000000000,0.000000000,0.851709453,2.231540,-1.127045,0.000000,0.020000000,-0.030000000,0.050000000,0.100000,-0.200000,0.100000
8494266469,-2.243257,-4.468534,0.000000,-0.525046961,0.000000000,0.000000000,0.851073257,2.234267,-1.121628,0.000000,0.020000000,-0.030000000,0.050000000,0.100000,-0.200000,0.100000
8499151592,-2.232336,-4.474000,0.000000,-0.526085968,0.000000000,0.000000000,0.850431393,2.237000,-1.116168,0.000000,0.020000000,-0.030000000,0.050000000,0.100000,-0.200000,0.100000
8503715363,-2.222121,-4.479083,0.000000,-0.527055919,0.000000000,0.000000000,0.849830605,2.239541,-1.111060,0.000000,0.020000000,-0.030000000,0.050000000,0.100000,-0.200000,0.100000
8508489449,-2.211422,-4.484374,0.000000,-0.528069835,0.000000000,0.000000000,0.849200948,2.242187,-1.105711,0.000000,0.020000000,-0.030000000,0.050000000,0.100000,-0.200000,0.100000
8513047811,-2.201196,-4.489403,0.000000,-0.529037233,0.000000000,0.000000000,0.848598613,2.244701,-1.100598,0.000000,0.020000000,-0.030000000,0.050000000,0.100000,-0.200000,0.100000
8517799634,-2.190523,-4.494620,0.000000,-0.530044957,0.000000000,0.000000000,0.847969542,2.247310,-1.095262,0.000000,0.020000000,-0.030000000,0.050000000,0.100000,-0.200000,0.100000
8522370778,-2.180245,-4.499615,0.000000,-0.531013658,0.000000000,0.000000000,0.847363260,2.249807,-1.090122,0.000000,0.020000000,-0.030000000,0.050000000,0.100000,-0.200000,0.100000
8527441580,-2.168830,-4.505128,0.000000,-0.532087434,0.000000000,0.000000000,0.846689413,2.252564,-1.084415,0.000000,0.020000000,-0.030000000,0.050000000,0.100000,-0.200000,0.100000
8532026880,-2.158495,-4.510088,0.000000,-0.533057666,0.000000000,0.000000000,0.846078912,2.255044,-1.079248,0.000000,0.020000000,-0.030000000,0.050000000,0.100000,-0.200000,0.100000
8537118560,-2.147006,-4.515569,0.000000,-0.534134224,0.000000000,0.000000000,0.845399687,2.257785,-1.073503,0.000000,0.020000000,-0.030000000,0.050000000,0.100000,-0.200000,0.100000
8541850340,-2.136317,-4.520636,0.000000,-0.535133912,0.000000000,0.000000000,0.844767244,2.260318,-1.068158,0.000000,0.020000000,-0.030000000,0.050000000,0.100000,-0.200000,0.100000
8547246048,-2.124113,-4.526383,0.000000,-0.536272954,0.000000000,0.000000000,0.844044619,2.263192,-1.062057,0.000000,0.020000000,-0.030000000,0.050000000,0.100000,-0.200000,0.100000
8551858707,-2.113668,-4.531270,0.000000,-0.537245920,0.000000000,0.000000000,0.843425647,2.265635,-1.056834,0.000000,0.020000000,-0.030000000,0.050000000,0.100000,-0.200000,0.100000
8556569393,-2.102990,-4.536236,0.000000,-0.538238825,0.000000000,0.000000000,0.842792363,2.268118,-1.051495,0.000000,0.020000000,-0.030000000,0.050000000,0.100000,-0.200000,0.100000
8561970806,-2.090731,-4.541899,0.000000,-0.539376401,0.000000000,0.000000000,0.842064782,2.270949,-1.045365,0.000000,0.020000000,-0.030000000,0.050000000,0.100000,-0.200000,0.100000
8566838140,-2.079671,-4.546973,0.000000,-0.540400654,0.000000000,0.000000000,0.841407828,2.273487,-1.039836,0.000000,0.020000000,-0.030000000,0.050000000,0.100000,-0.200000,0.100000
8571473145,-2.069128,-4.551781,0.000000,-0.541375274,0.000000000,0.000000000,0.840781073,2.275890,-1.034564,0.000000,0.020000000,-0.030000000,0.050000000,0.100000,-0.200000,0.100000
8576211868,-2.058338,-4.556671,0.000000,-0.542370951,0.000000000,0.000000000,0.840139126,2.278335,-1.029169,0.000000,0.020000000,-0.030000000,0.050000000,0.100000,-0.200000,0.100000
8581217549,-2.046926,-4.561808,0.000000,-0.543421893,0.000000000,0.000000000,0.839459735,2.280904,-1.023463,0.000000,0.020000000,-0.030000000,0.050000000,0.100000,-0.200000,0.100000
8586617214,-2.034603,-4.567318,0.000000,-0.544554598,0.000000000,0.000000000,0.838725396,2.283659,-1.017301,0.000000,0.020000000,-0.030000000,0.050000000,0.100000,-0.200000,0.100000
8591204952,-2.024121,-4.571973,0.000000,-0.545516203,0.000000000,0.000000000,0.838100276,2.285986,-1.012060,0.000000,0.020000000,-0.030000000,0.050000000,0.100000,-0.200000,0.100000
8595712180,-2.013812,-4.576523,0.000000,-0.546460233,0.000000000,0.000000000,0.837485053,2.288261,-1.006906,0.000000,0.020000000,-0.030000000,0.050000000,0.100000,-0.200000,0.100000
8601083287,-2.001514,-4.581914,0.000000,-0.547584296,0.000000000,0.000000000,0.836750524,2.290957,-1.000757,0.000000,0.020000000,-0.030000000,0.050000000,0.100000,-0.200000,0.100000
8605660894,-1.991022,-4.586484,0.000000,-0.548541516,0.000000000,0.000000000,0.836123320,2.293242,-0.995511,0.000000,0.020000000,-0.030000000,0.050000000,0.100000,-0.200000,0.100000
8610497225,-1.979925,-4.591285,0.000000,-0.549552057,0.000000000,0.000000000,0.835459476,2.295642,-0.989963,0.000000,0.020000000,-0.030000000,0.050000000,0.100000,-0.200000,0.100000
8615263356,-1.968978,-4.595990,0.000000,-0.550547144,0.000000000,0.000000000,0.834804074,2.297995,-0.984489,0.000000,0.020000000,-0.030000000,0.050000000,0.100000,-0.200000,0.100000
8619947943,-1.958208,-4.600589,0.000000,-0.551524444,0.000000000,0.000000000,0.834158730,2.300295,-0.979104,0.000000,0.020000000,-0.030000000,0.050000000,0.100000,-0.200000,0.100000
8625287369,-1.945919,-4.605801,0.000000,-0.552637435,0.000000000,0.000000000,0.833421782,2.302900,-0.972959,0.000000,0.020000000,-0.030000000,0.050000000,0.100000,-0.200000,0.100000
8630186999,-1.934629,-4.610554,0.000000,-0.553657884,0.000000000,0.000000000,0.832744227,2.305277,-0.967315,0.000000,0.020000000,-0.030000000,0.050000000,0.100000,-0.200000,0.100000
8634803001,-1.923983,-4.615007,0.000000,-0.554618503,0.000000000,0.000000000,0.832104751,2.307503,-0.961992,0.000000,0.020000000,-0.030000000,0.050000000,0.100000,-0.200000,0.100000
8639969783,-1.912054,-4.619962,0.000000,-0.555692866,0.000000000,0.000000000,0.831387659,2.309981,-0.956027,0.000000,0.020000000,-0.030000000,0.050000000,0.100000,-0.200000,0.100000
8645054450,-1.900303,-4.624808,0.000000,-0.556749249,0.000000000,0.000000000,0.830680609,2.312404,-0.950151,0.000000,0.020000000,-0.030000000,0.050000000,0.100000,-0.200000,0.100000
8650517196,-1.887664,-4.629981,0.000000,-0.557883179,0.000000000,0.000000000,0.829919489,2.314991,-0.943832,0.000000,0.020000000,-0.030000000,0.050000000,0.100000,-0.200000,0.100000
8655324922,-1.876528,-4.634506,0.000000,-0.558880282,0.000000000,0.000000000,0.829248353,2.317253,-0.938264,0.000000,0.020000000,-0.030000000,0.050000000,0.100000,-0.200000,0.100000
8660074836,-1.865516,-4.638949,0.000000,-0.559864602,0.000000000,0.000000000,0.828584110,2.319475,-0.932758,0.000000,0.020000000,-0.030000000,0.050000000,0.100000,-0.200000,0.100000
8665050940,-1.853969,-4.643576,0.000000,-0.560894949,0.000000000,0.000000000,0.827886983,2.321788,-0.926984,0.000000,0.020000000,-0.030000000,0.050000000,0.100000,-0.200000,0.100000
8669654023,-1.843276,-4.647831,0.000000,-0.561847285,0.000000000,0.000000000,0.827240973,2.323915,-0.921638,0.000000,0.020000000,-0.030000000,0.050000000,0.100000,-0.200000,0.100000
8675051318,-1.830727,-4.652788,0.000000,-0.562962989,0.000000000,0.000000000,0.826482107,2.326394,-0.915363,0.000000,0.020000000,-0.030000000,0.050000000,0.100000,-0.200000,0.100000
8679812825,-1.819644,-4.657134,0.000000,-0.563946415,0.000000000,0.000000000,0.825811383,2.328567,-0.909822,0.000000,0.020000000,-0.030000000,0.050000000,0.100000,-0.200000,0.100000
8684949637,-1.807677,-4.661792,0.000000,-0.565006460,0.000000000,0.000000000,0.825086481,2.330896,-0.903839,0.000000,0.020000000,-0.030000000,0.050000000,0.100000,-0.200000,0.100000
8690419301,-1.794921,-4.666718,0.000000,-0.566134167,0.000000000,0.000000000,0.824313111,2.333359,-0.897461,0.000000,0.020000000,-0.030000000,0.050000000,0.100000,-0.200000,0.100000
8695857112,-1.782226,-4.671581,0.000000,-0.567254259,0.000000000,0.000000000,0.823542717,2.335791,-0.891113,0.000000,0.020000000,-0.030000000,0.050000000,0.100000,-0.200000,0.100000
8700954576,-1.770314,-4.676108,0.000000,-0.568303293,0.000000000,0.000000000,0.822819159,2.338054,-0.885157,0.000000,0.020000000,-0.030000000,0.050000000,0.100000,-0.200000,0.100000
8705784434,-1.759016,-4.680370,0.000000,-0.569296403,0.000000000,0.000000000,0.822132353,2.340185,-0.879508,0.000000,0.020000000,-0.030000000,0.050000000,0.100000,-0.200000,0.100000
8710937586,-1.746951,-4.684887,0.000000,-0.570355074,0.000000000,0.000000000,0.821398253,2.342443,-0.873475,0.000000,0.020000000,-0.030000000,0.050000000,0.100000,-0.200000,0.100000
8716090765,-1.734874,-4.689372,0.000000,-0.571412803,0.000000000,0.000000000,0.820662786,2.344686,-0.867437,0.000000,0.020000000,-0.030000000,0.050000000,0.100000,-0.200000,0.100000
8720591778,-1.724316,-4.693265,0.000000,-0.572335895,0.000000000,0.000000000,0.820019283,2.346632,-0.862158,0.000000,0.020000000,-0.030000000,0.050000000,0.100000,-0.200000,0.100000
8725436906,-1.712941,-4.697428,0.000000,-0.573328749,0.000000000,0.000000000,0.819325421,2.348714,-0.856471,0.000000,0.020000000,-0.030000000,0.050000000,0.100000,-0.200000,0.100000
8730221086,-1.701700,-4.701512,0.000000,-0.574308289,0.000000000,0.000000000,0.818639108,2.350756,-0.850850,0.000000,0.020000000,-0.030000000,0.050000000,0.100000,-0.200000,0.100000
8735062046,-1.690315,-4.705617,0.000000,-0.575298618,0.000000000,0.000000000,0.817943458,2.352809,-0.845158,0.000000,0.020000000,-0.030000000,0.050000000,0.100000,-0.200000,0.100000
8740008888,-1.678671,-4.709784,0.000000,-0.576309737,0.000000000,0.000000000,0.817231355,2.354892,-0.839335,0.000000,0.020000000,-0.030000000,0.050000000,0.100000,-0.200000,0.100000
8745097506,-1.666682,-4.714040,0.000000,-0.577348915,0.000000000,0.000000000,0.816497539,2.357020,-0.833341,0.000000,0.020000000,-0.030000000,0.050000000,0.100000,-0.200000,0.100000
8749976440,-1.655178,-4.718091,0.000000,-0.578344394,0.000000000,0.000000000,0.815792720,2.359046,-0.827589,0.000000,0.020000000,-0.030000000,0.050000000,0.100000,-0.200000,0.100000
8755389503,-1.642402,-4.722554,0.000000,-0.579447849,0.000000000,0.000000000,0.815009319,2.361277,-0.821201,0.000000,0.020000000,-0.030000000,0.050000000,0.100000,-0.200000,0.100000
8760197704,-1.631044,-4.726489,0.000000,-0.580427112,0.000000000,0.000000000,0.814312205,2.363244,-0.815522,0.000000,0.020000000,-0.030000000,0.050000000,0.100000,-0.200000,0.100000
8765684862,-1.618070,-4.730946,0.000000,-0.581543631,0.000000000,0.000000000,0.813515215,2.365473,-0.809035,0.000000,0.020000000,-0.030000000,0.050000000,0.100000,-0.200000,0.100000
8770799626,-1.605966,-4.735068,0.000000,-0.582583389,0.000000000,0.000000000,0.812770936,2.367534,-0.802983,0.000000,0.020000000,-0.030000000,0.050000000,0.100000,-0.200000,0.100000
8776257178,-1.593039,-4.739433,0.000000,-0.583691782,0.000000000,0.000000000,0.811975310,2.369717,-0.796520,0.000000,0.020000000,-0.030000000,0.050000000,0.100000,-0.200000,0.100000
8780900447,-1.582032,-4.743119,0.000000,-0.584633943,0.000000000,0.000000000,0.811297204,2.371559,-0.791016,0.000000,0.020000000,-0.030000000,0.050000000,0.100000,-0.200000,0.100000
8785736883,-1.570557,-4.746931,0.000000,-0.585614462,0.000000000,0.000000000,0.810589724,2.373465,-0.785279,0.000000,0.020000000,-0.030000000,0.050000000,0.100000,-0.200000,0.100000
8790787767,-1.558564,-4.750882,0.000000,-0.586637544,0.000000000,0.000000000,0.809849611,2.375441,-0.779282,0.000000,0.020000000,-0.030000000,0.050000000,0.100000,-0.200000,0.100000
8795647876,-1.547014,-4.754655,0.000000,-0.587621100,0.000000000,0.000000000,0.809136233,2.377328,-0.773507,0.000000,0.020000000,-0.030000000,0.050000000,0.100000,-0.200000,0.100000
8801081071,-1.534092,-4.758840,0.000000,-0.588719606,0.000000000,0.000000000,0.808337321,2.379420,-0.767046,0.000000,0.020000000,-0.030000000,0.050000000,0.100000,-0.200000,0.100000
8805941392,-1.522523,-4.762554,0.000000,-0.589701366,0.000000000,0.000000000,0.807621383,2.381277,-0.761261,0.000000,0.020000000,-0.030000000,0.050000000,0.100000,-0.200000,0.100000
8811285013,-1.509793,-4.766605,0.000000,-0.590779745,0.000000000,0.000000000,0.806832878,2.383303,-0.754896,0.000000,0.020000000,-0.030000000,0.050000000,0.100000,-0.200000,0.100000
8816052396,-1.498427,-4.770191,0.000000,-0.591740946,0.000000000,0.000000000,0.806128187,2.385095,-0.749213,0.000000,0.020000000,-0.030000000,0.050000000,0.100000,-0.200000,0.100000
8820656070,-1.487442,-4.773627,0.000000,-0.592668342,0.000000000,0.000000000,0.805446607,2.386814,-0.743721,0.000000,0.020000000,-0.030000000,0.050000000,0.100000,-0.200000,0.100000
8825269827,-1.476426,-4.777046,0.000000,-0.593596981,0.000000000,0.000000000,0.804762465,2.388523,-0.738213,0.000000,0.020000000,-0.030000000,0.050000000,0.100000,-0.200000,0.100000
8830153387,-1.464757,-4.780637,0.000000,-0.594579065,0.000000000,0.000000000,0.804037148,2.390318,-0.732379,0.000000,0.020000000,-0.030000000,0.050000000,0.100000,-0.200000,0.100000
8835306520,-1.452435,-4.784395,0.000000,-0.595614398,0.000000000,0.000000000,0.803270495,2.392197,-0.726217,0.000000,0.020000000,-0.030000000,0.050000000,0.100000,-0.200000,0.100000
8840146270,-1.440853,-4.787895,0.000000,-0.596585869,0.000000000,0.000000000,0.802549251,2.393948,-0.720427,0.000000,0.020000000,-0.030000000,0.050000000,0.100000,-0.200000,0.100000
8845324193,-1.428453,-4.791610,0.000000,-0.597624254,0.000000000,0.000000000,0.801776310,2.395805,-0.714226,0.000000,0.020000000,-0.030000000,0.050000000,0.100000,-0.200000,0.100000
8850189776,-1.416791,-4.795071,0.000000,-0.598599089,0.000000000,0.000000000,0.801048769,2.397535,-0.708396,0.000000,0.020000000,-0.030000000,0.050000000,0.100000,-0.200000,0.100000
8855290872,-1.404557,-4.798669,0.000000,-0.599620158,0.000000000,0.000000000,0.800284740,2.399334,-0.702278,0.000000,0.020000000,-0.030000000,0.050000000,0.100000,-0.200000,0.100000
8859926055,-1.393432,-4.801911,0.000000,-0.600547122,0.000000000,0.000000000,0.799589366,2.400955,-0.696716,0.000000,0.020000000,-0.030000000,0.050000000,0.100000,-0.200000,0.100000
8865344333,-1.380417,-4.805668,0.000000,-0.601629670,0.000000000,0.000000000,0.798775150,2.402834,-0.690209,0.000000,0.020000000,-0.030000000,0.050000000,0.100000,-0.200000,0.100000
8870438455,-1.368173,-4.809169,0.000000,-0.602646447,0.000000000,0.000000000,0.798008309,2.404584,-0.684086,0.000000,0.020000000,-0.030000000,0.050000000,0.100000,-0.200000,0.100000
8875306286,-1.356463,-4.812484,0.000000,-0.603617143,0.000000000,0.000000000,0.797274322,2.406242,-0.678232,0.000000,0.020000000,-0.030000000,0.050000000,0.100000,-0.200000,0.100000
8879978413,-1.345217,-4.815640,0.000000,-0.604547972,0.000000000,0.000000000,0.796568735,2.407820,-0.672609,0.000000,0.020000000,-0.030000000,0.050000000,0.100000,-0.200000,0.100000
8884484839,-1.334363,-4.818659,0.000000,-0.605445008,0.000000000,0.000000000,0.795887142,2.409329,-0.667182,0.000000,0.020000000,-0.030000000,0.050000000,0.100000,-0.200000,0.100000
8889895273,-1.321323,-4.822251,0.000000,-0.606520977,0.000000000,0.000000000,0.795067484,2.411126,-0.660662,0.000000,0.020000000,-0.030000000,0.050000000,0.100000,-0.200000,0.100000
8894485151,-1.310253,-4.825271,0.000000,-0.607432894,0.000000000,0.000000000,0.794370996,2.412635,-0.655126,0.000000,0.020000000,-0.030000000,0.050000000,0.100000,-0.200000,0.100000
8899464345,-1.298236,-4.828518,0.000000,-0.608421255,0.000000000,0.000000000,0.793614249,2.414259,-0.649118,0.000000,0.020000000,-0.030000000,0.050000000,0.100000,-0.200000,0.100000
8904628431,-1.285764,-4.831854,0.000000,-0.609445320,0.000000000,0.000000000,0.792828103,2.415927,-0.642882,0.000000,0.020000000,-0.030000000,0.050000000,0.100000,-0.200000,0.100000
8909804549,-1.273255,-4.835165,0.000000,-0.610470753,0.000000000,0.000000000,0.792038800,2.417583,-0.636627,0.000000,0.020000000,-0.030000000,0.050000000,0.100000,-0.200000,0.100000
8914859998,-1.261029,-4.838368,0.000000,-0.611471293,0.000000000,0.000000000,0.791266616,2.419184,-0.630514,0.000000,0.020000000,-0.030000000,0.050000000,0.100000,-0.200000,0.100000
8919935263,-1.248747,-4.841553,0.000000,-0.612474772,0.000000000,0.000000000,0.790490135,2.420776,-0.624373,0.000000,0.020000000,-0.030000000,0.050000000,0.100000,-0.200000,0.100000
8924887725,-1.236754,-4.844630,0.000000,-0.613453021,0.000000000,0.000000000,0.789731215,2.422315,-0.618377,0.000000,0.020000000,-0.030000000,0.050000000,0.100000,-0.200000,0.100000
8930199597,-1.223883,-4.847898,0.000000,-0.614501217,0.000000000,0.000000000,0.788915873,2.423949,-0.611941,0.000000,0.020000000,-0.030000000,0.050000000,0.100000,-0.200000,0.100000
8935210819,-1.211732,-4.850949,0.000000,-0.615489093,0.000000000,0.000000000,0.788145403,2.425474,-0.605866,0.000000,0.020000000,-0.030000000,0.050000000,0.100000,-0.200000,0.100000
8940225629,-1.199565,-4.853972,0.000000,-0.616476709,0.000000000,0.000000000,0.787373144,2.426986,-0.599782,0.000000,0.020000000,-0.030000000,0.050000000,0.100000,-0.200000,0.100000
8945075976,-1.187789,-4.856867,0.000000,-0.617431013,0.000000000,0.000000000,0.786625034,2.428433,-0.593895,0.000000,0.020000000,-0.030000000,0.050000000,0.100000,-0.200000,0.100000
8950301514,-1.175096,-4.859954,0.000000,-0.618458121,0.000000000,0.000000000,0.785817760,2.429977,-0.587548,0.000000,0.020000000,-0.030000000,0.050000000,0.100000,-0.200000,0.100000
8955433412,-1.162621,-4.862953,0.000000,-0.619465796,0.000000000,0.000000000,0.785023648,2.431476,-0.581311,0.000000,0.020000000,-0.030000000,0.050000000,0.100000,-0.200000,0.100000
8960805468,-1.149555,-4.866058,0.000000,-0.620519535,0.000000000,0.000000000,0.784190989,2.433029,-0.574778,0.000000,0.020000000,-0.030000000,0.050000000,0.100000,-0.200000,0.100000
8965926445,-1.137092,-4.868986,0.000000,-0.621522982,0.000000000,0.000000000,0.783395930,2.434493,-0.568546,0.000000,0.020000000,-0.030000000,0.050000000,0.100000,-0.200000,0.100000
8971225675,-1.124187,-4.871982,0.000000,-0.622560285,0.000000000,0.000000000,0.782571844,2.435991,-0.562093,0.000000,0.020000000,-0.030000000,0.050000000,0.100000,-0.200000,0.100000
8976322147,-1.111768,-4.874830,0.000000,-0.623556868,0.000000000,0.000000000,0.781777994,2.437415,-0.555884,0.000000,0.020000000,-0.030000000,0.050000000,0.100000,-0.200000,0.100000
8981737230,-1.098565,-4.877823,0.000000,-0.624614645,0.000000000,0.000000000,0.780933125,2.438911,-0.549283,0.000000,0.020000000,-0.030000000,0.050000000,0.100000,-0.200000,0.100000
8986729069,-1.086387,-4.880549,0.000000,-0.625588731,0.000000000,0.000000000,0.780153023,2.440275,-0.543194,0.000000,0.020000000,-0.030000000,0.050000000,0.100000,-0.200000,0.100000
8991945122,-1.073655,-4.883366,0.000000,-0.626605529,0.000000000,0.000000000,0.779336584,2.441683,-0.536828,0.000000,0.020000000,-0.030000000,0.050000000,0.100000,-0.200000,0.100000
8996920098,-1.061504,-4.886022,0.000000,-0.627574339,0.000000000,0.000000000,0.778556645,2.443011,-0.530752,0.000000,0.020000000,-0.030000000,0.050000000,0.100000,-0.200000,0.100000
9002308742,-1.048336,-4.888864,0.000000,-0.628622611,0.000000000,0.000000000,0.777710495,2.444432,-0.524168,0.000000,0.020000000,-0.030000000,0.050000000,0.100000,-0.200000,0.100000
9006953459,-1.036980,-4.891285,0.000000,-0.629525248,0.000000000,0.000000000,0.776980027,2.445643,-0.518490,0.000000,0.020000000,-0.030000000,0.050000000,0.100000,-0.200000,0.100000
9011726674,-1.025303,-4.893746,0.000000,-0.630451973,0.000000000,0.000000000,0.776228259,2.446873,-0.512652,0.000000,0.020000000,-0.030000000,0.050000000,0.100000,-0.200000,0.100000
9017114445,-1.012116,-4.896491,0.000000,-0.631496935,0.000000000,0.000000000,0.775378373,2.448245,-0.506058,0.000000,0.020000000,-0.030000000,0.050000000,0.100000,-0.200000,0.100000
9022129716,-0.999834,-4.899013,0.000000,-0.632468622,0.000000000,0.000000000,0.774585981,2.449507,-0.499917,0.000000,0.020000000,-0.030000000,0.050000000,0.100000,-0.200000,0.100000
9027281267,-0.987212,-4.901572,0.000000,-0.633465677,0.000000000,0.000000000,0.773770790,2.450786,-0.493606,0.000000,0.020000000,-0.030000000,0.050000000,0.100000,-0.200000,0.100000
9032345833,-0.974797,-4.904057,0.000000,-0.634444872,0.000000000,0.000000000,0.772968113,2.452028,-0.487399,0.000000,0.020000000,-0.030000000,0.050000000,0.100000,-0.200000,0.100000
9037766775,-0.961501,-4.906681,0.000000,-0.635491843,0.000000000,0.000000000,0.772107581,2.453340,-0.480751,0.000000,0.020000000,-0.030000000,0.050000000,0.100000,-0.200000,0.100000
9042811366,-0.949122,-4.909090,0.000000,-0.636465079,0.000000000,0.000000000,0.771305518,2.454545,-0.474561,0.000000,0.020000000,-0.030000000,0.050000000,0.100000,-0.200000,0.100000
9047330456,-0.938027,-4.911222,0.000000,-0.637336073,0.000000000,0.000000000,0.770585966,2.455611,-0.469014,0.000000,0.020000000,-0.030000000,0.050000000,0.100000,-0.200000,0.100000
9052078496,-0.926365,-4.913435,0.000000,-0.638250317,0.000000000,0.000000000,0.769828899,2.456718,-0.463183,0.000000,0.020000000,-0.030000000,0.050000000,0.100000,-0.200000,0.100000
9056803090,-0.914756,-4.915610,0.000000,-0.639159154,0.000000000,0.000000000,0.769074493,2.457805,-0.457378,0.000000,0.020000000,-0.030000000,0.050000000,0.100000,-0.200000,0.100000
9061859040,-0.902326,-4.917907,0.000000,-0.640130743,0.000000000,0.000000000,0.768265990,2.458953,-0.451163,0.000000,0.020000000,-0.030000000,0.050000000,0.100000,-0.200000,0.100000
9066615432,-0.890628,-4.920039,0.000000,-0.641043834,0.000000000,0.000000000,0.767504269,2.460019,-0.445314,0.000000,0.020000000,-0.030000000,0.050000000,0.100000,-0.200000,0.100000
9071486329,-0.878643,-4.922193,0.000000,-0.641977967,0.000000000,0.000000000,0.766723086,2.461097,-0.439321,0.000000,0.020000000,-0.030000000,0.050000000,0.100000,-0.200000,0.100000
9076844580,-0.865453,-4.924530,0.000000,-0.643004464,0.000000000,0.000000000,0.765862428,2.462265,-0.432726,0.000000,0.020000000,-0.030000000,0.050000000,0.100000,-0.200000,0.100000
9081646089,-0.853628,-4.926593,0.000000,-0.643923325,0.000000000,0.000000000,0.765090029,2.463297,-0.426814,0.000000,0.020000000,-0.030000000,0.050000000,0.100000,-0.200000,0.100000
9086295827,-0.842172,-4.928564,0.000000,-0.644812257,0.000000000,0.000000000,0.764340993,2.464282,-0.421086,0.000000,0.020000000,-0.030000000,0.050000000,0.100000,-0.200000,0.100000
9091628323,-0.829028,-4.930792,0.000000,-0.645830645,0.000000000,0.000000000,0.763480699,2.465396,-0.414514,0.000000,0.020000000,-0.030000000,0.050000000,0.100000,-0.200000,0.100000
9097024584,-0.815721,-4.933011,0.000000,-0.646860042,0.000000000,0.000000000,0.762608737,2.466506,-0.407860,0.000000,0.020000000,-0.030000000,0.050000000,0.100000,-0.200000,0.100000
9102446855,-0.802344,-4.935205,0.000000,-0.647893215,0.000000000,0.000000000,0.761731174,2.467602,-0.401172,0.000000,0.020000000,-0.030000000,0.050000000,0.100000,-0.200000,0.100000
9107913021,-0.788853,-4.937379,0.000000,-0.648933547,0.000000000,0.000000000,0.760845090,2.468690,-0.394426,0.000000,0.020000000,-0.030000000,0.050000000,0.100000,-0.200000,0.100000
9112996306,-0.776301,-4.939368,0.000000,-0.649899921,0.000000000,0.000000000,0.760019798,2.469684,-0.388150,0.000000,0.020000000,-0.030000000,0.050000000,0.100000,-0.200000,0.100000
9117799825,-0.764436,-4.941218,0.000000,-0.650812144,0.000000000,0.000000000,0.759238798,2.470609,-0.382218,0.000000,0.020000000,-0.030000000,0.050000000,0.100000,-0.200000,0.100000
9123018517,-0.751540,-4.943196,0.000000,-0.651802149,0.000000000,0.000000000,0.758389055,2.471598,-0.375770,0.000000,0.020000000,-0.030000000,0.050000000,0.100000,-0.200000,0.100000
9128131812,-0.738899,-4.945101,0.000000,-0.652771083,0.000000000,0.000000000,0.757555222,2.472551,-0.369450,0.000000,0.020000000,-0.030000000,0.050000000,0.100000,-0.200000,0.100000
9133175887,-0.726425,-4.946949,0.000000,-0.653725855,0.000000000,0.000000000,0.756731463,2.473475,-0.363213,0.000000,0.020000000,-0.030000000,0.050000000,0.100000,-0.200000,0.100000
9138581237,-0.713052,-4.948894,0.000000,-0.654747857,0.000000000,0.000000000,0.755847368,2.474447,-0.356526,0.000000,0.020000000,-0.030000000,0.050000000,0.100000,-0.200000,0.100000
9143391064,-0.701149,-4.950595,0.000000,-0.655656257,0.000000000,0.000000000,0.755059516,2.475297,-0.350574,0.000000,0.020000000,-0.030000000,0.050000000,0.100000,-0.200000,0.100000
9148198306,-0.689247,-4.952266,0.000000,-0.656563222,0.000000000,0.000000000,0.754270996,2.476133,-0.344624,0.000000,0.020000000,-0.030000000,0.050000000,0.100000,-0.200000,0.100000
9152773034,-0.677918,-4.953830,0.000000,-0.657425439,0.000000000,0.000000000,0.753519603,2.476915,-0.338959,0.000000,0.020000000,-0.030000000,0.050000000,0.100000,-0.200000,0.100000
9158126692,-0.664655,-4.955626,0.000000,-0.658433371,0.000000000,0.000000000,0.752639021,2.477813,-0.332327,0.000000,0.020000000,-0.030000000,0.050000000,0.100000,-0.200000,0.100000
9163377816,-0.651641,-4.957354,0.000000,-0.659420854,0.000000000,0.000000000,0.751773994,2.478677,-0.325821,0.000000,0.020000000,-0.030000000,0.050000000,0.100000,-0.200000,0.100000
9168109170,-0.639912,-4.958882,0.000000,-0.660309619,0.000000000,0.000000000,0.750993480,2.479441,-0.319956,0.000000,0.020000000,-0.030000000,0.050000000,0.100000,-0.200000,0.100000
9172699991,-0.628528,-4.960338,0.000000,-0.661171103,0.000000000,0.000000000,0.750235144,2.480169,-0.314264,0.000000,0.020000000,-0.030000000,0.050000000,0.100000,-0.200000,0.100000
9178027012,-0.615314,-4.961994,0.000000,-0.662169646,0.000000000,0.000000000,0.749353961,2.480997,-0.307657,0.000000,0.020000000,-0.030000000,0.050000000,0.100000,-0.200000,0.100000
9183293018,-0.602247,-4.963597,0.000000,-0.663155598,0.000000000,0.000000000,0.748481565,2.481799,-0.301123,0.000000,0.020000000,-0.030000000,0.050000000,0.100000,-0.200000,0.100000
9188640464,-0.588973,-4.965190,0.000000,-0.664155621,0.000000000,0.000000000,0.747594349,2.482595,-0.294487,0.000000,0.020000000,-0.030000000,0.050000000,0.100000,-0.200000,0.100000
9193686139,-0.576445,-4.966660,0.000000,-0.665098122,0.000000000,0.000000000,0.746755976,2.483330,-0.288222,0.000000,0.020000000,-0.030000000,0.050000000,0.100000,-0.200000,0.100000
9198828290,-0.563673,-4.968126,0.000000,-0.666057555,0.000000000,0.000000000,0.745900351,2.484063,-0.281837,0.000000,0.020000000,-0.030000000,0.050000000,0.100000,-0.200000,0.100000
9204163679,-0.550418,-4.969612,0.000000,-0.667051879,0.000000000,0.000000000,0.745011268,2.484806,-0.275209,0.000000,0.020000000,-0.030000000,0.050000000,0.100000,-0.200000,0.100000
9209296492,-0.537662,-4.971008,0.000000,-0.668007331,0.000000000,0.000000000,0.744154692,2.485504,-0.268831,0.000000,0.020000000,-0.030000000,0.050000000,0.100000,-0.200000,0.100000
9214469000,-0.524804,-4.972382,0.000000,-0.668969059,0.000000000,0.000000000,0.743290252,2.486191,-0.262402,0.000000,0.020000000,-0.030000000,0.050000000,0.100000,-0.200000,0.100000
9219952142,-0.511170,-4.973802,0.000000,-0.669987321,0.000000000,0.000000000,0.742372541,2.486901,-0.255585,0.000000,0.020000000,-0.030000000,0.050000000,0.100000,-0.200000,0.100000
9225002171,-0.498609,-4.975077,0.000000,-0.670924038,0.000000000,0.000000000,0.741526086,2.487538,-0.249305,0.000000,0.020000000,-0.030000000,0.050000000,0.100000,-0.200000,0.100000
9229890650,-0.486448,-4.976281,0.000000,-0.671829770,0.000000000,0.000000000,0.740705582,2.488140,-0.243224,0.000000,0.020000000,-0.030000000,0.050000000,0.100000,-0.200000,0.100000
9235359531,-0.472838,-4.977592,0.000000,-0.672841850,0.000000000,0.000000000,0.739786351,2.488796,-0.236419,0.000000,0.020000000,-0.030000000,0.050000000,0.100000,-0.200000,0.100000
9240643744,-0.459685,-4.978824,0.000000,-0.673818559,0.000000000,0.000000000,0.738896846,2.489412,-0.229843,0.000000,0.020000000,-0.030000000,0.050000000,0.100000,-0.200000,0.100000
9245855936,-0.446709,-4.980005,0.000000,-0.674780805,0.000000000,0.000000000,0.738018201,2.490003,-0.223354,0.000000,0.020000000,-0.030000000,0.050000000,0.100000,-0.200000,0.100000
9251318294,-0.433106,-4.981207,0.000000,-0.675788006,0.000000000,0.000000000,0.737096040,2.490603,-0.216553,0.000000,0.020000000,-0.030000000,0.050000000,0.100000,-0.200000,0.100000
9256206883,-0.420929,-4.982250,0.000000,-0.676688341,0.000000000,0.000000000,0.736269577,2.491125,-0.210464,0.000000,0.020000000,-0.030000000,0.050000000,0.100000,-0.200000,0.100000
9260850929,-0.409359,-4.983214,0.000000,-0.677542702,0.000000000,0.000000000,0.735483438,2.491607,-0.204679,0.000000,0.020000000,-0.030000000,0.050000000,0.100000,-0.200000,0.100000
9266327624,-0.395712,-4.984317,0.000000,-0.678549071,0.000000000,0.000000000,0.734555075,2.492158,-0.197856,0.000000,0.020000000,-0.030000000,0.050000000,0.100000,-0.200000,0.100000
9271186954,-0.383600,-4.985263,0.000000,-0.679440931,0.000000000,0.000000000,0.733730210,2.492632,-0.191800,0.000000,0.020000000,-0.030000000,0.050000000,0.100000,-0.200000,0.100000
9276658880,-0.369959,-4.986294,0.000000,-0.680444025,0.000000000,0.000000000,0.732800061,2.493147,-0.184980,0.000000,0.020000000,-0.030000000,0.050000000,0.100000,-0.200000,0.100000
9282131861,-0.356313,-4.987288,0.000000,-0.681446038,0.000000000,0.000000000,0.731868361,2.493644,-0.178156,0.000000,0.020000000,-0.030000000,0.050000000,0.100000,-0.200000,0.100000
9287291750,-0.343445,-4.988191,0.000000,-0.682389560,0.000000000,0.000000000,0.730988706,2.494095,-0.171722,0.000000,0.020000000,-0.030000000,0.050000000,0.100000,-0.200000,0.100000
9291792233,-0.332219,-4.988951,0.000000,-0.683211579,0.000000000,0.000000000,0.730220473,2.494475,-0.166110,0.000000,0.020000000,-0.030000000,0.050000000,0.100000,-0.200000,0.100000
9297231539,-0.318650,-4.989836,0.000000,-0.684203920,0.000000000,0.000000000,0.729290749,2.494918,-0.159325,0.000000,0.020000000,-0.030000000,0.050000000,0.100000,-0.200000,0.100000
9301939515,-0.306903,-4.990572,0.000000,-0.685061817,0.000000000,0.000000000,0.728484940,2.495286,-0.153452,0.000000,0.020000000,-0.030000000,0.050000000,0.100000,-0.200000,0.100000
9306794190,-0.294788,-4.991302,0.000000,-0.685945451,0.000000000,0.000000000,0.727652965,2.495651,-0.147394,0.000000,0.020000000,-0.030000000,0.050000000,0.100000,-0.200000,0.100000
9311750159,-0.282419,-4.992018,0.000000,-0.686846481,0.000000000,0.000000000,0.726802526,2.496009,-0.141210,0.000000,0.020000000,-0.030000000,0.050000000,0.100000,-0.200000,0.100000
9316994335,-0.269329,-4.992741,0.000000,-0.687798760,0.000000000,0.000000000,0.725901416,2.496370,-0.134664,0.000000,0.020000000,-0.030000000,0.050000000,0.100000,-0.200000,0.100000
9321574549,-0.257894,-4.993345,0.000000,-0.688629505,0.000000000,0.000000000,0.725113373,2.496672,-0.128947,0.000000,0.020000000,-0.030000000,0.050000000,0.100000,-0.200000,0.100000
9326311108,-0.246068,-4.993941,0.000000,-0.689487658,0.000000000,0.000000000,0.724297432,2.496971,-0.123034,0.000000,0.020000000,-0.030000000,0.050000000,0.100000,-0.200000,0.100000
9331051494,-0.234230,-4.994511,0.000000,-0.690345536,0.000000000,0.000000000,0.723479814,2.497255,-0.117115,0.000000,0.020000000,-0.030000000,0.050000000,0.100000,-0.200000,0.100000
9335772612,-0.222440,-4.995050,0.000000,-0.691198963,0.000000000,0.000000000,0.722664509,2.497525,-0.111220,0.000000,0.020000000,-0.030000000,0.050000000,0.100000,-0.200000,0.100000
9341080967,-0.209181,-4.995622,0.000000,-0.692157394,0.000000000,0.000000000,0.721746591,2.497811,-0.104591,0.000000,0.020000000,-0.030000000,0.050000000,0.100000,-0.200000,0.100000
9346379429,-0.195946,-4.996159,0.000000,-0.693112823,0.000000000,0.000000000,0.720829116,2.498080,-0.097973,0.000000,0.020000000,-0.030000000,0.050000000,0.100000,-0.200000,0.100000
9351467354,-0.183235,-4.996641,0.000000,-0.694029144,0.000000000,0.000000000,0.719946906,2.498321,-0.091618,0.000000,0.020000000,-0.030000000,0.050000000,0.100000,-0.200000,0.100000
9356602650,-0.170405,-4.997095,0.000000,-0.694952857,0.000000000,0.000000000,0.719055302,2.498548,-0.085203,0.000000,0.020000000,-0.030000000,0.050000000,0.100000,-0.200000,0.100000
9361347643,-0.158549,-4.997486,0.000000,-0.695805345,0.000000000,0.000000000,0.718230410,2.498743,-0.079275,0.000000,0.020000000,-0.030000000,0.050000000,0.100000,-0.200000,0.100000
9366223265,-0.146366,-4.997857,0.000000,-0.696680283,0.000000000,0.000000000,0.717381755,2.498929,-0.073183,0.000000,0.020000000,-0.030000000,0.050000000,0.100000,-0.200000,0.100000
9370831853,-0.134849,-4.998181,0.000000,-0.697506350,0.000000000,0.000000000,0.716578601,2.499091,-0.067424,0.000000,0.020000000,-0.030000000,0.050000000,0.100000,-0.200000,0.100000
9375948905,-0.122061,-4.998510,0.000000,-0.698422471,0.000000000,0.000000000,0.715685721,2.499255,-0.061030,0.000000,0.020000000,-0.030000000,0.050000000,0.100000,-0.200000,0.100000
9381017155,-0.109393,-4.998803,0.000000,-0.699328729,0.000000000,0.000000000,0.714800202,2.499402,-0.054697,0.000000,0.020000000,-0.030000000,0.050000000,0.100000,-0.200000,0.100000
9386316854,-0.096147,-4.999075,0.000000,-0.700275172,0.000000000,0.000000000,0.713873017,2.499538,-0.048073,0.000000,0.020000000,-0.030000000,0.050000000,0.100000,-0.200000,0.100000
9391798140,-0.082446,-4.999320,0.000000,-0.701252749,0.000000000,0.000000000,0.712912745,2.499660,-0.041223,0.000000,0.020000000,-0.030000000,0.050000000,0.100000,-0.200000,0.100000
9397228067,-0.068873,-4.999526,0.000000,-0.702219869,0.000000000,0.000000000,0.711960150,2.499763,-0.034436,0.000000,0.020000000,-0.030000000,0.050000000,0.100000,-0.200000,0.100000
9402165348,-0.056530,-4.999680,0.000000,-0.703098121,0.000000000,0.000000000,0.711092844,2.499840,-0.028265,0.000000,0.020000000,-0.030000000,0.050000000,0.100000,-0.200000,0.100000
9407639483,-0.042846,-4.999816,0.000000,-0.704070616,0.000000000,0.000000000,0.710129965,2.499908,-0.021423,0.000000,0.020000000,-0.030000000,0.050000000,0.100000,-0.200000,0.100000
9412143569,-0.031586,-4.999900,0.000000,-0.704869792,0.000000000,0.000000000,0.709336716,2.499950,-0.015793,0.000000,0.020000000,-0.030000000,0.050000000,0.100000,-0.200000,0.100000
9416940354,-0.019594,-4.999962,0.000000,-0.705719918,0.000000000,0.000000000,0.708490929,2.499981,-0.009797,0.000000,0.020000000,-0.030000000,0.050000000,0.100000,-0.200000,0.100000
9421515773,-0.008155,-4.999993,0.000000,-0.706529867,0.000000000,0.000000000,0.707683225,2.499997,-0.004078,0.000000,0.020000000,-0.030000000,0.050000000,0.100000,-0.200000,0.100000
9426498339,0.004301,-4.999998,0.000000,-0.707410839,0.000000000,0.000000000,0.706802593,2.499999,0.002150,0.000000,0.020000000,-0.030000000,0.050000000,0.100000,-0.200000,0.100000
9431974865,0.017992,-4.999968,0.000000,-0.708377881,0.000000000,0.000000000,0.705833392,2.499984,0.008996,0.000000,0.020000000,-0.030000000,0.050000000,0.100000,-0.200000,0.100000
9436817832,0.030099,-4.999909,0.000000,-0.709231944,0.000000000,0.000000000,0.704975213,2.499955,0.015050,0.000000,0.020000000,-0.030000000,0.050000000,0.100000,-0.200000,0.100000
9441830895,0.042632,-4.999818,0.000000,-0.710114908,0.000000000,0.000000000,0.704085803,2.499909,0.021316,0.000000,0.020000000,-0.030000000,0.050000000,0.100000,-0.200000,0.100000
9446419799,0.054104,-4.999707,0.000000,-0.710922186,0.000000000,0.000000000,0.703270678,2.499854,0.027052,0.000000,0.020000000,-0.030000000,0.050000000,0.100000,-0.200000,0.100000
9451022216,0.065609,-4.999570,0.000000,-0.711730901,0.000000000,0.000000000,0.702452222,2.499785,0.032804,0.000000,0.020000000,-0.030000000,0.050000000,0.100000,-0.200000,0.100000
9456172476,0.078483,-4.999384,0.000000,-0.712634764,0.000000000,0.000000000,0.701535240,2.499692,0.039242,0.000000,0.020000000,-0.030000000,0.050000000,0.100000,-0.200000,0.100000
9461161701,0.090954,-4.999173,0.000000,-0.713509238,0.000000000,0.000000000,0.700645821,2.499586,0.045477,0.000000,0.020000000,-0.030000000,0.050000000,0.100000,-0.200000,0.100000
9466501548,0.104301,-4.998912,0.000000,-0.714443938,0.000000000,0.000000000,0.699692690,2.499456,0.052151,0.000000,0.020000000,-0.030000000,0.050000000,0.100000,-0.200000,0.100000
9471692656,0.117276,-4.998624,0.000000,-0.715351381,0.000000000,0.000000000,0.698764912,2.499312,0.058638,0.000000,0.020000000,-0.030000000,0.050000000,0.100000,-0.200000,0.100000
9476772145,0.129971,-4.998310,0.000000,-0.716238146,0.000000000,0.000000000,0.697855944,2.499155,0.064985,0.000000,0.020000000,-0.030000000,0.050000000,0.100000,-0.200000,0.100000
9481683641,0.142245,-4.997976,0.000000,-0.717094485,0.000000000,0.000000000,0.696975968,2.498988,0.071123,0.000000,0.020000000,-0.030000000,0.050000000,0.100000,-0.200000,0.100000
9487027021,0.155598,-4.997578,0.000000,-0.718024897,0.000000000,0.000000000,0.696017419,2.498789,0.077799,0.000000,0.020000000,-0.030000000,0.050000000,0.100000,-0.200000,0.100000
9492205834,0.168538,-4.997159,0.000000,-0.718925431,0.000000000,0.000000000,0.695087207,2.498579,0.084269,0.000000,0.020000000,-0.030000000,0.050000000,0.100000,-0.200000,0.100000
9496744143,0.179877,-4.996763,0.000000,-0.719713598,0.000000000,0.000000000,0.694271083,2.498382,0.089938,0.000000,0.020000000,-0.030000000,0.050000000,0.100000,-0.200000,0.100000
9502013705,0.193041,-4.996272,0.000000,-0.720627599,0.000000000,0.000000000,0.693322337,2.498136,0.096521,0.000000,0.020000000,-0.030000000,0.050000000,0.100000,-0.200000,0.100000
9506842523,0.205104,-4.995791,0.000000,-0.721464056,0.000000000,0.000000000,0.692451887,2.497896,0.102552,0.000000,0.020000000,-0.030000000,0.050000000,0.100000,-0.200000,0.100000
9512125093,0.218298,-4.995232,0.000000,-0.722377908,0.000000000,0.000000000,0.691498487,2.497616,0.109149,0.000000,0.020000000,-0.030000000,0.050000000,0.100000,-0.200000,0.100000
9517560125,0.231872,-4.994621,0.000000,-0.723316820,0.000000000,0.000000000,0.690516313,2.497310,0.115936,0.000000,0.020000000,-0.030000000,0.050000000,0.100000,-0.200000,0.100000
9522511084,0.244236,-4.994031,0.000000,-0.724170945,0.000000000,0.000000000,0.689620506,2.497016,0.122118,0.000000,0.020000000,-0.030000000,0.050000000,0.100000,-0.200000,0.100000
9527576647,0.256884,-4.993397,0.000000,-0.725043693,0.000000000,0.000000000,0.688702870,2.496698,0.128442,0.000000,0.020000000,-0.030000000,0.050000000,0.100000,-0.200000,0.100000
9532240773,0.268528,-4.992784,0.000000,-0.725846249,0.000000000,0.000000000,0.687856978,2.496392,0.134264,0.000000,0.020000000,-0.030000000,0.050000000,0.100000,-0.200000,0.100000
9536762014,0.279814,-4.992164,0.000000,-0.726623277,0.000000000,0.000000000,0.687036107,2.496082,0.139907,0.000000,0.020000000,-0.030000000,0.050000000,0.100000,-0.200000,0.100000
9541862200,0.292543,-4.991434,0.000000,-0.727498689,0.000000000,0.000000000,0.686109071,2.495717,0.146272,0.000000,0.020000000,-0.030000000,0.050000000,0.100000,-0.200000,0.100000
9546476404,0.304058,-4.990746,0.000000,-0.728289667,0.000000000,0.000000000,0.685269408,2.495373,0.152029,0.000000,0.020000000,-0.030000000,0.050000000,0.100000,-0.200000,0.100000
9551044312,0.315456,-4.990039,0.000000,-0.729071754,0.000000000,0.000000000,0.684437271,2.495019,0.157728,0.000000,0.020000000,-0.030000000,0.050000000,0.100000,-0.200000,0.100000
9556069362,0.327993,-4.989230,0.000000,-0.729931011,0.000000000,0.000000000,0.683520825,2.494615,0.163996,0.000000,0.020000000,-0.030000000,0.050000000,0.100000,-0.200000,0.100000
9561053812,0.340426,-4.988398,0.000000,-0.730782188,0.000000000,0.000000000,0.682610719,2.494199,0.170213,0.000000,0.020000000,-0.030000000,0.050000000,0.100000,-0.200000,0.100000
9566068510,0.352933,-4.987528,0.000000,-0.731637385,0.000000000,0.000000000,0.681694020,2.493764,0.176466,0.000000,0.020000000,-0.030000000,0.050000000,0.100000,-0.200000,0.100000
9571395305,0.366215,-4.986571,0.000000,-0.732544547,0.000000000,0.000000000,0.680719095,2.493285,0.183108,0.000000,0.020000000,-0.030000000,0.050000000,0.100000,-0.200000,0.100000
9576186045,0.378159,-4.985679,0.000000,-0.733359309,0.000000000,0.000000000,0.679841249,2.492840,0.189079,0.000000,0.020000000,-0.030000000,0.050000000,0.100000,-0.200000,0.100000
9581613056,0.391686,-4.984635,0.000000,-0.734281010,0.000000000,0.000000000,0.678845637,2.492317,0.195843,0.000000,0.020000000,-0.030000000,0.050000000,0.100000,-0.200000,0.100000
9586872667,0.404793,-4.983587,0.000000,-0.735172991,0.000000000,0.000000000,0.677879542,2.491794,0.202397,0.000000,0.020000000,-0.030000000,0.050000000,0.100000,-0.200000,0.100000
9591479811,0.416272,-4.982642,0.000000,-0.735953275,0.000000000,0.000000000,0.677032330,2.491321,0.208136,0.000000,0.020000000,-0.030000000,0.050000000,0.100000,-0.200000,0.100000
9596898434,0.429770,-4.981496,0.000000,-0.736869746,0.000000000,0.000000000,0.676034746,2.490748,0.214885,0.000000,0.020000000,-0.030000000,0.050000000,0.100000,-0.200000,0.100000
9602143247,0.442832,-4.980351,0.000000,-0.737755531,0.000000000,0.000000000,0.675067979,2.490176,0.221416,0.000000,0.020000000,-0.030000000,0.050000000,0.100000,-0.200000,0.100000
9607261367,0.455576,-4.979202,0.000000,-0.738618696,0.000000000,0.000000000,0.674123447,2.489601,0.227788,0.000000,0.020000000,-0.030000000,0.050000000,0.100000,-0.200000,0.100000
9612168685,0.467792,-4.978069,0.000000,-0.739445175,0.000000000,0.000000000,0.673216780,2.489034,0.233896,0.000000,0.020000000,-0.030000000,0.050000000,0.100000,-0.200000,0.100000
9617029079,0.479888,-4.976917,0.000000,-0.740262654,0.000000000,0.000000000,0.672317785,2.488459,0.239944,0.000000,0.020000000,-0.030000000,0.050000000,0.100000,-0.200000,0.100000
9621908419,0.492029,-4.975732,0.000000,-0.741082219,0.000000000,0.000000000,0.671414287,2.487866,0.246014,0.000000,0.020000000,-0.030000000,0.050000000,0.100000,-0.200000,0.100000
9626548269,0.503571,-4.974577,0.000000,-0.741860536,0.000000000,0.000000000,0.670554208,2.487289,0.251785,0.000000,0.020000000,-0.030000000,0.050000000,0.100000,-0.200000,0.100000
9631212379,0.515170,-4.973389,0.000000,-0.742641916,0.000000000,0.000000000,0.669688722,2.486695,0.257585,0.000000,0.020000000,-0.030000000,0.050000000,0.100000,-0.200000,0.100000
9636323525,0.527878,-4.972056,0.000000,-0.743497029,0.000000000,0.000000000,0.668739238,2.486028,0.263939,0.000000,0.020000000,-0.030000000,0.050000000,0.100000,-0.200000,0.100000
9640955559,0.539392,-4.970820,0.000000,-0.744270936,0.000000000,0.000000000,0.667877814,2.485410,0.269696,0.000000,0.020000000,-0.030000000,0.050000000,0.100000,-0.200000,0.100000
9645827964,0.551501,-4.969492,0.000000,-0.745083926,0.000000000,0.000000000,0.666970721,2.484746,0.275750,0.000000,0.020000000,-0.030000000,0.050000000,0.100000,-0.200000,0.100000
9651021671,0.564404,-4.968043,0.000000,-0.745949311,0.000000000,0.000000000,0.666002722,2.484021,0.282202,0.000000,0.020000000,-0.030000000,0.050000000,0.100000,-0.200000,0.100000
9655839907,0.576371,-4.966669,0.000000,-0.746751009,0.000000000,0.000000000,0.665103699,2.483334,0.288185,0.000000,0.020000000,-0.030000000,0.050000000,0.100000,-0.200000,0.100000
9660600940,0.588192,-4.965282,0.000000,-0.747542125,0.000000000,0.000000000,0.664214402,2.482641,0.294096,0.000000,0.020000000,-0.030000000,0.050000000,0.100000,-0.200000,0.100000
9665880263,0.601297,-4.963713,0.000000,-0.748418124,0.000000000,0.000000000,0.663227195,2.481856,0.300648,0.000000,0.020000000,-0.030000000,0.050000000,0.100000,-0.200000,0.100000
9670596392,0.613000,-4.962281,0.000000,-0.749199570,0.000000000,0.000000000,0.662344325,2.481140,0.306500,0.000000,0.020000000,-0.030000000,0.050000000,0.100000,-0.200000,0.100000
9675650248,0.625537,-4.960716,0.000000,-0.750035820,0.000000000,0.000000000,0.661397210,2.480358,0.312769,0.000000,0.020000000,-0.030000000,0.050000000,0.100000,-0.200000,0.100000
9680285853,0.637034,-4.959253,0.000000,-0.750801810,0.000000000,0.000000000,0.660527548,2.479626,0.318517,0.000000,0.020000000,-0.030000000,0.050000000,0.100000,-0.200000,0.100000
9685624445,0.650269,-4.957535,0.000000,-0.751682713,0.000000000,0.000000000,0.659524904,2.478767,0.325135,0.000000,0.020000000,-0.030000000,0.050000000,0.100000,-0.200000,0.100000
9690785417,0.663060,-4.955840,0.000000,-0.752533034,0.000000000,0.000000000,0.658554502,2.477920,0.331530,0.000000,0.020000000,-0.030000000,0.050000000,0.100000,-0.200000,0.100000
9696168191,0.676395,-4.954038,0.000000,-0.753418565,0.000000000,0.000000000,0.657541227,2.477019,0.338198,0.000000,0.020000000,-0.030000000,0.050000000,0.100000,-0.200000,0.100000
9701450176,0.689477,-4.952234,0.000000,-0.754286189,0.000000000,0.000000000,0.656545768,2.476117,0.344738,0.000000,0.020000000,-0.030000000,0.050000000,0.100000,-0.200000,0.100000
9706274952,0.701421,-4.950556,0.000000,-0.755077562,0.000000000,0.000000000,0.655635475,2.475278,0.350711,0.000000,0.020000000,-0.030000000,0.050000000,0.100000,-0.200000,0.100000
9711369053,0.714028,-4.948754,0.000000,-0.755911917,0.000000000,0.000000000,0.654673333,2.474377,0.357014,0.000000,0.020000000,-0.030000000,0.050000000,0.100000,-0.200000,0.100000
9716665677,0.727132,-4.946845,0.000000,-0.756778144,0.000000000,0.000000000,0.653671814,2.473423,0.363566,0.000000,0.020000000,-0.030000000,0.050000000,0.100000,-0.200000,0.100000
9721842322,0.739933,-4.944947,0.000000,-0.757623467,0.000000000,0.000000000,0.652691874,2.472473,0.369967,0.000000,0.020000000,-0.030000000,0.050000000,0.100000,-0.200000,0.100000
9726983605,0.752642,-4.943028,0.000000,-0.758461759,0.000000000,0.000000000,0.651717546,2.471514,0.376321,0.000000,0.020000000,-0.030000000,0.050000000,0.100000,-0.200000,0.100000
9732045480,0.765150,-4.941108,0.000000,-0.759285880,0.000000000,0.000000000,0.650757215,2.470554,0.382575,0.000000,0.020000000,-0.030000000,0.050000000,0.100000,-0.200000,0.100000
9737511707,0.778652,-4.938998,0.000000,-0.760174467,0.000000000,0.000000000,0.649719000,2.469499,0.389326,0.000000,0.020000000,-0.030000000,0.050000000,0.100000,-0.200000,0.100000
9742378534,0.790669,-4.937089,0.000000,-0.760964422,0.000000000,0.000000000,0.648793610,2.468544,0.395334,0.000000,0.020000000,-0.030000000,0.050000000,0.100000,-0.200000,0.100000
9747708969,0.803824,-4.934964,0.000000,-0.761828334,0.000000000,0.000000000,0.647778967,2.467482,0.401912,0.000000,0.020000000,-0.030000000,0.050000000,0.100000,-0.200000,0.100000
9752955157,0.816766,-4.932838,0.000000,-0.762677271,0.000000000,0.000000000,0.646779236,2.466419,0.408383,0.000000,0.020000000,-0.030000000,0.050000000,0.100000,-0.200000,0.100000
9758417054,0.830234,-4.930589,0.000000,-0.763559720,0.000000000,0.000000000,0.645737217,2.465295,0.415117,0.000000,0.020000000,-0.030000000,0.050000000,0.100000,-0.200000,0.100000
9763166924,0.841942,-4.928604,0.000000,-0.764325974,0.000000000,0.000000000,0.644830060,2.464302,0.420971,0.000000,0.020000000,-0.030000000,0.050000000,0.100000,-0.200000,0.100000
9768324578,0.854649,-4.926416,0.000000,-0.765156790,0.000000000,0.000000000,0.643843992,2.463208,0.427325,0.000000,0.020000000,-0.030000000,0.050000000,0.100000,-0.200000,0.100000
9773471685,0.867325,-4.924200,0.000000,-0.765984640,0.000000000,0.000000000,0.642858873,2.462100,0.433662,0.000000,0.020000000,-0.030000000,0.050000000,0.100000,-0.200000,0.100000
9778813688,0.880474,-4.921866,0.000000,-0.766842495,0.000000000,0.000000000,0.641835327,2.460933,0.440237,0.000000,0.020000000,-0.030000000,0.050000000,0.100000,-0.200000,0.100000
9783940342,0.893088,-4.919593,0.000000,-0.767664482,0.000000000,0.000000000,0.640851966,2.459796,0.446544,0.000000,0.020000000,-0.030000000,0.050000000,0.100000,-0.200000,0.100000
9789084837,0.905739,-4.917279,0.000000,-0.768488062,0.000000000,0.000000000,0.639864125,2.458640,0.452870,0.000000,0.020000000,-0.030000000,0.050000000,0.100000,-0.200000,0.100000
9793931836,0.917653,-4.915070,0.000000,-0.769262853,0.000000000,0.000000000,0.638932440,2.457535,0.458827,0.000000,0.020000000,-0.030000000,0.050000000,0.100000,-0.200000,0.100000
9799169105,0.930521,-4.912650,0.000000,-0.770098759,0.000000000,0.000000000,0.637924684,2.456325,0.465260,0.000000,0.020000000,-0.030000000,0.050000000,0.100000,-0.200000,0.100000
9803872989,0.942073,-4.910448,0.000000,-0.770848407,0.000000000,0.000000000,0.637018629,2.455224,0.471036,0.000000,0.020000000,-0.030000000,0.050000000,0.100000,-0.200000,0.100000
9808645579,0.953788,-4.908186,0.000000,-0.771607915,0.000000000,0.000000000,0.636098440,2.454093,0.476894,0.000000,0.020000000,-0.030000000,0.050000000,0.100000,-0.200000,0.100000
9813753708,0.966320,-4.905734,0.000000,-0.772419604,0.000000000,0.000000000,0.635112553,2.452867,0.483160,0.000000,0.020000000,-0.030000000,0.050000000,0.100000,-0.200000,0.100000
9818873804,0.978876,-4.903244,0.000000,-0.773231930,0.000000000,0.000000000,0.634123318,2.451622,0.489438,0.000000,0.020000000,-0.030000000,0.050000000,0.100000,-0.200000,0.100000
9823468675,0.990138,-4.900982,0.000000,-0.773959849,0.000000000,0.000000000,0.633234674,2.450491,0.495069,0.000000,0.020000000,-0.030000000,0.050000000,0.100000,-0.200000,0.100000
9828010611,1.001266,-4.898721,0.000000,-0.774678377,0.000000000,0.000000000,0.632355447,2.449360,0.500633,0.000000,0.020000000,-0.030000000,0.050000000,0.100000,-0.200000,0.100000
9832905553,1.013252,-4.896256,0.000000,-0.775451633,0.000000000,0.000000000,0.631406972,2.448128,0.506626,0.000000,0.020000000,-0.030000000,0.050000000,0.100000,-0.200000,0.100000
9837799261,1.025230,-4.893762,0.000000,-0.776223533,0.000000000,0.000000000,0.630457792,2.446881,0.512615,0.000000,0.020000000,-0.030000000,0.050000000,0.100000,-0.200000,0.100000
9842875419,1.037647,-4.891144,0.000000,-0.777022983,0.000000000,0.000000000,0.629472226,2.445572,0.518824,0.000000,0.020000000,-0.030000000,0.050000000,0.100000,-0.200000,0.100000
9848210095,1.050690,-4.888359,0.000000,-0.777861800,0.000000000,0.000000000,0.628435375,2.444179,0.525345,0.000000,0.020000000,-0.030000000,0.050000000,0.100000,-0.200000,0.100000
9853437189,1.063462,-4.885596,0.000000,-0.778682358,0.000000000,0.000000000,0.627418350,2.442798,0.531731,0.000000,0.020000000,-0.030000000,0.050000000,0.100000,-0.200000,0.100000
9858584875,1.076033,-4.882843,0.000000,-0.779489151,0.000000000,0.000000000,0.626415727,2.441421,0.538017,0.000000,0.020000000,-0.030000000,0.050000000,0.100000,-0.200000,0.100000
9863833716,1.088844,-4.880002,0.000000,-0.780310469,0.000000000,0.000000000,0.625392335,2.440001,0.544422,0.000000,0.020000000,-0.030000000,0.050000000,0.100000,-0.200000,0.100000
9868769086,1.100883,-4.877300,0.000000,-0.781081510,0.000000000,0.000000000,0.624429079,2.438650,0.550442,0.000000,0.020000000,-0.030000000,0.050000000,0.100000,-0.200000,0.100000
9873587606,1.112631,-4.874634,0.000000,-0.781833150,0.000000000,0.000000000,0.623487711,2.437317,0.556315,0.000000,0.020000000,-0.030000000,0.050000000,0.100000,-0.200000,0.100000
9878608435,1.124865,-4.871825,0.000000,-0.782615140,0.000000000,0.000000000,0.622505858,2.435913,0.562432,0.000000,0.020000000,-0.030000000,0.050000000,0.100000,-0.200000,0.100000
9883650597,1.137143,-4.868974,0.000000,-0.783399211,0.000000000,0.000000000,0.621518846,2.434487,0.568572,0.000000,0.020000000,-0.030000000,0.050000000,0.100000,-0.200000,0.100000
9888211501,1.148244,-4.866368,0.000000,-0.784107374,0.000000000,0.000000000,0.620625190,2.433184,0.574122,0.000000,0.020000000,-0.030000000,0.050000000,0.100000,-0.200000,0.100000
9893684337,1.161556,-4.863208,0.000000,-0.784955785,0.000000000,0.000000000,0.619551786,2.431604,0.580778,0.000000,0.020000000,-0.030000000,0.050000000,0.100000,-0.200000,0.100000
9898338070,1.172869,-4.860492,0.000000,-0.785676061,0.000000000,0.000000000,0.618638124,2.430246,0.586434,0.000000,0.020000000,-0.030000000,0.050000000,0.100000,-0.200000,0.100000
9903491988,1.185390,-4.857453,0.000000,-0.786472511,0.000000000,0.000000000,0.617625283,2.428727,0.592695,0.000000,0.020000000,-0.030000000,0.050000000,0.100000,-0.200000,0.100000
9908132905,1.196658,-4.854689,0.000000,-0.787188568,0.000000000,0.000000000,0.616712379,2.427345,0.598329,0.000000,0.020000000,-0.030000000,0.050000000,0.100000,-0.200000,0.100000
9913304674,1.209208,-4.851579,0.000000,-0.787985283,0.000000000,0.000000000,0.615694074,2.425789,0.604604,0.000000,0.020000000,-0.030000000,0.050000000,0.100000,-0.200000,0.100000
9918161634,1.220986,-4.848628,0.000000,-0.788732303,0.000000000,0.000000000,0.614736817,2.424314,0.610493,0.000000,0.020000000,-0.030000000,0.050000000,0.100000,-0.200000,0.100000
9923181667,1.233153,-4.845548,0.000000,-0.789503181,0.000000000,0.000000000,0.613746468,2.422774,0.616576,0.000000,0.020000000,-0.030000000,0.050000000,0.100000,-0.200000,0.100000
9927729394,1.244168,-4.842731,0.000000,-0.790200459,0.000000000,0.000000000,0.612848460,2.421366,0.622084,0.000000,0.020000000,-0.030000000,0.050000000,0.100000,-0.200000,0.100000
9932708268,1.256219,-4.839619,0.000000,-0.790962670,0.000000000,0.000000000,0.611864409,2.419810,0.628110,0.000000,0.020000000,-0.030000000,0.050000000,0.100000,-0.200000,0.100000
9937603216,1.268061,-4.836530,0.000000,-0.791710839,0.000000000,0.000000000,0.610896020,2.418265,0.634030,0.000000,0.020000000,-0.030000000,0.050000000,0.100000,-0.200000,0.100000
9942569204,1.280066,-4.833367,0.000000,-0.792468654,0.000000000,0.000000000,0.609912643,2.416683,0.640033,0.000000,0.020000000,-0.030000000,0.050000000,0.100000,-0.200000,0.100000
9947615944,1.292258,-4.830121,0.000000,-0.793237541,0.000000000,0.000000000,0.608912312,2.415061,0.646129,0.000000,0.020000000,-0.030000000,0.050000000,0.100000,-0.200000,0.100000
9953032495,1.305335,-4.826604,0.000000,-0.794061364,0.000000000,0.000000000,0.607837601,2.413302,0.652667,0.000000,0.020000000,-0.030000000,0.050000000,0.100000,-0.200000,0.100000
9957988098,1.317290,-4.823354,0.000000,-0.794813805,0.000000000,0.000000000,0.606853372,2.411677,0.658645,0.000000,0.020000000,-0.030000000,0.050000000,0.100000,-0.200000,0.100000
9963364772,1.330252,-4.819796,0.000000,-0.795628800,0.000000000,0.000000000,0.605784460,2.409898,0.665126,0.000000,0.020000000,-0.030000000,0.050000000,0.100000,-0.200000,0.100000
9968544630,1.342730,-4.816334,0.000000,-0.796412602,0.000000000,0.000000000,0.604753642,2.408167,0.671365,0.000000,0.020000000,-0.030000000,0.050000000,0.100000,-0.200000,0.100000
9973888161,1.355594,-4.812730,0.000000,-0.797219771,0.000000000,0.000000000,0.603689189,2.406365,0.677797,0.000000,0.020000000,-0.030000000,0.050000000,0.100000,-0.200000,0.100000
9978881838,1.367606,-4.809330,0.000000,-0.797972807,0.000000000,0.000000000,0.602693454,2.404665,0.683803,0.000000,0.020000000,-0.030000000,0.050000000,0.100000,-0.200000,0.100000
9983734148,1.379270,-4.805998,0.000000,-0.798703334,0.000000000,0.000000000,0.601725008,2.402999,0.689635,0.000000,0.020000000,-0.030000000,0.050000000,0.100000,-0.200000,0.100000
9988957273,1.391817,-4.802379,0.000000,-0.799488374,0.000000000,0.000000000,0.600681563,2.401190,0.695908,0.000000,0.020000000,-0.030000000,0.050000000,0.100000,-0.200000,0.100000
9993516073,1.402760,-4.799194,0.000000,-0.800172451,0.000000000,0.000000000,0.599769996,2.399597,0.701380,0.000000,0.020000000,-0.030000000,0.050000000,0.100000,-0.200000,0.100000
9998662465,1.415104,-4.795569,0.000000,-0.800943451,0.000000000,0.000000000,0.598740000,2.397784,0.707552,0.000000,0.020000000,-0.030000000,0.050000000,0.100000,-0.200000,0.100000
10003815677,1.427456,-4.791907,0.000000,-0.801714145,0.000000000,0.000000000,0.597707646,2.395953,0.713728,0.000000,0.020000000,-0.030000000,0.050000000,0.100000,-0.200000,0.100000
10008997379,1.439866,-4.788192,0.000000,-0.802487758,0.000000000,0.000000000,0.596668583,2.394096,0.719933,0.000000,0.020000000,-0.030000000,0.050000000,0.100000,-0.200000,0.100000
10014020637,1.451888,-4.784561,0.000000,-0.803236430,0.000000000,0.000000000,0.595660338,2.392280,0.725944,0.000000,0.020000000,-0.030000000,0.050000000,0.100000,-0.200000,0.100000
10018953776,1.463685,-4.780965,0.000000,-0.803970438,0.000000000,0.000000000,0.594669266,2.390483,0.731842,0.000000,0.020000000,-0.030000000,0.050000000,0.100000,-0.200000,0.100000
10023516223,1.474587,-4.777614,0.000000,-0.804648201,0.000000000,0.000000000,0.593751861,2.388807,0.737294,0.000000,0.020000000,-0.030000000,0.050000000,0.100000,-0.200000,0.100000
10028531000,1.486562,-4.773901,0.000000,-0.805391952,0.000000000,0.000000000,0.592742611,2.386951,0.743281,0.000000,0.020000000,-0.030000000,0.050000000,0.100000,-0.200000,0.100000
10033909248,1.499394,-4.769886,0.000000,-0.806188203,0.000000000,0.000000000,0.591659177,2.384943,0.749697,0.000000,0.020000000,-0.030000000,0.050000000,0.100000,-0.200000,0.100000
10038589226,1.510552,-4.766365,0.000000,-0.806879889,0.000000000,0.000000000,0.590715536,2.383182,0.755276,0.000000,0.020000000,-0.030000000,0.050000000,0.100000,-0.200000,0.100000
10043815689,1.523002,-4.762401,0.000000,-0.807651038,0.000000000,0.000000000,0.589660750,2.381201,0.761501,0.000000,0.020000000,-0.030000000,0.050000000,0.100000,-0.200000,0.100000
10049082636,1.535538,-4.758374,0.000000,-0.808426766,0.000000000,0.000000000,0.588596775,2.379187,0.767769,0.000000,0.020000000,-0.030000000,0.050000000,0.100000,-0.200000,0.100000
10054529014,1.548491,-4.754175,0.000000,-0.809227446,0.000000000,0.000000000,0.587495481,2.377087,0.774245,0.000000,0.020000000,-0.030000000,0.050000000,0.100000,-0.200000,0.100000
10059087488,1.559322,-4.750633,0.000000,-0.809896442,0.000000000,0.000000000,0.586572889,2.375316,0.779661,0.000000,0.020000000,-0.030000000,0.050000000,0.100000,-0.200000,0.100000
10063944119,1.570854,-4.746832,0.000000,-0.810608036,0.000000000,0.000000000,0.585589115,2.373416,0.785427,0.000000,0.020000000,-0.030000000,0.050000000,0.100000,-0.200000,0.100000
10069385257,1.583762,-4.742541,0.000000,-0.811403854,0.000000000,0.000000000,0.584485916,2.371271,0.791881,0.000000,0.020000000,-0.030000000,0.050000000,0.100000,-0.200000,0.100000
10074189176,1.595149,-4.738723,0.000000,-0.812105224,0.000000000,0.000000000,0.583511015,2.369362,0.797574,0.000000,0.020000000,-0.030000000,0.050000000,0.100000,-0.200000,0.100000
10079588886,1.607937,-4.734400,0.000000,-0.812892182,0.000000000,0.000000000,0.582414200,2.367200,0.803968,0.000000,0.020000000,-0.030000000,0.050000000,0.100000,-0.200000,0.100000
10084955896,1.620636,-4.730068,0.000000,-0.813672906,0.000000000,0.000000000,0.581322976,2.365034,0.810318,0.000000,0.020000000,-0.030000000,0.050000000,0.100000,-0.200000,0.100000
10089907602,1.632342,-4.726041,0.000000,-0.814391917,0.000000000,0.000000000,0.580315264,2.363020,0.816171,0.000000,0.020000000,-0.030000000,0.050000000,0.100000,-0.200000,0.100000
10095277995,1.645026,-4.721640,0.000000,-0.815170313,0.000000000,0.000000000,0.579221340,2.360820,0.822513,0.000000,0.020000000,-0.030000000,0.050000000,0.100000,-0.200000,0.100000
10100014449,1.656204,-4.717731,0.000000,-0.815855605,0.000000000,0.000000000,0.578255680,2.358866,0.828102,0.000000,0.020000000,-0.030000000,0.050000000,0.100000,-0.200000,0.100000
10104925134,1.667782,-4.713651,0.000000,-0.816564898,0.000000000,0.000000000,0.577253642,2.356825,0.833891,0.000000,0.020000000,-0.030000000,0.050000000,0.100000,-0.200000,0.100000
10109619089,1.678841,-4.709723,0.000000,-0.817241736,0.000000000,0.000000000,0.576295015,2.354862,0.839420,0.000000,0.020000000,-0.030000000,0.050000000,0.100000,-0.200000,0.100000
10114447026,1.690205,-4.705657,0.000000,-0.817936720,0.000000000,0.000000000,0.575308198,2.352829,0.845102,0.000000,0.020000000,-0.030000000,0.050000000,0.100000,-0.200000,0.100000
10119642149,1.702422,-4.701251,0.000000,-0.818683229,0.000000000,0.000000000,0.574245392,2.350625,0.851211,0.000000,0.020000000,-0.030000000,0.050000000,0.100000,-0.200000,0.100000
10124524033,1.713893,-4.697081,0.000000,-0.819383469,0.000000000,0.000000000,0.573245786,2.348541,0.856946,0.000000,0.020000000,-0.030000000,0.050000000,0.100000,-0.200000,0.100000
10129961614,1.726657,-4.692404,0.000000,-0.820161979,0.000000000,0.000000000,0.572131390,2.346202,0.863328,0.000000,0.020000000,-0.030000000,0.050000000,0.100000,-0.200000,0.100000
10135324494,1.739233,-4.687757,0.000000,-0.820928310,0.000000000,0.000000000,0.571031269,2.343879,0.869616,0.000000,0.020000000,-0.030000000,0.050000000,0.100000,-0.200000,0.100000
10140195083,1.750644,-4.683508,0.000000,-0.821623016,0.000000000,0.000000000,0.570031245,2.341754,0.875322,0.000000,0.020000000,-0.030000000,0.050000000,0.100000,-0.200000,0.100000
10145411181,1.762853,-4.678926,0.000000,-0.822365652,0.000000000,0.000000000,0.568959344,2.339463,0.881426,0.000000,0.020000000,-0.030000000,0.050000000,0.100000,-0.200000,0.100000
10150604473,1.774996,-4.674333,0.000000,-0.823103651,0.000000000,0.000000000,0.567891169,2.337166,0.887498,0.000000,0.020000000,-0.030000000,0.050000000,0.100000,-0.200000,0.100000
10155754113,1.787026,-4.669747,0.000000,-0.823834078,0.000000000,0.000000000,0.566831026,2.334874,0.893513,0.000000,0.020000000,-0.030000000,0.050000000,0.100000,-0.200000,0.100000
10160855180,1.798930,-4.665174,0.000000,-0.824556268,0.000000000,0.000000000,0.565779957,2.332587,0.899465,0.000000,0.020000000,-0.030000000,0.050000000,0.100000,-0.200000,0.100000
10166170950,1.811324,-4.660376,0.000000,-0.825307429,0.000000000,0.000000000,0.564683670,2.330188,0.905662,0.000000,0.020000000,-0.030000000,0.050000000,0.100000,-0.200000,0.100000
10171365551,1.823422,-4.655656,0.000000,-0.826040060,0.000000000,0.000000000,0.563611409,2.327828,0.911711,0.000000,0.020000000,-0.030000000,0.050000000,0.100000,-0.200000,0.100000
10176483746,1.835330,-4.650974,0.000000,-0.826760551,0.000000000,0.000000000,0.562553989,2.325487,0.917665,0.000000,0.020000000,-0.030000000,0.050000000,0.100000,-0.200000,0.100000
10181764343,1.847604,-4.646112,0.000000,-0.827502486,0.000000000,0.000000000,0.561462052,2.323056,0.923802,0.000000,0.020000000,-0.030000000,0.050000000,0.100000,-0.200000,0.100000
10186718524,1.859107,-4.641522,0.000000,-0.828197247,0.000000000,0.000000000,0.560436722,2.320761,0.929553,0.000000,0.020000000,-0.030000000,0.050000000,0.100000,-0.200000,0.100000
10191434470,1.870046,-4.637125,0.000000,-0.828857419,0.000000000,0.000000000,0.559459899,2.318562,0.935023,0.000000,0.020000000,-0.030000000,0.050000000,0.100000,-0.200000,0.100000
10196161473,1.881001,-4.632692,0.000000,-0.829517982,0.000000000,0.000000000,0.558480006,2.316346,0.940500,0.000000,0.020000000,-0.030000000,0.050000000,0.100000,-0.200000,0.100000
10201413825,1.893161,-4.627736,0.000000,-0.830250600,0.000000000,0.000000000,0.557390295,2.313868,0.946580,0.000000,0.020000000,-0.030000000,0.050000000,0.100000,-0.200000,0.100000
10206228406,1.904295,-4.623165,0.000000,-0.830920899,0.000000000,0.000000000,0.556390564,2.311583,0.952148,0.000000,0.020000000,-0.030000000,0.050000000,0.100000,-0.200000,0.100000
10211109287,1.915572,-4.618504,0.000000,-0.831599199,0.000000000,0.000000000,0.555376244,2.309252,0.957786,0.000000,0.020000000,-0.030000000,0.050000000,0.100000,-0.200000,0.100000
10215915751,1.926666,-4.613887,0.000000,-0.832265947,0.000000000,0.000000000,0.554376580,2.306944,0.963333,0.000000,0.020000000,-0.030000000,0.050000000,0.100000,-0.200000,0.100000
10220444806,1.937109,-4.609513,0.000000,-0.832893114,0.000000000,0.000000000,0.553433880,2.304756,0.968555,0.000000,0.020000000,-0.030000000,0.050000000,0.100000,-0.200000,0.100000
10225000682,1.947605,-4.605088,0.000000,-0.833522918,0.000000000,0.000000000,0.552484882,2.302544,0.973802,0.000000,0.020000000,-0.030000000,0.050000000,0.100000,-0.200000,0.100000
10229574240,1.958130,-4.600622,0.000000,-0.834154079,0.000000000,0.000000000,0.551531480,2.300311,0.979065,0.000000,0.020000000,-0.030000000,0.050000000,0.100000,-0.200000,0.100000
10234772522,1.970081,-4.595517,0.000000,-0.834870128,0.000000000,0.000000000,0.550446972,2.297759,0.985041,0.000000,0.020000000,-0.030000000,0.050000000,0.100000,-0.200000,0.100000
10239672353,1.981334,-4.590677,0.000000,-0.835543776,0.000000000,0.000000000,0.549423879,2.295339,0.990667,0.000000,0.020000000,-0.030000000,0.050000000,0.100000,-0.200000,0.100000
10244215789,1.991758,-4.586164,0.000000,-0.836167305,0.000000000,0.000000000,0.548474465,2.293082,0.995879,0.000000,0.020000000,-0.030000000,0.050000000,0.100000,-0.200000,0.100000
10249046083,2.002828,-4.581340,0.000000,-0.836829018,0.000000000,0.000000000,0.547464332,2.290670,1.001414,0.000000,0.020000000,-0.030000000,0.050000000,0.100000,-0.200000,0.100000
10254182155,2.014586,-4.576182,0.000000,-0.837531282,0.000000000,0.000000000,0.546389377,2.288091,1.007293,0.000000,0.020000000,-0.030000000,0.050000000,0.100000,-0.200000,0.100000
10259511972,2.026774,-4.570797,0.000000,-0.838258577,0.000000000,0.000000000,0.545272920,2.285399,1.013387,0.000000,0.020000000,-0.030000000,0.050000000,0.100000,-0.200000,0.100000
10264234539,2.037562,-4.565998,0.000000,-0.838901765,0.000000000,0.000000000,0.544282858,2.282999,1.018781,0.000000,0.020000000,-0.030000000,0.050000000,0.100000,-0.200000,0.100000
10269239149,2.048981,-4.560886,0.000000,-0.839582089,0.000000000,0.000000000,0.543232838,2.280443,1.024490,0.000000,0.020000000,-0.030000000,0.050000000,0.100000,-0.200000,0.100000
10274262459,2.060430,-4.555725,0.000000,-0.840263633,0.000000000,0.000000000,0.542178039,2.277862,1.030215,0.000000,0.020000000,-0.030000000,0.050000000,0.100000,-0.200000,0.100000
10278827658,2.070823,-4.551010,0.000000,-0.840881874,0.000000000,0.000000000,0.541218694,2.275505,1.035412,0.000000,0.020000000,-0.030000000,0.050000000,0.100000,-0.200000,0.100000
10283889799,2.082336,-4.545754,0.000000,-0.841566131,0.000000000,0.000000000,0.540154095,2.272877,1.041168,0.000000,0.020000000,-0.030000000,0.050000000,0.100000,-0.200000,0.100000
10288556241,2.092936,-4.540883,0.000000,-0.842195708,0.000000000,0.000000000,0.539171948,2.270442,1.046468,0.000000,0.020000000,-0.030000000,0.050000000,0.100000,-0.200000,0.100000
10293646215,2.104486,-4.535542,0.000000,-0.842881119,0.000000000,0.000000000,0.538099823,2.267771,1.052243,0.000000,0.020000000,-0.030000000,0.050000000,0.100000,-0.200000,0.100000
10299039550,2.116709,-4.529850,0.000000,-0.843605890,0.000000000,0.000000000,0.536962849,2.264925,1.058354,0.000000,0.020000000,-0.030000000,0.050000000,0.100000,-0.200000,0.100000
10304492340,2.129051,-4.524062,0.000000,-0.844337093,0.000000000,0.000000000,0.535812349,2.262031,1.064526,0.000000,0.020000000,-0.030000000,0.050000000,0.100000,-0.200000,0.100000
10309066249,2.139392,-4.519182,0.000000,-0.844949230,0.000000000,0.000000000,0.534846519,2.259591,1.069696,0.000000,0.020000000,-0.030000000,0.050000000,0.100000,-0.200000,0.100000
10314063280,2.150677,-4.513822,0.000000,-0.845616732,0.000000000,0.000000000,0.533790543,2.256911,1.075338,0.000000,0.020000000,-0.030000000,0.050000000,0.100000,-0.200000,0.100000
10319249798,2.162375,-4.508230,0.000000,-0.846308149,0.000000000,0.000000000,0.532693642,2.254115,1.081187,0.000000,0.020000000,-0.030000000,0.050000000,0.100000,-0.200000,0.100000
10324014567,2.173109,-4.503065,0.000000,-0.846942089,0.000000000,0.000000000,0.531685149,2.251533,1.086555,0.000000,0.020000000,-0.030000000,0.050000000,0.100000,-0.200000,0.100000
10328540606,2.183294,-4.498136,0.000000,-0.847543154,0.000000000,0.000000000,0.530726486,2.249068,1.091647,0.000000,0.020000000,-0.030000000,0.050000000,0.100000,-0.200000,0.100000
10333093205,2.193527,-4.493155,0.000000,-0.848146651,0.000000000,0.000000000,0.529761511,2.246577,1.096764,0.000000,0.020000000,-0.030000000,0.050000000,0.100000,-0.200000,0.100000
10338501833,2.205670,-4.487206,0.000000,-0.848862196,0.000000000,0.000000000,0.528614200,2.243603,1.102835,0.000000,0.020000000,-0.030000000,0.050000000,0.100000,-0.200000,0.100000
10343381861,2.216613,-4.481811,0.000000,-0.849506477,0.000000000,0.000000000,0.527578189,2.240905,1.108306,0.000000,0.020000000,-0.030000000,0.050000000,0.100000,-0.200000,0.100000
10348797679,2.228741,-4.475792,0.000000,-0.850220015,0.000000000,0.000000000,0.526427512,2.237896,1.114370,0.000000,0.020000000,-0.030000000,0.050000000,0.100000,-0.200000,0.100000
10353399684,2.239034,-4.470652,0.000000,-0.850825108,0.000000000,0.000000000,0.525448985,2.235326,1.119517,0.000000,0.020000000,-0.030000000,0.050000000,0.100000,-0.200000,0.100000
10358099831,2.249534,-4.465378,0.000000,-0.851441942,0.000000000,0.000000000,0.524448872,2.232689,1.124767,0.000000,0.020000000,-0.030000000,0.050000000,0.100000,-0.200000,0.100000
10363300891,2.261139,-4.459513,0.000000,-0.852123145,0.000000000,0.000000000,0.523341329,2.229756,1.130569,0.000000,0.020000000,-0.030000000,0.050000000,0.100000,-0.200000,0.100000
10368015624,2.271645,-4.454170,0.000000,-0.852739406,0.000000000,0.000000000,0.522336582,2.227085,1.135822,0.000000,0.020000000,-0.030000000,0.050000000,0.100000,-0.200000,0.100000
10372654543,2.281970,-4.448889,0.000000,-0.853344602,0.000000000,0.000000000,0.521347284,2.224444,1.140985,0.000000,0.020000000,-0.030000000,0.050000000,0.100000,-0.200000,0.100000
10377309439,2.292318,-4.443566,0.000000,-0.853950728,0.000000000,0.000000000,0.520353873,2.221783,1.146159,0.000000,0.020000000,-0.030000000,0.050000000,0.100000,-0.200000,0.100000
10381903946,2.302520,-4.438288,0.000000,-0.854547857,0.000000000,0.000000000,0.519372660,2.219144,1.151260,0.000000,0.020000000,-0.030000000,0.050000000,0.100000,-0.200000,0.100000
10386817067,2.313416,-4.432618,0.000000,-0.855185148,0.000000000,0.000000000,0.518322644,2.216309,1.156708,0.000000,0.020000000,-0.030000000,0.050000000,0.100000,-0.200000,0.100000
10391903087,2.324681,-4.426721,0.000000,-0.855843506,0.000000000,0.000000000,0.517234853,2.213360,1.162341,0.000000,0.020000000,-0.030000000,0.050000000,0.100000,-0.200000,0.100000
10396753704,2.335410,-4.421070,0.000000,-0.856470104,0.000000000,0.000000000,0.516196631,2.210535,1.167705,0.000000,0.020000000,-0.030000000,0.050000000,0.100000,-0.200000,0.100000
10401553750,2.346014,-4.415452,0.000000,-0.857088929,0.000000000,0.000000000,0.515168485,2.207726,1.173007,0.000000,0.020000000,-0.030000000,0.050000000,0.100000,-0.200000,0.100000
10406396901,2.356700,-4.409758,0.000000,-0.857712060,0.000000000,0.000000000,0.514130355,2.204879,1.178350,0.000000,0.020000000,-0.030000000,0.050000000,0.100000,-0.200000,0.100000
10411743671,2.368480,-4.403442,0.000000,-0.858398528,0.000000000,0.000000000,0.512983399,2.201721,1.184240,0.000000,0.020000000,-0.030000000,0.050000000,0.100000,-0.200000,0.100000
10416727680,2.379446,-4.397526,0.000000,-0.859037040,0.000000000,0.000000000,0.511913434,2.198763,1.189723,0.000000,0.020000000,-0.030000000,0.050000000,0.100000,-0.200000,0.100000
10422141200,2.391341,-4.391069,0.000000,-0.859729066,0.000000000,0.000000000,0.510750362,2.195535,1.195670,0.000000,0.020000000,-0.030000000,0.050000000,0.100000,-0.200000,0.100000
10426967236,2.401929,-4.385286,0.000000,-0.860344665,0.000000000,0.000000000,0.509712720,2.192643,1.200965,0.000000,0.020000000,-0.030000000,0.050000000,0.100000,-0.200000,0.100000
10431545700,2.411962,-4.379776,0.000000,-0.860927527,0.000000000,0.000000000,0.508727622,2.189888,1.205981,0.000000,0.020000000,-0.030000000,0.050000000,0.100000,-0.200000,0.100000
10436921037,2.423725,-4.373278,0.000000,-0.861610395,0.000000000,0.000000000,0.507570219,2.186639,1.211862,0.000000,0.020000000,-0.030000000,0.050000000,0.100000,-0.200000,0.100000
10442222654,2.435309,-4.366838,0.000000,-0.862282374,0.000000000,0.000000000,0.506427792,2.183419,1.217654,0.000000,0.020000000,-0.030000000,0.050000000,0.100000,-0.200000,0.100000
10447577371,2.446992,-4.360302,0.000000,-0.862959545,0.000000000,0.000000000,0.505273019,2.180151,1.223496,0.000000,0.020000000,-0.030000000,0.050000000,0.100000,-0.200000,0.100000
10452687854,2.458125,-4.354035,0.000000,-0.863604388,0.000000000,0.000000000,0.504170072,2.177017,1.229063,0.000000,0.020000000,-0.030000000,0.050000000,0.100000,-0.200000,0.100000
10457281497,2.468119,-4.348378,0.000000,-0.864182813,0.000000000,0.000000000,0.503177967,2.174189,1.234060,0.000000,0.020000000,-0.030000000,0.050000000,0.100000,-0.200000,0.100000
10462405300,2.479251,-4.342040,0.000000,-0.864826650,0.000000000,0.000000000,0.502070579,2.171020,1.239626,0.000000,0.020000000,-0.030000000,0.050000000,0.100000,-0.200000,0.100000
10467882652,2.491133,-4.335234,0.000000,-0.865513343,0.000000000,0.000000000,0.500885868,2.167617,1.245567,0.000000,0.020000000,-0.030000000,0.050000000,0.100000,-0.200000,0.100000
10473178514,2.502604,-4.328622,0.000000,-0.866175740,0.000000000,0.000000000,0.499739520,2.164311,1.251302,0.000000,0.020000000,-0.030000000,0.050000000,0.100000,-0.200000,0.100000
10478185639,2.513433,-4.322343,0.000000,-0.866800626,0.000000000,0.000000000,0.498654866,2.161172,1.256717,0.000000,0.020000000,-0.030000000,0.050000000,0.100000,-0.200000,0.100000
10483606012,2.525138,-4.315516,0.000000,-0.867475553,0.000000000,0.000000000,0.497479813,2.157758,1.262569,0.000000,0.020000000,-0.030000000,0.050000000,0.100000,-0.200000,0.100000
10488471847,2.535630,-4.309360,0.000000,-0.868080075,0.000000000,0.000000000,0.496424197,2.154680,1.267815,0.000000,0.020000000,-0.030000000,0.050000000,0.100000,-0.200000,0.100000
10493812521,2.547129,-4.302573,0.000000,-0.868742111,0.000000000,0.000000000,0.495264721,2.151287,1.273564,0.000000,0.020000000,-0.030000000,0.050000000,0.100000,-0.200000,0.100000
10498791241,2.557831,-4.296219,0.000000,-0.869357884,0.000000000,0.000000000,0.494183032,2.148110,1.278916,0.000000,0.020000000,-0.030000000,0.050000000,0.100000,-0.200000,0.100000
10503899106,2.568795,-4.289673,0.000000,-0.869988230,0.000000000,0.000000000,0.493072489,2.144836,1.284398,0.000000,0.020000000,-0.030000000,0.050000000,0.100000,-0.200000,0.100000
10508600165,2.578871,-4.283623,0.000000,-0.870567120,0.000000000,0.000000000,0.492049682,2.141811,1.289436,0.000000,0.020000000,-0.030000000,0.050000000,0.100000,-0.200000,0.100000
10513514029,2.589388,-4.277274,0.000000,-0.871170929,0.000000000,0.000000000,0.490979849,2.138637,1.294694,0.000000,0.020000000,-0.030000000,0.050000000,0.100000,-0.200000,0.100000
10518019302,2.599016,-4.271430,0.000000,-0.871723376,0.000000000,0.000000000,0.489998322,2.135715,1.299508,0.000000,0.020000000,-0.030000000,0.050000000,0.100000,-0.200000,0.100000
10523354766,2.610402,-4.264481,0.000000,-0.872376192,0.000000000,0.000000000,0.488835124,2.132241,1.305201,0.000000,0.020000000,-0.030000000,0.050000000,0.100000,-0.200000,0.100000
10528105085,2.620524,-4.258269,0.000000,-0.872956108,0.000000000,0.000000000,0.487798764,2.129135,1.310262,0.000000,0.020000000,-0.030000000,0.050000000,0.100000,-0.200000,0.100000
10532849573,2.630618,-4.252041,0.000000,-0.873534082,0.000000000,0.000000000,0.486762988,2.126020,1.315309,0.000000,0.020000000,-0.030000000,0.050000000,0.100000,-0.200000,0.100000
10537458847,2.640410,-4.245967,0.000000,-0.874094408,0.000000000,0.000000000,0.485756076,2.122983,1.320205,0.000000,0.020000000,-0.030000000,0.050000000,0.100000,-0.200000,0.100000
10542158804,2.650381,-4.239750,0.000000,-0.874664563,0.000000000,0.000000000,0.484728689,2.119875,1.325190,0.000000,0.020000000,-0.030000000,0.050000000,0.100000,-0.200000,0.100000
10547249635,2.661164,-4.232990,0.000000,-0.875280773,0.000000000,0.000000000,0.483615104,2.116495,1.330582,0.000000,0.020000000,-0.030000000,0.050000000,0.100000,-0.200000,0.100000
10552558271,2.672391,-4.225912,0.000000,-0.875921836,0.000000000,0.000000000,0.482453042,2.112956,1.336195,0.000000,0.020000000,-0.030000000,0.050000000,0.100000,-0.200000,0.100000
10557150899,2.682088,-4.219764,0.000000,-0.876475190,0.000000000,0.000000000,0.481447029,2.109882,1.341044,0.000000,0.020000000,-0.030000000,0.050000000,0.100000,-0.200000,0.100000
10561842896,2.691980,-4.213460,0.000000,-0.877039324,0.000000000,0.000000000,0.480418593,2.106730,1.345990,0.000000,0.020000000,-0.030000000,0.050000000,0.100000,-0.200000,0.100000
10567231591,2.703322,-4.206192,0.000000,-0.877685735,0.000000000,0.000000000,0.479236633,2.103096,1.351661,0.000000,0.020000000,-0.030000000,0.050000000,0.100000,-0.200000,0.100000
10572717388,2.714849,-4.198761,0.000000,-0.878342158,0.000000000,0.000000000,0.478032481,2.099380,1.357425,0.000000,0.020000000,-0.030000000,0.050000000,0.100000,-0.200000,0.100000
10577752430,2.725411,-4.191913,0.000000,-0.878943191,0.000000000,0.000000000,0.476926480,2.095956,1.362706,0.000000,0.020000000,-0.030000000,0.050000000,0.100000,-0.200000,0.100000
10582533158,2.735424,-4.185386,0.000000,-0.879512577,0.000000000,0.000000000,0.475875643,2.092693,1.367712,0.000000,0.020000000,-0.030000000,0.050000000,0.100000,-0.200000,0.100000
10587917795,2.746682,-4.178006,0.000000,-0.880152384,0.000000000,0.000000000,0.474691248,2.089003,1.373341,0.000000,0.020000000,-0.030000000,0.050000000,0.100000,-0.200000,0.100000
10592767601,2.756805,-4.171334,0.000000,-0.880727277,0.000000000,0.000000000,0.473623757,2.085667,1.378403,0.000000,0.020000000,-0.030000000,0.050000000,0.100000,-0.200000,0.100000
10598189297,2.768103,-4.163845,0.000000,-0.881368429,0.000000000,0.000000000,0.472429564,2.081923,1.384052,0.000000,0.020000000,-0.030000000,0.050000000,0.100000,-0.200000,0.100000
10603409627,2.778962,-4.156606,0.000000,-0.881984238,0.000000000,0.000000000,0.471278903,2.078303,1.389481,0.000000,0.020000000,-0.030000000,0.050000000,0.100000,-0.200000,0.100000
10608890708,2.790343,-4.148974,0.000000,-0.882629189,0.000000000,0.000000000,0.470069905,2.074487,1.395171,0.000000,0.020000000,-0.030000000,0.050000000,0.100000,-0.200000,0.100000
10613625707,2.800158,-4.142356,0.000000,-0.883185015,0.000000000,0.000000000,0.469024763,2.071178,1.400079,0.000000,0.020000000,-0.030000000,0.050000000,0.100000,-0.200000,0.100000
10618738629,2.810738,-4.135184,0.000000,-0.883783815,0.000000000,0.000000000,0.467895466,2.067592,1.405369,0.000000,0.020000000,-0.030000000,0.050000000,0.100000,-0.200000,0.100000
10623571017,2.820722,-4.128381,0.000000,-0.884348433,0.000000000,0.000000000,0.466827429,2.064191,1.410361,0.000000,0.020000000,-0.030000000,0.050000000,0.100000,-0.200000,0.100000
10628209171,2.830288,-4.121828,0.000000,-0.884889143,0.000000000,0.000000000,0.465801679,2.060914,1.415144,0.000000,0.020000000,-0.030000000,0.050000000,0.100000,-0.200000,0.100000
10633355380,2.840884,-4.114532,0.000000,-0.885487689,0.000000000,0.000000000,0.464662838,2.057266,1.420442,0.000000,0.020000000,-0.030000000,0.050000000,0.100000,-0.200000,0.100000
10637931130,2.850291,-4.108022,0.000000,-0.886018655,0.000000000,0.000000000,0.463649591,2.054011,1.425145,0.000000,0.020000000,-0.030000000,0.050000000,0.100000,-0.200000,0.100000
10643205612,2.861114,-4.100491,0.000000,-0.886629262,0.000000000,0.000000000,0.462480866,2.050245,1.430557,0.000000,0.020000000,-0.030000000,0.050000000,0.100000,-0.200000,0.100000
10648322015,2.871595,-4.093158,0.000000,-0.887220096,0.000000000,0.000000000,0.461346400,2.046579,1.435797,0.000000,0.020000000,-0.030000000,0.050000000,0.100000,-0.200000,0.100000
10653324015,2.881823,-4.085963,0.000000,-0.887796316,0.000000000,0.000000000,0.460236571,2.042982,1.440911,0.000000,0.020000000,-0.030000000,0.050000000,0.100000,-0.200000,0.100000
10658213962,2.891804,-4.078905,0.000000,-0.888358286,0.000000000,0.000000000,0.459150908,2.039453,1.445902,0.000000,0.020000000,-0.030000000,0.050000000,0.100000,-0.200000,0.100000
10663651449,2.902883,-4.071028,0.000000,-0.888981621,0.000000000,0.000000000,0.457942875,2.035514,1.451442,0.000000,0.020000000,-0.030000000,0.050000000,0.100000,-0.200000,0.100000
10668232930,2.912201,-4.064368,0.000000,-0.889505552,0.000000000,0.000000000,0.456924362,2.032184,1.456101,0.000000,0.020000000,-0.030000000,0.050000000,0.100000,-0.200000,0.100000
10673712326,2.923325,-4.056374,0.000000,-0.890130635,0.000000000,0.000000000,0.455705445,2.028187,1.461663,0.000000,0.020000000,-0.030000000,0.050000000,0.100000,-0.200000,0.100000
10678760085,2.933554,-4.048983,0.000000,-0.890704999,0.000000000,0.000000000,0.454581791,2.024491,1.466777,0.000000,0.020000000,-0.030000000,0.050000000,0.100000,-0.200000,0.100000
10683635161,2.943415,-4.041820,0.000000,-0.891258367,0.000000000,0.000000000,0.453495890,2.020910,1.471707,0.000000,0.020000000,-0.030000000,0.050000000,0.100000,-0.200000,0.100000
10688773884,2.953790,-4.034244,0.000000,-0.891840229,0.000000000,0.000000000,0.452350534,2.017122,1.476895,0.000000,0.020000000,-0.030000000,0.050000000,0.100000,-0.200000,0.100000
10693420731,2.963155,-4.027370,0.000000,-0.892365128,0.000000000,0.000000000,0.451314168,2.013685,1.481578,0.000000,0.020000000,-0.030000000,0.050000000,0.100000,-0.200000,0.100000
10698799270,2.973975,-4.019387,0.000000,-0.892971174,0.000000000,0.000000000,0.450113855,2.009693,1.486988,0.000000,0.020000000,-0.030000000,0.050000000,0.100000,-0.200000,0.100000
10704212124,2.984842,-4.011323,0.000000,-0.893579456,0.000000000,0.000000000,0.448905062,2.005662,1.492421,0.000000,0.020000000,-0.030000000,0.050000000,0.100000,-0.200000,0.100000
10709611304,2.995660,-4.003251,0.000000,-0.894184572,0.000000000,0.000000000,0.447698505,2.001625,1.497830,0.000000,0.020000000,-0.030000000,0.050000000,0.100000,-0.200000,0.100000
10714675350,3.005787,-3.995653,0.000000,-0.894750647,0.000000000,0.000000000,0.446566098,1.997827,1.502894,0.000000,0.020000000,-0.030000000,0.050000000,0.100000,-0.200000,0.100000
10719514547,3.015446,-3.988369,0.000000,-0.895290247,0.000000000,0.000000000,0.445483303,1.994184,1.507723,0.000000,0.020000000,-0.030000000,0.050000000,0.100000,-0.200000,0.100000
10724392252,3.025164,-3.981002,0.000000,-0.895832815,0.000000000,0.000000000,0.444391232,1.990501,1.512582,0.000000,0.020000000,-0.030000000,0.050000000,0.100000,-0.200000,0.100000
10729218888,3.034763,-3.973690,0.000000,-0.896368392,0.000000000,0.000000000,0.443309944,1.986845,1.517381,0.000000,0.020000000,-0.030000000,0.050000000,0.100000,-0.200000,0.100000
10734667129,3.045576,-3.965408,0.000000,-0.896971375,0.000000000,0.000000000,0.442088625,1.982704,1.522788,0.000000,0.020000000,-0.030000000,0.050000000,0.100000,-0.200000,0.100000
10739533145,3.055215,-3.957987,0.000000,-0.897508514,0.000000000,0.000000000,0.440997129,1.978993,1.527608,0.000000,0.020000000,-0.030000000,0.050000000,0.100000,-0.200000,0.100000
10744059355,3.064165,-3.951062,0.000000,-0.898006950,0.000000000,0.000000000,0.439981269,1.975531,1.532082,0.000000,0.020000000,-0.030000000,0.050000000,0.100000,-0.200000,0.100000
10748876279,3.073672,-3.943671,0.000000,-0.898536138,0.000000000,0.000000000,0.438899542,1.971835,1.536836,0.000000,0.020000000,-0.030000000,0.050000000,0.100000,-0.200000,0.100000
10753844447,3.083459,-3.936024,0.000000,-0.899080577,0.000000000,0.000000000,0.437783185,1.968012,1.541729,0.000000,0.020000000,-0.030000000,0.050000000,0.100000,-0.200000,0.100000
10758542310,3.092696,-3.928770,0.000000,-0.899594118,0.000000000,0.000000000,0.436726943,1.964385,1.546348,0.000000,0.020000000,-0.030000000,0.050000000,0.100000,-0.200000,0.100000
10763066601,3.101575,-3.921764,0.000000,-0.900087512,0.000000000,0.000000000,0.435709158,1.960882,1.550788,0.000000,0.020000000,-0.030000000,0.050000000,0.100000,-0.200000,0.100000
10768558926,3.112333,-3.913232,0.000000,-0.900684928,0.000000000,0.000000000,0.434472854,1.956616,1.556167,0.000000,0.020000000,-0.030000000,0.050000000,0.100000,-0.200000,0.100000
10773190290,3.121387,-3.906014,0.000000,-0.901187374,0.000000000,0.000000000,0.433429713,1.953007,1.560693,0.000000,0.020000000,-0.030000000,0.050000000,0.100000,-0.200000,0.100000
10778645828,3.132030,-3.897485,0.000000,-0.901777684,0.000000000,0.000000000,0.432200195,1.948742,1.566015,0.000000,0.020000000,-0.030000000,0.050000000,0.100000,-0.200000,0.100000
10783301633,3.141094,-3.890183,0.000000,-0.902280133,0.000000000,0.000000000,0.431150277,1.945092,1.570547,0.000000,0.020000000,-0.030000000,0.050000000,0.100000,-0.200000,0.100000
10788398660,3.150998,-3.882166,0.000000,-0.902828796,0.000000000,0.000000000,0.430000191,1.941083,1.575499,0.000000,0.020000000,-0.030000000,0.050000000,0.100000,-0.200000,0.100000
10793032578,3.159985,-3.874854,0.000000,-0.903326337,0.000000000,0.000000000,0.428953994,1.937427,1.579992,0.000000,0.020000000,-0.030000000,0.050000000,0.100000,-0.200000,0.100000
10798476212,3.170520,-3.866239,0.000000,-0.903909267,0.000000000,0.000000000,0.427724253,1.933120,1.585260,0.000000,0.020000000,-0.030000000,0.050000000,0.100000,-0.200000,0.100000
10803858636,3.180913,-3.857693,0.000000,-0.904483997,0.000000000,0.000000000,0.426507560,1.928846,1.590457,0.000000,0.020000000,-0.030000000,0.050000000,0.100000,-0.200000,0.100000
10809202506,3.191209,-3.849180,0.000000,-0.905052990,0.000000000,0.000000000,0.425298819,1.924590,1.595605,0.000000,0.020000000,-0.030000000,0.050000000,0.100000,-0.200000,0.100000
10814201188,3.200820,-3.841192,0.000000,-0.905583767,0.000000000,0.000000000,0.424167469,1.920596,1.600410,0.000000,0.020000000,-0.030000000,0.050000000,0.100000,-0.200000,0.100000
10819006009,3.210038,-3.833491,0.000000,-0.906092625,0.000000000,0.000000000,0.423079371,1.916745,1.605019,0.000000,0.020000000,-0.030000000,0.050000000,0.100000,-0.200000,0.100000
10824427885,3.220419,-3.824775,0.000000,-0.906665264,0.000000000,0.000000000,0.421850802,1.912387,1.610210,0.000000,0.020000000,-0.030000000,0.050000000,0.100000,-0.200000,0.100000
10829195229,3.229527,-3.817087,0.000000,-0.907167397,0.000000000,0.000000000,0.420769907,1.908544,1.614763,0.000000,0.020000000,-0.030000000,0.050000000,0.100000,-0.200000,0.100000
10834234504,3.239134,-3.808938,0.000000,-0.907696770,0.000000000,0.000000000,0.419626707,1.904469,1.619567,0.000000,0.020000000,-0.030000000,0.050000000,0.100000,-0.200000,0.100000
10839344029,3.248855,-3.800650,0.000000,-0.908232053,0.000000000,0.000000000,0.418466890,1.900325,1.624427,0.000000,0.020000000,-0.030000000,0.050000000,0.100000,-0.200000,0.100000
10844006928,3.257707,-3.793066,0.000000,-0.908719253,0.000000000,0.000000000,0.417407857,1.896533,1.628853,0.000000,0.020000000,-0.030000000,0.050000000,0.100000,-0.200000,0.100000
10849308079,3.267749,-3.784417,0.000000,-0.909271640,0.000000000,0.000000000,0.416203177,1.892209,1.633875,0.000000,0.020000000,-0.030000000,0.050000000,0.100000,-0.200000,0.100000
10854448217,3.277465,-3.776007,0.000000,-0.909805725,0.000000000,0.000000000,0.415034388,1.888003,1.638732,0.000000,0.020000000,-0.030000000,0.050000000,0.100000,-0.200000,0.100000
10859430248,3.286860,-3.767831,0.000000,-0.910321948,0.000000000,0.000000000,0.413900896,1.883915,1.643430,0.000000,0.020000000,-0.030000000,0.050000000,0.100000,-0.200000,0.100000
10864416859,3.296245,-3.759624,0.000000,-0.910837231,0.000000000,0.000000000,0.412765719,1.879812,1.648122,0.000000,0.020000000,-0.030000000,0.050000000,0.100000,-0.200000,0.100000
10869013433,3.304877,-3.752038,0.000000,-0.911310956,0.000000000,0.000000000,0.411718764,1.876019,1.652438,0.000000,0.020000000,-0.030000000,0.050000000,0.100000,-0.200000,0.100000
10873729013,3.313714,-3.744236,0.000000,-0.911795696,0.000000000,0.000000000,0.410644138,1.872118,1.656857,0.000000,0.020000000,-0.030000000,0.050000000,0.100000,-0.200000,0.100000
10878933436,3.323446,-3.735600,0.000000,-0.912329216,0.000000000,0.000000000,0.409457449,1.867800,1.661723,0.000000,0.020000000,-0.030000000,0.050000000,0.100000,-0.200000,0.100000
10884272221,3.333406,-3.726715,0.000000,-0.912874904,0.000000000,0.000000000,0.408239402,1.863358,1.666703,0.000000,0.020000000,-0.030000000,0.050000000,0.100000,-0.200000,0.100000
10889678631,3.343468,-3.717691,0.000000,-0.913425848,0.000000000,0.000000000,0.407005185,1.858845,1.671734,0.000000,0.020000000,-0.030000000,0.050000000,0.100000,-0.200000,0.100000
10895020270,3.353385,-3.708748,0.000000,-0.913968552,0.000000000,0.000000000,0.405785025,1.854374,1.676693,0.000000,0.020000000,-0.030000000,0.050000000,0.100000,-0.200000,0.100000
10899805896,3.362250,-3.700713,0.000000,-0.914453381,0.000000000,0.000000000,0.404691257,1.850356,1.681125,0.000000,0.020000000,-0.030000000,0.050000000,0.100000,-0.200000,0.100000
10904881748,3.371631,-3.692168,0.000000,-0.914966183,0.000000000,0.000000000,0.403530524,1.846084,1.685816,0.000000,0.020000000,-0.030000000,0.050000000,0.100000,-0.200000,0.100000
10909947221,3.380972,-3.683617,0.000000,-0.915476468,0.000000000,0.000000000,0.402371517,1.841808,1.690486,0.000000,0.020000000,-0.030000000,0.050000000,0.100000,-0.200000,0.100000
10914994791,3.390258,-3.675072,0.000000,-0.915983488,0.000000000,0.000000000,0.401215964,1.837536,1.695129,0.000000,0.020000000,-0.030000000,0.050000000,0.100000,-0.200000,0.100000
10920368489,3.400120,-3.665950,0.000000,-0.916521665,0.000000000,0.000000000,0.399985047,1.832975,1.700060,0.000000,0.020000000,-0.030000000,0.050000000,0.100000,-0.200000,0.100000
10925163617,3.408899,-3.657787,0.000000,-0.917000501,0.000000000,0.000000000,0.398886050,1.828894,1.704450,0.000000,0.020000000,-0.030000000,0.050000000,0.100000,-0.200000,0.100000
10930336062,3.418348,-3.648959,0.000000,-0.917515538,0.000000000,0.000000000,0.397699933,1.824479,1.709174,0.000000,0.020000000,-0.030000000,0.050000000,0.100000,-0.200000,0.100000
10935583370,3.427909,-3.639978,0.000000,-0.918036462,0.000000000,0.000000000,0.396495970,1.819989,1.713955,0.000000,0.020000000,-0.030000000,0.050000000,0.100000,-0.200000,0.100000
10940135796,3.436186,-3.632166,0.000000,-0.918487122,0.000000000,0.000000000,0.395450890,1.816083,1.718093,0.000000,0.020000000,-0.030000000,0.050000000,0.100000,-0.200000,0.100000
10945314404,3.445579,-3.623256,0.000000,-0.918998323,0.000000000,0.000000000,0.394261438,1.811628,1.722790,0.000000,0.020000000,-0.030000000,0.050000000,0.100000,-0.200000,0.100000
10950623784,3.455186,-3.614096,0.000000,-0.919520835,0.000000000,0.000000000,0.393041263,1.807048,1.727593,0.000000,0.020000000,-0.030000000,0.050000000,0.100000,-0.200000,0.100000
10955189231,3.463427,-3.606200,0.000000,-0.919968838,0.000000000,0.000000000,0.391991502,1.803100,1.731713,0.000000,0.020000000,-0.030000000,0.050000000,0.100000,-0.200000,0.100000
10959727516,3.471601,-3.598331,0.000000,-0.920412988,0.000000000,0.000000000,0.390947479,1.799166,1.735800,0.000000,0.020000000,-0.030000000,0.050000000,0.100000,-0.200000,0.100000
10965180437,3.481398,-3.588853,0.000000,-0.920945084,0.000000000,0.000000000,0.389692381,1.794426,1.740699,0.000000,0.020000000,-0.030000000,0.050000000,0.100000,-0.200000,0.100000
10970482758,3.490901,-3.579610,0.000000,-0.921460843,0.000000000,0.000000000,0.388471253,1.789805,1.745450,0.000000,0.020000000,-0.030000000,0.050000000,0.100000,-0.200000,0.100000
10975119981,3.499191,-3.571507,0.000000,-0.921910581,0.000000000,0.000000000,0.387402737,1.785753,1.749596,0.000000,0.020000000,-0.030000000,0.050000000,0.100000,-0.200000,0.100000
10979771051,3.507487,-3.563360,0.000000,-0.922360417,0.000000000,0.000000000,0.386330508,1.781680,1.753744,0.000000,0.020000000,-0.030000000,0.050000000,0.100000,-0.200000,0.100000
10985157218,3.517071,-3.553901,0.000000,-0.922879791,0.000000000,0.000000000,0.385088161,1.776950,1.758536,0.000000,0.020000000,-0.030000000,0.050000000,0.100000,-0.200000,0.100000
10990355669,3.526297,-3.544747,0.000000,-0.923379477,0.000000000,0.000000000,0.383888450,1.772374,1.763148,0.000000,0.020000000,-0.030000000,0.050000000,0.100000,-0.200000,0.100000
10995475902,3.535360,-3.535708,0.000000,-0.923870120,0.000000000,0.000000000,0.382706156,1.767854,1.767680,0.000000,0.020000000,-0.030000000,0.050000000,0.100000,-0.200000,0.100000
11000670005,3.544530,-3.526514,0.000000,-0.924366294,0.000000000,0.000000000,0.381506165,1.763257,1.772265,0.000000,0.020000000,-0.030000000,0.050000000,0.100000,-0.200000,0.100000
11005314396,3.552710,-3.518274,0.000000,-0.924808637,0.000000000,0.000000000,0.380432628,1.759137,1.776355,0.000000,0.020000000,-0.030000000,0.050000000,0.100000,-0.200000,0.100000
11009982024,3.560911,-3.509973,0.000000,-0.925251937,0.000000000,0.000000000,0.379353204,1.754986,1.780456,0.000000,0.020000000,-0.030000000,0.050000000,0.100000,-0.200000,0.100000
11014674608,3.569137,-3.501608,0.000000,-0.925696337,0.000000000,0.000000000,0.378267488,1.750804,1.784569,0.000000,0.020000000,-0.030000000,0.050000000,0.100000,-0.200000,0.100000
11020139651,3.578692,-3.491842,0.000000,-0.926212285,0.000000000,0.000000000,0.377002392,1.745921,1.789346,0.000000,0.020000000,-0.030000000,0.050000000,0.100000,-0.200000,0.100000
11025216180,3.587544,-3.482748,0.000000,-0.926690004,0.000000000,0.000000000,0.375826603,1.741374,1.793772,0.000000,0.020000000,-0.030000000,0.050000000,0.100000,-0.200000,0.100000
11030026698,3.595910,-3.474109,0.000000,-0.927141314,0.000000000,0.000000000,0.374711867,1.737054,1.797955,0.000000,0.020000000,-0.030000000,0.050000000,0.100000,-0.200000,0.100000
11034824342,3.604234,-3.465473,0.000000,-0.927590081,0.000000000,0.000000000,0.373599574,1.732736,1.802117,0.000000,0.020000000,-0.030000000,0.050000000,0.100000,-0.200000,0.100000
11039520723,3.612361,-3.457000,0.000000,-0.928028083,0.000000000,0.000000000,0.372510238,1.728500,1.806181,0.000000,0.020000000,-0.030000000,0.050000000,0.100000,-0.200000,0.100000
11044764321,3.621412,-3.447517,0.000000,-0.928515609,0.000000000,0.000000000,0.371293366,1.723758,1.810706,0.000000,0.020000000,-0.030000000,0.050000000,0.100000,-0.200000,0.100000
11049384603,3.629367,-3.439142,0.000000,-0.928943859,0.000000000,0.000000000,0.370220618,1.719571,1.814683,0.000000,0.020000000,-0.030000000,0.050000000,0.100000,-0.200000,0.100000
11053920606,3.637158,-3.430901,0.000000,-0.929363093,0.000000000,0.000000000,0.369166957,1.715451,1.818579,0.000000,0.020000000,-0.030000000,0.050000000,0.100000,-0.200000,0.100000
11058684074,3.645319,-3.422229,0.000000,-0.929802062,0.000000000,0.000000000,0.368059948,1.711114,1.822659,0.000000,0.020000000,-0.030000000,0.050000000,0.100000,-0.200000,0.100000
11064074655,3.654529,-3.412391,0.000000,-0.930297232,0.000000000,0.000000000,0.366806571,1.706196,1.827265,0.000000,0.020000000,-0.030000000,0.050000000,0.100000,-0.200000,0.100000
11069035653,3.662983,-3.403316,0.000000,-0.930751448,0.000000000,0.000000000,0.365652488,1.701658,1.831491,0.000000,0.020000000,-0.030000000,0.050000000,0.100000,-0.200000,0.100000
11074257740,3.671856,-3.393740,0.000000,-0.931228022,0.000000000,0.000000000,0.364437061,1.696870,1.835928,0.000000,0.020000000,-0.030000000,0.050000000,0.100000,-0.200000,0.100000
11079212560,3.680253,-3.384633,0.000000,-0.931678737,0.000000000,0.000000000,0.363283265,1.692316,1.840126,0.000000,0.020000000,-0.030000000,0.050000000,0.100000,-0.200000,0.100000
11084059205,3.688444,-3.375705,0.000000,-0.932118230,0.000000000,0.000000000,0.362154119,1.687852,1.844222,0.000000,0.020000000,-0.030000000,0.050000000,0.100000,-0.200000,0.100000
11089236742,3.697170,-3.366145,0.000000,-0.932586215,0.000000000,0.000000000,0.360947297,1.683072,1.848585,0.000000,0.020000000,-0.030000000,0.050000000,0.100000,-0.200000,0.100000
11094304507,3.705688,-3.356766,0.000000,-0.933042766,0.000000000,0.000000000,0.359765476,1.678383,1.852844,0.000000,0.020000000,-0.030000000,0.050000000,0.100000,-0.200000,0.100000
11099288517,3.714042,-3.347521,0.000000,-0.933490310,0.000000000,0.000000000,0.358602623,1.673760,1.857021,0.000000,0.020000000,-0.030000000,0.050000000,0.100000,-0.200000,0.100000
11104597000,3.722914,-3.337651,0.000000,-0.933965397,0.000000000,0.000000000,0.357363453,1.668825,1.861457,0.000000,0.020000000,-0.030000000,0.050000000,0.100000,-0.200000,0.100000
11109467370,3.731030,-3.328575,0.000000,-0.934399827,0.000000000,0.000000000,0.356225999,1.664288,1.865515,0.000000,0.020000000,-0.030000000,0.050000000,0.100000,-0.200000,0.100000
11114511133,3.739413,-3.319155,0.000000,-0.934848264,0.000000000,0.000000000,0.355047494,1.659578,1.869706,0.000000,0.020000000,-0.030000000,0.050000000,0.100000,-0.200000,0.100000
11119184414,3.747158,-3.310409,0.000000,-0.935262435,0.000000000,0.000000000,0.353955049,1.655204,1.873579,0.000000,0.020000000,-0.030000000,0.050000000,0.100000,-0.200000,0.100000
11123939710,3.755019,-3.301490,0.000000,-0.935682565,0.000000000,0.000000000,0.352842937,1.650745,1.877509,0.000000,0.020000000,-0.030000000,0.050000000,0.100000,-0.200000,0.100000
11129041322,3.763428,-3.291901,0.000000,-0.936131820,0.000000000,0.000000000,0.351649278,1.645950,1.881714,0.000000,0.020000000,-0.030000000,0.050000000,0.100000,-0.200000,0.100000
11134114455,3.771766,-3.282344,0.000000,-0.936577058,0.000000000,0.000000000,0.350461715,1.641172,1.885883,0.000000,0.020000000,-0.030000000,0.050000000,0.100000,-0.200000,0.100000
11139458970,3.780524,-3.272253,0.000000,-0.937044484,0.000000000,0.000000000,0.349210015,1.636127,1.890262,0.000000,0.020000000,-0.030000000,0.050000000,0.100000,-0.200000,0.100000
11144859287,3.789345,-3.262033,0.000000,-0.937515091,0.000000000,0.000000000,0.347944613,1.631017,1.894673,0.000000,0.020000000,-0.030000000,0.050000000,0.100000,-0.200000,0.100000
11149976642,3.797680,-3.252327,0.000000,-0.937959463,0.000000000,0.000000000,0.346744929,1.626163,1.898840,0.000000,0.020000000,-0.030000000,0.050000000,0.100000,-0.200000,0.100000
11154735066,3.805407,-3.243282,0.000000,-0.938371289,0.000000000,0.000000000,0.345628882,1.621641,1.902703,0.000000,0.020000000,-0.030000000,0.050000000,0.100000,-0.200000,0.100000
11159502627,3.813127,-3.234202,0.000000,-0.938782574,0.000000000,0.000000000,0.344510201,1.617101,1.906564,0.000000,0.020000000,-0.030000000,0.050000000,0.100000,-0.200000,0.100000
11164216253,3.820739,-3.225206,0.000000,-0.939187895,0.000000000,0.000000000,0.343403695,1.612603,1.910370,0.000000,0.020000000,-0.030000000,0.050000000,0.100000,-0.200000,0.100000
11169373673,3.829043,-3.215343,0.000000,-0.939629884,0.000000000,0.000000000,0.342192463,1.607671,1.914522,0.000000,0.020000000,-0.030000000,0.050000000,0.100000,-0.200000,0.100000
11173902120,3.836314,-3.206665,0.000000,-0.940016681,0.000000000,0.000000000,0.341128478,1.603332,1.918157,0.000000,0.020000000,-0.030000000,0.050000000,0.100000,-0.200000,0.100000
11179223697,3.844832,-3.196446,0.000000,-0.940469685,0.000000000,0.000000000,0.339877584,1.598223,1.922416,0.000000,0.020000000,-0.030000000,0.050000000,0.100000,-0.200000,0.100000
11183859269,3.852231,-3.187526,0.000000,-0.940862935,0.000000000,0.000000000,0.338787452,1.593763,1.926115,0.000000,0.020000000,-0.030000000,0.050000000,0.100000,-0.200000,0.100000
11189085027,3.860546,-3.177449,0.000000,-0.941304737,0.000000000,0.000000000,0.337557983,1.588725,1.930273,0.000000,0.020000000,-0.030000000,0.050000000,0.100000,-0.200000,0.100000
11193778349,3.867992,-3.168381,0.000000,-0.941700156,0.000000000,0.000000000,0.336453289,1.584191,1.933996,0.000000,0.020000000,-0.030000000,0.050000000,0.100000,-0.200000,0.100000
11198932184,3.876144,-3.158403,0.000000,-0.942132881,0.000000000,0.000000000,0.335239668,1.579202,1.938072,0.000000,0.020000000,-0.030000000,0.050000000,0.100000,-0.200000,0.100000
11203494718,3.883339,-3.149552,0.000000,-0.942514653,0.000000000,0.000000000,0.334164822,1.574776,1.941669,0.000000,0.020000000,-0.030000000,0.050000000,0.100000,-0.200000,0.100000
11208788547,3.891662,-3.139263,0.000000,-0.942956081,0.000000000,0.000000000,0.332917152,1.569631,1.945831,0.000000,0.020000000,-0.030000000,0.050000000,0.100000,-0.200000,0.100000
11213558029,3.899137,-3.129973,0.000000,-0.943352371,0.000000000,0.000000000,0.331792562,1.564987,1.949568,0.000000,0.020000000,-0.030000000,0.050000000,0.100000,-0.200000,0.100000
11218103203,3.906240,-3.121104,0.000000,-0.943728775,0.000000000,0.000000000,0.330720423,1.560552,1.953120,0.000000,0.020000000,-0.030000000,0.050000000,0.100000,-0.200000,0.100000
11223449654,3.914569,-3.110650,0.000000,-0.944169977,0.000000000,0.000000000,0.329458728,1.555325,1.957285,0.000000,0.020000000,-0.030000000,0.050000000,0.100000,-0.200000,0.100000
11228299384,3.922101,-3.101149,0.000000,-0.944568730,0.000000000,0.000000000,0.328313744,1.550574,1.961050,0.000000,0.020000000,-0.030000000,0.050000000,0.100000,-0.200000,0.100000
11233708066,3.930473,-3.090531,0.000000,-0.945011802,0.000000000,0.000000000,0.327036227,1.545265,1.965237,0.000000,0.020000000,-0.030000000,0.050000000,0.100000,-0.200000,0.100000
11239142662,3.938856,-3.079839,0.000000,-0.945455257,0.000000000,0.000000000,0.325751986,1.539920,1.969428,0.000000,0.020000000,-0.030000000,0.050000000,0.100000,-0.200000,0.100000
11244025723,3.946364,-3.070213,0.000000,-0.945852220,0.000000000,0.000000000,0.324597564,1.535107,1.973182,0.000000,0.020000000,-0.030000000,0.050000000,0.100000,-0.200000,0.100000
11248611039,3.953393,-3.061158,0.000000,-0.946223694,0.000000000,0.000000000,0.323513094,1.530579,1.976696,0.000000,0.020000000,-0.030000000,0.050000000,0.100000,-0.200000,0.100000
11253782943,3.961296,-3.050924,0.000000,-0.946641197,0.000000000,0.000000000,0.322289379,1.525462,1.980648,0.000000,0.020000000,-0.030000000,0.050000000,0.100000,-0.200000,0.100000
11258723007,3.968819,-3.041130,0.000000,-0.947038508,0.000000000,0.000000000,0.321120016,1.520565,1.984410,0.000000,0.020000000,-0.030000000,0.050000000,0.100000,-0.200000,0.100000
11263537624,3.976129,-3.031567,0.000000,-0.947424339,0.000000000,0.000000000,0.319979877,1.515784,1.988064,0.000000,0.020000000,-0.030000000,0.050000000,0.100000,-0.200000,0.100000
11268530585,3.983685,-3.021631,0.000000,-0.947823013,0.000000000,0.000000000,0.318797015,1.510816,1.991842,0.000000,0.020000000,-0.030000000,0.050000000,0.100000,-0.200000,0.100000
11273971767,3.991891,-3.010782,0.000000,-0.948255794,0.000000000,0.000000000,0.317507401,1.505391,1.995945,0.000000,0.020000000,-0.030000000,0.050000000,0.100000,-0.200000,0.100000
11278655104,3.998930,-3.001426,0.000000,-0.948626892,0.000000000,0.000000000,0.316396933,1.500713,1.999465,0.000000,0.020000000,-0.030000000,0.050000000,0.100000,-0.200000,0.100000
11283198043,4.005737,-2.992335,0.000000,-0.948985623,0.000000000,0.000000000,0.315319341,1.496168,2.002869,0.000000,0.020000000,-0.030000000,0.050000000,0.100000,-0.200000,0.100000
11288378506,4.013475,-2.981949,0.000000,-0.949393202,0.000000000,0.000000000,0.314090031,1.490975,2.006737,0.000000,0.020000000,-0.030000000,0.050000000,0.100000,-0.200000,0.100000
11293292074,4.020788,-2.972080,0.000000,-0.949778312,0.000000000,0.000000000,0.312923567,1.486040,2.010394,0.000000,0.020000000,-0.030000000,0.050000000,0.100000,-0.200000,0.100000
11298390041,4.028351,-2.961822,0.000000,-0.950176359,0.000000000,0.000000000,0.311712828,1.480911,2.014176,0.000000,0.020000000,-0.030000000,0.050000000,0.100000,-0.200000,0.100000
11303228287,4.035504,-2.952068,0.000000,-0.950552699,0.000000000,0.000000000,0.310563304,1.476034,2.017752,0.000000,0.020000000,-0.030000000,0.050000000,0.100000,-0.200000,0.100000
11308548777,4.043343,-2.941322,0.000000,-0.950964946,0.000000000,0.000000000,0.309298678,1.470661,2.021672,0.000000,0.020000000,-0.030000000,0.050000000,0.100000,-0.200000,0.100000
11313412829,4.050485,-2.931480,0.000000,-0.951340354,0.000000000,0.000000000,0.308142064,1.465740,2.025242,0.000000,0.020000000,-0.030000000,0.050000000,0.100000,-0.200000,0.100000
11318152792,4.057421,-2.921872,0.000000,-0.951704831,0.000000000,0.000000000,0.307014518,1.460936,2.028710,0.000000,0.020000000,-0.030000000,0.050000000,0.100000,-0.200000,0.100000
11322837796,4.064254,-2.912359,0.000000,-0.952063769,0.000000000,0.000000000,0.305899623,1.456180,2.032127,0.000000,0.020000000,-0.030000000,0.050000000,0.100000,-0.200000,0.100000
11328229924,4.072091,-2.901391,0.000000,-0.952475267,0.000000000,0.000000000,0.304615933,1.450696,2.036046,0.000000,0.020000000,-0.030000000,0.050000000,0.100000,-0.200000,0.100000
11332935832,4.078907,-2.891802,0.000000,-0.952832981,0.000000000,0.000000000,0.303495157,1.445901,2.039453,0.000000,0.020000000,-0.030000000,0.050000000,0.100000,-0.200000,0.100000
11338248110,4.086574,-2.880958,0.000000,-0.953235203,0.000000000,0.000000000,0.302229461,1.440479,2.043287,0.000000,0.020000000,-0.030000000,0.050000000,0.100000,-0.200000,0.100000
11343066455,4.093502,-2.871104,0.000000,-0.953598573,0.000000000,0.000000000,0.301080988,1.435552,2.046751,0.000000,0.020000000,-0.030000000,0.050000000,0.100000,-0.200000,0.100000
11348129175,4.100757,-2.860733,0.000000,-0.953978881,0.000000000,0.000000000,0.299873797,1.430366,2.050379,0.000000,0.020000000,-0.030000000,0.050000000,0.100000,-0.200000,0.100000
11353021535,4.107743,-2.850693,0.000000,-0.954344940,0.000000000,0.000000000,0.298706771,1.425346,2.053871,0.000000,0.020000000,-0.030000000,0.050000000,0.100000,-0.200000,0.100000
11357803950,4.114547,-2.840862,0.000000,-0.954701393,0.000000000,0.000000000,0.297565539,1.420431,2.057274,0.000000,0.020000000,-0.030000000,0.050000000,0.100000,-0.200000,0.100000
11362354773,4.121001,-2.831493,0.000000,-0.955039317,0.000000000,0.000000000,0.296479178,1.415746,2.060500,0.000000,0.020000000,-0.030000000,0.050000000,0.100000,-0.200000,0.100000
11367839413,4.128750,-2.820181,0.000000,-0.955444940,0.000000000,0.000000000,0.295169388,1.410090,2.064375,0.000000,0.020000000,-0.030000000,0.050000000,0.100000,-0.200000,0.100000
11373339109,4.136490,-2.808817,0.000000,-0.955849872,0.000000000,0.000000000,0.293855445,1.404408,2.068245,0.000000,0.020000000,-0.030000000,0.050000000,0.100000,-0.200000,0.100000
11377974432,4.142989,-2.799222,0.000000,-0.956189759,0.000000000,0.000000000,0.292747579,1.399611,2.071494,0.000000,0.020000000,-0.030000000,0.050000000,0.100000,-0.200000,0.100000
11382649170,4.149520,-2.789531,0.000000,-0.956531235,0.000000000,0.000000000,0.291629896,1.394766,2.074760,0.000000,0.020000000,-0.030000000,0.050000000,0.100000,-0.200000,0.100000
11387699743,4.156551,-2.779043,0.000000,-0.956898697,0.000000000,0.000000000,0.290421906,1.389522,2.078276,0.000000,0.020000000,-0.030000000,0.050000000,0.100000,-0.200000,0.100000
11393142742,4.164099,-2.767721,0.000000,-0.957293003,0.000000000,0.000000000,0.289119538,1.383861,2.082049,0.000000,0.020000000,-0.030000000,0.050000000,0.100000,-0.200000,0.100000
11398480115,4.171470,-2.756599,0.000000,-0.957677935,0.000000000,0.000000000,0.287841923,1.378299,2.085735,0.000000,0.020000000,-0.030000000,0.050000000,0.100000,-0.200000,0.100000
11403056426,4.177767,-2.747046,0.000000,-0.958006622,0.000000000,0.000000000,0.286746077,1.373523,2.088883,0.000000,0.020000000,-0.030000000,0.050000000,0.100000,-0.200000,0.100000
11408349366,4.185022,-2.735980,0.000000,-0.958385215,0.000000000,0.000000000,0.285478158,1.367990,2.092511,0.000000,0.020000000,-0.030000000,0.050000000,0.100000,-0.200000,0.100000
11412963604,4.191323,-2.726318,0.000000,-0.958713894,0.000000000,0.000000000,0.284372414,1.363159,2.095662,0.000000,0.020000000,-0.030000000,0.050000000,0.100000,-0.200000,0.100000
11417573421,4.197596,-2.716650,0.000000,-0.959040983,0.000000000,0.000000000,0.283267352,1.358325,2.098798,0.000000,0.020000000,-0.030000000,0.050000000,0.100000,-0.200000,0.100000
11422514158,4.204294,-2.706272,0.000000,-0.959390139,0.000000000,0.000000000,0.282082544,1.353136,2.102147,0.000000,0.020000000,-0.030000000,0.050000000,0.100000,-0.200000,0.100000
11427061534,4.210437,-2.696706,0.000000,-0.959710203,0.000000000,0.000000000,0.280991685,1.348353,2.105218,0.000000,0.020000000,-0.030000000,0.050000000,0.100000,-0.200000,0.100000
11432561240,4.217836,-2.685118,0.000000,-0.960095638,0.000000000,0.000000000,0.279671889,1.342559,2.108918,0.000000,0.020000000,-0.030000000,0.050000000,0.100000,-0.200000,0.100000
11437976203,4.225091,-2.673688,0.000000,-0.960473362,0.000000000,0.000000000,0.278371912,1.336844,2.112545,0.000000,0.020000000,-0.030000000,0.050000000,0.100000,-0.200000,0.100000
11443154736,4.232000,-2.662739,0.000000,-0.960832946,0.000000000,0.000000000,0.277128218,1.331370,2.116000,0.000000,0.020000000,-0.030000000,0.050000000,0.100000,-0.200000,0.100000
11448148360,4.238635,-2.652164,0.000000,-0.961178166,0.000000000,0.000000000,0.275928493,1.326082,2.119317,0.000000,0.020000000,-0.030000000,0.050000000,0.100000,-0.200000,0.100000
11453234150,4.245365,-2.641377,0.000000,-0.961528217,0.000000000,0.000000000,0.274706183,1.320689,2.122683,0.000000,0.020000000,-0.030000000,0.050000000,0.100000,-0.200000,0.100000
11458190510,4.251898,-2.630849,0.000000,-0.961867865,0.000000000,0.000000000,0.273514552,1.315424,2.125949,0.000000,0.020000000,-0.030000000,0.050000000,0.100000,-0.200000,0.100000
11462886768,4.258064,-2.620857,0.000000,-0.962188326,0.000000000,0.000000000,0.272385069,1.310429,2.129032,0.000000,0.020000000,-0.030000000,0.050000000,0.100000,-0.200000,0.100000
11468374002,4.265238,-2.609165,0.000000,-0.962561080,0.000000000,0.000000000,0.271064875,1.304582,2.132619,0.000000,0.020000000,-0.030000000,0.050000000,0.100000,-0.200000,0.100000
11473527055,4.271947,-2.598167,0.000000,-0.962909484,0.000000000,0.000000000,0.269824619,1.299083,2.135973,0.000000,0.020000000,-0.030000000,0.050000000,0.100000,-0.200000,0.100000
11478864323,4.278865,-2.586757,0.000000,-0.963268659,0.000000000,0.000000000,0.268539552,1.293379,2.139433,0.000000,0.020000000,-0.030000000,0.050000000,0.100000,-0.200000,0.100000
11483894812,4.285358,-2.575987,0.000000,-0.963605618,0.000000000,0.000000000,0.267327912,1.287993,2.142679,0.000000,0.020000000,-0.030000000,0.050000000,0.100000,-0.200000,0.100000
11488441252,4.291203,-2.566239,0.000000,-0.963908843,0.000000000,0.000000000,0.266232496,1.283119,2.145601,0.000000,0.020000000,-0.030000000,0.050000000,0.100000,-0.200000,0.100000
11493214698,4.297315,-2.555989,0.000000,-0.964225868,0.000000000,0.000000000,0.265082015,1.277995,2.148658,0.000000,0.020000000,-0.030000000,0.050000000,0.100000,-0.200000,0.100000
11498124635,4.303577,-2.545432,0.000000,-0.964550526,0.000000000,0.000000000,0.263898244,1.272716,2.151789,0.000000,0.020000000,-0.030000000,0.050000000,0.100000,-0.200000,0.100000
11502883642,4.309622,-2.535184,0.000000,-0.964863817,0.000000000,0.000000000,0.262750481,1.267592,2.154811,0.000000,0.020000000,-0.030000000,0.050000000,0.100000,-0.200000,0.100000
11507998151,4.316091,-2.524155,0.000000,-0.965198988,0.000000000,0.000000000,0.261516566,1.262078,2.158045,0.000000,0.020000000,-0.030000000,0.050000000,0.100000,-0.200000,0.100000
11513418753,4.322916,-2.512448,0.000000,-0.965552496,0.000000000,0.000000000,0.260208336,1.256224,2.161458,0.000000,0.020000000,-0.030000000,0.050000000,0.100000,-0.200000,0.100000
11517986510,4.328643,-2.502569,0.000000,-0.965849008,0.000000000,0.000000000,0.259105564,1.251284,2.164322,0.000000,0.020000000,-0.030000000,0.050000000,0.100000,-0.200000,0.100000
11523396447,4.335397,-2.490851,0.000000,-0.966198561,0.000000000,0.000000000,0.257799032,1.245425,2.167698,0.000000,0.020000000,-0.030000000,0.050000000,0.100000,-0.200000,0.100000
11528806530,4.342119,-2.479114,0.000000,-0.966546356,0.000000000,0.000000000,0.256491993,1.239557,2.171059,0.000000,0.020000000,-0.030000000,0.050000000,0.100000,-0.200000,0.100000
11534256606,4.348858,-2.467272,0.000000,-0.966894933,0.000000000,0.000000000,0.255174818,1.233636,2.174429,0.000000,0.020000000,-0.030000000,0.050000000,0.100000,-0.200000,0.100000
11539312204,4.355081,-2.456271,0.000000,-0.967216676,0.000000000,0.000000000,0.253952556,1.228136,2.177540,0.000000,0.020000000,-0.030000000,0.050000000,0.100000,-0.200000,0.100000
11544806064,4.361812,-2.444299,0.000000,-0.967564559,0.000000000,0.000000000,0.252623879,1.222150,2.180906,0.000000,0.020000000,-0.030000000,0.050000000,0.100000,-0.200000,0.100000
11549957922,4.368094,-2.433055,0.000000,-0.967889127,0.000000000,0.000000000,0.251377481,1.216528,2.184047,0.000000,0.020000000,-0.030000000,0.050000000,0.100000,-0.200000,0.100000
11555276917,4.374549,-2.421430,0.000000,-0.968222540,0.000000000,0.000000000,0.250090210,1.210715,2.187274,0.000000,0.020000000,-0.030000000,0.050000000,0.100000,-0.200000,0.100000
11560459634,4.380809,-2.410086,0.000000,-0.968545764,0.000000000,0.000000000,0.248835494,1.205043,2.190404,0.000000,0.020000000,-0.030000000,0.050000000,0.100000,-0.200000,0.100000
11565919801,4.387372,-2.398117,0.000000,-0.968884532,0.000000000,0.000000000,0.247513157,1.199058,2.193686,0.000000,0.020000000,-0.030000000,0.050000000,0.100000,-0.200000,0.100000
11571083286,4.393549,-2.386782,0.000000,-0.969203233,0.000000000,0.000000000,0.246262246,1.193391,2.196775,0.000000,0.020000000,-0.030000000,0.050000000,0.100000,-0.200000,0.100000
11575608188,4.398938,-2.376835,0.000000,-0.969481191,0.000000000,0.000000000,0.245165702,1.188418,2.199469,0.000000,0.020000000,-0.030000000,0.050000000,0.100000,-0.200000,0.100000
11580990070,4.405318,-2.364989,0.000000,-0.969810176,0.000000000,0.000000000,0.243861072,1.182495,2.202659,0.000000,0.020000000,-0.030000000,0.050000000,0.100000,-0.200000,0.100000
11586337344,4.411625,-2.353203,0.000000,-0.970135307,0.000000000,0.000000000,0.242564394,1.176601,2.205813,0.000000,0.020000000,-0.030000000,0.050000000,0.100000,-0.200000,0.100000
11591156537,4.417283,-2.342566,0.000000,-0.970426844,0.000000000,0.000000000,0.241395401,1.171283,2.208641,0.000000,0.020000000,-0.030000000,0.050000000,0.100000,-0.200000,0.100000
11595669221,4.422557,-2.332593,0.000000,-0.970698562,0.000000000,0.000000000,0.240300440,1.166296,2.211278,0.000000,0.020000000,-0.030000000,0.050000000,0.100000,-0.200000,0.100000
11601115787,4.428893,-2.320540,0.000000,-0.971024865,0.000000000,0.000000000,0.238978474,1.160270,2.214446,0.000000,0.020000000,-0.030000000,0.050000000,0.100000,-0.200000,0.100000
11605753532,4.434262,-2.310264,0.000000,-0.971301293,0.000000000,0.000000000,0.237852473,1.155132,2.217131,0.000000,0.020000000,-0.030000000,0.050000000,0.100000,-0.200000,0.100000
11610465072,4.439692,-2.299812,0.000000,-0.971580782,0.000000000,0.000000000,0.236708227,1.149906,2.219846,0.000000,0.020000000,-0.030000000,0.050000000,0.100000,-0.200000,0.100000
11615948578,4.445981,-2.287630,0.000000,-0.971904366,0.000000000,0.000000000,0.235376087,1.143815,2.222990,0.000000,0.020000000,-0.030000000,0.050000000,0.100000,-0.200000,0.100000
11620997273,4.451742,-2.276400,0.000000,-0.972200678,0.000000000,0.000000000,0.234149188,1.138200,2.225871,0.000000,0.020000000,-0.030000000,0.050000000,0.100000,-0.200000,0.100000
11626438628,4.457918,-2.264280,0.000000,-0.972518300,0.000000000,0.000000000,0.232826449,1.132140,2.228959,0.000000,0.020000000,-0.030000000,0.050000000,0.100000,-0.200000,0.100000
11631855782,4.464035,-2.252197,0.000000,-0.972832723,0.000000000,0.000000000,0.231509166,1.126098,2.232018,0.000000,0.020000000,-0.030000000,0.050000000,0.100000,-0.200000,0.100000
11637168932,4.470002,-2.240330,0.000000,-0.973139375,0.000000000,0.000000000,0.230216761,1.120165,2.235001,0.000000,0.020000000,-0.030000000,0.050000000,0.100000,-0.200000,0.100000
11642610455,4.476081,-2.228160,0.000000,-0.973451657,0.000000000,0.000000000,0.228892708,1.114080,2.238041,0.000000,0.020000000,-0.030000000,0.050000000,0.100000,-0.200000,0.100000
11647855881,4.481910,-2.216413,0.000000,-0.973750980,0.000000000,0.000000000,0.227615969,1.108206,2.240955,0.000000,0.020000000,-0.030000000,0.050000000,0.100000,-0.200000,0.100000
11653033569,4.487633,-2.204802,0.000000,-0.974044795,0.000000000,0.000000000,0.226355334,1.102401,2.243816,0.000000,0.020000000,-0.030000000,0.050000000,0.100000,-0.200000,0.100000
11657725953,4.492793,-2.194267,0.000000,-0.974309661,0.000000000,0.000000000,0.225212531,1.097134,2.246397,0.000000,0.020000000,-0.030000000,0.050000000,0.100000,-0.200000,0.100000
11663167095,4.498746,-2.182036,0.000000,-0.974615113,0.000000000,0.000000000,0.223886983,1.091018,2.249373,0.000000,0.020000000,-0.030000000,0.050000000,0.100000,-0.200000,0.100000
11668196002,4.504219,-2.170718,0.000000,-0.974895819,0.000000000,0.000000000,0.222661495,1.085359,2.252109,0.000000,0.020000000,-0.030000000,0.050000000,0.100000,-0.200000,0.100000
11673212097,4.509649,-2.159414,0.000000,-0.975174276,0.000000000,0.000000000,0.221438777,1.079707,2.254824,0.000000,0.020000000,-0.030000000,0.050000000,0.100000,-0.200000,0.100000
11678178265,4.514997,-2.148210,0.000000,-0.975448450,0.000000000,0.000000000,0.220227887,1.074105,2.257498,0.000000,0.020000000,-0.030000000,0.050000000,0.100000,-0.200000,0.100000
11682834637,4.519986,-2.137692,0.000000,-0.975704154,0.000000000,0.000000000,0.219092225,1.068846,2.259993,0.000000,0.020000000,-0.030000000,0.050000000,0.100000,-0.200000,0.100000
11688233608,4.525740,-2.125483,0.000000,-0.975998984,0.000000000,0.000000000,0.217775077,1.062741,2.262870,0.000000,0.020000000,-0.030000000,0.050000000,0.100000,-0.200000,0.100000
11693336841,4.531149,-2.113928,0.000000,-0.976276028,0.000000000,0.000000000,0.216529712,1.056964,2.265574,0.000000,0.020000000,-0.030000000,0.050000000,0.100000,-0.200000,0.100000
11698215137,4.536292,-2.102869,0.000000,-0.976539376,0.000000000,0.000000000,0.215338911,1.051435,2.268146,0.000000,0.020000000,-0.030000000,0.050000000,0.100000,-0.200000,0.100000
11703556925,4.541892,-2.090746,0.000000,-0.976826079,0.000000000,0.000000000,0.214034603,1.045373,2.270946,0.000000,0.020000000,-0.030000000,0.050000000,0.100000,-0.200000,0.100000
11708841339,4.547400,-2.078738,0.000000,-0.977107989,0.000000000,0.000000000,0.212743928,1.039369,2.273700,0.000000,0.020000000,-0.030000000,0.050000000,0.100000,-0.200000,0.100000
11713375852,4.552102,-2.068422,0.000000,-0.977348533,0.000000000,0.000000000,0.211636114,1.034211,2.276051,0.000000,0.020000000,-0.030000000,0.050000000,0.100000,-0.200000,0.100000
11718328477,4.557210,-2.057144,0.000000,-0.977609822,0.000000000,0.000000000,0.210425842,1.028572,2.278605,0.000000,0.020000000,-0.030000000,0.050000000,0.100000,-0.200000,0.100000
11723477938,4.562491,-2.045403,0.000000,-0.977879907,0.000000000,0.000000000,0.209167127,1.022702,2.281246,0.000000,0.020000000,-0.030000000,0.050000000,0.100000,-0.200000,0.100000
11728380046,4.567491,-2.034214,0.000000,-0.978135513,0.000000000,0.000000000,0.207968552,1.017107,2.283745,0.000000,0.020000000,-0.030000000,0.050000000,0.100000,-0.200000,0.100000
11733177162,4.572357,-2.023253,0.000000,-0.978384222,0.000000000,0.000000000,0.206795345,1.011627,2.286178,0.000000,0.020000000,-0.030000000,0.050000000,0.100000,-0.200000,0.100000
11737852531,4.577074,-2.012559,0.000000,-0.978625264,0.000000000,0.000000000,0.205651627,1.006279,2.288537,0.000000,0.020000000,-0.030000000,0.050000000,0.100000,-0.200000,0.100000
11742551803,4.581790,-2.001799,0.000000,-0.978866192,0.000000000,0.000000000,0.204501779,1.000899,2.290895,0.000000,0.020000000,-0.030000000,0.050000000,0.100000,-0.200000,0.100000
11747204685,4.586435,-1.991134,0.000000,-0.979103411,0.000000000,0.000000000,0.203363004,0.995567,2.293217,0.000000,0.020000000,-0.030000000,0.050000000,0.100000,-0.200000,0.100000
11752168051,4.591362,-1.979746,0.000000,-0.979354998,0.000000000,0.000000000,0.202147936,0.989873,2.295681,0.000000,0.020000000,-0.030000000,0.050000000,0.100000,-0.200000,0.100000
11757575699,4.596698,-1.967324,0.000000,-0.979627389,0.000000000,0.000000000,0.200823749,0.983662,2.298349,0.000000,0.020000000,-0.030000000,0.050000000,0.100000,-0.200000,0.100000
11762150917,4.601187,-1.956804,0.000000,-0.979856451,0.000000000,0.000000000,0.199703116,0.978402,2.300593,0.000000,0.020000000,-0.030000000,0.050000000,0.100000,-0.200000,0.100000
11766719030,4.605644,-1.946289,0.000000,-0.980083879,0.000000000,0.000000000,0.198583962,0.973145,2.302822,0.000000,0.020000000,-0.030000000,0.050000000,0.100000,-0.200000,0.100000
11771283843,4.610074,-1.935772,0.000000,-0.980309865,0.000000000,0.000000000,0.197465358,0.967886,2.305037,0.000000,0.020000000,-0.030000000,0.050000000,0.100000,-0.200000,0.100000
11775824409,4.614457,-1.925301,0.000000,-0.980533385,0.000000000,0.000000000,0.196352441,0.962651,2.307229,0.000000,0.020000000,-0.030000000,0.050000000,0.100000,-0.200000,0.100000
11780410349,4.618860,-1.914715,0.000000,-0.980757856,0.000000000,0.000000000,0.195228145,0.957358,2.309430,0.000000,0.020000000,-0.030000000,0.050000000,0.100000,-0.200000,0.100000
11785830399,4.624032,-1.902191,0.000000,-0.981021492,0.000000000,0.000000000,0.193899027,0.951096,2.312016,0.000000,0.020000000,-0.030000000,0.050000000,0.100000,-0.200000,0.100000
11790492158,4.628453,-1.891408,0.000000,-0.981246803,0.000000000,0.000000000,0.192755575,0.945704,2.314226,0.000000,0.020000000,-0.030000000,0.050000000,0.100000,-0.200000,0.100000
11795509185,4.633183,-1.879791,0.000000,-0.981487796,0.000000000,0.000000000,0.191524688,0.939896,2.316591,0.000000,0.020000000,-0.030000000,0.050000000,0.100000,-0.200000,0.100000
11800424667,4.637789,-1.868399,0.000000,-0.981722414,0.000000000,0.000000000,0.190318422,0.934199,2.318894,0.000000,0.020000000,-0.030000000,0.050000000,0.100000,-0.200000,0.100000
11805732394,4.642731,-1.856084,0.000000,-0.981974089,0.000000000,0.000000000,0.189015576,0.928042,2.321366,0.000000,0.020000000,-0.030000000,0.050000000,0.100000,-0.200000,0.100000
11811077654,4.647675,-1.843669,0.000000,-0.982225797,0.000000000,0.000000000,0.187703181,0.921835,2.323838,0.000000,0.020000000,-0.030000000,0.050000000,0.100000,-0.200000,0.100000
11816218043,4.652398,-1.831718,0.000000,-0.982466202,0.000000000,0.000000000,0.186440771,0.915859,2.326199,0.000000,0.020000000,-0.030000000,0.050000000,0.100000,-0.200000,0.100000
11821450812,4.657175,-1.819539,0.000000,-0.982709262,0.000000000,0.000000000,0.185155357,0.909769,2.328587,0.000000,0.020000000,-0.030000000,0.050000000,0.100000,-0.200000,0.100000
11826256914,4.661534,-1.808342,0.000000,-0.982931022,0.000000000,0.000000000,0.183974473,0.904171,2.330767,0.000000,0.020000000,-0.030000000,0.050000000,0.100000,-0.200000,0.100000
11831062810,4.665866,-1.797136,0.000000,-0.983151353,0.000000000,0.000000000,0.182793375,0.898568,2.332933,0.000000,0.020000000,-0.030000000,0.050000000,0.100000,-0.200000,0.100000
11836166234,4.670436,-1.785224,0.000000,-0.983383770,0.000000000,0.000000000,0.181538867,0.892612,2.335218,0.000000,0.020000000,-0.030000000,0.050000000,0.100000,-0.200000,0.100000
11840700651,4.674472,-1.774630,0.000000,-0.983588932,0.000000000,0.000000000,0.180423983,0.887315,2.337236,0.000000,0.020000000,-0.030000000,0.050000000,0.100000,-0.200000,0.100000
11845661235,4.678859,-1.763031,0.000000,-0.983811927,0.000000000,0.000000000,0.179204050,0.881515,2.339430,0.000000,0.020000000,-0.030000000,0.050000000,0.100000,-0.200000,0.100000
11850865885,4.683431,-1.750849,0.000000,-0.984044268,0.000000000,0.000000000,0.177923800,0.875424,2.341716,0.000000,0.020000000,-0.030000000,0.050000000,0.100000,-0.200000,0.100000
11855664941,4.687619,-1.739606,0.000000,-0.984257026,0.000000000,0.000000000,0.176743051,0.869803,2.343809,0.000000,0.020000000,-0.030000000,0.050000000,0.100000,-0.200000,0.100000
11861008929,4.692250,-1.727074,0.000000,-0.984492276,0.000000000,0.000000000,0.175427929,0.863537,2.346125,0.000000,0.020000000,-0.030000000,0.050000000,0.100000,-0.200000,0.100000
11865696999,4.696286,-1.716071,0.000000,-0.984697204,0.000000000,0.000000000,0.174273967,0.858035,2.348143,0.000000,0.020000000,-0.030000000,0.050000000,0.100000,-0.200000,0.100000
11870885630,4.700722,-1.703881,0.000000,-0.984922437,0.000000000,0.000000000,0.172996513,0.851941,2.350361,0.000000,0.020000000,-0.030000000,0.050000000,0.100000,-0.200000,0.100000
11876321090,4.705335,-1.691100,0.000000,-0.985156606,0.000000000,0.000000000,0.171657977,0.845550,2.352668,0.000000,0.020000000,-0.030000000,0.050000000,0.100000,-0.200000,0.100000
11881452717,4.709659,-1.679021,0.000000,-0.985376017,0.000000000,0.000000000,0.170393972,0.839511,2.354829,0.000000,0.020000000,-0.030000000,0.050000000,0.100000,-0.200000,0.100000
11886823515,4.714151,-1.666368,0.000000,-0.985603916,0.000000000,0.000000000,0.169070755,0.833184,2.357075,0.000000,0.020000000,-0.030000000,0.050000000,0.100000,-0.200000,0.100000
11892234673,4.718642,-1.653607,0.000000,-0.985831732,0.000000000,0.000000000,0.167737286,0.826804,2.359321,0.000000,0.020000000,-0.030000000,0.050000000,0.100000,-0.200000,0.100000
11897390644,4.722889,-1.641437,0.000000,-0.986047125,0.000000000,0.000000000,0.166466417,0.820719,2.361445,0.000000,0.020000000,-0.030000000,0.050000000,0.100000,-0.200000,0.100000
11902389180,4.726977,-1.629628,0.000000,-0.986254377,0.000000000,0.000000000,0.165234089,0.814814,2.363488,0.000000,0.020000000,-0.030000000,0.050000000,0.100000,-0.200000,0.100000
11907645598,4.731244,-1.617199,0.000000,-0.986470660,0.000000000,0.000000000,0.163937906,0.808600,2.365622,0.000000,0.020000000,-0.030000000,0.050000000,0.100000,-0.200000,0.100000
11912404931,4.735079,-1.605936,0.000000,-0.986665020,0.000000000,0.000000000,0.162764054,0.802968,2.367539,0.000000,0.020000000,-0.030000000,0.050000000,0.100000,-0.200000,0.100000
11917900689,4.739474,-1.592919,0.000000,-0.986887717,0.000000000,0.000000000,0.161408283,0.796459,2.369737,0.000000,0.020000000,-0.030000000,0.050000000,0.100000,-0.200000,0.100000
11923115869,4.743611,-1.580555,0.000000,-0.987097322,0.000000000,0.000000000,0.160121447,0.790277,2.371806,0.000000,0.020000000,-0.030000000,0.050000000,0.100000,-0.200000,0.100000
11927666434,4.747195,-1.569757,0.000000,-0.987278843,0.000000000,0.000000000,0.158998381,0.784879,2.373598,0.000000,0.020000000,-0.030000000,0.050000000,0.100000,-0.200000,0.100000
11932915304,4.751299,-1.557293,0.000000,-0.987486634,0.000000000,0.000000000,0.157702720,0.778647,2.375649,0.000000,0.020000000,-0.030000000,0.050000000,0.100000,-0.200000,0.100000
11937988987,4.755234,-1.545235,0.000000,-0.987685873,0.000000000,0.000000000,0.156450045,0.772617,2.377617,0.000000,0.020000000,-0.030000000,0.050000000,0.100000,-0.200000,0.100000
11943075764,4.759149,-1.533136,0.000000,-0.987884031,0.000000000,0.000000000,0.155193884,0.766568,2.379574,0.000000,0.020000000,-0.030000000,0.050000000,0.100000,-0.200000,0.100000
11948433752,4.763239,-1.520380,0.000000,-0.988091026,0.000000000,0.000000000,0.153870478,0.760190,2.381619,0.000000,0.020000000,-0.030000000,0.050000000,0.100000,-0.200000,0.100000
11953635307,4.767177,-1.507987,0.000000,-0.988290282,0.000000000,0.000000000,0.152585446,0.753994,2.383588,0.000000,0.020000000,-0.030000000,0.050000000,0.100000,-0.200000,0.100000
11958452600,4.770795,-1.496500,0.000000,-0.988473328,0.000000000,0.000000000,0.151395114,0.748250,2.385398,0.000000,0.020000000,-0.030000000,0.050000000,0.100000,-0.200000,0.100000
11963531585,4.774580,-1.484380,0.000000,-0.988664764,0.000000000,0.000000000,0.150139882,0.742190,2.387290,0.000000,0.020000000,-0.030000000,0.050000000,0.100000,-0.200000,0.100000
11968613871,4.778337,-1.472242,0.000000,-0.988854729,0.000000000,0.000000000,0.148883592,0.736121,2.389168,0.000000,0.020000000,-0.030000000,0.050000000,0.100000,-0.200000,0.100000
11973403633,4.781849,-1.460795,0.000000,-0.989032300,0.000000000,0.000000000,0.147699391,0.730397,2.390924,0.000000,0.020000000,-0.030000000,0.050000000,0.100000,-0.200000,0.100000
11978468906,4.785533,-1.448679,0.000000,-0.989218541,0.000000000,0.000000000,0.146446843,0.724340,2.392767,0.000000,0.020000000,-0.030000000,0.050000000,0.100000,-0.200000,0.100000
11983229951,4.788968,-1.437283,0.000000,-0.989392150,0.000000000,0.000000000,0.145269311,0.718642,2.394484,0.000000,0.020000000,-0.030000000,0.050000000,0.100000,-0.200000,0.100000
11988575892,4.792793,-1.424477,0.000000,-0.989585417,0.000000000,0.000000000,0.143946874,0.712239,2.396396,0.000000,0.020000000,-0.030000000,0.050000000,0.100000,-0.200000,0.100000
11993480954,4.796272,-1.412719,0.000000,-0.989761190,0.000000000,0.000000000,0.142733272,0.706359,2.398136,0.000000,0.020000000,-0.030000000,0.050000000,0.100000,-0.200000,0.100000
11998154264,4.799560,-1.401507,0.000000,-0.989927274,0.000000000,0.000000000,0.141576809,0.700754,2.399780,0.000000,0.020000000,-0.030000000,0.050000000,0.100000,-0.200000,0.100000
12003482080,4.803277,-1.388717,0.000000,-0.990114969,0.000000000,0.000000000,0.140258146,0.694358,2.401638,0.000000,0.020000000,-0.030000000,0.050000000,0.100000,-0.200000,0.100000
12008680052,4.806870,-1.376229,0.000000,-0.990296398,0.000000000,0.000000000,0.138971381,0.688114,2.403435,0.000000,0.020000000,-0.030000000,0.050000000,0.100000,-0.200000,0.100000
12013685774,4.810299,-1.364193,0.000000,-0.990469535,0.000000000,0.000000000,0.137731985,0.682097,2.405150,0.000000,0.020000000,-0.030000000,0.050000000,0.100000,-0.200000,0.100000
12018546196,4.813600,-1.352499,0.000000,-0.990636163,0.000000000,0.000000000,0.136528359,0.676250,2.406800,0.000000,0.020000000,-0.030000000,0.050000000,0.100000,-0.200000,0.100000
12023572776,4.816984,-1.340397,0.000000,-0.990806948,0.000000000,0.000000000,0.135283374,0.670199,2.408492,0.000000,0.020000000,-0.030000000,0.050000000,0.100000,-0.200000,0.100000
12028106877,4.820010,-1.329473,0.000000,-0.990959659,0.000000000,0.000000000,0.134160182,0.664737,2.410005,0.000000,0.020000000,-0.030000000,0.050000000,0.100000,-0.200000,0.100000
12033552976,4.823613,-1.316343,0.000000,-0.991141403,0.000000000,0.000000000,0.132810842,0.658172,2.411806,0.000000,0.020000000,-0.030000000,0.050000000,0.100000,-0.200000,0.100000
12038847824,4.827081,-1.303568,0.000000,-0.991316338,0.000000000,0.000000000,0.131498740,0.651784,2.413540,0.000000,0.020000000,-0.030000000,0.050000000,0.100000,-0.200000,0.100000
12044292334,4.830612,-1.290423,0.000000,-0.991494406,0.000000000,0.000000000,0.130149311,0.645212,2.415306,0.000000,0.020000000,-0.030000000,0.050000000,0.100000,-0.200000,0.100000
12049238180,4.833788,-1.278473,0.000000,-0.991654573,0.000000000,0.000000000,0.128923267,0.639237,2.416894,0.000000,0.020000000,-0.030000000,0.050000000,0.100000,-0.200000,0.100000
12054201226,4.836946,-1.266474,0.000000,-0.991813772,0.000000000,0.000000000,0.127692762,0.633237,2.418473,0.000000,0.020000000,-0.030000000,0.050000000,0.100000,-0.200000,0.100000
12058952008,4.839940,-1.254981,0.000000,-0.991964733,0.000000000,0.000000000,0.126514699,0.627491,2.419970,0.000000,0.020000000,-0.030000000,0.050000000,0.100000,-0.200000,0.100000
12064152233,4.843187,-1.242393,0.000000,-0.992128371,0.000000000,0.000000000,0.125224982,0.621196,2.421594,0.000000,0.020000000,-0.030000000,0.050000000,0.100000,-0.200000,0.100000
12069215751,4.846317,-1.230127,0.000000,-0.992286095,0.000000000,0.000000000,0.123968968,0.615063,2.423158,0.000000,0.020000000,-0.030000000,0.050000000,0.100000,-0.200000,0.100000
12074470894,4.849532,-1.217389,0.000000,-0.992448108,0.000000000,0.000000000,0.122665209,0.608694,2.424766,0.000000,0.020000000,-0.030000000,0.050000000,0.100000,-0.200000,0.100000
12079548188,4.852607,-1.205073,0.000000,-0.992603010,0.000000000,0.000000000,0.121405373,0.602537,2.426304,0.000000,0.020000000,-0.030000000,0.050000000,0.100000,-0.200000,0.100000
12084283772,4.855447,-1.193580,0.000000,-0.992746046,0.000000000,0.000000000,0.120230150,0.596790,2.427724,0.000000,0.020000000,-0.030000000,0.050000000,0.100000,-0.200000,0.100000
12088813557,4.858138,-1.182580,0.000000,-0.992881563,0.000000000,0.000000000,0.119105841,0.591290,2.429069,0.000000,0.020000000,-0.030000000,0.050000000,0.100000,-0.200000,0.100000
12094146460,4.861274,-1.169622,0.000000,-0.993039476,0.000000000,0.000000000,0.117782001,0.584811,2.430637,0.000000,0.020000000,-0.030000000,0.050000000,0.100000,-0.200000,0.100000
12098836219,4.864003,-1.158219,0.000000,-0.993176885,0.000000000,0.000000000,0.116617641,0.579110,2.432002,0.000000,0.020000000,-0.030000000,0.050000000,0.100000,-0.200000,0.100000
12104015164,4.866986,-1.145620,0.000000,-0.993327042,0.000000000,0.000000000,0.115331641,0.572810,2.433493,0.000000,0.020000000,-0.030000000,0.050000000,0.100000,-0.200000,0.100000
12108683504,4.869647,-1.134257,0.000000,-0.993460967,0.000000000,0.000000000,0.114172266,0.567128,2.434823,0.000000,0.020000000,-0.030000000,0.050000000,0.100000,-0.200000,0.100000
12114071486,4.872685,-1.121134,0.000000,-0.993613856,0.000000000,0.000000000,0.112833975,0.560567,2.436342,0.000000,0.020000000,-0.030000000,0.050000000,0.100000,-0.200000,0.100000
12119301555,4.875600,-1.108388,0.000000,-0.993760539,0.000000000,0.000000000,0.111534712,0.554194,2.437800,0.000000,0.020000000,-0.030000000,0.050000000,0.100000,-0.200000,0.100000
12124786145,4.878621,-1.095013,0.000000,-0.993912535,0.000000000,0.000000000,0.110172015,0.547507,2.439311,0.000000,0.020000000,-0.030000000,0.050000000,0.100000,-0.200000,0.100000
12129927371,4.881420,-1.082469,0.000000,-0.994053319,0.000000000,0.000000000,0.108894442,0.541234,2.440710,0.000000,0.020000000,-0.030000000,0.050000000,0.100000,-0.200000,0.100000
12134603968,4.883938,-1.071052,0.000000,-0.994179953,0.000000000,0.000000000,0.107732172,0.535526,2.441969,0.000000,0.020000000,-0.030000000,0.050000000,0.100000,-0.200000,0.100000
12139417352,4.886501,-1.059294,0.000000,-0.994308872,0.000000000,0.000000000,0.106535752,0.529647,2.443251,0.000000,0.020000000,-0.030000000,0.050000000,0.100000,-0.200000,0.100000
12144738040,4.889302,-1.046291,0.000000,-0.994449704,0.000000000,0.000000000,0.105213056,0.523145,2.444651,0.000000,0.020000000,-0.030000000,0.050000000,0.100000,-0.200000,0.100000
12149412202,4.891734,-1.034861,0.000000,-0.994571970,0.000000000,0.000000000,0.104050930,0.517431,2.445867,0.000000,0.020000000,-0.030000000,0.050000000,0.100000,-0.200000,0.100000
12154666428,4.894436,-1.022007,0.000000,-0.994707789,0.000000000,0.000000000,0.102744414,0.511003,2.447218,0.000000,0.020000000,-0.030000000,0.050000000,0.100000,-0.200000,0.100000
12159686137,4.896986,-1.009719,0.000000,-0.994835942,0.000000000,0.000000000,0.101496047,0.504860,2.448493,0.000000,0.020000000,-0.030000000,0.050000000,0.100000,-0.200000,0.100000
12165148521,4.899725,-0.996341,0.000000,-0.994973617,0.000000000,0.000000000,0.100137409,0.498170,2.449862,0.000000,0.020000000,-0.030000000,0.050000000,0.100000,-0.200000,0.100000
12169678458,4.901969,-0.985241,0.000000,-0.995086383,0.000000000,0.000000000,0.099010553,0.492620,2.450985,0.000000,0.020000000,-0.030000000,0.050000000,0.100000,-0.200000,0.100000
12175102696,4.904623,-0.971942,0.000000,-0.995219733,0.000000000,0.000000000,0.097661066,0.485971,2.452312,0.000000,0.020000000,-0.030000000,0.050000000,0.100000,-0.200000,0.100000
12180439962,4.907199,-0.958850,0.000000,-0.995349157,0.000000000,0.000000000,0.096333041,0.479425,2.453600,0.000000,0.020000000,-0.030000000,0.050000000,0.100000,-0.200000,0.100000
12185154690,4.909446,-0.947279,0.000000,-0.995462012,0.000000000,0.000000000,0.095159775,0.473640,2.454723,0.000000,0.020000000,-0.030000000,0.050000000,0.100000,-0.200000,0.100000
12190650245,4.912031,-0.933786,0.000000,-0.995591811,0.000000000,0.000000000,0.093792031,0.466893,2.456015,0.000000,0.020000000,-0.030000000,0.050000000,0.100000,-0.200000,0.100000
12195394804,4.914232,-0.922130,0.000000,-0.995702361,0.000000000,0.000000000,0.092611054,0.461065,2.457116,0.000000,0.020000000,-0.030000000,0.050000000,0.100000,-0.200000,0.100000
12200032918,4.916357,-0.910732,0.000000,-0.995809077,0.000000000,0.000000000,0.091456447,0.455366,2.458179,0.000000,0.020000000,-0.030000000,0.050000000,0.100000,-0.200000,0.100000
12204959392,4.918586,-0.898619,0.000000,-0.995920961,0.000000000,0.000000000,0.090229921,0.449309,2.459293,0.000000,0.020000000,-0.030000000,0.050000000,0.100000,-0.200000,0.100000
12209836969,4.920763,-0.886621,0.000000,-0.996030247,0.000000000,0.000000000,0.089015434,0.443310,2.460381,0.000000,0.020000000,-0.030000000,0.050000000,0.100000,-0.200000,0.100000
12215100294,4.923079,-0.873668,0.000000,-0.996146514,0.000000000,0.000000000,0.087704750,0.436834,2.461539,0.000000,0.020000000,-0.030000000,0.050000000,0.100000,-0.200000,0.100000
12220316630,4.925341,-0.860825,0.000000,-0.996260041,0.000000000,0.000000000,0.086405617,0.430412,2.462670,0.000000,0.020000000,-0.030000000,0.050000000,0.100000,-0.200000,0.100000
12224876005,4.927290,-0.849594,0.000000,-0.996357883,0.000000000,0.000000000,0.085269980,0.424797,2.463645,0.000000,0.020000000,-0.030000000,0.050000000,0.100000,-0.200000,0.100000
12229925469,4.929420,-0.837151,0.000000,-0.996464731,0.000000000,0.000000000,0.084012144,0.418576,2.464710,0.000000,0.020000000,-0.030000000,0.050000000,0.100000,-0.200000,0.100000
12234874008,4.931476,-0.824952,0.000000,-0.996567903,0.000000000,0.000000000,0.082779319,0.412476,2.465738,0.000000,0.020000000,-0.030000000,0.050000000,0.100000,-0.200000,0.100000
12239796935,4.933491,-0.812811,0.000000,-0.996669027,0.000000000,0.000000000,0.081552749,0.406405,2.466746,0.000000,0.020000000,-0.030000000,0.050000000,0.100000,-0.200000,0.100000
12244549146,4.935409,-0.801086,0.000000,-0.996765212,0.000000000,0.000000000,0.080368596,0.400543,2.467704,0.000000,0.020000000,-0.030000000,0.050000000,0.100000,-0.200000,0.100000
12249978643,4.937565,-0.787685,0.000000,-0.996873384,0.000000000,0.000000000,0.079015539,0.393842,2.468783,0.000000,0.020000000,-0.030000000,0.050000000,0.100000,-0.200000,0.100000
12254812115,4.939455,-0.775750,0.000000,-0.996968136,0.000000000,0.000000000,0.077810892,0.387875,2.469727,0.000000,0.020000000,-0.030000000,0.050000000,0.100000,-0.200000,0.100000
12259864479,4.941399,-0.763269,0.000000,-0.997065623,0.000000000,0.000000000,0.076551569,0.381635,2.470699,0.000000,0.020000000,-0.030000000,0.050000000,0.100000,-0.200000,0.100000
12265120567,4.943387,-0.750281,0.000000,-0.997165353,0.000000000,0.000000000,0.075241337,0.375140,2.471694,0.000000,0.020000000,-0.030000000,0.050000000,0.100000,-0.200000,0.100000
12270435832,4.945364,-0.737140,0.000000,-0.997264455,0.000000000,0.000000000,0.073916221,0.368570,2.472682,0.000000,0.020000000,-0.030000000,0.050000000,0.100000,-0.200000,0.100000
12275881409,4.947353,-0.723672,0.000000,-0.997364159,0.000000000,0.000000000,0.072558483,0.361836,2.473676,0.000000,0.020000000,-0.030000000,0.050000000,0.100000,-0.200000,0.100000
12280757576,4.949102,-0.711608,0.000000,-0.997451870,0.000000000,0.000000000,0.071342601,0.355804,2.474551,0.000000,0.020000000,-0.030000000,0.050000000,0.100000,-0.200000,0.100000
12285373730,4.950732,-0.700183,0.000000,-0.997533538,0.000000000,0.000000000,0.070191456,0.350092,2.475366,0.000000,0.020000000,-0.030000000,0.050000000,0.100000,-0.200000,0.100000
12290163904,4.952394,-0.688324,0.000000,-0.997616880,0.000000000,0.000000000,0.068996816,0.344162,2.476197,0.000000,0.020000000,-0.030000000,0.050000000,0.100000,-0.200000,0.100000
12294877849,4.954003,-0.676649,0.000000,-0.997697499,0.000000000,0.000000000,0.067821091,0.338325,2.477001,0.000000,0.020000000,-0.030000000,0.050000000,0.100000,-0.200000,0.100000
12299426405,4.955529,-0.665381,0.000000,-0.997773976,0.000000000,0.000000000,0.066686526,0.332690,2.477765,0.000000,0.020000000,-0.030000000,0.050000000,0.100000,-0.200000,0.100000
12304229238,4.957113,-0.653479,0.000000,-0.997853328,0.000000000,0.000000000,0.065488443,0.326739,2.478556,0.000000,0.020000000,-0.030000000,0.050000000,0.100000,-0.200000,0.100000
12308977155,4.958650,-0.641709,0.000000,-0.997930358,0.000000000,0.000000000,0.064303966,0.320854,2.479325,0.000000,0.020000000,-0.030000000,0.050000000,0.100000,-0.200000,0.100000
12314382948,4.960366,-0.628304,0.000000,-0.998016350,0.000000000,0.000000000,0.062955256,0.314152,2.480183,0.000000,0.020000000,-0.030000000,0.050000000,0.100000,-0.200000,0.100000
12319479925,4.961951,-0.615660,0.000000,-0.998095761,0.000000000,0.000000000,0.061683489,0.307830,2.480976,0.000000,0.020000000,-0.030000000,0.050000000,0.100000,-0.200000,0.100000
12324811352,4.963575,-0.602431,0.000000,-0.998177089,0.000000000,0.000000000,0.060353116,0.301215,2.481788,0.000000,0.020000000,-0.030000000,0.050000000,0.100000,-0.200000,0.100000
12329493093,4.964972,-0.590810,0.000000,-0.998247045,0.000000000,0.000000000,0.059184773,0.295405,2.482486,0.000000,0.020000000,-0.030000000,0.050000000,0.100000,-0.200000,0.100000
12334550602,4.966450,-0.578253,0.000000,-0.998321079,0.000000000,0.000000000,0.057922566,0.289127,2.483225,0.000000,0.020000000,-0.030000000,0.050000000,0.100000,-0.200000,0.100000
12339141388,4.967764,-0.566852,0.000000,-0.998386899,0.000000000,0.000000000,0.056776758,0.283426,2.483882,0.000000,0.020000000,-0.030000000,0.050000000,0.100000,-0.200000,0.100000
12344499414,4.969265,-0.553541,0.000000,-0.998462056,0.000000000,0.000000000,0.055439362,0.276770,2.484632,0.000000,0.020000000,-0.030000000,0.050000000,0.100000,-0.200000,0.100000
12349064786,4.970515,-0.542196,0.000000,-0.998524681,0.000000000,0.000000000,0.054299738,0.271098,2.485258,0.000000,0.020000000,-0.030000000,0.050000000,0.100000,-0.200000,0.100000
12354267995,4.971909,-0.529263,0.000000,-0.998594469,0.000000000,0.000000000,0.053000809,0.264632,2.485955,0.000000,0.020000000,-0.030000000,0.050000000,0.100000,-0.200000,0.100000
12358853873,4.973110,-0.517861,0.000000,-0.998654577,0.000000000,0.000000000,0.051855917,0.258931,2.486555,0.000000,0.020000000,-0.030000000,0.050000000,0.100000,-0.200000,0.100000
12363861720,4.974391,-0.505408,0.000000,-0.998718716,0.000000000,0.000000000,0.050605599,0.252704,2.487195,0.000000,0.020000000,-0.030000000,0.050000000,0.100000,-0.200000,0.100000
12368976855,4.975667,-0.492684,0.000000,-0.998782613,0.000000000,0.000000000,0.049328413,0.246342,2.487834,0.000000,0.020000000,-0.030000000,0.050000000,0.100000,-0.200000,0.100000
12373830841,4.976848,-0.480606,0.000000,-0.998841737,0.000000000,0.000000000,0.048116358,0.240303,2.488424,0.000000,0.020000000,-0.030000000,0.050000000,0.100000,-0.200000,0.100000
12378576658,4.977975,-0.468795,0.000000,-0.998898122,0.000000000,0.000000000,0.046931244,0.234398,2.488987,0.000000,0.020000000,-0.030000000,0.050000000,0.100000,-0.200000,0.100000
12383857796,4.979195,-0.455649,0.000000,-0.998959214,0.000000000,0.000000000,0.045612374,0.227825,2.489598,0.000000,0.020000000,-0.030000000,0.050000000,0.100000,-0.200000,0.100000
12388867979,4.980321,-0.443174,0.000000,-0.999015562,0.000000000,0.000000000,0.044361096,0.221587,2.490160,0.000000,0.020000000,-0.030000000,0.050000000,0.100000,-0.200000,0.100000
12393702215,4.981378,-0.431135,0.000000,-0.999068445,0.000000000,0.000000000,0.043153695,0.215567,2.490689,0.000000,0.020000000,-0.030000000,0.050000000,0.100000,-0.200000,0.100000
12398672285,4.982434,-0.418755,0.000000,-0.999121293,0.000000000,0.000000000,0.041912302,0.209377,2.491217,0.000000,0.020000000,-0.030000000,0.050000000,0.100000,-0.200000,0.100000
12403600088,4.983450,-0.406477,0.000000,-0.999172169,0.000000000,0.000000000,0.040681402,0.203239,2.491725,0.000000,0.020000000,-0.030000000,0.050000000,0.100000,-0.200000,0.100000
12408377855,4.984407,-0.394571,0.000000,-0.999220048,0.000000000,0.000000000,0.039487920,0.197286,2.492204,0.000000,0.020000000,-0.030000000,0.050000000,0.100000,-0.200000,0.100000
12413450461,4.985392,-0.381928,0.000000,-0.999269321,0.000000000,0.000000000,0.038220727,0.190964,2.492696,0.000000,0.020000000,-0.030000000,0.050000000,0.100000,-0.200000,0.100000
12418395736,4.986321,-0.369600,0.000000,-0.999315810,0.000000000,0.000000000,0.036985282,0.184800,2.493160,0.000000,0.020000000,-0.030000000,0.050000000,0.100000,-0.200000,0.100000
12423493908,4.987247,-0.356888,0.000000,-0.999362138,0.000000000,0.000000000,0.035711582,0.178444,2.493623,0.000000,0.020000000,-0.030000000,0.050000000,0.100000,-0.200000,0.100000
12428729901,4.988164,-0.343830,0.000000,-0.999408028,0.000000000,0.000000000,0.034403388,0.171915,2.494082,0.000000,0.020000000,-0.030000000,0.050000000,0.100000,-0.200000,0.100000
12433881408,4.989033,-0.330981,0.000000,-0.999451507,0.000000000,0.000000000,0.033116246,0.165490,2.494517,0.000000,0.020000000,-0.030000000,0.050000000,0.100000,-0.200000,0.100000
12439232849,4.989901,-0.317630,0.000000,-0.999494917,0.000000000,0.000000000,0.031779090,0.158815,2.494950,0.000000,0.020000000,-0.030000000,0.050000000,0.100000,-0.200000,0.100000
12444595591,4.990735,-0.304249,0.000000,-0.999536625,0.000000000,0.000000000,0.030439053,0.152125,2.495367,0.000000,0.020000000,-0.030000000,0.050000000,0.100000,-0.200000,0.100000
12449798436,4.991509,-0.291265,0.000000,-0.999575372,0.000000000,0.000000000,0.029138919,0.145633,2.495755,0.000000,0.020000000,-0.030000000,0.050000000,0.100000,-0.200000,0.100000
12454732890,4.992213,-0.278949,0.000000,-0.999610557,0.000000000,0.000000000,0.027905808,0.139475,2.496106,0.000000,0.020000000,-0.030000000,0.050000000,0.100000,-0.200000,0.100000
12459795925,4.992903,-0.266311,0.000000,-0.999645078,0.000000000,0.000000000,0.026640520,0.133155,2.496451,0.000000,0.020000000,-0.030000000,0.050000000,0.100000,-0.200000,0.100000
12465208130,4.993605,-0.252798,0.000000,-0.999680209,0.000000000,0.000000000,0.025287925,0.126399,2.496803,0.000000,0.020000000,-0.030000000,0.050000000,0.100000,-0.200000,0.100000
12470681186,4.994278,-0.239132,0.000000,-0.999713874,0.000000000,0.000000000,0.023920075,0.119566,2.497139,0.000000,0.020000000,-0.030000000,0.050000000,0.100000,-0.200000,0.100000
12475955657,4.994892,-0.225960,0.000000,-0.999744546,0.000000000,0.000000000,0.022601815,0.112980,2.497446,0.000000,0.020000000,-0.030000000,0.050000000,0.100000,-0.200000,0.100000
12481180939,4.995465,-0.212910,0.000000,-0.999773219,0.000000000,0.000000000,0.021295809,0.106455,2.497732,0.000000,0.020000000,-0.030000000,0.050000000,0.100000,-0.200000,0.100000
12485694514,4.995933,-0.201636,0.000000,-0.999796612,0.000000000,0.000000000,0.020167658,0.100818,2.497966,0.000000,0.020000000,-0.030000000,0.050000000,0.100000,-0.200000,0.100000
12490363846,4.996390,-0.189971,0.000000,-0.999819473,0.000000000,0.000000000,0.019000549,0.094986,2.498195,0.000000,0.020000000,-0.030000000,0.050000000,0.100000,-0.200000,0.100000
12495406137,4.996853,-0.177374,0.000000,-0.999842630,0.000000000,0.000000000,0.017740189,0.088687,2.498426,0.000000,0.020000000,-0.030000000,0.050000000,0.100000,-0.200000,0.100000
12499936664,4.997242,-0.166054,0.000000,-0.999862082,0.000000000,0.000000000,0.016607724,0.083027,2.498621,0.000000,0.020000000,-0.030000000,0.050000000,0.100000,-0.200000,0.100000
12504622086,4.997617,-0.154347,0.000000,-0.999880850,0.000000000,0.000000000,0.015436519,0.077173,2.498809,0.000000,0.020000000,-0.030000000,0.050000000,0.100000,-0.200000,0.100000
12509832481,4.998002,-0.141327,0.000000,-0.999900109,0.000000000,0.000000000,0.014134063,0.070663,2.499001,0.000000,0.020000000,-0.030000000,0.050000000,0.100000,-0.200000,0.100000
12515262577,4.998368,-0.127756,0.000000,-0.999918375,0.000000000,0.000000000,0.012776662,0.063878,2.499184,0.000000,0.020000000,-0.030000000,0.050000000,0.100000,-0.200000,0.100000
12519882139,4.998649,-0.116211,0.000000,-0.999932464,0.000000000,0.000000000,0.011621857,0.058105,2.499325,0.000000,0.020000000,-0.030000000,0.050000000,0.100000,-0.200000,0.100000
12524426958,4.998900,-0.104851,0.000000,-0.999945023,0.000000000,0.000000000,0.010485722,0.052426,2.499450,0.000000,0.020000000,-0.030000000,0.050000000,0.100000,-0.200000,0.100000
12529857239,4.999167,-0.091278,0.000000,-0.999958337,0.000000000,0.000000000,0.009128217,0.045639,2.499583,0.000000,0.020000000,-0.030000000,0.050000000,0.100000,-0.200000,0.100000
12534887153,4.999381,-0.078705,0.000000,-0.999969025,0.000000000,0.000000000,0.007870784,0.039353,2.499690,0.000000,0.020000000,-0.030000000,0.050000000,0.100000,-0.200000,0.100000
12539613651,4.999553,-0.066890,0.000000,-0.999977627,0.000000000,0.000000000,0.006689191,0.033445,2.499776,0.000000,0.020000000,-0.030000000,0.050000000,0.100000,-0.200000,0.100000
12544172203,4.999692,-0.055495,0.000000,-0.999984601,0.000000000,0.000000000,0.005549574,0.027747,2.499846,0.000000,0.020000000,-0.030000000,0.050000000,0.100000,-0.200000,0.100000
12549651294,4.999825,-0.041798,0.000000,-0.999991265,0.000000000,0.000000000,0.004179818,0.020899,2.499913,0.000000,0.020000000,-0.030000000,0.050000000,0.100000,-0.200000,0.100000
12554306581,4.999909,-0.030160,0.000000,-0.999995452,0.000000000,0.000000000,0.003016004,0.015080,2.499955,0.000000,0.020000000,-0.030000000,0.050000000,0.100000,-0.200000,0.100000
12559484727,4.999970,-0.017215,0.000000,-0.999998518,0.000000000,0.000000000,0.001721471,0.008607,2.499985,0.000000,0.020000000,-0.030000000,0.050000000,0.100000,-0.200000,0.100000
12564295314,4.999997,-0.005188,0.000000,-0.999999865,0.000000000,0.000000000,0.000518825,0.002594,2.499999,0.000000,0.020000000,-0.030000000,0.050000000,0.100000,-0.200000,0.100000
12569679753,4.999993,0.008273,0.000000,-0.999999658,0.000000000,0.000000000,-0.000827285,-0.004136,2.499997,0.000000,0.020000000,-0.030000000,0.050000000,0.100000,-0.200000,0.100000
12574957211,4.999954,0.021466,0.000000,-0.999997696,0.000000000,0.000000000,-0.002146647,-0.010733,2.499977,0.000000,0.020000000,-0.030000000,0.050000000,0.100000,-0.200000,0.100000
12580191287,4.999881,0.034551,0.000000,-0.999994031,0.000000000,0.000000000,-0.003455161,-0.017276,2.499940,0.000000,0.020000000,-0.030000000,0.050000000,0.100000,-0.200000,0.100000
12585272727,4.999777,0.047255,0.000000,-0.999988835,0.000000000,0.000000000,-0.004725511,-0.023627,2.499888,0.000000,0.020000000,-0.030000000,0.050000000,0.100000,-0.200000,0.100000
12589954369,4.999652,0.058958,0.000000,-0.999982619,0.000000000,0.000000000,-0.005895905,-0.029479,2.499826,0.000000,0.020000000,-0.030000000,0.050000000,0.100000,-0.200000,0.100000
12595019288,4.999487,0.071619,0.000000,-0.999974352,0.000000000,0.000000000,-0.007162107,-0.035810,2.499744,0.000000,0.020000000,-0.030000000,0.050000000,0.100000,-0.200000,0.100000
12599925721,4.999296,0.083884,0.000000,-0.999964814,0.000000000,0.000000000,-0.008388678,-0.041942,2.499648,0.000000,0.020000000,-0.030000000,0.050000000,0.100000,-0.200000,0.100000
12604775927,4.999078,0.096007,0.000000,-0.999953908,0.000000000,0.000000000,-0.009601181,-0.048004,2.499539,0.000000,0.020000000,-0.030000000,0.050000000,0.100000,-0.200000,0.100000
12610112335,4.998804,0.109346,0.000000,-0.999940209,0.000000000,0.000000000,-0.010935212,-0.054673,2.499402,0.000000,0.020000000,-0.030000000,0.050000000,0.100000,-0.200000,0.100000
12615469761,4.998493,0.122736,0.000000,-0.999924666,0.000000000,0.000000000,-0.012274478,-0.061368,2.499247,0.000000,0.020000000,-0.030000000,0.050000000,0.100000,-0.200000,0.100000
12619996060,4.998203,0.134048,0.000000,-0.999910136,0.000000000,0.000000000,-0.013405960,-0.067024,2.499101,0.000000,0.020000000,-0.030000000,0.050000000,0.100000,-0.200000,0.100000
12624750933,4.997870,0.145930,0.000000,-0.999893494,0.000000000,0.000000000,-0.014594562,-0.072965,2.498935,0.000000,0.020000000,-0.030000000,0.050000000,0.100000,-0.200000,0.100000
12629740301,4.997490,0.158398,0.000000,-0.999874511,0.000000000,0.000000000,-0.015841759,-0.079199,2.498745,0.000000,0.020000000,-0.030000000,0.050000000,0.100000,-0.200000,0.100000
12634991063,4.997057,0.171517,0.000000,-0.999852855,0.000000000,0.000000000,-0.017154271,-0.085759,2.498529,0.000000,0.020000000,-0.030000000,0.050000000,0.100000,-0.200000,0.100000
12640413885,4.996574,0.185066,0.000000,-0.999828680,0.000000000,0.000000000,-0.018509761,-0.092533,2.498287,0.000000,0.020000000,-0.030000000,0.050000000,0.100000,-0.200000,0.100000
12645363362,4.996101,0.197431,0.000000,-0.999805011,0.000000000,0.000000000,-0.019746903,-0.098715,2.498050,0.000000,0.020000000,-0.030000000,0.050000000,0.100000,-0.200000,0.100000
12650858524,4.995539,0.211157,0.000000,-0.999776939,0.000000000,0.000000000,-0.021120407,-0.105578,2.497770,0.000000,0.020000000,-0.030000000,0.050000000,0.100000,-0.200000,0.100000
12655749568,4.995008,0.223373,0.000000,-0.999750367,0.000000000,0.000000000,-0.022342879,-0.111687,2.497504,0.000000,0.020000000,-0.030000000,0.050000000,0.100000,-0.200000,0.100000
12660511630,4.994462,0.235266,0.000000,-0.999723059,0.000000000,0.000000000,-0.023533081,-0.117633,2.497231,0.000000,0.020000000,-0.030000000,0.050000000,0.100000,-0.200000,0.100000
12665244176,4.993891,0.247083,0.000000,-0.999694516,0.000000000,0.000000000,-0.024715873,-0.123542,2.496946,0.000000,0.020000000,-0.030000000,0.050000000,0.100000,-0.200000,0.100000
12670011288,4.993288,0.258986,0.000000,-0.999664350,0.000000000,0.000000000,-0.025907269,-0.129493,2.496644,0.000000,0.020000000,-0.030000000,0.050000000,0.100000,-0.200000,0.100000
12674663277,4.992672,0.270599,0.000000,-0.999633544,0.000000000,0.000000000,-0.027069859,-0.135300,2.496336,0.000000,0.020000000,-0.030000000,0.050000000,0.100000,-0.200000,0.100000
12679492932,4.992004,0.282655,0.000000,-0.999600131,0.000000000,0.000000000,-0.028276810,-0.141328,2.496002,0.000000,0.020000000,-0.030000000,0.050000000,0.100000,-0.200000,0.100000
12684847318,4.991230,0.296019,0.000000,-0.999561384,0.000000000,0.000000000,-0.029614845,-0.148009,2.495615,0.000000,0.020000000,-0.030000000,0.050000000,0.100000,-0.200000,0.100000
12690088195,4.990437,0.309097,0.000000,-0.999521724,0.000000000,0.000000000,-0.030924464,-0.154548,2.495218,0.000000,0.020000000,-0.030000000,0.050000000,0.100000,-0.200000,0.100000
12695179840,4.989634,0.321800,0.000000,-0.999481551,0.000000000,0.000000000,-0.032196741,-0.160900,2.494817,0.000000,0.020000000,-0.030000000,0.050000000,0.100000,-0.200000,0.100000
12700000139,4.988844,0.333825,0.000000,-0.999442025,0.000000000,0.000000000,-0.033401167,-0.166913,2.494422,0.000000,0.020000000,-0.030000000,0.050000000,0.100000,-0.200000,0.100000
12705337767,4.987935,0.347138,0.000000,-0.999396565,0.000000000,0.000000000,-0.034734800,-0.173569,2.493967,0.000000,0.020000000,-0.030000000,0.050000000,0.100000,-0.200000,0.100000
12710434737,4.987034,0.359849,0.000000,-0.999351493,0.000000000,0.000000000,-0.036008245,-0.179924,2.493517,0.000000,0.020000000,-0.030000000,0.050000000,0.100000,-0.200000,0.100000
12715416507,4.986122,0.372270,0.000000,-0.999305872,0.000000000,0.000000000,-0.037252851,-0.186135,2.493061,0.000000,0.020000000,-0.030000000,0.050000000,0.100000,-0.200000,0.100000
12720058438,4.985245,0.383842,0.000000,-0.999261967,0.000000000,0.000000000,-0.038412503,-0.191921,2.492622,0.000000,0.020000000,-0.030000000,0.050000000,0.100000,-0.200000,0.100000
12724722951,4.984336,0.395467,0.000000,-0.999216494,0.000000000,0.000000000,-0.039577745,-0.197734,2.492168,0.000000,0.020000000,-0.030000000,0.050000000,0.100000,-0.200000,0.100000
12729400021,4.983398,0.407122,0.000000,-0.999169534,0.000000000,0.000000000,-0.040746069,-0.203561,2.491699,0.000000,0.020000000,-0.030000000,0.050000000,0.100000,-0.200000,0.100000
12734123444,4.982422,0.418891,0.000000,-0.999120722,0.000000000,0.000000000,-0.041925915,-0.209445,2.491211,0.000000,0.020000000,-0.030000000,0.050000000,0.100000,-0.200000,0.100000
12738669922,4.981457,0.430216,0.000000,-0.999072423,0.000000000,0.000000000,-0.043061508,-0.215108,2.490729,0.000000,0.020000000,-0.030000000,0.050000000,0.100000,-0.200000,0.100000
12743577440,4.980386,0.442438,0.000000,-0.999018840,0.000000000,0.000000000,-0.044287216,-0.221219,2.490193,0.000000,0.020000000,-0.030000000,0.050000000,0.100000,-0.200000,0.100000
12748825620,4.979208,0.455505,0.000000,-0.998959873,0.000000000,0.000000000,-0.045597936,-0.227753,2.489604,0.000000,0.020000000,-0.030000000,0.050000000,0.100000,-0.200000,0.100000
12754269710,4.977950,0.469057,0.000000,-0.998896888,0.000000000,0.000000000,-0.046957500,-0.234529,2.488975,0.000000,0.020000000,-0.030000000,0.050000000,0.100000,-0.200000,0.100000
12758959178,4.976836,0.480728,0.000000,-0.998841150,0.000000000,0.000000000,-0.048128541,-0.240364,2.488418,0.000000,0.020000000,-0.030000000,0.050000000,0.100000,-0.200000,0.100000
12763472341,4.975739,0.491957,0.000000,-0.998786212,0.000000000,0.000000000,-0.049255493,-0.245979,2.487869,0.000000,0.020000000,-0.030000000,0.050000000,0.100000,-0.200000,0.100000
12768476382,4.974493,0.504405,0.000000,-0.998723811,0.000000000,0.000000000,-0.050504946,-0.252202,2.487246,0.000000,0.020000000,-0.030000000,0.050000000,0.100000,-0.200000,0.100000
12773547834,4.973197,0.517017,0.000000,-0.998658975,0.000000000,0.000000000,-0.051771150,-0.258509,2.486599,0.000000,0.020000000,-0.030000000,0.050000000,0.100000,-0.200000,0.100000
12778856399,4.971808,0.530216,0.000000,-0.998589388,0.000000000,0.000000000,-0.053096466,-0.265108,2.485904,0.000000,0.020000000,-0.030000000,0.050000000,0.100000,-0.200000,0.100000
12784239336,4.970363,0.543595,0.000000,-0.998517030,0.000000000,0.000000000,-0.054440253,-0.271798,2.485181,0.000000,0.020000000,-0.030000000,0.050000000,0.100000,-0.200000,0.100000
12789193513,4.969001,0.555906,0.000000,-0.998448837,0.000000000,0.000000000,-0.055676919,-0.277953,2.484500,0.000000,0.020000000,-0.030000000,0.050000000,0.100000,-0.200000,0.100000
12794435016,4.967527,0.568926,0.000000,-0.998375022,0.000000000,0.000000000,-0.056985214,-0.284463,2.483763,0.000000,0.020000000,-0.030000000,0.050000000,0.100000,-0.200000,0.100000
12799400765,4.966099,0.581258,0.000000,-0.998303510,0.000000000,0.000000000,-0.058224589,-0.290629,2.483049,0.000000,0.020000000,-0.030000000,0.050000000,0.100000,-0.200000,0.100000
12804559219,4.964583,0.594065,0.000000,-0.998227592,0.000000000,0.000000000,-0.059511966,-0.297032,2.482292,0.000000,0.020000000,-0.030000000,0.050000000,0.100000,-0.200000,0.100000
12809910018,4.962976,0.607345,0.000000,-0.998147090,0.000000000,0.000000000,-0.060847242,-0.303672,2.481488,0.000000,0.020000000,-0.030000000,0.050000000,0.100000,-0.200000,0.100000
12814927832,4.961437,0.619795,0.000000,-0.998069975,0.000000000,0.000000000,-0.062099322,-0.309897,2.480718,0.000000,0.020000000,-0.030000000,0.050000000,0.100000,-0.200000,0.100000
12820028381,4.959840,0.632446,0.000000,-0.997989978,0.000000000,0.000000000,-0.063371948,-0.316223,2.479920,0.000000,0.020000000,-0.030000000,0.050000000,0.100000,-0.200000,0.100000
12825010176,4.958249,0.644798,0.000000,-0.997910278,0.000000000,0.000000000,-0.064614844,-0.322399,2.479125,0.000000,0.020000000,-0.030000000,0.050000000,0.100000,-0.200000,0.100000
12830127565,4.956583,0.657483,0.000000,-0.997826796,0.000000000,0.000000000,-0.065891464,-0.328741,2.478292,0.000000,0.020000000,-0.030000000,0.050000000,0.100000,-0.200000,0.100000
12835069918,4.954943,0.669729,0.000000,-0.997744620,0.000000000,0.000000000,-0.067124317,-0.334865,2.477472,0.000000,0.020000000,-0.030000000,0.050000000,0.100000,-0.200000,0.100000
12840054203,4.953259,0.682076,0.000000,-0.997660203,0.000000000,0.000000000,-0.068367525,-0.341038,2.476629,0.000000,0.020000000,-0.030000000,0.050000000,0.100000,-0.200000,0.100000
12844899739,4.951592,0.694074,0.000000,-0.997576652,0.000000000,0.000000000,-0.069576024,-0.347037,2.475796,0.000000,0.020000000,-0.030000000,0.050000000,0.100000,-0.200000,0.100000
12849997704,4.949807,0.706693,0.000000,-0.997487168,0.000000000,0.000000000,-0.070847370,-0.353347,2.474903,0.000000,0.020000000,-0.030000000,0.050000000,0.100000,-0.200000,0.100000
12855342687,4.947900,0.719919,0.000000,-0.997391608,0.000000000,0.000000000,-0.072180195,-0.359960,2.473950,0.000000,0.020000000,-0.030000000,0.050000000,0.100000,-0.200000,0.100000
12859981264,4.946217,0.731393,0.000000,-0.997307234,0.000000000,0.000000000,-0.073336765,-0.365696,2.473109,0.000000,0.020000000,-0.030000000,0.050000000,0.100000,-0.200000,0.100000
12865009887,4.944363,0.743827,0.000000,-0.997214250,0.000000000,0.000000000,-0.074590478,-0.371913,2.472181,0.000000,0.020000000,-0.030000000,0.050000000,0.100000,-0.200000,0.100000
12869884247,4.942535,0.755875,0.000000,-0.997122615,0.000000000,0.000000000,-0.075805617,-0.377937,2.471268,0.000000,0.020000000,-0.030000000,0.050000000,0.100000,-0.200000,0.100000
12875170105,4.940520,0.768935,0.000000,-0.997021570,0.000000000,0.000000000,-0.077123213,-0.384468,2.470260,0.000000,0.020000000,-0.030000000,0.050000000,0.100000,-0.200000,0.100000
12879945606,4.938670,0.780730,0.000000,-0.996928783,0.000000000,0.000000000,-0.078313477,-0.390365,2.469335,0.000000,0.020000000,-0.030000000,0.050000000,0.100000,-0.200000,0.100000
12884955168,4.936699,0.793097,0.000000,-0.996829923,0.000000000,0.000000000,-0.079561959,-0.396549,2.468349,0.000000,0.020000000,-0.030000000,0.050000000,0.100000,-0.200000,0.100000
12890034136,4.934669,0.805632,0.000000,-0.996728096,0.000000000,0.000000000,-0.080827611,-0.402816,2.467334,0.000000,0.020000000,-0.030000000,0.050000000,0.100000,-0.200000,0.100000
12895309273,4.932527,0.818644,0.000000,-0.996620635,0.000000000,0.000000000,-0.082142010,-0.409322,2.466263,0.000000,0.020000000,-0.030000000,0.050000000,0.100000,-0.200000,0.100000
12900234514,4.930496,0.830789,0.000000,-0.996518737,0.000000000,0.000000000,-0.083369097,-0.415394,2.465248,0.000000,0.020000000,-0.030000000,0.050000000,0.100000,-0.200000,0.100000
12905081415,4.928468,0.842735,0.000000,-0.996416985,0.000000000,0.000000000,-0.084576542,-0.421368,2.464234,0.000000,0.020000000,-0.030000000,0.050000000,0.100000,-0.200000,0.100000
12909757827,4.926484,0.854256,0.000000,-0.996317426,0.000000000,0.000000000,-0.085741398,-0.427128,2.463242,0.000000,0.020000000,-0.030000000,0.050000000,0.100000,-0.200000,0.100000
12914873509,4.924283,0.866855,0.000000,-0.996206954,0.000000000,0.000000000,-0.087015538,-0.433427,2.462141,0.000000,0.020000000,-0.030000000,0.050000000,0.100000,-0.200000,0.100000
12920146155,4.921981,0.879834,0.000000,-0.996091388,0.000000000,0.000000000,-0.088328624,-0.439917,2.460990,0.000000,0.020000000,-0.030000000,0.050000000,0.100000,-0.200000,0.100000
12925218234,4.919733,0.892313,0.000000,-0.995978585,0.000000000,0.000000000,-0.089591616,-0.446157,2.459867,0.000000,0.020000000,-0.030000000,0.050000000,0.100000,-0.200000,0.100000
12930701451,4.917269,0.905798,0.000000,-0.995854837,0.000000000,0.000000000,-0.090956823,-0.452899,2.458634,0.000000,0.020000000,-0.030000000,0.050000000,0.100000,-0.200000,0.100000
12936099239,4.914806,0.919066,0.000000,-0.995731189,0.000000000,0.000000000,-0.092300594,-0.459533,2.457403,0.000000,0.020000000,-0.030000000,0.050000000,0.100000,-0.200000,0.100000
12941018945,4.912530,0.931153,0.000000,-0.995616913,0.000000000,0.000000000,-0.093525200,-0.465576,2.456265,0.000000,0.020000000,-0.030000000,0.050000000,0.100000,-0.200000,0.100000
12946193171,4.910105,0.943859,0.000000,-0.995495100,0.000000000,0.000000000,-0.094813008,-0.471929,2.455052,0.000000,0.020000000,-0.030000000,0.050000000,0.100000,-0.200000,0.100000
12951335763,4.907662,0.956481,0.000000,-0.995372381,0.000000000,0.000000000,-0.096092785,-0.478241,2.453831,0.000000,0.020000000,-0.030000000,0.050000000,0.100000,-0.200000,0.100000
12956529680,4.905161,0.969223,0.000000,-0.995246767,0.000000000,0.000000000,-0.097385174,-0.484611,2.452581,0.000000,0.020000000,-0.030000000,0.050000000,0.100000,-0.200000,0.100000
12961783177,4.902598,0.982104,0.000000,-0.995118006,0.000000000,0.000000000,-0.098692221,-0.491052,2.451299,0.000000,0.020000000,-0.030000000,0.050000000,0.100000,-0.200000,0.100000
12966795367,4.900122,0.994387,0.000000,-0.994993559,0.000000000,0.000000000,-0.099939074,-0.497194,2.450061,0.000000,0.020000000,-0.030000000,0.050000000,0.100000,-0.200000,0.100000
12971942000,4.897547,1.006994,0.000000,-0.994864148,0.000000000,0.000000000,-0.101219207,-0.503497,2.448773,0.000000,0.020000000,-0.030000000,0.050000000,0.100000,-0.200000,0.100000
12977093364,4.894937,1.019605,0.000000,-0.994732968,0.000000000,0.000000000,-0.102500350,-0.509802,2.447468,0.000000,0.020000000,-0.030000000,0.050000000,0.100000,-0.200000,0.100000
12982556624,4.892133,1.032972,0.000000,-0.994592044,0.000000000,0.000000000,-0.103858875,-0.516486,2.446067,0.000000,0.020000000,-0.030000000,0.050000000,0.100000,-0.200000,0.100000
12987517210,4.889556,1.045103,0.000000,-0.994462479,0.000000000,0.000000000,-0.105092235,-0.522551,2.444778,0.000000,0.020000000,-0.030000000,0.050000000,0.100000,-0.200000,0.100000
12992951511,4.886698,1.058385,0.000000,-0.994318786,0.000000000,0.000000000,-0.106443189,-0.529192,2.443349,0.000000,0.020000000,-0.030000000,0.050000000,0.100000,-0.200000,0.100000
12997467691,4.884296,1.069417,0.000000,-0.994197973,0.000000000,0.000000000,-0.107565752,-0.534708,2.442148,0.000000,0.020000000,-0.030000000,0.050000000,0.100000,-0.200000,0.100000
13002006250,4.881857,1.080498,0.000000,-0.994075284,0.000000000,0.000000000,-0.108693739,-0.540249,2.440928,0.000000,0.020000000,-0.030000000,0.050000000,0.100000,-0.200000,0.100000
13006861253,4.879219,1.092345,0.000000,-0.993942625,0.000000000,0.000000000,-0.109900218,-0.546173,2.439610,0.000000,0.020000000,-0.030000000,0.050000000,0.100000,-0.200000,0.100000
13011737715,4.876542,1.104239,0.000000,-0.993807905,0.000000000,0.000000000,-0.111111867,-0.552119,2.438271,0.000000,0.020000000,-0.030000000,0.050000000,0.100000,-0.200000,0.100000
13016648936,4.873815,1.116210,0.000000,-0.993670733,0.000000000,0.000000000,-0.112331986,-0.558105,2.436908,0.000000,0.020000000,-0.030000000,0.050000000,0.100000,-0.200000,0.100000
13021907019,4.870864,1.129020,0.000000,-0.993522211,0.000000000,0.000000000,-0.113638089,-0.564510,2.435432,0.000000,0.020000000,-0.030000000,0.050000000,0.100000,-0.200000,0.100000
13026905344,4.868027,1.141189,0.000000,-0.993379436,0.000000000,0.000000000,-0.114879487,-0.570595,2.434014,0.000000,0.020000000,-0.030000000,0.050000000,0.100000,-0.200000,0.100000
13032076028,4.865060,1.153771,0.000000,-0.993230105,0.000000000,0.000000000,-0.116163503,-0.576885,2.432530,0.000000,0.020000000,-0.030000000,0.050000000,0.100000,-0.200000,0.100000
13037036113,4.862184,1.165833,0.000000,-0.993085296,0.000000000,0.000000000,-0.117395040,-0.582916,2.431092,0.000000,0.020000000,-0.030000000,0.050000000,0.100000,-0.200000,0.100000
13041737733,4.859430,1.177260,0.000000,-0.992946623,0.000000000,0.000000000,-0.118562236,-0.588630,2.429715,0.000000,0.020000000,-0.030000000,0.050000000,0.100000,-0.200000,0.100000
13047106618,4.856252,1.190300,0.000000,-0.992786592,0.000000000,0.000000000,-0.119894883,-0.595150,2.428126,0.000000,0.020000000,-0.030000000,0.050000000,0.100000,-0.200000,0.100000
13052165501,4.853226,1.202580,0.000000,-0.992634164,0.000000000,0.000000000,-0.121150384,-0.601290,2.426613,0.000000,0.020000000,-0.030000000,0.050000000,0.100000,-0.200000,0.100000
13057307277,4.850118,1.215053,0.000000,-0.992477612,0.000000000,0.000000000,-0.122426260,-0.607527,2.425059,0.000000,0.020000000,-0.030000000,0.050000000,0.100000,-0.200000,0.100000
13062460825,4.846971,1.227547,0.000000,-0.992319056,0.000000000,0.000000000,-0.123704853,-0.613773,2.423486,0.000000,0.020000000,-0.030000000,0.050000000,0.100000,-0.200000,0.100000
13067548228,4.843833,1.239872,0.000000,-0.992160920,0.000000000,0.000000000,-0.124966834,-0.619936,2.421916,0.000000,0.020000000,-0.030000000,0.050000000,0.100000,-0.200000,0.100000
13072748219,4.840593,1.252462,0.000000,-0.991997625,0.000000000,0.000000000,-0.126256535,-0.626231,2.420296,0.000000,0.020000000,-0.030000000,0.050000000,0.100000,-0.200000,0.100000
13077699117,4.837478,1.264441,0.000000,-0.991840594,0.000000000,0.000000000,-0.127484258,-0.632220,2.418739,0.000000,0.020000000,-0.030000000,0.050000000,0.100000,-0.200000,0.100000
13082238098,4.834596,1.275416,0.000000,-0.991695293,0.000000000,0.000000000,-0.128609662,-0.637708,2.417298,0.000000,0.020000000,-0.030000000,0.050000000,0.100000,-0.200000,0.100000
13087300896,4.831351,1.287650,0.000000,-0.991531718,0.000000000,0.000000000,-0.129864747,-0.643825,2.415676,0.000000,0.020000000,-0.030000000,0.050000000,0.100000,-0.200000,0.100000
13092749803,4.827825,1.300808,0.000000,-0.991353893,0.000000000,0.000000000,-0.131215317,-0.650404,2.413913,0.000000,0.020000000,-0.030000000,0.050000000,0.100000,-0.200000,0.100000
13097256157,4.824882,1.311683,0.000000,-0.991205438,0.000000000,0.000000000,-0.132332082,-0.655841,2.412441,0.000000,0.020000000,-0.030000000,0.050000000,0.100000,-0.200000,0.100000
13102294721,4.821562,1.323834,0.000000,-0.991037961,0.000000000,0.000000000,-0.133580539,-0.661917,2.410781,0.000000,0.020000000,-0.030000000,0.050000000,0.100000,-0.200000,0.100000
13106813676,4.818559,1.334725,0.000000,-0.990886417,0.000000000,0.000000000,-0.134700068,-0.667362,2.409279,0.000000,0.020000000,-0.030000000,0.050000000,0.100000,-0.200000,0.100000
13111768706,4.815237,1.346659,0.000000,-0.990718796,0.000000000,0.000000000,-0.135927432,-0.673329,2.407619,0.000000,0.020000000,-0.030000000,0.050000000,0.100000,-0.200000,0.100000
13116980094,4.811712,1.359201,0.000000,-0.990540863,0.000000000,0.000000000,-0.137218071,-0.679601,2.405856,0.000000,0.020000000,-0.030000000,0.050000000,0.100000,-0.200000,0.100000
13122082536,4.808229,1.371472,0.000000,-0.990365020,0.000000000,0.000000000,-0.138481504,-0.685736,2.404114,0.000000,0.020000000,-0.030000000,0.050000000,0.100000,-0.200000,0.100000
13126950947,4.804876,1.383173,0.000000,-0.990195740,0.000000000,0.000000000,-0.139686777,-0.691586,2.402438,0.000000,0.020000000,-0.030000000,0.050000000,0.100000,-0.200000,0.100000
13132087509,4.801308,1.395508,0.000000,-0.990015547,0.000000000,0.000000000,-0.140958212,-0.697754,2.400654,0.000000,0.020000000,-0.030000000,0.050000000,0.100000,-0.200000,0.100000
13137168971,4.797747,1.407703,0.000000,-0.989835679,0.000000000,0.000000000,-0.142215779,-0.703851,2.398873,0.000000,0.020000000,-0.030000000,0.050000000,0.100000,-0.200000,0.100000
13142539028,4.793950,1.420580,0.000000,-0.989643861,0.000000000,0.000000000,-0.143544519,-0.710290,2.396975,0.000000,0.020000000,-0.030000000,0.050000000,0.100000,-0.200000,0.100000
13147590966,4.790346,1.432684,0.000000,-0.989461777,0.000000000,0.000000000,-0.144794309,-0.716342,2.395173,0.000000,0.020000000,-0.030000000,0.050000000,0.100000,-0.200000,0.100000
13152942081,4.786496,1.445496,0.000000,-0.989267189,0.000000000,0.000000000,-0.146117860,-0.722748,2.393248,0.000000,0.020000000,-0.030000000,0.050000000,0.100000,-0.200000,0.100000
13157445464,4.783229,1.456270,0.000000,-0.989102056,0.000000000,0.000000000,-0.147231530,-0.728135,2.391614,0.000000,0.020000000,-0.030000000,0.050000000,0.100000,-0.200000,0.100000
13162711791,4.779378,1.468860,0.000000,-0.988907356,0.000000000,0.000000000,-0.148533635,-0.734430,2.389689,0.000000,0.020000000,-0.030000000,0.050000000,0.100000,-0.200000,0.100000
13167656603,4.775731,1.480672,0.000000,-0.988722983,0.000000000,0.000000000,-0.149756012,-0.740336,2.387866,0.000000,0.020000000,-0.030000000,0.050000000,0.100000,-0.200000,0.100000
13172361585,4.772235,1.491903,0.000000,-0.988546149,0.000000000,0.000000000,-0.150918889,-0.745951,2.386117,0.000000,0.020000000,-0.030000000,0.050000000,0.100000,-0.200000,0.100000
13177511810,4.768377,1.504187,0.000000,-0.988351013,0.000000000,0.000000000,-0.152191572,-0.752093,2.384189,0.000000,0.020000000,-0.030000000,0.050000000,0.100000,-0.200000,0.100000
13182613359,4.764525,1.516345,0.000000,-0.988156106,0.000000000,0.000000000,-0.153451978,-0.758173,2.382262,0.000000,0.020000000,-0.030000000,0.050000000,0.100000,-0.200000,0.100000
13187805392,4.760572,1.528709,0.000000,-0.987956092,0.000000000,0.000000000,-0.154734484,-0.764354,2.380286,0.000000,0.020000000,-0.030000000,0.050000000,0.100000,-0.200000,0.100000
13192942975,4.756630,1.540933,0.000000,-0.987756537,0.000000000,0.000000000,-0.156003282,-0.770466,2.378315,0.000000,0.020000000,-0.030000000,0.050000000,0.100000,-0.200000,0.100000
13197476481,4.753125,1.551711,0.000000,-0.987579092,0.000000000,0.000000000,-0.157122682,-0.775855,2.376562,0.000000,0.020000000,-0.030000000,0.050000000,0.100000,-0.200000,0.100000
13202160874,4.749477,1.562839,0.000000,-0.987394409,0.000000000,0.000000000,-0.158279126,-0.781420,2.374739,0.000000,0.020000000,-0.030000000,0.050000000,0.100000,-0.200000,0.100000
13207432609,4.745341,1.575353,0.000000,-0.987184950,0.000000000,0.000000000,-0.159580308,-0.787676,2.372671,0.000000,0.020000000,-0.030000000,0.050000000,0.100000,-0.200000,0.100000
13212173319,4.741594,1.586596,0.000000,-0.986995126,0.000000000,0.000000000,-0.160750186,-0.793298,2.370797,0.000000,0.020000000,-0.030000000,0.050000000,0.100000,-0.200000,0.100000
13217397881,4.737433,1.598977,0.000000,-0.986784321,0.000000000,0.000000000,-0.162039202,-0.799489,2.368716,0.000000,0.020000000,-0.030000000,0.050000000,0.100000,-0.200000,0.100000
13222269163,4.733524,1.610511,0.000000,-0.986586255,0.000000000,0.000000000,-0.163240808,-0.805256,2.366762,0.000000,0.020000000,-0.030000000,0.050000000,0.100000,-0.200000,0.100000
13227418949,4.729362,1.622694,0.000000,-0.986375274,0.000000000,0.000000000,-0.164510850,-0.811347,2.364681,0.000000,0.020000000,-0.030000000,0.050000000,0.100000,-0.200000,0.100000
13232586201,4.725154,1.634908,0.000000,-0.986161933,0.000000000,0.000000000,-0.165784924,-0.817454,2.362577,0.000000,0.020000000,-0.030000000,0.050000000,0.100000,-0.200000,0.100000
13237560623,4.721073,1.646655,0.000000,-0.985955000,0.000000000,0.000000000,-0.167011192,-0.823328,2.360536,0.000000,0.020000000,-0.030000000,0.050000000,0.100000,-0.200000,0.100000
13242968205,4.716603,1.659414,0.000000,-0.985728317,0.000000000,0.000000000,-0.168343947,-0.829707,2.358302,0.000000,0.020000000,-0.030000000,0.050000000,0.100000,-0.200000,0.100000
13247943326,4.712461,1.671142,0.000000,-0.985518172,0.000000000,0.000000000,-0.169569846,-0.835571,2.356230,0.000000,0.020000000,-0.030000000,0.050000000,0.100000,-0.200000,0.100000
13253180829,4.708068,1.683477,0.000000,-0.985295297,0.000000000,0.000000000,-0.170860114,-0.841738,2.354034,0.000000,0.020000000,-0.030000000,0.050000000,0.100000,-0.200000,0.100000
13258364591,4.703689,1.695674,0.000000,-0.985073045,0.000000000,0.000000000,-0.172136854,-0.847837,2.351845,0.000000,0.020000000,-0.030000000,0.050000000,0.100000,-0.200000,0.100000
13263581133,4.699250,1.707936,0.000000,-0.984847717,0.000000000,0.000000000,-0.173421376,-0.853968,2.349625,0.000000,0.020000000,-0.030000000,0.050000000,0.100000,-0.200000,0.100000
13268553887,4.694989,1.719615,0.000000,-0.984631361,0.000000000,0.000000000,-0.174645593,-0.859808,2.347495,0.000000,0.020000000,-0.030000000,0.050000000,0.100000,-0.200000,0.100000
13273790199,4.690471,1.731902,0.000000,-0.984401893,0.000000000,0.000000000,-0.175934402,-0.865951,2.345235,0.000000,0.020000000,-0.030000000,0.050000000,0.100000,-0.200000,0.100000
13278881184,4.686047,1.743836,0.000000,-0.984177175,0.000000000,0.000000000,-0.177187154,-0.871918,2.343024,0.000000,0.020000000,-0.030000000,0.050000000,0.100000,-0.200000,0.100000
13283804730,4.681740,1.755366,0.000000,-0.983958333,0.000000000,0.000000000,-0.178398429,-0.877683,2.340870,0.000000,0.020000000,-0.030000000,0.050000000,0.100000,-0.200000,0.100000
13288857184,4.677291,1.767188,0.000000,-0.983732210,0.000000000,0.000000000,-0.179641138,-0.883594,2.338645,0.000000,0.020000000,-0.030000000,0.050000000,0.100000,-0.200000,0.100000
13293536426,4.673143,1.778126,0.000000,-0.983521391,0.000000000,0.000000000,-0.180791795,-0.889063,2.336572,0.000000,0.020000000,-0.030000000,0.050000000,0.100000,-0.200000,0.100000
13298736860,4.668504,1.790271,0.000000,-0.983285511,0.000000000,0.000000000,-0.182070326,-0.895136,2.334252,0.000000,0.020000000,-0.030000000,0.050000000,0.100000,-0.200000,0.100000
13303762267,4.663991,1.801996,0.000000,-0.983055991,0.000000000,0.000000000,-0.183305535,-0.900998,2.331995,0.000000,0.020000000,-0.030000000,0.050000000,0.100000,-0.200000,0.100000
13308630810,4.659590,1.813344,0.000000,-0.982832155,0.000000000,0.000000000,-0.184501911,-0.906672,2.329795,0.000000,0.020000000,-0.030000000,0.050000000,0.100000,-0.200000,0.100000
13313486025,4.655175,1.824650,0.000000,-0.982607482,0.000000000,0.000000000,-0.185694740,-0.912325,2.327587,0.000000,0.020000000,-0.030000000,0.050000000,0.100000,-0.200000,0.100000
13318661872,4.650437,1.836692,0.000000,-0.982366377,0.000000000,0.000000000,-0.186966041,-0.918346,2.325218,0.000000,0.020000000,-0.030000000,0.050000000,0.100000,-0.200000,0.100000
13323790046,4.645712,1.848610,0.000000,-0.982125872,0.000000000,0.000000000,-0.188225323,-0.924305,2.322856,0.000000,0.020000000,-0.030000000,0.050000000,0.100000,-0.200000,0.100000
13328392988,4.641445,1.859297,0.000000,-0.981908624,0.000000000,0.000000000,-0.189355366,-0.929648,2.320723,0.000000,0.020000000,-0.030000000,0.050000000,0.100000,-0.200000,0.100000
13333747264,4.636451,1.871716,0.000000,-0.981654279,0.000000000,0.000000000,-0.190669548,-0.935858,2.318226,0.000000,0.020000000,-0.030000000,0.050000000,0.100000,-0.200000,0.100000
13338962065,4.631555,1.883798,0.000000,-0.981404869,0.000000000,0.000000000,-0.191949169,-0.941899,2.315778,0.000000,0.020000000,-0.030000000,0.050000000,0.100000,-0.200000,0.100000
13343839624,4.626947,1.895088,0.000000,-0.981170078,0.000000000,0.000000000,-0.193145741,-0.947544,2.313474,0.000000,0.020000000,-0.030000000,0.050000000,0.100000,-0.200000,0.100000
13348455090,4.622562,1.905761,0.000000,-0.980946561,0.000000000,0.000000000,-0.194277751,-0.952880,2.311281,0.000000,0.020000000,-0.030000000,0.050000000,0.100000,-0.200000,0.100000
13352983848,4.618234,1.916223,0.000000,-0.980725973,0.000000000,0.000000000,-0.195388244,-0.958112,2.309117,0.000000,0.020000000,-0.030000000,0.050000000,0.100000,-0.200000,0.100000
13357918351,4.613492,1.927612,0.000000,-0.980484191,0.000000000,0.000000000,-0.196597944,-0.963806,2.306746,0.000000,0.020000000,-0.030000000,0.050000000,0.100000,-0.200000,0.100000
13362832848,4.608742,1.938942,0.000000,-0.980241906,0.000000000,0.000000000,-0.197802441,-0.969471,2.304371,0.000000,0.020000000,-0.030000000,0.050000000,0.100000,-0.200000,0.100000
13367947046,4.603769,1.950721,0.000000,-0.979988205,0.000000000,0.000000000,-0.199055567,-0.975361,2.301884,0.000000,0.020000000,-0.030000000,0.050000000,0.100000,-0.200000,0.100000
13373323108,4.598509,1.963089,0.000000,-0.979719786,0.000000000,0.000000000,-0.200372506,-0.981545,2.299254,0.000000,0.020000000,-0.030000000,0.050000000,0.100000,-0.200000,0.100000
13378282963,4.593626,1.974487,0.000000,-0.979470578,0.000000000,0.000000000,-0.201587169,-0.987244,2.296813,0.000000,0.020000000,-0.030000000,0.050000000,0.100000,-0.200000,0.100000
13383356086,4.588603,1.986133,0.000000,-0.979214121,0.000000000,0.000000000,-0.202829250,-0.993066,2.294301,0.000000,0.020000000,-0.030000000,0.050000000,0.100000,-0.200000,0.100000
13388797320,4.583182,1.998609,0.000000,-0.978937305,0.000000000,0.000000000,-0.204161096,-0.999305,2.291591,0.000000,0.020000000,-0.030000000,0.050000000,0.100000,-0.200000,0.100000
13394170844,4.577796,2.010916,0.000000,-0.978662156,0.000000000,0.000000000,-0.205475997,-1.005458,2.288898,0.000000,0.020000000,-0.030000000,0.050000000,0.100000,-0.200000,0.100000
13399001257,4.572926,2.021966,0.000000,-0.978413309,0.000000000,0.000000000,-0.206657682,-1.010983,2.286463,0.000000,0.020000000,-0.030000000,0.050000000,0.100000,-0.200000,0.100000
13403706934,4.568156,2.032720,0.000000,-0.978169515,0.000000000,0.000000000,-0.207808563,-1.016360,2.284078,0.000000,0.020000000,-0.030000000,0.050000000,0.100000,-0.200000,0.100000
13408413954,4.563359,2.043466,0.000000,-0.977924299,0.000000000,0.000000000,-0.208959485,-1.021733,2.281680,0.000000,0.020000000,-0.030000000,0.050000000,0.100000,-0.200000,0.100000
13413393790,4.558257,2.054822,0.000000,-0.977663395,0.000000000,0.000000000,-0.210176798,-1.027411,2.279129,0.000000,0.020000000,-0.030000000,0.050000000,0.100000,-0.200000,0.100000
13418738167,4.552750,2.066995,0.000000,-0.977381706,0.000000000,0.000000000,-0.211482861,-1.033497,2.276375,0.000000,0.020000000,-0.030000000,0.050000000,0.100000,-0.200000,0.100000
13423689305,4.547619,2.078259,0.000000,-0.977119187,0.000000000,0.000000000,-0.212692487,-1.039130,2.273810,0.000000,0.020000000,-0.030000000,0.050000000,0.100000,-0.200000,0.100000
13428244302,4.542874,2.088611,0.000000,-0.976876350,0.000000000,0.000000000,-0.213805042,-1.044305,2.271437,0.000000,0.020000000,-0.030000000,0.050000000,0.100000,-0.200000,0.100000
13432995977,4.537899,2.099398,0.000000,-0.976621678,0.000000000,0.000000000,-0.214965341,-1.049699,2.268950,0.000000,0.020000000,-0.030000000,0.050000000,0.100000,-0.200000,0.100000
13437582098,4.533073,2.109798,0.000000,-0.976374572,0.000000000,0.000000000,-0.216084925,-1.054899,2.266537,0.000000,0.020000000,-0.030000000,0.050000000,0.100000,-0.200000,0.100000
13442378413,4.528000,2.120663,0.000000,-0.976114767,0.000000000,0.000000000,-0.217255520,-1.060332,2.264000,0.000000,0.020000000,-0.030000000,0.050000000,0.100000,-0.200000,0.100000
13447855810,4.522176,2.133056,0.000000,-0.975816354,0.000000000,0.000000000,-0.218591958,-1.066528,2.261088,0.000000,0.020000000,-0.030000000,0.050000000,0.100000,-0.200000,0.100000
13453217593,4.516441,2.145172,0.000000,-0.975522466,0.000000000,0.000000000,-0.219899790,-1.072586,2.258220,0.000000,0.020000000,-0.030000000,0.050000000,0.100000,-0.200000,0.100000
13458163631,4.511122,2.156335,0.000000,-0.975249813,0.000000000,0.000000000,-0.221105864,-1.078167,2.255561,0.000000,0.020000000,-0.030000000,0.050000000,0.100000,-0.200000,0.100000
13463565056,4.505282,2.168510,0.000000,-0.974950352,0.000000000,0.000000000,-0.222422597,-1.084255,2.252641,0.000000,0.020000000,-0.030000000,0.050000000,0.100000,-0.200000,0.100000
13468748849,4.499646,2.180180,0.000000,-0.974661285,0.000000000,0.000000000,-0.223685895,-1.090090,2.249823,0.000000,0.020000000,-0.030000000,0.050000000,0.100000,-0.200000,0.100000
13474109794,4.493786,2.192233,0.000000,-0.974360618,0.000000000,0.000000000,-0.224991970,-1.096117,2.246893,0.000000,0.020000000,-0.030000000,0.050000000,0.100000,-0.200000,0.100000
13479563303,4.487792,2.204478,0.000000,-0.974052963,0.000000000,0.000000000,-0.226320182,-1.102239,2.243896,0.000000,0.020000000,-0.030000000,0.050000000,0.100000,-0.200000,0.100000
13484508690,4.482327,2.215569,0.000000,-0.973772409,0.000000000,0.000000000,-0.227524276,-1.107784,2.241164,0.000000,0.020000000,-0.030000000,0.050000000,0.100000,-0.200000,0.100000
13489738856,4.476518,2.227283,0.000000,-0.973474079,0.000000000,0.000000000,-0.228797329,-1.113641,2.238259,0.000000,0.020000000,-0.030000000,0.050000000,0.100000,-0.200000,0.100000
13494466193,4.471241,2.237857,0.000000,-0.973202999,0.000000000,0.000000000,-0.229947653,-1.118929,2.235620,0.000000,0.020000000,-0.030000000,0.050000000,0.100000,-0.200000,0.100000
13499755176,4.465307,2.249674,0.000000,-0.972898101,0.000000000,0.000000000,-0.231234266,-1.124837,2.232654,0.000000,0.020000000,-0.030000000,0.050000000,0.100000,-0.200000,0.100000
13505238433,4.459123,2.261908,0.000000,-0.972580208,0.000000000,0.000000000,-0.232567710,-1.130954,2.229561,0.000000,0.020000000,-0.030000000,0.050000000,0.100000,-0.200000,0.100000
13510737333,4.452887,2.274159,0.000000,-0.972259572,0.000000000,0.000000000,-0.233904521,-1.137080,2.226443,0.000000,0.020000000,-0.030000000,0.050000000,0.100000,-0.200000,0.100000
13515558329,4.447392,2.284886,0.000000,-0.971976953,0.000000000,0.000000000,-0.235076165,-1.142443,2.223696,0.000000,0.020000000,-0.030000000,0.050000000,0.100000,-0.200000,0.100000
13521057022,4.441093,2.297105,0.000000,-0.971652881,0.000000000,0.000000000,-0.236412094,-1.148552,2.220547,0.000000,0.020000000,-0.030000000,0.050000000,0.100000,-0.200000,0.100000
13526462887,4.434868,2.309100,0.000000,-0.971332491,0.000000000,0.000000000,-0.237725033,-1.154550,2.217434,0.000000,0.020000000,-0.030000000,0.050000000,0.100000,-0.200000,0.100000
13531817638,4.428670,2.320966,0.000000,-0.971013381,0.000000000,0.000000000,-0.239025131,-1.160483,2.214335,0.000000,0.020000000,-0.030000000,0.050000000,0.100000,-0.200000,0.100000
13537239023,4.422362,2.332962,0.000000,-0.970688528,0.000000000,0.000000000,-0.240340970,-1.166481,2.211181,0.000000,0.020000000,-0.030000000,0.050000000,0.100000,-0.200000,0.100000
13541983450,4.416815,2.343446,0.000000,-0.970402775,0.000000000,0.000000000,-0.241492141,-1.171723,2.208408,0.000000,0.020000000,-0.030000000,0.050000000,0.100000,-0.200000,0.100000
13547349259,4.410512,2.355288,0.000000,-0.970077952,0.000000000,0.000000000,-0.242793673,-1.177644,2.205256,0.000000,0.020000000,-0.030000000,0.050000000,0.100000,-0.200000,0.100000
13552156439,4.404838,2.365882,0.000000,-0.969785463,0.000000000,0.000000000,-0.243959332,-1.182941,2.202419,0.000000,0.020000000,-0.030000000,0.050000000,0.100000,-0.200000,0.100000
13556663980,4.399495,2.375804,0.000000,-0.969509933,0.000000000,0.000000000,-0.245052013,-1.187902,2.199748,0.000000,0.020000000,-0.030000000,0.050000000,0.100000,-0.200000,0.100000
13561543820,4.393685,2.386531,0.000000,-0.969210258,0.000000000,0.000000000,-0.246234594,-1.193265,2.196843,0.000000,0.020000000,-0.030000000,0.050000000,0.100000,-0.200000,0.100000
13566098496,4.388239,2.396531,0.000000,-0.968929250,0.000000000,0.000000000,-0.247338044,-1.198265,2.194119,0.000000,0.020000000,-0.030000000,0.050000000,0.100000,-0.200000,0.100000
13571528642,4.381716,2.408436,0.000000,-0.968592587,0.000000000,0.000000000,-0.248653173,-1.204218,2.190858,0.000000,0.020000000,-0.030000000,0.050000000,0.100000,-0.200000,0.100000
13576086883,4.376216,2.418416,0.000000,-0.968308603,0.000000000,0.000000000,-0.249756780,-1.209208,2.188108,0.000000,0.020000000,-0.030000000,0.050000000,0.100000,-0.200000,0.100000
13580981187,4.370284,2.429118,0.000000,-0.968002282,0.000000000,0.000000000,-0.250941392,-1.214559,2.185142,0.000000,0.020000000,-0.030000000,0.050000000,0.100000,-0.200000,0.100000
13586180418,4.363955,2.440471,0.000000,-0.967675289,0.000000000,0.000000000,-0.252199397,-1.220236,2.181977,0.000000,0.020000000,-0.030000000,0.050000000,0.100000,-0.200000,0.100000
13591086394,4.357955,2.451169,0.000000,-0.967365240,0.000000000,0.000000000,-0.253386055,-1.225584,2.178978,0.000000,0.020000000,-0.030000000,0.050000000,0.100000,-0.200000,0.100000
13596241864,4.351622,2.462394,0.000000,-0.967037855,0.000000000,0.000000000,-0.254632650,-1.231197,2.175811,0.000000,0.020000000,-0.030000000,0.050000000,0.100000,-0.200000,0.100000
13601182508,4.345526,2.473136,0.000000,-0.966722606,0.000000000,0.000000000,-0.255826902,-1.236568,2.172763,0.000000,0.020000000,-0.030000000,0.050000000,0.100000,-0.200000,0.100000
13606002044,4.339554,2.483601,0.000000,-0.966413662,0.000000000,0.000000000,-0.256991505,-1.241801,2.169777,0.000000,0.020000000,-0.030000000,0.050000000,0.100000,-0.200000,0.100000
13610785153,4.333602,2.493972,0.000000,-0.966105667,0.000000000,0.000000000,-0.258146936,-1.246986,2.166801,0.000000,0.020000000,-0.030000000,0.050000000,0.100000,-0.200000,0.100000
13615770029,4.327372,2.504766,0.000000,-0.965783209,0.000000000,0.000000000,-0.259350715,-1.252383,2.163686,0.000000,0.020000000,-0.030000000,0.050000000,0.100000,-0.200000,0.100000
13620860953,4.320982,2.515773,0.000000,-0.965452343,0.000000000,0.000000000,-0.260579687,-1.257886,2.160491,0.000000,0.020000000,-0.030000000,0.050000000,0.100000,-0.200000,0.100000
13625492926,4.315144,2.525773,0.000000,-0.965149946,0.000000000,0.000000000,-0.261697499,-1.262887,2.157572,0.000000,0.020000000,-0.030000000,0.050000000,0.100000,-0.200000,0.100000
13630348687,4.308999,2.536242,0.000000,-0.964831550,0.000000000,0.000000000,-0.262868941,-1.268121,2.154500,0.000000,0.020000000,-0.030000000,0.050000000,0.100000,-0.200000,0.100000
13634913746,4.303199,2.546071,0.000000,-0.964530919,0.000000000,0.000000000,-0.263969897,-1.273036,2.151599,0.000000,0.020000000,-0.030000000,0.050000000,0.100000,-0.200000,0.100000
13640310140,4.296313,2.557673,0.000000,-0.964173920,0.000000000,0.000000000,-0.265270904,-1.278836,2.148157,0.000000,0.020000000,-0.030000000,0.050000000,0.100000,-0.200000,0.100000
13645027882,4.290268,2.567800,0.000000,-0.963860379,0.000000000,0.000000000,-0.266407900,-1.283900,2.145134,0.000000,0.020000000,-0.030000000,0.050000000,0.100000,-0.200000,0.100000
13649832451,4.284087,2.578099,0.000000,-0.963539690,0.000000000,0.000000000,-0.267565441,-1.289050,2.142044,0.000000,0.020000000,-0.030000000,0.050000000,0.100000,-0.200000,0.100000
13654453563,4.278119,2.587991,0.000000,-0.963229935,0.000000000,0.000000000,-0.268678418,-1.293995,2.139060,0.000000,0.020000000,-0.030000000,0.050000000,0.100000,-0.200000,0.100000
13659301888,4.271833,2.598354,0.000000,-0.962903567,0.000000000,0.000000000,-0.269845734,-1.299177,2.135916,0.000000,0.020000000,-0.030000000,0.050000000,0.100000,-0.200000,0.100000
13663830018,4.265939,2.608019,0.000000,-0.962597476,0.000000000,0.000000000,-0.270935599,-1.304010,2.132970,0.000000,0.020000000,-0.030000000,0.050000000,0.100000,-0.200000,0.100000
13669131674,4.259011,2.619318,0.000000,-0.962237529,0.000000000,0.000000000,-0.272211200,-1.309659,2.129505,0.000000,0.020000000,-0.030000000,0.050000000,0.100000,-0.200000,0.100000
13674466685,4.252008,2.630670,0.000000,-0.961873611,0.000000000,0.000000000,-0.273494345,-1.315335,2.126004,0.000000,0.020000000,-0.030000000,0.050000000,0.100000,-0.200000,0.100000
13679590395,4.245255,2.641554,0.000000,-0.961522495,0.000000000,0.000000000,-0.274726211,-1.320777,2.122628,0.000000,0.020000000,-0.030000000,0.050000000,0.100000,-0.200000,0.100000
13684852977,4.238290,2.652716,0.000000,-0.961160221,0.000000000,0.000000000,-0.275990995,-1.326358,2.119145,0.000000,0.020000000,-0.030000000,0.050000000,0.100000,-0.200000,0.100000
13689821758,4.231686,2.663237,0.000000,-0.960816645,0.000000000,0.000000000,-0.277184731,-1.331619,2.115843,0.000000,0.020000000,-0.030000000,0.050000000,0.100000,-0.200000,0.100000
13695219416,4.224483,2.674648,0.000000,-0.960441733,0.000000000,0.000000000,-0.278481018,-1.337324,2.112242,0.000000,0.020000000,-0.030000000,0.050000000,0.100000,-0.200000,0.100000
13700666035,4.217184,2.686143,0.000000,-0.960061648,0.000000000,0.000000000,-0.279788549,-1.343071,2.108592,0.000000,0.020000000,-0.030000000,0.050000000,0.100000,-0.200000,0.100000
13705922392,4.210109,2.697217,0.000000,-0.959693152,0.000000000,0.000000000,-0.281049914,-1.348608,2.105055,0.000000,0.020000000,-0.030000000,0.050000000,0.100000,-0.200000,0.100000
13711347273,4.202778,2.708627,0.000000,-0.959311104,0.000000000,0.000000000,-0.282351210,-1.354313,2.101389,0.000000,0.020000000,-0.030000000,0.050000000,0.100000,-0.200000,0.100000
13716797968,4.195380,2.720070,0.000000,-0.958925461,0.000000000,0.000000000,-0.283658176,-1.360035,2.097690,0.000000,0.020000000,-0.030000000,0.050000000,0.100000,-0.200000,0.100000
13722106431,4.188146,2.731196,0.000000,-0.958548169,0.000000000,0.000000000,-0.284930531,-1.365598,2.094073,0.000000,0.020000000,-0.030000000,0.050000000,0.100000,-0.200000,0.100000
13727221541,4.181147,2.741899,0.000000,-0.958183023,0.000000000,0.000000000,-0.286156067,-1.370949,2.090574,0.000000,0.020000000,-0.030000000,0.050000000,0.100000,-0.200000,0.100000
13731789471,4.174874,2.751441,0.000000,-0.957855613,0.000000000,0.000000000,-0.287250109,-1.375721,2.087437,0.000000,0.020000000,-0.030000000,0.050000000,0.100000,-0.200000,0.100000
13736488567,4.168398,2.761243,0.000000,-0.957517498,0.000000000,0.000000000,-0.288375174,-1.380621,2.084199,0.000000,0.020000000,-0.030000000,0.050000000,0.100000,-0.200000,0.100000
13741445052,4.161542,2.771565,0.000000,-0.957159431,0.000000000,0.000000000,-0.289561433,-1.385782,2.080771,0.000000,0.020000000,-0.030000000,0.050000000,0.100000,-0.200000,0.100000
13746199760,4.154941,2.781450,0.000000,-0.956814560,0.000000000,0.000000000,-0.290698981,-1.390725,2.077471,0.000000,0.020000000,-0.030000000,0.050000000,0.100000,-0.200000,0.100000
13751613411,4.147397,2.792687,0.000000,-0.956420248,0.000000000,0.000000000,-0.291993680,-1.396343,2.073698,0.000000,0.020000000,-0.030000000,0.050000000,0.100000,-0.200000,0.100000
13756674346,4.140317,2.803173,0.000000,-0.956050042,0.000000000,0.000000000,-0.293203541,-1.401586,2.070158,0.000000,0.020000000,-0.030000000,0.050000000,0.100000,-0.200000,0.100000
13761804016,4.133114,2.813783,0.000000,-0.955673247,0.000000000,0.000000000,-0.294429355,-1.406891,2.066557,0.000000,0.020000000,-0.030000000,0.050000000,0.100000,-0.200000,0.100000
13766851844,4.125999,2.824205,0.000000,-0.955300929,0.000000000,0.000000000,-0.295635138,-1.412103,2.062999,0.000000,0.020000000,-0.030000000,0.050000000,0.100000,-0.200000,0.100000
13771810951,4.118983,2.834427,0.000000,-0.954933673,0.000000000,0.000000000,-0.296819271,-1.417214,2.059492,0.000000,0.020000000,-0.030000000,0.050000000,0.100000,-0.200000,0.100000
13776825222,4.111864,2.844745,0.000000,-0.954560840,0.000000000,0.000000000,-0.298016112,-1.422373,2.055932,0.000000,0.020000000,-0.030000000,0.050000000,0.100000,-0.200000,0.100000
13781750878,4.104845,2.854863,0.000000,-0.954193135,0.000000000,0.000000000,-0.299191345,-1.427432,2.052423,0.000000,0.020000000,-0.030000000,0.050000000,0.100000,-0.200000,0.100000
13786998533,4.097341,2.865624,0.000000,-0.953799801,0.000000000,0.000000000,-0.300442906,-1.432812,2.048670,0.000000,0.020000000,-0.030000000,0.050000000,0.100000,-0.200000,0.100000
13791872518,4.090345,2.875601,0.000000,-0.953433004,0.000000000,0.000000000,-0.301604884,-1.437800,2.045172,0.000000,0.020000000,-0.030000000,0.050000000,0.100000,-0.200000,0.100000
13796900876,4.083102,2.885875,0.000000,-0.953053107,0.000000000,0.000000000,-0.302803196,-1.442938,2.041551,0.000000,0.020000000,-0.030000000,0.050000000,0.100000,-0.200000,0.100000
13801951019,4.075802,2.896176,0.000000,-0.952670047,0.000000000,0.000000000,-0.304006218,-1.448088,2.037901,0.000000,0.020000000,-0.030000000,0.050000000,0.100000,-0.200000,0.100000
13807040505,4.068419,2.906539,0.000000,-0.952282468,0.000000000,0.000000000,-0.305218122,-1.453269,2.034209,0.000000,0.020000000,-0.030000000,0.050000000,0.100000,-0.200000,0.100000
13812027922,4.061158,2.916675,0.000000,-0.951901165,0.000000000,0.000000000,-0.306405242,-1.458338,2.030579,0.000000,0.020000000,-0.030000000,0.050000000,0.100000,-0.200000,0.100000
13816866054,4.054091,2.926491,0.000000,-0.951529861,0.000000000,0.000000000,-0.307556373,-1.463245,2.027045,0.000000,0.020000000,-0.030000000,0.050000000,0.100000,-0.200000,0.100000
13821979444,4.046595,2.936846,0.000000,-0.951135920,0.000000000,0.000000000,-0.308772507,-1.468423,2.023298,0.000000,0.020000000,-0.030000000,0.050000000,0.100000,-0.200000,0.100000
13826716408,4.039628,2.946422,0.000000,-0.950769592,0.000000000,0.000000000,-0.309898665,-1.473211,2.019814,0.000000,0.020000000,-0.030000000,0.050000000,0.100000,-0.200000,0.100000
13831416426,4.032693,2.955907,0.000000,-0.950404804,0.000000000,0.000000000,-0.311015609,-1.477954,2.016346,0.000000,0.020000000,-0.030000000,0.050000000,0.100000,-0.200000,0.100000
13836627880,4.024977,2.966405,0.000000,-0.949998786,0.000000000,0.000000000,-0.312253593,-1.483203,2.012488,0.000000,0.020000000,-0.030000000,0.050000000,0.100000,-0.200000,0.100000
13841315457,4.018013,2.975831,0.000000,-0.949632206,0.000000000,0.000000000,-0.313366676,-1.487915,2.009007,0.000000,0.020000000,-0.030000000,0.050000000,0.100000,-0.200000,0.100000
13846716361,4.009963,2.986670,0.000000,-0.949208224,0.000000000,0.000000000,-0.314648608,-1.493335,2.004981,0.000000,0.020000000,-0.030000000,0.050000000,0.100000,-0.200000,0.100000
13852137240,4.001853,2.997528,0.000000,-0.948780935,0.000000000,0.000000000,-0.315934705,-1.498764,2.000926,0.000000,0.020000000,-0.030000000,0.050000000,0.100000,-0.200000,0.100000
13857237804,3.994195,3.007724,0.000000,-0.948377302,0.000000000,0.000000000,-0.317144277,-1.503862,1.997098,0.000000,0.020000000,-0.030000000,0.050000000,0.100000,-0.200000,0.100000
13862155792,3.986787,3.017537,0.000000,-0.947986658,0.000000000,0.000000000,-0.318310064,-1.508768,1.993394,0.000000,0.020000000,-0.030000000,0.050000000,0.100000,-0.200000,0.100000
13866808989,3.979756,3.026804,0.000000,-0.947615727,0.000000000,0.000000000,-0.319412640,-1.513402,1.989878,0.000000,0.020000000,-0.030000000,0.050000000,0.100000,-0.200000,0.100000
13871612351,3.972475,3.036354,0.000000,-0.947231480,0.000000000,0.000000000,-0.320550345,-1.518177,1.986237,0.000000,0.020000000,-0.030000000,0.050000000,0.100000,-0.200000,0.100000
13876716553,3.964713,3.046482,0.000000,-0.946821670,0.000000000,0.000000000,-0.321758799,-1.523241,1.982356,0.000000,0.020000000,-0.030000000,0.050000000,0.100000,-0.200000,0.100000
13882078146,3.956532,3.057100,0.000000,-0.946389535,0.000000000,0.000000000,-0.323027628,-1.528550,1.978266,0.000000,0.020000000,-0.030000000,0.050000000,0.100000,-0.200000,0.100000
13886785109,3.949326,3.066403,0.000000,-0.946008760,0.000000000,0.000000000,-0.324141059,-1.533201,1.974663,0.000000,0.020000000,-0.030000000,0.050000000,0.100000,-0.200000,0.100000
13891806086,3.941615,3.076308,0.000000,-0.945601139,0.000000000,0.000000000,-0.325328275,-1.538154,1.970808,0.000000,0.020000000,-0.030000000,0.050000000,0.100000,-0.200000,0.100000
13896508632,3.934371,3.085567,0.000000,-0.945218017,0.000000000,0.000000000,-0.326439734,-1.542784,1.967186,0.000000,0.020000000,-0.030000000,0.050000000,0.100000,-0.200000,0.100000
13901351869,3.926887,3.095086,0.000000,-0.944822068,0.000000000,0.000000000,-0.327583973,-1.547543,1.963444,0.000000,0.020000000,-0.030000000,0.050000000,0.100000,-0.200000,0.100000
13906238002,3.919314,3.104670,0.000000,-0.944421209,0.000000000,0.000000000,-0.328737860,-1.552335,1.959657,0.000000,0.020000000,-0.030000000,0.050000000,0.100000,-0.200000,0.100000
13911703854,3.910815,3.115370,0.000000,-0.943971119,0.000000000,0.000000000,-0.330028069,-1.557685,1.955407,0.000000,0.020000000,-0.030000000,0.050000000,0.100000,-0.200000,0.100000
13916867282,3.902759,3.125456,0.000000,-0.943544314,0.000000000,0.000000000,-0.331246325,-1.562728,1.951379,0.000000,0.020000000,-0.030000000,0.050000000,0.100000,-0.200000,0.100000
13921755504,3.895108,3.134985,0.000000,-0.943138808,0.000000000,0.000000000,-0.332399141,-1.567493,1.947554,0.000000,0.020000000,-0.030000000,0.050000000,0.100000,-0.200000,0.100000
13926892135,3.887044,3.144979,0.000000,-0.942711177,0.000000000,0.000000000,-0.333610006,-1.572489,1.943522,0.000000,0.020000000,-0.030000000,0.050000000,0.100000,-0.200000,0.100000
13931502320,3.879784,3.153930,0.000000,-0.942326050,0.000000000,0.000000000,-0.334696302,-1.576965,1.939892,0.000000,0.020000000,-0.030000000,0.050000000,0.100000,-0.200000,0.100000
13936231948,3.872315,3.163097,0.000000,-0.941929644,0.000000000,0.000000000,-0.335810281,-1.581548,1.936157,0.000000,0.020000000,-0.030000000,0.050000000,0.100000,-0.200000,0.100000
13941286271,3.864309,3.172872,0.000000,-0.941504569,0.000000000,0.000000000,-0.337000217,-1.586436,1.932154,0.000000,0.020000000,-0.030000000,0.050000000,0.100000,-0.200000,0.100000
13946505671,3.856015,3.182946,0.000000,-0.941064033,0.000000000,0.000000000,-0.338228452,-1.591473,1.928008,0.000000,0.020000000,-0.030000000,0.050000000,0.100000,-0.200000,0.100000
13951481333,3.848085,3.192530,0.000000,-0.940642578,0.000000000,0.000000000,-0.339398794,-1.596265,1.924042,0.000000,0.020000000,-0.030000000,0.050000000,0.100000,-0.200000,0.100000
13956096452,3.840707,3.201401,0.000000,-0.940250360,0.000000000,0.000000000,-0.340483862,-1.600700,1.920354,0.000000,0.020000000,-0.030000000,0.050000000,0.100000,-0.200000,0.100000
13960803712,3.833162,3.210431,0.000000,-0.939849023,0.000000000,0.000000000,-0.341590127,-1.605216,1.916581,0.000000,0.020000000,-0.030000000,0.050000000,0.100000,-0.200000,0.100000
13965851236,3.825047,3.220095,0.000000,-0.939417228,0.000000000,0.000000000,-0.342775832,-1.610048,1.912524,0.000000,0.020000000,-0.030000000,0.050000000,0.100000,-0.200000,0.100000
13970591710,3.817404,3.229152,0.000000,-0.939010339,0.000000000,0.000000000,-0.343888912,-1.614576,1.908702,0.000000,0.020000000,-0.030000000,0.050000000,0.100000,-0.200000,0.100000
13975484411,3.809493,3.238481,0.000000,-0.938589000,0.000000000,0.000000000,-0.345037228,-1.619241,1.904747,0.000000,0.020000000,-0.030000000,0.050000000,0.100000,-0.200000,0.100000
13980382566,3.801550,3.247801,0.000000,-0.938165785,0.000000000,0.000000000,-0.346186308,-1.623901,1.900775,0.000000,0.020000000,-0.030000000,0.050000000,0.100000,-0.200000,0.100000
13984904319,3.794198,3.256388,0.000000,-0.937773843,0.000000000,0.000000000,-0.347246625,-1.628194,1.897099,0.000000,0.020000000,-0.030000000,0.050000000,0.100000,-0.200000,0.100000
13990033157,3.785835,3.266107,0.000000,-0.937327830,0.000000000,0.000000000,-0.348448762,-1.633054,1.892917,0.000000,0.020000000,-0.030000000,0.050000000,0.100000,-0.200000,0.100000
13995323396,3.777182,3.276110,0.000000,-0.936866166,0.000000000,0.000000000,-0.349688129,-1.638055,1.888591,0.000000,0.020000000,-0.030000000,0.050000000,0.100000,-0.200000,0.100000
14000109454,3.769331,3.285139,0.000000,-0.936447088,0.000000000,0.000000000,-0.350808852,-1.642570,1.884666,0.000000,0.020000000,-0.030000000,0.050000000,0.100000,-0.200000,0.100000
14005603590,3.760293,3.295481,0.000000,-0.935964357,0.000000000,0.000000000,-0.352094763,-1.647741,1.880146,0.000000,0.020000000,-0.030000000,0.050000000,0.100000,-0.200000,0.100000
14010518761,3.752183,3.304713,0.000000,-0.935530999,0.000000000,0.000000000,-0.353244603,-1.652356,1.876091,0.000000,0.020000000,-0.030000000,0.050000000,0.100000,-0.200000,0.100000
14015040771,3.744701,3.313188,0.000000,-0.935131058,0.000000000,0.000000000,-0.354301997,-1.656594,1.872350,0.000000,0.020000000,-0.030000000,0.050000000,0.100000,-0.200000,0.100000
14019593100,3.737150,3.321703,0.000000,-0.934727227,0.000000000,0.000000000,-0.355366024,-1.660851,1.868575,0.000000,0.020000000,-0.030000000,0.050000000,0.100000,-0.200000,0.100000
14024941341,3.728254,3.331685,0.000000,-0.934251246,0.000000000,0.000000000,-0.356615492,-1.665842,1.864127,0.000000,0.020000000,-0.030000000,0.050000000,0.100000,-0.200000,0.100000
14030233940,3.719424,3.341539,0.000000,-0.933778573,0.000000000,0.000000000,-0.357851334,-1.670770,1.859712,0.000000,0.020000000,-0.030000000,0.050000000,0.100000,-0.200000,0.100000
14035048393,3.711370,3.350483,0.000000,-0.933347182,0.000000000,0.000000000,-0.358974983,-1.675241,1.855685,0.000000,0.020000000,-0.030000000,0.050000000,0.100000,-0.200000,0.100000
14040318577,3.702528,3.360251,0.000000,-0.932873406,0.000000000,0.000000000,-0.360204399,-1.680126,1.851264,0.000000,0.020000000,-0.030000000,0.050000000,0.100000,-0.200000,0.100000
14045789035,3.693323,3.370366,0.000000,-0.932379913,0.000000000,0.000000000,-0.361479872,-1.685183,1.846662,0.000000,0.020000000,-0.030000000,0.050000000,0.100000,-0.200000,0.100000
14051261044,3.684088,3.380458,0.000000,-0.931884535,0.000000000,0.000000000,-0.362755032,-1.690229,1.842044,0.000000,0.020000000,-0.030000000,0.050000000,0.100000,-0.200000,0.100000
14056130045,3.675847,3.389417,0.000000,-0.931442281,0.000000000,0.000000000,-0.363889099,-1.694708,1.837924,0.000000,0.020000000,-0.030000000,0.050000000,0.100000,-0.200000,0.100000
14061487264,3.666755,3.399251,0.000000,-0.930954088,0.000000000,0.000000000,-0.365136258,-1.699625,1.833378,0.000000,0.020000000,-0.030000000,0.050000000,0.100000,-0.200000,0.100000
14066843139,3.657639,3.409058,0.000000,-0.930464347,0.000000000,0.000000000,-0.366382448,-1.704529,1.828820,0.000000,0.020000000,-0.030000000,0.050000000,0.100000,-0.200000,0.100000
14071995039,3.648845,3.418469,0.000000,-0.929991684,0.000000000,0.000000000,-0.367580559,-1.709234,1.824423,0.000000,0.020000000,-0.030000000,0.050000000,0.100000,-0.200000,0.100000
14076741853,3.640722,3.427119,0.000000,-0.929554820,0.000000000,0.000000000,-0.368683924,-1.713560,1.820361,0.000000,0.020000000,-0.030000000,0.050000000,0.100000,-0.200000,0.100000
14081947525,3.631789,3.436584,0.000000,-0.929074221,0.000000000,0.000000000,-0.369893351,-1.718292,1.815895,0.000000,0.020000000,-0.030000000,0.050000000,0.100000,-0.200000,0.100000
14086947283,3.623187,3.445652,0.000000,-0.928611151,0.000000000,0.000000000,-0.371054349,-1.722826,1.811593,0.000000,0.020000000,-0.030000000,0.050000000,0.100000,-0.200000,0.100000
14091577278,3.615200,3.454030,0.000000,-0.928181034,0.000000000,0.000000000,-0.372128966,-1.727015,1.807600,0.000000,0.020000000,-0.030000000,0.050000000,0.100000,-0.200000,0.100000
14096802405,3.606164,3.463464,0.000000,-0.927694137,0.000000000,0.000000000,-0.373341114,-1.731732,1.803082,0.000000,0.020000000,-0.030000000,0.050000000,0.100000,-0.200000,0.100000
14101854919,3.597403,3.472563,0.000000,-0.927221820,0.000000000,0.000000000,-0.374512613,-1.736281,1.798702,0.000000,0.020000000,-0.030000000,0.050000000,0.100000,-0.200000,0.100000
14107145458,3.588205,3.482067,0.000000,-0.926725665,0.000000000,0.000000000,-0.375738661,-1.741033,1.794102,0.000000,0.020000000,-0.030000000,0.050000000,0.100000,-0.200000,0.100000
14111933300,3.579859,3.490646,0.000000,-0.926275257,0.000000000,0.000000000,-0.376847645,-1.745323,1.789929,0.000000,0.020000000,-0.030000000,0.050000000,0.100000,-0.200000,0.100000
14117213477,3.570630,3.500085,0.000000,-0.925776995,0.000000000,0.000000000,-0.378070041,-1.750043,1.785315,0.000000,0.020000000,-0.030000000,0.050000000,0.100000,-0.200000,0.100000
14122327428,3.561669,3.509204,0.000000,-0.925292880,0.000000000,0.000000000,-0.379253326,-1.754602,1.780835,0.000000,0.020000000,-0.030000000,0.050000000,0.100000,-0.200000,0.100000
14127357986,3.552831,3.518152,0.000000,-0.924815185,0.000000000,0.000000000,-0.380416711,-1.759076,1.776416,0.000000,0.020000000,-0.030000000,0.050000000,0.100000,-0.200000,0.100000
14132723672,3.543380,3.527671,0.000000,-0.924304054,0.000000000,0.000000000,-0.381656935,-1.763835,1.771690,0.000000,0.020000000,-0.030000000,0.050000000,0.100000,-0.200000,0.100000
14137998048,3.534064,3.537003,0.000000,-0.923800000,0.000000000,0.000000000,-0.382875385,-1.768501,1.767032,0.000000,0.020000000,-0.030000000,0.050000000,0.100000,-0.200000,0.100000
14143188924,3.524872,3.546163,0.000000,-0.923302357,0.000000000,0.000000000,-0.384073895,-1.773082,1.762436,0.000000,0.020000000,-0.030000000,0.050000000,0.100000,-0.200000,0.100000
14147888239,3.516530,3.554436,0.000000,-0.922850499,0.000000000,0.000000000,-0.385158352,-1.777218,1.758265,0.000000,0.020000000,-0.030000000,0.050000000,0.100000,-0.200000,0.100000
14153239408,3.507008,3.563832,0.000000,-0.922334412,0.000000000,0.000000000,-0.386392589,-1.781916,1.753504,0.000000,0.020000000,-0.030000000,0.050000000,0.100000,-0.200000,0.100000
14158173337,3.498205,3.572473,0.000000,-0.921857102,0.000000000,0.000000000,-0.387529978,-1.786236,1.749103,0.000000,0.020000000,-0.030000000,0.050000000,0.100000,-0.200000,0.100000
14163531344,3.488622,3.581831,0.000000,-0.921337178,0.000000000,0.000000000,-0.388764459,-1.790916,1.744311,0.000000,0.020000000,-0.030000000,0.050000000,0.100000,-0.200000,0.100000
14168537195,3.479646,3.590552,0.000000,-0.920849932,0.000000000,0.000000000,-0.389917173,-1.795276,1.739823,0.000000,0.020000000,-0.030000000,0.050000000,0.100000,-0.200000,0.100000
14173825286,3.470140,3.599740,0.000000,-0.920333648,0.000000000,0.000000000,-0.391134217,-1.799870,1.735070,0.000000,0.020000000,-0.030000000,0.050000000,0.100000,-0.200000,0.100000
14178418746,3.461863,3.607700,0.000000,-0.919883877,0.000000000,0.000000000,-0.392190838,-1.803850,1.730932,0.000000,0.020000000,-0.030000000,0.050000000,0.100000,-0.200000,0.100000
14182922679,3.453730,3.615487,0.000000,-0.919441693,0.000000000,0.000000000,-0.393226363,-1.807744,1.726865,0.000000,0.020000000,-0.030000000,0.050000000,0.100000,-0.200000,0.100000
14188128024,3.444309,3.624464,0.000000,-0.918929195,0.000000000,0.000000000,-0.394422532,-1.812232,1.722154,0.000000,0.020000000,-0.030000000,0.050000000,0.100000,-0.200000,0.100000
14193428103,3.434692,3.633579,0.000000,-0.918405771,0.000000000,0.000000000,-0.395639785,-1.816789,1.717346,0.000000,0.020000000,-0.030000000,0.050000000,0.100000,-0.200000,0.100000
14198760030,3.424992,3.642722,0.000000,-0.917877575,0.000000000,0.000000000,-0.396863651,-1.821361,1.712496,0.000000,0.020000000,-0.030000000,0.050000000,0.100000,-0.200000,0.100000
14204067919,3.415313,3.651799,0.000000,-0.917350140,0.000000000,0.000000000,-0.398081299,-1.825900,1.707656,0.000000,0.020000000,-0.030000000,0.050000000,0.100000,-0.200000,0.100000
14208613267,3.407005,3.659552,0.000000,-0.916897193,0.000000000,0.000000000,-0.399123461,-1.829776,1.703502,0.000000,0.020000000,-0.030000000,0.050000000,0.100000,-0.200000,0.100000
14213892256,3.397333,3.668532,0.000000,-0.916369653,0.000000000,0.000000000,-0.400333186,-1.834266,1.698667,0.000000,0.020000000,-0.030000000,0.050000000,0.100000,-0.200000,0.100000
14218960514,3.388026,3.677129,0.000000,-0.915861669,0.000000000,0.000000000,-0.401493964,-1.838565,1.694013,0.000000,0.020000000,-0.030000000,0.050000000,0.100000,-0.200000,0.100000
14223467419,3.379731,3.684755,0.000000,-0.915408714,0.000000000,0.000000000,-0.402525634,-1.842377,1.689866,0.000000,0.020000000,-0.030000000,0.050000000,0.100000,-0.200000,0.100000
14228770457,3.369949,3.693703,0.000000,-0.914874258,0.000000000,0.000000000,-0.403738892,-1.846852,1.684975,0.000000,0.020000000,-0.030000000,0.050000000,0.100000,-0.200000,0.100000
14234129936,3.360039,3.702721,0.000000,-0.914332479,0.000000000,0.000000000,-0.404964341,-1.851360,1.680019,0.000000,0.020000000,-0.030000000,0.050000000,0.100000,-0.200000,0.100000
14239434454,3.350206,3.711619,0.000000,-0.913794640,0.000000000,0.000000000,-0.406176508,-1.855810,1.675103,0.000000,0.020000000,-0.030000000,0.050000000,0.100000,-0.200000,0.100000
14244320285,3.341129,3.719792,0.000000,-0.913297831,0.000000000,0.000000000,-0.407292366,-1.859896,1.670565,0.000000,0.020000000,-0.030000000,0.050000000,0.100000,-0.200000,0.100000
14249321164,3.331818,3.728135,0.000000,-0.912787913,0.000000000,0.000000000,-0.408433871,-1.864068,1.665909,0.000000,0.020000000,-0.030000000,0.050000000,0.100000,-0.200000,0.100000
14254688819,3.321800,3.737064,0.000000,-0.912239008,0.000000000,0.000000000,-0.409658385,-1.868532,1.660900,0.000000,0.020000000,-0.030000000,0.050000000,0.100000,-0.200000,0.100000
14259279179,3.313214,3.744678,0.000000,-0.911768287,0.000000000,0.000000000,-0.410704992,-1.872339,1.656607,0.000000,0.020000000,-0.030000000,0.050000000,0.100000,-0.200000,0.100000
14263824994,3.304694,3.752199,0.000000,-0.911300951,0.000000000,0.000000000,-0.411740909,-1.876099,1.652347,0.000000,0.020000000,-0.030000000,0.050000000,0.100000,-0.200000,0.100000
14269251948,3.294501,3.761152,0.000000,-0.910741488,0.000000000,0.000000000,-0.412976926,-1.880576,1.647250,0.000000,0.020000000,-0.030000000,0.050000000,0.100000,-0.200000,0.100000
14274723845,3.284198,3.770152,0.000000,-0.910175694,0.000000000,0.000000000,-0.414222411,-1.885076,1.642099,0.000000,0.020000000,-0.030000000,0.050000000,0.100000,-0.200000,0.100000
14279372865,3.275425,3.777776,0.000000,-0.909693648,0.000000000,0.000000000,-0.415279987,-1.888888,1.637713,0.000000,0.020000000,-0.030000000,0.050000000,0.100000,-0.200000,0.100000
14284316208,3.266078,3.785860,0.000000,-0.909179735,0.000000000,0.000000000,-0.416403901,-1.892930,1.633039,0.000000,0.020000000,-0.030000000,0.050000000,0.100000,-0.200000,0.100000
14289734372,3.255810,3.794694,0.000000,-0.908614865,0.000000000,0.000000000,-0.417635040,-1.897347,1.627905,0.000000,0.020000000,-0.030000000,0.050000000,0.100000,-0.200000,0.100000
14294769986,3.246245,3.802880,0.000000,-0.908088383,0.000000000,0.000000000,-0.418778567,-1.901440,1.623123,0.000000,0.020000000,-0.030000000,0.050000000,0.100000,-0.200000,0.100000
14300070694,3.236155,3.811470,0.000000,-0.907532630,0.000000000,0.000000000,-0.419981577,-1.905735,1.618077,0.000000,0.020000000,-0.030000000,0.050000000,0.100000,-0.200000,0.100000
14304922648,3.226899,3.819309,0.000000,-0.907022530,0.000000000,0.000000000,-0.421082094,-1.909655,1.613449,0.000000,0.020000000,-0.030000000,0.050000000,0.100000,-0.200000,0.100000
14309614697,3.217930,3.826869,0.000000,-0.906527972,0.000000000,0.000000000,-0.422145753,-1.913435,1.608965,0.000000,0.020000000,-0.030000000,0.050000000,0.100000,-0.200000,0.100000
14314942565,3.207724,3.835428,0.000000,-0.905964883,0.000000000,0.000000000,-0.423352844,-1.917714,1.603862,0.000000,0.020000000,-0.030000000,0.050000000,0.100000,-0.200000,0.100000
14319527059,3.198924,3.842771,0.000000,-0.905479074,0.000000000,0.000000000,-0.424390913,-1.921385,1.599462,0.000000,0.020000000,-0.030000000,0.050000000,0.100000,-0.200000,0.100000
14324536312,3.189289,3.850771,0.000000,-0.904946894,0.000000000,0.000000000,-0.425524523,-1.925385,1.594644,0.000000,0.020000000,-0.030000000,0.050000000,0.100000,-0.200000,0.100000
14329958243,3.178838,3.859403,0.000000,-0.904369271,0.000000000,0.000000000,-0.426750772,-1.929701,1.589419,0.000000,0.020000000,-0.030000000,0.050000000,0.100000,-0.200000,0.100000
14334915131,3.169263,3.867270,0.000000,-0.903839738,0.000000000,0.000000000,-0.427871158,-1.933635,1.584631,0.000000,0.020000000,-0.030000000,0.050000000,0.100000,-0.200000,0.100000
14339547892,3.160296,3.874600,0.000000,-0.903343576,0.000000000,0.000000000,-0.428917689,-1.937300,1.580148,0.000000,0.020000000,-0.030000000,0.050000000,0.100000,-0.200000,0.100000
14344591231,3.150516,3.882557,0.000000,-0.902802064,0.000000000,0.000000000,-0.430056315,-1.941279,1.575258,0.000000,0.020000000,-0.030000000,0.050000000,0.100000,-0.200000,0.100000
14349195930,3.141568,3.889801,0.000000,-0.902306395,0.000000000,0.000000000,-0.431095313,-1.944900,1.570784,0.000000,0.020000000,-0.030000000,0.050000000,0.100000,-0.200000,0.100000
14354618979,3.131009,3.898305,0.000000,-0.901721104,0.000000000,0.000000000,-0.432318229,-1.949152,1.565505,0.000000,0.020000000,-0.030000000,0.050000000,0.100000,-0.200000,0.100000
14359620013,3.121252,3.906122,0.000000,-0.901179889,0.000000000,0.000000000,-0.433445276,-1.953061,1.560626,0.000000,0.020000000,-0.030000000,0.050000000,0.100000,-0.200000,0.100000
14364919316,3.110891,3.914378,0.000000,-0.900604859,0.000000000,0.000000000,-0.434638801,-1.957189,1.555446,0.000000,0.020000000,-0.030000000,0.050000000,0.100000,-0.200000,0.100000
14370132642,3.100677,3.922474,0.000000,-0.900037616,0.000000000,0.000000000,-0.435812218,-1.961237,1.550339,0.000000,0.020000000,-0.030000000,0.050000000,0.100000,-0.200000,0.100000
14375140324,3.090846,3.930225,0.000000,-0.899491309,0.000000000,0.000000000,-0.436938652,-1.965113,1.545423,0.000000,0.020000000,-0.030000000,0.050000000,0.100000,-0.200000,0.100000
14380394090,3.080511,3.938331,0.000000,-0.898916640,0.000000000,0.000000000,-0.438119704,-1.969165,1.540256,0.000000,0.020000000,-0.030000000,0.050000000,0.100000,-0.200000,0.100000
14385616712,3.070217,3.946362,0.000000,-0.898343840,0.000000000,0.000000000,-0.439293006,-1.973181,1.535108,0.000000,0.020000000,-0.030000000,0.050000000,0.100000,-0.200000,0.100000
14390231123,3.061103,3.953435,0.000000,-0.897836473,0.000000000,0.000000000,-0.440329045,-1.976717,1.530552,0.000000,0.020000000,-0.030000000,0.050000000,0.100000,-0.200000,0.100000
14394836191,3.051992,3.960473,0.000000,-0.897328942,0.000000000,0.000000000,-0.441362403,-1.980236,1.525996,0.000000,0.020000000,-0.030000000,0.050000000,0.100000,-0.200000,0.100000
14399560688,3.042628,3.967671,0.000000,-0.896807012,0.000000000,0.000000000,-0.442421952,-1.983836,1.521314,0.000000,0.020000000,-0.030000000,0.050000000,0.100000,-0.200000,0.100000
14404647053,3.032528,3.975396,0.000000,-0.896243707,0.000000000,0.000000000,-0.443561966,-1.987698,1.516264,0.000000,0.020000000,-0.030000000,0.050000000,0.100000,-0.200000,0.100000
14410024841,3.021827,3.983536,0.000000,-0.895646552,0.000000000,0.000000000,-0.444766516,-1.991768,1.510914,0.000000,0.020000000,-0.030000000,0.050000000,0.100000,-0.200000,0.100000
14414738103,3.012431,3.990646,0.000000,-0.895121855,0.000000000,0.000000000,-0.445821562,-1.995323,1.506216,0.000000,0.020000000,-0.030000000,0.050000000,0.100000,-0.200000,0.100000
14419907807,3.002106,3.998420,0.000000,-0.894544916,0.000000000,0.000000000,-0.446978068,-1.999210,1.501053,0.000000,0.020000000,-0.030000000,0.050000000,0.100000,-0.200000,0.100000
14424615861,2.992685,4.005476,0.000000,-0.894018197,0.000000000,0.000000000,-0.448030649,-2.002738,1.496343,0.000000,0.020000000,-0.030000000,0.050000000,0.100000,-0.200000,0.100000
14429653657,2.982587,4.013001,0.000000,-0.893453217,0.000000000,0.000000000,-0.449156264,-2.006501,1.491293,0.000000,0.020000000,-0.030000000,0.050000000,0.100000,-0.200000,0.100000
14434557412,2.972738,4.020302,0.000000,-0.892901908,0.000000000,0.000000000,-0.450251245,-2.010151,1.486369,0.000000,0.020000000,-0.030000000,0.050000000,0.100000,-0.200000,0.100000
14439300863,2.963195,4.027341,0.000000,-0.892367344,0.000000000,0.000000000,-0.451309787,-2.013671,1.481597,0.000000,0.020000000,-0.030000000,0.050000000,0.100000,-0.200000,0.100000
14444296637,2.953126,4.034730,0.000000,-0.891802987,0.000000000,0.000000000,-0.452423951,-2.017365,1.476563,0.000000,0.020000000,-0.030000000,0.050000000,0.100000,-0.200000,0.100000
14449716259,2.942181,4.042718,0.000000,-0.891189177,0.000000000,0.000000000,-0.453631845,-2.021359,1.471091,0.000000,0.020000000,-0.030000000,0.050000000,0.100000,-0.200000,0.100000
14454568610,2.932365,4.049844,0.000000,-0.890638226,0.000000000,0.000000000,-0.454712601,-2.024922,1.466182,0.000000,0.020000000,-0.030000000,0.050000000,0.100000,-0.200000,0.100000
14459858154,2.921643,4.057586,0.000000,-0.890036142,0.000000000,0.000000000,-0.455889971,-2.028793,1.460822,0.000000,0.020000000,-0.030000000,0.050000000,0.100000,-0.200000,0.100000
14464977653,2.911247,4.065051,0.000000,-0.889451931,0.000000000,0.000000000,-0.457028732,-2.032525,1.455624,0.000000,0.020000000,-0.030000000,0.050000000,0.100000,-0.200000,0.100000
14470119731,2.900786,4.072522,0.000000,-0.888863677,0.000000000,0.000000000,-0.458171762,-2.036261,1.450393,0.000000,0.020000000,-0.030000000,0.050000000,0.100000,-0.200000,0.100000
14475143716,2.890547,4.079796,0.000000,-0.888287514,0.000000000,0.000000000,-0.459287809,-2.039898,1.445274,0.000000,0.020000000,-0.030000000,0.050000000,0.100000,-0.200000,0.100000
14480619713,2.879366,4.087695,0.000000,-0.887657917,0.000000000,0.000000000,-0.460503444,-2.043848,1.439683,0.000000,0.020000000,-0.030000000,0.050000000,0.100000,-0.200000,0.100000
14485199604,2.869998,4.094278,0.000000,-0.887130072,0.000000000,0.000000000,-0.461519486,-2.047139,1.434999,0.000000,0.020000000,-0.030000000,0.050000000,0.100000,-0.200000,0.100000
14490664821,2.858799,4.102105,0.000000,-0.886498668,0.000000000,0.000000000,-0.462731144,-2.051053,1.429399,0.000000,0.020000000,-0.030000000,0.050000000,0.100000,-0.200000,0.100000
14495473442,2.848928,4.108967,0.000000,-0.885941753,0.000000000,0.000000000,-0.463796518,-2.054484,1.424464,0.000000,0.020000000,-0.030000000,0.050000000,0.100000,-0.200000,0.100000
14500372729,2.838854,4.115934,0.000000,-0.885373020,0.000000000,0.000000000,-0.464881291,-2.057967,1.419427,0.000000,0.020000000,-0.030000000,0.050000000,0.100000,-0.200000,0.100000
14505083583,2.829151,4.122609,0.000000,-0.884824910,0.000000000,0.000000000,-0.465923684,-2.061304,1.414576,0.000000,0.020000000,-0.030000000,0.050000000,0.100000,-0.200000,0.100000
14510211012,2.818573,4.129848,0.000000,-0.884226935,0.000000000,0.000000000,-0.467057520,-2.064924,1.409286,0.000000,0.020000000,-0.030000000,0.050000000,0.100000,-0.200000,0.100000
14515124867,2.808417,4.136761,0.000000,-0.883652505,0.000000000,0.000000000,-0.468143408,-2.068380,1.404209,0.000000,0.020000000,-0.030000000,0.050000000,0.100000,-0.200000,0.100000
14519674490,2.799000,4.143139,0.000000,-0.883119464,0.000000000,0.000000000,-0.469148177,-2.071569,1.399500,0.000000,0.020000000,-0.030000000,0.050000000,0.100000,-0.200000,0.100000
14524801673,2.788369,4.150301,0.000000,-0.882517387,0.000000000,0.000000000,-0.470279770,-2.075150,1.394185,0.000000,0.020000000,-0.030000000,0.050000000,0.100000,-0.200000,0.100000
14530022942,2.777525,4.157566,0.000000,-0.881902771,0.000000000,0.000000000,-0.471431334,-2.078783,1.388762,0.000000,0.020000000,-0.030000000,0.050000000,0.100000,-0.200000,0.100000
14534691313,2.767813,4.164038,0.000000,-0.881351966,0.000000000,0.000000000,-0.472460275,-2.082019,1.383906,0.000000,0.020000000,-0.030000000,0.050000000,0.100000,-0.200000,0.100000
14539864571,2.757033,4.171183,0.000000,-0.880740190,0.000000000,0.000000000,-0.473599745,-2.085592,1.378516,0.000000,0.020000000,-0.030000000,0.050000000,0.100000,-0.200000,0.100000
14544971920,2.746372,4.178210,0.000000,-0.880134762,0.000000000,0.000000000,-0.474723920,-2.089105,1.373186,0.000000,0.020000000,-0.030000000,0.050000000,0.100000,-0.200000,0.100000
14549592463,2.736712,4.184544,0.000000,-0.879585804,0.000000000,0.000000000,-0.475740278,-2.092272,1.368356,0.000000,0.020000000,-0.030000000,0.050000000,0.100000,-0.200000,0.100000
14554253408,2.726952,4.190910,0.000000,-0.879030858,0.000000000,0.000000000,-0.476764881,-2.095455,1.363476,0.000000,0.020000000,-0.030000000,0.050000000,0.100000,-0.200000,0.100000
14559650076,2.715634,4.198253,0.000000,-0.878386822,0.000000000,0.000000000,-0.477950406,-2.099127,1.357817,0.000000,0.020000000,-0.030000000,0.050000000,0.100000,-0.200000,0.100000
14564446172,2.705559,4.204754,0.000000,-0.877813117,0.000000000,0.000000000,-0.479003269,-2.102377,1.352779,0.000000,0.020000000,-0.030000000,0.050000000,0.100000,-0.200000,0.100000
14569735998,2.694428,4.211895,0.000000,-0.877178889,0.000000000,0.000000000,-0.480163719,-2.105947,1.347214,0.000000,0.020000000,-0.030000000,0.050000000,0.100000,-0.200000,0.100000
14574877093,2.683592,4.218807,0.000000,-0.876561022,0.000000000,0.000000000,-0.481290737,-2.109404,1.341796,0.000000,0.020000000,-0.030000000,0.050000000,0.100000,-0.200000,0.100000
14579770844,2.673261,4.225361,0.000000,-0.875971537,0.000000000,0.000000000,-0.482362795,-2.112680,1.336631,0.000000,0.020000000,-0.030000000,0.050000000,0.100000,-0.200000,0.100000
14584588527,2.663075,4.231788,0.000000,-0.875389934,0.000000000,0.000000000,-0.483417483,-2.115894,1.331538,0.000000,0.020000000,-0.030000000,0.050000000,0.100000,-0.200000,0.100000
14589474924,2.652728,4.238282,0.000000,-0.874798739,0.000000000,0.000000000,-0.484486498,-2.119141,1.326364,0.000000,0.020000000,-0.030000000,0.050000000,0.100000,-0.200000,0.100000
14594503255,2.642064,4.244938,0.000000,-0.874189008,0.000000000,0.000000000,-0.485585809,-2.122469,1.321032,0.000000,0.020000000,-0.030000000,0.050000000,0.100000,-0.200000,0.100000
14599385362,2.631694,4.251375,0.000000,-0.873595687,0.000000000,0.000000000,-0.486652418,-2.125687,1.315847,0.000000,0.020000000,-0.030000000,0.050000000,0.100000,-0.200000,0.100000
14604703624,2.620380,4.258358,0.000000,-0.872947878,0.000000000,0.000000000,-0.487813490,-2.129179,1.310190,0.000000,0.020000000,-0.030000000,0.050000000,0.100000,-0.200000,0.100000
14610167180,2.608737,4.265500,0.000000,-0.872280765,0.000000000,0.000000000,-0.489005385,-2.132750,1.304369,0.000000,0.020000000,-0.030000000,0.050000000,0.100000,-0.200000,0.100000
14615650126,2.597034,4.272636,0.000000,-0.871609649,0.000000000,0.000000000,-0.490200592,-2.136318,1.298517,0.000000,0.020000000,-0.030000000,0.050000000,0.100000,-0.200000,0.100000
14621138304,2.585300,4.279746,0.000000,-0.870936251,0.000000000,0.000000000,-0.491396018,-2.139873,1.292650,0.000000,0.020000000,-0.030000000,0.050000000,0.100000,-0.200000,0.100000
14625829513,2.575254,4.285798,0.000000,-0.870359342,0.000000000,0.000000000,-0.492417115,-2.142899,1.287627,0.000000,0.020000000,-0.030000000,0.050000000,0.100000,-0.200000,0.100000
14630374749,2.565507,4.291640,0.000000,-0.869799242,0.000000000,0.000000000,-0.493405795,-2.145820,1.282754,0.000000,0.020000000,-0.030000000,0.050000000,0.100000,-0.200000,0.100000
14635218614,2.555106,4.297841,0.000000,-0.869201107,0.000000000,0.000000000,-0.494458730,-2.148920,1.277553,0.000000,0.020000000,-0.030000000,0.050000000,0.100000,-0.200000,0.100000
14639907048,2.545024,4.303819,0.000000,-0.868620951,0.000000000,0.000000000,-0.495477188,-2.151909,1.272512,0.000000,0.020000000,-0.030000000,0.050000000,0.100000,-0.200000,0.100000
14644461223,2.535217,4.309603,0.000000,-0.868056265,0.000000000,0.000000000,-0.496465830,-2.154801,1.267608,0.000000,0.020000000,-0.030000000,0.050000000,0.100000,-0.200000,0.100000
14649748991,2.523814,4.316290,0.000000,-0.867399208,0.000000000,0.000000000,-0.497612916,-2.158145,1.261907,0.000000,0.020000000,-0.030000000,0.050000000,0.100000,-0.200000,0.100000
14655060974,2.512341,4.322978,0.000000,-0.866737616,0.000000000,0.000000000,-0.498764379,-2.161489,1.256170,0.000000,0.020000000,-0.030000000,0.050000000,0.100000,-0.200000,0.100000
14660249028,2.501119,4.329481,0.000000,-0.866089983,0.000000000,0.000000000,-0.499888129,-2.164741,1.250559,0.000000,0.020000000,-0.030000000,0.050000000,0.100000,-0.200000,0.100000
14665387911,2.489986,4.335893,0.000000,-0.865447051,0.000000000,0.000000000,-0.501000400,-2.167947,1.244993,0.000000,0.020000000,-0.030000000,0.050000000,0.100000,-0.200000,0.100000
14670842383,2.478152,4.342668,0.000000,-0.864763074,0.000000000,0.000000000,-0.502180073,-2.171334,1.239076,0.000000,0.020000000,-0.030000000,0.050000000,0.100000,-0.200000,0.100000
14676267449,2.466363,4.349374,0.000000,-0.864081189,0.000000000,0.000000000,-0.503352460,-2.174687,1.233182,0.000000,0.020000000,-0.030000000,0.050000000,0.100000,-0.200000,0.100000
14681227188,2.455570,4.355477,0.000000,-0.863456400,0.000000000,0.000000000,-0.504423477,-2.177738,1.227785,0.000000,0.020000000,-0.030000000,0.050000000,0.100000,-0.200000,0.100000
14686687947,2.443668,4.362165,0.000000,-0.862766962,0.000000000,0.000000000,-0.505601789,-2.181083,1.221834,0.000000,0.020000000,-0.030000000,0.050000000,0.100000,-0.200000,0.100000
14691703761,2.432721,4.368280,0.000000,-0.862132283,0.000000000,0.000000000,-0.506683261,-2.184140,1.216360,0.000000,0.020000000,-0.030000000,0.050000000,0.100000,-0.200000,0.100000
14697083229,2.420962,4.374808,0.000000,-0.861450082,0.000000000,0.000000000,-0.507842255,-2.187404,1.210481,0.000000,0.020000000,-0.030000000,0.050000000,0.100000,-0.200000,0.100000
14702253293,2.409645,4.381051,0.000000,-0.860792968,0.000000000,0.000000000,-0.508955269,-2.190526,1.204823,0.000000,0.020000000,-0.030000000,0.050000000,0.100000,-0.200000,0.100000
14707524717,2.398090,4.387387,0.000000,-0.860121491,0.000000000,0.000000000,-0.510089228,-2.193694,1.199045,0.000000,0.020000000,-0.030000000,0.050000000,0.100000,-0.200000,0.100000
14712457492,2.387262,4.393288,0.000000,-0.859491799,0.000000000,0.000000000,-0.511149536,-2.196644,1.193631,0.000000,0.020000000,-0.030000000,0.050000000,0.100000,-0.200000,0.100000
14717389991,2.376419,4.399163,0.000000,-0.858860834,0.000000000,0.000000000,-0.512209008,-2.199581,1.188210,0.000000,0.020000000,-0.030000000,0.050000000,0.100000,-0.200000,0.100000
14722373287,2.365451,4.405070,0.000000,-0.858222045,0.000000000,0.000000000,-0.513278600,-2.202535,1.182725,0.000000,0.020000000,-0.030000000,0.050000000,0.100000,-0.200000,0.100000
14727514496,2.354119,4.411136,0.000000,-0.857561619,0.000000000,0.000000000,-0.514381250,-2.205568,1.177060,0.000000,0.020000000,-0.030000000,0.050000000,0.100000,-0.200000,0.100000
14732377782,2.343386,4.416848,0.000000,-0.856935589,0.000000000,0.000000000,-0.515423511,-2.208424,1.171693,0.000000,0.020000000,-0.030000000,0.050000000,0.100000,-0.200000,0.100000
14737175838,2.332783,4.422457,0.000000,-0.856316715,0.000000000,0.000000000,-0.516451046,-2.211228,1.166392,0.000000,0.020000000,-0.030000000,0.050000000,0.100000,-0.200000,0.100000
14742460319,2.321090,4.428605,0.000000,-0.855633674,0.000000000,0.000000000,-0.517581893,-2.214302,1.160545,0.000000,0.020000000,-0.030000000,0.050000000,0.100000,-0.200000,0.100000
14747220198,2.310543,4.434116,0.000000,-0.855017162,0.000000000,0.000000000,-0.518599704,-2.217058,1.155272,0.000000,0.020000000,-0.030000000,0.050000000,0.100000,-0.200000,0.100000
14752694629,2.298398,4.440424,0.000000,-0.854306602,0.000000000,0.000000000,-0.519769401,-2.220212,1.149199,0.000000,0.020000000,-0.030000000,0.050000000,0.100000,-0.200000,0.100000
14757279571,2.288212,4.445682,0.000000,-0.853710262,0.000000000,0.000000000,-0.520748296,-2.222841,1.144106,0.000000,0.020000000,-0.030000000,0.050000000,0.100000,-0.200000,0.100000
14762480999,2.276642,4.451618,0.000000,-0.853032382,0.000000000,0.000000000,-0.521857984,-2.225809,1.138321,0.000000,0.020000000,-0.030000000,0.050000000,0.100000,-0.200000,0.100000
14767026100,2.266520,4.456780,0.000000,-0.852438857,0.000000000,0.000000000,-0.522826926,-2.228390,1.133260,0.000000,0.020000000,-0.030000000,0.050000000,0.100000,-0.200000,0.100000
14771717907,2.256059,4.462085,0.000000,-0.851825020,0.000000000,0.000000000,-0.523826436,-2.231042,1.128029,0.000000,0.020000000,-0.030000000,0.050000000,0.100000,-0.200000,0.100000
14776828533,2.244649,4.467835,0.000000,-0.851155055,0.000000000,0.000000000,-0.524914348,-2.233918,1.122325,0.000000,0.020000000,-0.030000000,0.050000000,0.100000,-0.200000,0.100000
14781363203,2.234513,4.472913,0.000000,-0.850559430,0.000000000,0.000000000,-0.525878937,-2.236456,1.117257,0.000000,0.020000000,-0.030000000,0.050000000,0.100000,-0.200000,0.100000
14786651578,2.222678,4.478806,0.000000,-0.849863425,0.000000000,0.000000000,-0.527002997,-2.239403,1.111339,0.000000,0.020000000,-0.030000000,0.050000000,0.100000,-0.200000,0.100000
14791602973,2.211583,4.484295,0.000000,-0.849210424,0.000000000,0.000000000,-0.528054595,-2.242147,1.105792,0.000000,0.020000000,-0.030000000,0.050000000,0.100000,-0.200000,0.100000
14796492792,2.200613,4.489688,0.000000,-0.848564267,0.000000000,0.000000000,-0.529092322,-2.244844,1.100307,0.000000,0.020000000,-0.030000000,0.050000000,0.100000,-0.200000,0.100000
14801695009,2.188928,4.495397,0.000000,-0.847875436,0.000000000,0.000000000,-0.530195478,-2.247699,1.094464,0.000000,0.020000000,-0.030000000,0.050000000,0.100000,-0.200000,0.100000
14806347775,2.178464,4.500477,0.000000,-0.847258144,0.000000000,0.000000000,-0.531181360,-2.250239,1.089232,0.000000,0.020000000,-0.030000000,0.050000000,0.100000,-0.200000,0.100000
14811759567,2.166278,4.506356,0.000000,-0.846538708,0.000000000,0.000000000,-0.532327170,-2.253178,1.083139,0.000000,0.020000000,-0.030000000,0.050000000,0.100000,-0.200000,0.100000
14817078786,2.154285,4.512101,0.000000,-0.845830068,0.000000000,0.000000000,-0.533452430,-2.256051,1.077143,0.000000,0.020000000,-0.030000000,0.050000000,0.100000,-0.200000,0.100000
14821931788,2.143330,4.517315,0.000000,-0.845182235,0.000000000,0.000000000,-0.534478241,-2.258658,1.071665,0.000000,0.020000000,-0.030000000,0.050000000,0.100000,-0.200000,0.100000
14827145604,2.131547,4.522887,0.000000,-0.844484849,0.000000000,0.000000000,-0.535579443,-2.261444,1.065773,0.000000,0.020000000,-0.030000000,0.050000000,0.100000,-0.200000,0.100000
14831943488,2.120690,4.527988,0.000000,-0.843841830,0.000000000,0.000000000,-0.536591992,-2.263994,1.060345,0.000000,0.020000000,-0.030000000,0.050000000,0.100000,-0.200000,0.100000
14836655370,2.110017,4.532971,0.000000,-0.843209155,0.000000000,0.000000000,-0.537585641,-2.266486,1.055008,0.000000,0.020000000,-0.030000000,0.050000000,0.100000,-0.200000,0.100000
14841237127,2.099627,4.537793,0.000000,-0.842592830,0.000000000,0.000000000,-0.538551133,-2.268897,1.049813,0.000000,0.020000000,-0.030000000,0.050000000,0.100000,-0.200000,0.100000
14846535469,2.087598,4.543340,0.000000,-0.841878734,0.000000000,0.000000000,-0.539666746,-2.271670,1.043799,0.000000,0.020000000,-0.030000000,0.050000000,0.100000,-0.200000,0.100000
14851730500,2.075790,4.548747,0.000000,-0.841177128,0.000000000,0.000000000,-0.540759687,-2.274373,1.037895,0.000000,0.020000000,-0.030000000,0.050000000,0.100000,-0.200000,0.100000
14856406644,2.065149,4.553588,0.000000,-0.840544386,0.000000000,0.000000000,-0.541742684,-2.276794,1.032574,0.000000,0.020000000,-0.030000000,0.050000000,0.100000,-0.200000,0.100000
14861558782,2.053411,4.558893,0.000000,-0.839845906,0.000000000,0.000000000,-0.542824884,-2.279446,1.026706,0.000000,0.020000000,-0.030000000,0.050000000,0.100000,-0.200000,0.100000
14866646658,2.041807,4.564102,0.000000,-0.839154770,0.000000000,0.000000000,-0.543892703,-2.282051,1.020904,0.000000,0.020000000,-0.030000000,0.050000000,0.100000,-0.200000,0.100000
14871257165,2.031280,4.568796,0.000000,-0.838527307,0.000000000,0.000000000,-0.544859573,-2.284398,1.015640,0.000000,0.020000000,-0.030000000,0.050000000,0.100000,-0.200000,0.100000
14876716260,2.018802,4.574324,0.000000,-0.837782917,0.000000000,0.000000000,-0.546003466,-2.287162,1.009401,0.000000,0.020000000,-0.030000000,0.050000000,0.100000,-0.200000,0.100000
14881642131,2.007530,4.579282,0.000000,-0.837109896,0.000000000,0.000000000,-0.547034754,-2.289641,1.003765,0.000000,0.020000000,-0.030000000,0.050000000,0.100000,-0.200000,0.100000
14887068873,1.995097,4.584712,0.000000,-0.836366972,0.000000000,0.000000000,-0.548169945,-2.292356,0.997549,0.000000,0.020000000,-0.030000000,0.050000000,0.100000,-0.200000,0.100000
14891814102,1.984214,4.589433,0.000000,-0.835716085,0.000000000,0.000000000,-0.549161748,-2.294717,0.992107,0.000000,0.020000000,-0.030000000,0.050000000,0.100000,-0.200000,0.100000
14896940935,1.972443,4.594504,0.000000,-0.835011534,0.000000000,0.000000000,-0.550232440,-2.297252,0.986221,0.000000,0.020000000,-0.030000000,0.050000000,0.100000,-0.200000,0.100000
14901480791,1.962008,4.598970,0.000000,-0.834386502,0.000000000,0.000000000,-0.551179794,-2.299485,0.981004,0.000000,0.020000000,-0.030000000,0.050000000,0.100000,-0.200000,0.100000
14906363487,1.950775,4.603746,0.000000,-0.833713070,0.000000000,0.000000000,-0.552197897,-2.301873,0.975387,0.000000,0.020000000,-0.030000000,0.050000000,0.100000,-0.200000,0.100000
14911389368,1.939200,4.608634,0.000000,-0.833018592,0.000000000,0.000000000,-0.553244996,-2.304317,0.969600,0.000000,0.020000000,-0.030000000,0.050000000,0.100000,-0.200000,0.100000
14915983975,1.928607,4.613076,0.000000,-0.832382556,0.000000000,0.000000000,-0.554201479,-2.306538,0.964304,0.000000,0.020000000,-0.030000000,0.050000000,0.100000,-0.200000,0.100000
14920798763,1.917496,4.617706,0.000000,-0.831714863,0.000000000,0.000000000,-0.555203014,-2.308853,0.958748,0.000000,0.020000000,-0.030000000,0.050000000,0.100000,-0.200000,0.100000
14925528002,1.906572,4.622227,0.000000,-0.831057860,0.000000000,0.000000000,-0.556185970,-2.311114,0.953286,0.000000,0.020000000,-0.030000000,0.050000000,0.100000,-0.200000,0.100000
14930544884,1.894971,4.626995,0.000000,-0.830359627,0.000000000,0.000000000,-0.557227862,-2.313498,0.947486,0.000000,0.020000000,-0.030000000,0.050000000,0.100000,-0.200000,0.100000
14935130213,1.884358,4.631328,0.000000,-0.829720313,0.000000000,0.000000000,-0.558179364,-2.315664,0.942179,0.000000,0.020000000,-0.030000000,0.050000000,0.100000,-0.200000,0.100000
14940443196,1.872048,4.636317,0.000000,-0.828978182,0.000000000,0.000000000,-0.559280944,-2.318158,0.936024,0.000000,0.020000000,-0.030000000,0.050000000,0.100000,-0.200000,0.100000
14945512905,1.860290,4.641047,0.000000,-0.828268668,0.000000000,0.000000000,-0.560331164,-2.320524,0.930145,0.000000,0.020000000,-0.030000000,0.050000000,0.100000,-0.200000,0.100000
14950353051,1.849053,4.645536,0.000000,-0.827590041,0.000000000,0.000000000,-0.561332989,-2.322768,0.924526,0.000000,0.020000000,-0.030000000,0.050000000,0.100000,-0.200000,0.100000
14955178777,1.837838,4.649984,0.000000,-0.826912229,0.000000000,0.000000000,-0.562331011,-2.324992,0.918919,0.000000,0.020000000,-0.030000000,0.050000000,0.100000,-0.200000,0.100000
14960347779,1.825814,4.654718,0.000000,-0.826184866,0.000000000,0.000000000,-0.563399119,-2.327359,0.912907,0.000000,0.020000000,-0.030000000,0.050000000,0.100000,-0.200000,0.100000
14965626454,1.813523,4.659521,0.000000,-0.825440647,0.000000000,0.000000000,-0.564488918,-2.329760,0.906761,0.000000,0.020000000,-0.030000000,0.050000000,0.100000,-0.200000,0.100000
14970234594,1.802782,4.663687,0.000000,-0.824789788,0.000000000,0.000000000,-0.565439480,-2.331844,0.901391,0.000000,0.020000000,-0.030000000,0.050000000,0.100000,-0.200000,0.100000
14975334965,1.790883,4.668269,0.000000,-0.824068130,0.000000000,0.000000000,-0.566490703,-2.334135,0.895441,0.000000,0.020000000,-0.030000000,0.050000000,0.100000,-0.200000,0.100000
14980138915,1.779665,4.672558,0.000000,-0.823387188,0.000000000,0.000000000,-0.567479990,-2.336279,0.889832,0.000000,0.020000000,-0.030000000,0.050000000,0.100000,-0.200000,0.100000
14985406689,1.767351,4.677229,0.000000,-0.822639135,0.000000000,0.000000000,-0.568563852,-2.338614,0.883676,0.000000,0.020000000,-0.030000000,0.050000000,0.100000,-0.200000,0.100000
14990458865,1.755531,4.681678,0.000000,-0.821920358,0.000000000,0.000000000,-0.569602428,-2.340839,0.877765,0.000000,0.020000000,-0.030000000,0.050000000,0.100000,-0.200000,0.100000
14995721667,1.743205,4.686282,0.000000,-0.821170220,0.000000000,0.000000000,-0.570683335,-2.343141,0.871603,0.000000,0.020000000,-0.030000000,0.050000000,0.100000,-0.200000,0.100000
